filepath,crop,raw_label,label_name,filename,filesize,label_id
leaf workshop/corn_dataset/Blight/Corn_Blight (897).JPG,corn,Blight,corn_Blight,Corn_Blight (897).JPG,13648,6
leaf workshop/corn_dataset/Healthy/Corn_Health (250).jpg,corn,Healthy,corn_Healthy,Corn_Health (250).jpg,8501,9
leaf workshop/corn_dataset/Common_Rust/Corn_Common_Rust (460).JPG,corn,Common_Rust,corn_Common_Rust,Corn_Common_Rust (460).JPG,11281,7
leaf workshop/corn_dataset/Common_Rust/Corn_Common_Rust (47).jpg,corn,Common_Rust,corn_Common_Rust,Corn_Common_Rust (47).jpg,1115723,7
leaf workshop/potato_dataset/Potato___Early_blight/c5c57ff6-cff1-4be6-a2fd-324efc139881___RS_Early.B 7450.JPG,potato,Potato___Early_blight,potato_Potato___Early_blight,c5c57ff6-cff1-4be6-a2fd-324efc139881___RS_Early.B 7450.JPG,20397,15
leaf workshop/corn_dataset/Healthy/Corn_Health (288).jpg,corn,Healthy,corn_Healthy,Corn_Health (288).jpg,14354,9
leaf workshop/corn_dataset/Common_Rust/Corn_Common_Rust (1305).jpg,corn,Common_Rust,corn_Common_Rust,Corn_Common_Rust (1305).jpg,24603,7
leaf workshop/corn_dataset/Common_Rust/Corn_Common_Rust (275).JPG,corn,Common_Rust,corn_Common_Rust,Corn_Common_Rust (275).JPG,12696,7
leaf workshop/corn_dataset/Common_Rust/Corn_Common_Rust (732).JPG,corn,Common_Rust,corn_Common_Rust,Corn_Common_Rust (732).JPG,18343,7
leaf workshop/corn_dataset/Blight/Corn_Blight (1098).jpg,corn,Blight,corn_Blight,Corn_Blight (1098).jpg,1030422,6
leaf workshop/ORANGE/Ripe orange/56_jpg.rf.1d37768f45f3494a2841ea759992abd0.jpg,orange,Ripe orange,orange_Ripe orange,56_jpg.rf.1d37768f45f3494a2841ea759992abd0.jpg,21932,13
leaf workshop/corn_dataset/Blight/Corn_Blight (178).jpg,corn,Blight,corn_Blight,Corn_Blight (178).jpg,13038,6
leaf workshop/corn_dataset/Healthy/Corn_Health (471).jpg,corn,Healthy,corn_Healthy,Corn_Health (471).jpg,13986,9
leaf workshop/potato_dataset/Potato___Early_blight/f9461507-6875-43f7-800d-502ffdb8ec05___RS_Early.B 7604.JPG,potato,Potato___Early_blight,potato_Potato___Early_blight,f9461507-6875-43f7-800d-502ffdb8ec05___RS_Early.B 7604.JPG,15990,15
leaf workshop/corn_dataset/Healthy/Corn_Health (140).jpg,corn,Healthy,corn_Healthy,Corn_Health (140).jpg,13802,9
leaf workshop/corn_dataset/Blight/Corn_Blight (324).JPG,corn,Blight,corn_Blight,Corn_Blight (324).JPG,11839,6
leaf workshop/potato_dataset/Potato___Late_blight/c6c8843f-6b36-472a-9a87-bf1a235e08b6___RS_LB 5136.JPG,potato,Potato___Late_blight,potato_Potato___Late_blight,c6c8843f-6b36-472a-9a87-bf1a235e08b6___RS_LB 5136.JPG,16063,16
leaf workshop/corn_dataset/Healthy/Corn_Health (1117).jpg,corn,Healthy,corn_Healthy,Corn_Health (1117).jpg,9604,9
leaf workshop/corn_dataset/Healthy/Corn_Health (279).jpg,corn,Healthy,corn_Healthy,Corn_Health (279).jpg,9126,9
leaf workshop/corn_dataset/Blight/Corn_Blight (738).JPG,corn,Blight,corn_Blight,Corn_Blight (738).JPG,17060,6
leaf workshop/corn_dataset/Healthy/Corn_Health (15).jpg,corn,Healthy,corn_Healthy,Corn_Health (15).jpg,6145,9
leaf workshop/corn_dataset/Healthy/Corn_Health (639).jpg,corn,Healthy,corn_Healthy,Corn_Health (639).jpg,12180,9
leaf workshop/corn_dataset/Healthy/Corn_Health (68).jpg,corn,Healthy,corn_Healthy,Corn_Health (68).jpg,14115,9
leaf workshop/corn_dataset/Common_Rust/Corn_Common_Rust (1100).JPG,corn,Common_Rust,corn_Common_Rust,Corn_Common_Rust (1100).JPG,14358,7
leaf workshop/BANANA/Yellow banana/75_jpg.rf.3b40157364c98adf85d504a14d7065a6.jpg,banana,Yellow banana,banana_Yellow banana,75_jpg.rf.3b40157364c98adf85d504a14d7065a6.jpg,10663,2
leaf workshop/MANGO/Green mango/IMG_108_jpg.rf.fd97ca7b0c8ba304af06654f6c3cf9ea.jpg,mango,Green mango,mango_Green mango,IMG_108_jpg.rf.fd97ca7b0c8ba304af06654f6c3cf9ea.jpg,17882,10
leaf workshop/corn_dataset/Gray_Leaf_Spot/Corn_Gray_Spot (294).JPG,corn,Gray_Leaf_Spot,corn_Gray_Leaf_Spot,Corn_Gray_Spot (294).JPG,13458,8
leaf workshop/corn_dataset/Blight/Corn_Blight (396).JPG,corn,Blight,corn_Blight,Corn_Blight (396).JPG,15580,6
leaf workshop/corn_dataset/Common_Rust/Corn_Common_Rust (551).JPG,corn,Common_Rust,corn_Common_Rust,Corn_Common_Rust (551).JPG,15650,7
leaf workshop/potato_dataset/Potato___healthy/Potato_healthy-146-_0_2806.jpg,potato,Potato___healthy,potato_Potato___healthy,Potato_healthy-146-_0_2806.jpg,14170,17
leaf workshop/corn_dataset/Common_Rust/Corn_Common_Rust (182).JPG,corn,Common_Rust,corn_Common_Rust,Corn_Common_Rust (182).JPG,10209,7
leaf workshop/corn_dataset/Blight/Corn_Blight (855).JPG,corn,Blight,corn_Blight,Corn_Blight (855).JPG,14926,6
leaf workshop/corn_dataset/Common_Rust/Corn_Common_Rust (289).JPG,corn,Common_Rust,corn_Common_Rust,Corn_Common_Rust (289).JPG,14149,7
leaf workshop/ORANGE/Ripe orange/32_jpg.rf.0719520eef19eb452535bbf3a7a0ec8c.jpg,orange,Ripe orange,orange_Ripe orange,32_jpg.rf.0719520eef19eb452535bbf3a7a0ec8c.jpg,29596,13
leaf workshop/corn_dataset/Common_Rust/Corn_Common_Rust (229).JPG,corn,Common_Rust,corn_Common_Rust,Corn_Common_Rust (229).JPG,14245,7
leaf workshop/potato_dataset/Potato___Late_blight/d879aaf6-d557-4607-b7a0-ecbb3761f152___RS_LB 4723.JPG,potato,Potato___Late_blight,potato_Potato___Late_blight,d879aaf6-d557-4607-b7a0-ecbb3761f152___RS_LB 4723.JPG,14459,16
leaf workshop/potato_dataset/Potato___healthy/Potato_healthy-91-_0_6982.jpg,potato,Potato___healthy,potato_Potato___healthy,Potato_healthy-91-_0_6982.jpg,15741,17
leaf workshop/corn_dataset/Healthy/Corn_Health (2).jpg,corn,Healthy,corn_Healthy,Corn_Health (2).jpg,9898,9
leaf workshop/potato_dataset/Potato___healthy/Potato_healthy-106-_0_3656.jpg,potato,Potato___healthy,potato_Potato___healthy,Potato_healthy-106-_0_3656.jpg,19397,17
leaf workshop/corn_dataset/Blight/Corn_Blight (956).JPG,corn,Blight,corn_Blight,Corn_Blight (956).JPG,15903,6
leaf workshop/corn_dataset/Common_Rust/Corn_Common_Rust (1226).JPG,corn,Common_Rust,corn_Common_Rust,Corn_Common_Rust (1226).JPG,13470,7
leaf workshop/corn_dataset/Healthy/Corn_Health (964).jpg,corn,Healthy,corn_Healthy,Corn_Health (964).jpg,18191,9
leaf workshop/corn_dataset/Healthy/Corn_Health (366).jpg,corn,Healthy,corn_Healthy,Corn_Health (366).jpg,14081,9
leaf workshop/corn_dataset/Common_Rust/Corn_Common_Rust (553).JPG,corn,Common_Rust,corn_Common_Rust,Corn_Common_Rust (553).JPG,16395,7
leaf workshop/potato_dataset/Potato___Late_blight/c101232e-6487-495c-ad3a-27cd1e5fb2b9___RS_LB 2573.JPG,potato,Potato___Late_blight,potato_Potato___Late_blight,c101232e-6487-495c-ad3a-27cd1e5fb2b9___RS_LB 2573.JPG,18653,16
leaf workshop/corn_dataset/Healthy/Corn_Health (865).jpg,corn,Healthy,corn_Healthy,Corn_Health (865).jpg,18244,9
leaf workshop/corn_dataset/Gray_Leaf_Spot/Corn_Gray_Spot (540).jpg,corn,Gray_Leaf_Spot,corn_Gray_Leaf_Spot,Corn_Gray_Spot (540).jpg,18305,8
leaf workshop/MANGO/Yellow mango/20230305_052029023_iOS_jpg.rf.5668bb8a86711d89f0d3c963c73884d6.jpg,mango,Yellow mango,mango_Yellow mango,20230305_052029023_iOS_jpg.rf.5668bb8a86711d89f0d3c963c73884d6.jpg,20129,12
leaf workshop/corn_dataset/Blight/Corn_Blight (99).jpg,corn,Blight,corn_Blight,Corn_Blight (99).jpg,36700,6
leaf workshop/potato_dataset/Potato___healthy/Potato_healthy-129-_0_6943.jpg,potato,Potato___healthy,potato_Potato___healthy,Potato_healthy-129-_0_6943.jpg,17808,17
leaf workshop/corn_dataset/Blight/Corn_Blight (928).jpg,corn,Blight,corn_Blight,Corn_Blight (928).jpg,11430,6
leaf workshop/corn_dataset/Healthy/Corn_Health (229).jpg,corn,Healthy,corn_Healthy,Corn_Health (229).jpg,7638,9
leaf workshop/corn_dataset/Gray_Leaf_Spot/Corn_Gray_Spot (426).JPG,corn,Gray_Leaf_Spot,corn_Gray_Leaf_Spot,Corn_Gray_Spot (426).JPG,18541,8
leaf workshop/corn_dataset/Common_Rust/Corn_Common_Rust (15).jpg,corn,Common_Rust,corn_Common_Rust,Corn_Common_Rust (15).jpg,300365,7
leaf workshop/corn_dataset/Blight/Corn_Blight (949).JPG,corn,Blight,corn_Blight,Corn_Blight (949).JPG,14656,6
leaf workshop/potato_dataset/Potato___Early_blight/ecf9d01d-b97f-4cf8-99e5-7036bd91b5d1___RS_Early.B 8650.JPG,potato,Potato___Early_blight,potato_Potato___Early_blight,ecf9d01d-b97f-4cf8-99e5-7036bd91b5d1___RS_Early.B 8650.JPG,18911,15
leaf workshop/corn_dataset/Common_Rust/Corn_Common_Rust (311).JPG,corn,Common_Rust,corn_Common_Rust,Corn_Common_Rust (311).JPG,14023,7
leaf workshop/corn_dataset/Healthy/Corn_Health (632).jpg,corn,Healthy,corn_Healthy,Corn_Health (632).jpg,14873,9
leaf workshop/coffee_dataset/healthy/5.jpg,coffee,healthy,coffee_healthy,5.jpg,159668,3
leaf workshop/corn_dataset/Common_Rust/Corn_Common_Rust (1027).JPG,corn,Common_Rust,corn_Common_Rust,Corn_Common_Rust (1027).JPG,13355,7
leaf workshop/potato_dataset/Potato___healthy/Potato_healthy-95-_0_9979.jpg,potato,Potato___healthy,potato_Potato___healthy,Potato_healthy-95-_0_9979.jpg,15210,17
leaf workshop/corn_dataset/Gray_Leaf_Spot/Corn_Gray_Spot (328).JPG,corn,Gray_Leaf_Spot,corn_Gray_Leaf_Spot,Corn_Gray_Spot (328).JPG,14795,8
leaf workshop/BANANA/Yellow banana/200297_jpg.rf.b524424a46fa944673d3568590a7cd3a.jpg,banana,Yellow banana,banana_Yellow banana,200297_jpg.rf.b524424a46fa944673d3568590a7cd3a.jpg,43536,2
leaf workshop/ORANGE/orange/16521158729638_jpg.rf.3afd2d88b657153dfc71b32090db7399.jpg,orange,orange,orange_orange,16521158729638_jpg.rf.3afd2d88b657153dfc71b32090db7399.jpg,13955,14
leaf workshop/ORANGE/orange/fotonoticia_20180508110600_1200_jpg.rf.330e0b737a1713e30b9408ad46274f54.jpg,orange,orange,orange_orange,fotonoticia_20180508110600_1200_jpg.rf.330e0b737a1713e30b9408ad46274f54.jpg,47216,14
leaf workshop/BANANA/Yellow banana/20220325_104545_jpg.rf.610fff1c1c34567f46ad1e9733116efe.jpg,banana,Yellow banana,banana_Yellow banana,20220325_104545_jpg.rf.610fff1c1c34567f46ad1e9733116efe.jpg,28973,2
leaf workshop/potato_dataset/Potato___Late_blight/f7bbae6e-df8d-4f2a-b8b8-52c94d9bf2b5___RS_LB 3212.JPG,potato,Potato___Late_blight,potato_Potato___Late_blight,f7bbae6e-df8d-4f2a-b8b8-52c94d9bf2b5___RS_LB 3212.JPG,17615,16
leaf workshop/potato_dataset/Potato___Early_blight/f89d5362-f38f-4acf-8fca-2ea154c07cce___RS_Early.B 7018.JPG,potato,Potato___Early_blight,potato_Potato___Early_blight,f89d5362-f38f-4acf-8fca-2ea154c07cce___RS_Early.B 7018.JPG,18717,15
leaf workshop/corn_dataset/Common_Rust/Corn_Common_Rust (1132).JPG,corn,Common_Rust,corn_Common_Rust,Corn_Common_Rust (1132).JPG,10263,7
leaf workshop/corn_dataset/Gray_Leaf_Spot/Corn_Gray_Spot (51).JPG,corn,Gray_Leaf_Spot,corn_Gray_Leaf_Spot,Corn_Gray_Spot (51).JPG,14534,8
leaf workshop/corn_dataset/Healthy/Corn_Health (819).jpg,corn,Healthy,corn_Healthy,Corn_Health (819).jpg,5262,9
leaf workshop/corn_dataset/Healthy/Corn_Health (1104).jpg,corn,Healthy,corn_Healthy,Corn_Health (1104).jpg,9479,9
leaf workshop/corn_dataset/Common_Rust/Corn_Common_Rust (383).JPG,corn,Common_Rust,corn_Common_Rust,Corn_Common_Rust (383).JPG,14161,7
leaf workshop/BANANA/Green banana/103_jpg.rf.4a8d42d613de92df360fcf73eacf1d47.jpg,banana,Green banana,banana_Green banana,103_jpg.rf.4a8d42d613de92df360fcf73eacf1d47.jpg,35268,0
leaf workshop/coffee_dataset/healthy/8.jpg,coffee,healthy,coffee_healthy,8.jpg,163368,3
leaf workshop/ORANGE/Ripe orange/38_jpg.rf.23e77fbc1e4d3d3c48d5d04ed0305422.jpg,orange,Ripe orange,orange_Ripe orange,38_jpg.rf.23e77fbc1e4d3d3c48d5d04ed0305422.jpg,44922,13
leaf workshop/corn_dataset/Common_Rust/Corn_Common_Rust (1220).JPG,corn,Common_Rust,corn_Common_Rust,Corn_Common_Rust (1220).JPG,15322,7
leaf workshop/potato_dataset/Potato___healthy/Potato_healthy-105-_0_135.jpg,potato,Potato___healthy,potato_Potato___healthy,Potato_healthy-105-_0_135.jpg,14395,17
leaf workshop/potato_dataset/Potato___Early_blight/caf7512b-4e4e-44fc-ae7d-8544168cf903___RS_Early.B 7120.JPG,potato,Potato___Early_blight,potato_Potato___Early_blight,caf7512b-4e4e-44fc-ae7d-8544168cf903___RS_Early.B 7120.JPG,18424,15
leaf workshop/corn_dataset/Blight/Corn_Blight (896).JPG,corn,Blight,corn_Blight,Corn_Blight (896).JPG,12700,6
leaf workshop/corn_dataset/Blight/Corn_Blight (216).JPG,corn,Blight,corn_Blight,Corn_Blight (216).JPG,14693,6
leaf workshop/corn_dataset/Blight/Corn_Blight (912).JPG,corn,Blight,corn_Blight,Corn_Blight (912).JPG,13487,6
leaf workshop/corn_dataset/Blight/Corn_Blight (701).JPG,corn,Blight,corn_Blight,Corn_Blight (701).JPG,10035,6
leaf workshop/corn_dataset/Blight/Corn_Blight (610).JPG,corn,Blight,corn_Blight,Corn_Blight (610).JPG,12644,6
leaf workshop/ORANGE/orange/3105278_jpg.rf.5a54a2d1ac60e4219b709d7cc8bde781.jpg,orange,orange,orange_orange,3105278_jpg.rf.5a54a2d1ac60e4219b709d7cc8bde781.jpg,39989,14
leaf workshop/corn_dataset/Gray_Leaf_Spot/Corn_Gray_Spot (437).JPG,corn,Gray_Leaf_Spot,corn_Gray_Leaf_Spot,Corn_Gray_Spot (437).JPG,14634,8
leaf workshop/corn_dataset/Common_Rust/Corn_Common_Rust (736).JPG,corn,Common_Rust,corn_Common_Rust,Corn_Common_Rust (736).JPG,18202,7
leaf workshop/MANGO/Rotten Mango/20230305_061043200_iOS_jpg.rf.47ec98f08f5348e6a1788c5375db5f09.jpg,mango,Rotten Mango,mango_Rotten Mango,20230305_061043200_iOS_jpg.rf.47ec98f08f5348e6a1788c5375db5f09.jpg,22479,11
leaf workshop/corn_dataset/Gray_Leaf_Spot/Corn_Gray_Spot (248).JPG,corn,Gray_Leaf_Spot,corn_Gray_Leaf_Spot,Corn_Gray_Spot (248).JPG,15811,8
leaf workshop/potato_dataset/Potato___healthy/Potato_healthy-113-_0_3025.jpg,potato,Potato___healthy,potato_Potato___healthy,Potato_healthy-113-_0_3025.jpg,16469,17
leaf workshop/ORANGE/orange/images373_jpg.rf.60bb6f3936a504aeb811372e3e1207db.jpg,orange,orange,orange_orange,images373_jpg.rf.60bb6f3936a504aeb811372e3e1207db.jpg,26150,14
leaf workshop/corn_dataset/Healthy/Corn_Health (106).jpg,corn,Healthy,corn_Healthy,Corn_Health (106).jpg,8789,9
leaf workshop/coffee_dataset/healthy/10.jpg,coffee,healthy,coffee_healthy,10.jpg,163166,3
leaf workshop/MANGO/Rotten Mango/20230305_061240373_iOS_jpg.rf.29de72506f4da67ce1b677cc9ee9e03e.jpg,mango,Rotten Mango,mango_Rotten Mango,20230305_061240373_iOS_jpg.rf.29de72506f4da67ce1b677cc9ee9e03e.jpg,20712,11
leaf workshop/corn_dataset/Healthy/Corn_Health (854).jpg,corn,Healthy,corn_Healthy,Corn_Health (854).jpg,15239,9
leaf workshop/potato_dataset/Potato___Late_blight/ce38cb15-70c8-4203-adbb-db648eb87554___RS_LB 4107.JPG,potato,Potato___Late_blight,potato_Potato___Late_blight,ce38cb15-70c8-4203-adbb-db648eb87554___RS_LB 4107.JPG,14701,16
leaf workshop/corn_dataset/Healthy/Corn_Health (553).jpg,corn,Healthy,corn_Healthy,Corn_Health (553).jpg,10587,9
leaf workshop/corn_dataset/Healthy/Corn_Health (725).jpg,corn,Healthy,corn_Healthy,Corn_Health (725).jpg,9777,9
leaf workshop/corn_dataset/Blight/Corn_Blight (505).JPG,corn,Blight,corn_Blight,Corn_Blight (505).JPG,15038,6
leaf workshop/corn_dataset/Blight/Corn_Blight (183).JPG,corn,Blight,corn_Blight,Corn_Blight (183).JPG,14147,6
leaf workshop/ORANGE/Ripe orange/55_jpg.rf.457b28da5e0ea32cbfeb2d75dc3e5ca4.jpg,orange,Ripe orange,orange_Ripe orange,55_jpg.rf.457b28da5e0ea32cbfeb2d75dc3e5ca4.jpg,25900,13
leaf workshop/corn_dataset/Blight/Corn_Blight (121).JPG,corn,Blight,corn_Blight,Corn_Blight (121).JPG,14445,6
leaf workshop/corn_dataset/Common_Rust/Corn_Common_Rust (1115).JPG,corn,Common_Rust,corn_Common_Rust,Corn_Common_Rust (1115).JPG,14474,7
leaf workshop/corn_dataset/Common_Rust/Corn_Common_Rust (510).JPG,corn,Common_Rust,corn_Common_Rust,Corn_Common_Rust (510).JPG,13431,7
leaf workshop/corn_dataset/Blight/Corn_Blight (589).JPG,corn,Blight,corn_Blight,Corn_Blight (589).JPG,16493,6
leaf workshop/corn_dataset/Healthy/Corn_Health (381).jpg,corn,Healthy,corn_Healthy,Corn_Health (381).jpg,7991,9
leaf workshop/BANANA/Yellow banana/200649_jpg.rf.f1cfa85711166f29b9df69a427795af5.jpg,banana,Yellow banana,banana_Yellow banana,200649_jpg.rf.f1cfa85711166f29b9df69a427795af5.jpg,24985,2
leaf workshop/corn_dataset/Blight/Corn_Blight (784).jpg,corn,Blight,corn_Blight,Corn_Blight (784).jpg,13473,6
leaf workshop/corn_dataset/Healthy/Corn_Health (989).jpg,corn,Healthy,corn_Healthy,Corn_Health (989).jpg,11696,9
leaf workshop/MANGO/Yellow mango/20230305_052144199_iOS_jpg.rf.e14f1b5d320eb28ad813df86c163aba0.jpg,mango,Yellow mango,mango_Yellow mango,20230305_052144199_iOS_jpg.rf.e14f1b5d320eb28ad813df86c163aba0.jpg,21262,12
leaf workshop/potato_dataset/Potato___healthy/Potato_healthy-110-_0_2276.jpg,potato,Potato___healthy,potato_Potato___healthy,Potato_healthy-110-_0_2276.jpg,18321,17
leaf workshop/ORANGE/orange/depositphotos_19638723-stock-photo-fresh-orange-fruit-with-leaf_jpg.rf.7c0539d9443b6ef8ff0c6d93cd398ec2.jpg,orange,orange,orange_orange,depositphotos_19638723-stock-photo-fresh-orange-fruit-with-leaf_jpg.rf.7c0539d9443b6ef8ff0c6d93cd398ec2.jpg,19282,14
leaf workshop/corn_dataset/Common_Rust/Corn_Common_Rust (156).JPG,corn,Common_Rust,corn_Common_Rust,Corn_Common_Rust (156).JPG,20328,7
leaf workshop/corn_dataset/Gray_Leaf_Spot/Corn_Gray_Spot (285).JPG,corn,Gray_Leaf_Spot,corn_Gray_Leaf_Spot,Corn_Gray_Spot (285).JPG,21030,8
leaf workshop/potato_dataset/Potato___healthy/Potato_healthy-135-_0_6795.jpg,potato,Potato___healthy,potato_Potato___healthy,Potato_healthy-135-_0_6795.jpg,15958,17
leaf workshop/corn_dataset/Blight/Corn_Blight (1117).jpg,corn,Blight,corn_Blight,Corn_Blight (1117).jpg,185838,6
leaf workshop/BANANA/Yellow banana/45_JPG_jpg.rf.620d99ebcbbb244c226d3d2cb7482011.jpg,banana,Yellow banana,banana_Yellow banana,45_JPG_jpg.rf.620d99ebcbbb244c226d3d2cb7482011.jpg,16083,2
leaf workshop/corn_dataset/Blight/Corn_Blight (141).JPG,corn,Blight,corn_Blight,Corn_Blight (141).JPG,12234,6
leaf workshop/potato_dataset/Potato___Late_blight/cdd030ec-609e-4f61-9335-6cf89a6f35d2___RS_LB 2776.JPG,potato,Potato___Late_blight,potato_Potato___Late_blight,cdd030ec-609e-4f61-9335-6cf89a6f35d2___RS_LB 2776.JPG,16634,16
leaf workshop/corn_dataset/Common_Rust/Corn_Common_Rust (1041).JPG,corn,Common_Rust,corn_Common_Rust,Corn_Common_Rust (1041).JPG,11381,7
leaf workshop/MANGO/Green mango/WIN_20230323_15_00_33_Pro_jpg.rf.66161d448bbc7c542a31e4f193a8999e.jpg,mango,Green mango,mango_Green mango,WIN_20230323_15_00_33_Pro_jpg.rf.66161d448bbc7c542a31e4f193a8999e.jpg,23022,10
leaf workshop/potato_dataset/Potato___Late_blight/fc9b06c8-7c63-445d-9858-a5a0c7be719b___RS_LB 3273.JPG,potato,Potato___Late_blight,potato_Potato___Late_blight,fc9b06c8-7c63-445d-9858-a5a0c7be719b___RS_LB 3273.JPG,15438,16
leaf workshop/corn_dataset/Blight/Corn_Blight (310).JPG,corn,Blight,corn_Blight,Corn_Blight (310).JPG,15655,6
leaf workshop/potato_dataset/Potato___Early_blight/ba5dfd98-89d6-49d5-b398-beb05cb9d8ad___RS_Early.B 7824.JPG,potato,Potato___Early_blight,potato_Potato___Early_blight,ba5dfd98-89d6-49d5-b398-beb05cb9d8ad___RS_Early.B 7824.JPG,21126,15
leaf workshop/potato_dataset/Potato___healthy/Potato_healthy-94-_0_2095.jpg,potato,Potato___healthy,potato_Potato___healthy,Potato_healthy-94-_0_2095.jpg,17597,17
leaf workshop/corn_dataset/Blight/Corn_Blight (18).jpg,corn,Blight,corn_Blight,Corn_Blight (18).jpg,32794,6
leaf workshop/corn_dataset/Healthy/Corn_Health (488).jpg,corn,Healthy,corn_Healthy,Corn_Health (488).jpg,21345,9
leaf workshop/corn_dataset/Common_Rust/Corn_Common_Rust (482).JPG,corn,Common_Rust,corn_Common_Rust,Corn_Common_Rust (482).JPG,12889,7
leaf workshop/corn_dataset/Healthy/Corn_Health (34).jpg,corn,Healthy,corn_Healthy,Corn_Health (34).jpg,12076,9
leaf workshop/corn_dataset/Healthy/Corn_Health (33).jpg,corn,Healthy,corn_Healthy,Corn_Health (33).jpg,6576,9
leaf workshop/corn_dataset/Common_Rust/Corn_Common_Rust (641).JPG,corn,Common_Rust,corn_Common_Rust,Corn_Common_Rust (641).JPG,10019,7
leaf workshop/corn_dataset/Blight/Corn_Blight (658).JPG,corn,Blight,corn_Blight,Corn_Blight (658).JPG,13287,6
leaf workshop/corn_dataset/Healthy/Corn_Health (607).jpg,corn,Healthy,corn_Healthy,Corn_Health (607).jpg,17566,9
leaf workshop/corn_dataset/Healthy/Corn_Health (742).jpg,corn,Healthy,corn_Healthy,Corn_Health (742).jpg,7445,9
leaf workshop/corn_dataset/Gray_Leaf_Spot/Corn_Gray_Spot (105).JPG,corn,Gray_Leaf_Spot,corn_Gray_Leaf_Spot,Corn_Gray_Spot (105).JPG,20251,8
leaf workshop/MANGO/Rotten Mango/13-8-Copy-2-_jpg.rf.c54726e90a0ae17489bf3c27d4b8daf8.jpg,mango,Rotten Mango,mango_Rotten Mango,13-8-Copy-2-_jpg.rf.c54726e90a0ae17489bf3c27d4b8daf8.jpg,17057,11
leaf workshop/corn_dataset/Healthy/Corn_Health (1045).jpg,corn,Healthy,corn_Healthy,Corn_Health (1045).jpg,5300,9
leaf workshop/corn_dataset/Healthy/Corn_Health (651).jpg,corn,Healthy,corn_Healthy,Corn_Health (651).jpg,10687,9
leaf workshop/corn_dataset/Common_Rust/Corn_Common_Rust (54).jpg,corn,Common_Rust,corn_Common_Rust,Corn_Common_Rust (54).jpg,73666,7
leaf workshop/corn_dataset/Blight/Corn_Blight (400).JPG,corn,Blight,corn_Blight,Corn_Blight (400).JPG,10147,6
leaf workshop/BANANA/Yellow banana/30_JPG_jpg.rf.35c2dd9800f24f729f0a62228d76bb53.jpg,banana,Yellow banana,banana_Yellow banana,30_JPG_jpg.rf.35c2dd9800f24f729f0a62228d76bb53.jpg,14482,2
leaf workshop/corn_dataset/Common_Rust/Corn_Common_Rust (1003).JPG,corn,Common_Rust,corn_Common_Rust,Corn_Common_Rust (1003).JPG,11426,7
leaf workshop/corn_dataset/Healthy/Corn_Health (1015).jpg,corn,Healthy,corn_Healthy,Corn_Health (1015).jpg,14785,9
leaf workshop/corn_dataset/Common_Rust/Corn_Common_Rust (421).JPG,corn,Common_Rust,corn_Common_Rust,Corn_Common_Rust (421).JPG,10661,7
leaf workshop/corn_dataset/Gray_Leaf_Spot/Corn_Gray_Spot (197).JPG,corn,Gray_Leaf_Spot,corn_Gray_Leaf_Spot,Corn_Gray_Spot (197).JPG,17973,8
leaf workshop/corn_dataset/Gray_Leaf_Spot/Corn_Gray_Spot (503).JPG,corn,Gray_Leaf_Spot,corn_Gray_Leaf_Spot,Corn_Gray_Spot (503).JPG,13936,8
leaf workshop/corn_dataset/Blight/Corn_Blight (535).JPG,corn,Blight,corn_Blight,Corn_Blight (535).JPG,16776,6
leaf workshop/corn_dataset/Gray_Leaf_Spot/Corn_Gray_Spot (47).jpg,corn,Gray_Leaf_Spot,corn_Gray_Leaf_Spot,Corn_Gray_Spot (47).jpg,107410,8
leaf workshop/corn_dataset/Healthy/Corn_Health (739).jpg,corn,Healthy,corn_Healthy,Corn_Health (739).jpg,14034,9
leaf workshop/corn_dataset/Healthy/Corn_Health (178).jpg,corn,Healthy,corn_Healthy,Corn_Health (178).jpg,7475,9
leaf workshop/potato_dataset/Potato___healthy/Potato_healthy-80-_0_9349.jpg,potato,Potato___healthy,potato_Potato___healthy,Potato_healthy-80-_0_9349.jpg,17960,17
leaf workshop/corn_dataset/Common_Rust/Corn_Common_Rust (417).JPG,corn,Common_Rust,corn_Common_Rust,Corn_Common_Rust (417).JPG,13254,7
leaf workshop/potato_dataset/Potato___Early_blight/ef5b06f0-4c81-4e47-9ec3-499af1571d9e___RS_Early.B 8455.JPG,potato,Potato___Early_blight,potato_Potato___Early_blight,ef5b06f0-4c81-4e47-9ec3-499af1571d9e___RS_Early.B 8455.JPG,21100,15
leaf workshop/corn_dataset/Common_Rust/Corn_Common_Rust (640).JPG,corn,Common_Rust,corn_Common_Rust,Corn_Common_Rust (640).JPG,13370,7
leaf workshop/corn_dataset/Blight/Corn_Blight (563).JPG,corn,Blight,corn_Blight,Corn_Blight (563).JPG,14153,6
leaf workshop/corn_dataset/Common_Rust/Corn_Common_Rust (681).JPG,corn,Common_Rust,corn_Common_Rust,Corn_Common_Rust (681).JPG,15141,7
leaf workshop/corn_dataset/Healthy/Corn_Health (1027).jpg,corn,Healthy,corn_Healthy,Corn_Health (1027).jpg,6102,9
leaf workshop/ORANGE/orange/img_431_jpeg.rf.fed7f5d0fa2343933de877a9b39cabac.jpg,orange,orange,orange_orange,img_431_jpeg.rf.fed7f5d0fa2343933de877a9b39cabac.jpg,38644,14
leaf workshop/corn_dataset/Gray_Leaf_Spot/Corn_Gray_Spot (34).jpg,corn,Gray_Leaf_Spot,corn_Gray_Leaf_Spot,Corn_Gray_Spot (34).jpg,108095,8
leaf workshop/corn_dataset/Gray_Leaf_Spot/Corn_Gray_Spot (232).JPG,corn,Gray_Leaf_Spot,corn_Gray_Leaf_Spot,Corn_Gray_Spot (232).JPG,16204,8
leaf workshop/corn_dataset/Common_Rust/Corn_Common_Rust (1218).JPG,corn,Common_Rust,corn_Common_Rust,Corn_Common_Rust (1218).JPG,14955,7
leaf workshop/corn_dataset/Healthy/Corn_Health (473).jpg,corn,Healthy,corn_Healthy,Corn_Health (473).jpg,10731,9
leaf workshop/potato_dataset/Potato___healthy/Potato_healthy-148-_0_4600.jpg,potato,Potato___healthy,potato_Potato___healthy,Potato_healthy-148-_0_4600.jpg,14819,17
leaf workshop/corn_dataset/Healthy/Corn_Health (1144).jpg,corn,Healthy,corn_Healthy,Corn_Health (1144).jpg,8144,9
leaf workshop/corn_dataset/Common_Rust/Corn_Common_Rust (1026).JPG,corn,Common_Rust,corn_Common_Rust,Corn_Common_Rust (1026).JPG,13477,7
leaf workshop/corn_dataset/Blight/Corn_Blight (977).JPG,corn,Blight,corn_Blight,Corn_Blight (977).JPG,11923,6
leaf workshop/corn_dataset/Blight/Corn_Blight (617).JPG,corn,Blight,corn_Blight,Corn_Blight (617).JPG,12182,6
leaf workshop/corn_dataset/Blight/Corn_Blight (502).JPG,corn,Blight,corn_Blight,Corn_Blight (502).JPG,14899,6
leaf workshop/corn_dataset/Healthy/Corn_Health (360).jpg,corn,Healthy,corn_Healthy,Corn_Health (360).jpg,9211,9
leaf workshop/corn_dataset/Common_Rust/Corn_Common_Rust (255).JPG,corn,Common_Rust,corn_Common_Rust,Corn_Common_Rust (255).JPG,10956,7
leaf workshop/corn_dataset/Healthy/Corn_Health (678).jpg,corn,Healthy,corn_Healthy,Corn_Health (678).jpg,8826,9
leaf workshop/corn_dataset/Common_Rust/Corn_Common_Rust (1222).JPG,corn,Common_Rust,corn_Common_Rust,Corn_Common_Rust (1222).JPG,16564,7
leaf workshop/ORANGE/orange/1000_F_71173863_swz4e5OdugN7nmoVy7408GBlkXp51RQj_jpg.rf.1666c73438690a52050b0dc2d5a00d62.jpg,orange,orange,orange_orange,1000_F_71173863_swz4e5OdugN7nmoVy7408GBlkXp51RQj_jpg.rf.1666c73438690a52050b0dc2d5a00d62.jpg,29428,14
leaf workshop/corn_dataset/Common_Rust/Corn_Common_Rust (170).JPG,corn,Common_Rust,corn_Common_Rust,Corn_Common_Rust (170).JPG,13753,7
leaf workshop/corn_dataset/Gray_Leaf_Spot/Corn_Gray_Spot (130).JPG,corn,Gray_Leaf_Spot,corn_Gray_Leaf_Spot,Corn_Gray_Spot (130).JPG,16071,8
leaf workshop/ORANGE/Ripe orange/69_jpg.rf.c7cfa58be5651853c7b09121f3be7567.jpg,orange,Ripe orange,orange_Ripe orange,69_jpg.rf.c7cfa58be5651853c7b09121f3be7567.jpg,38291,13
leaf workshop/corn_dataset/Common_Rust/Corn_Common_Rust (203).JPG,corn,Common_Rust,corn_Common_Rust,Corn_Common_Rust (203).JPG,14945,7
leaf workshop/corn_dataset/Blight/Corn_Blight (778).JPG,corn,Blight,corn_Blight,Corn_Blight (778).JPG,14320,6
leaf workshop/potato_dataset/Potato___Early_blight/b475147c-92bc-419a-b2c3-7d5aabbb79ec___RS_Early.B 7379.JPG,potato,Potato___Early_blight,potato_Potato___Early_blight,b475147c-92bc-419a-b2c3-7d5aabbb79ec___RS_Early.B 7379.JPG,19543,15
leaf workshop/corn_dataset/Healthy/Corn_Health (515).jpg,corn,Healthy,corn_Healthy,Corn_Health (515).jpg,5222,9
leaf workshop/corn_dataset/Common_Rust/Corn_Common_Rust (422).JPG,corn,Common_Rust,corn_Common_Rust,Corn_Common_Rust (422).JPG,11069,7
leaf workshop/potato_dataset/Potato___Early_blight/d036af36-99a4-4b25-aa40-2477883e73cf___RS_Early.B 8269.JPG,potato,Potato___Early_blight,potato_Potato___Early_blight,d036af36-99a4-4b25-aa40-2477883e73cf___RS_Early.B 8269.JPG,20452,15
leaf workshop/corn_dataset/Common_Rust/Corn_Common_Rust (352).JPG,corn,Common_Rust,corn_Common_Rust,Corn_Common_Rust (352).JPG,14355,7
leaf workshop/potato_dataset/Potato___healthy/Potato_healthy-132-_0_3632.jpg,potato,Potato___healthy,potato_Potato___healthy,Potato_healthy-132-_0_3632.jpg,17512,17
leaf workshop/corn_dataset/Healthy/Corn_Health (876).jpg,corn,Healthy,corn_Healthy,Corn_Health (876).jpg,5803,9
leaf workshop/corn_dataset/Common_Rust/Corn_Common_Rust (401).JPG,corn,Common_Rust,corn_Common_Rust,Corn_Common_Rust (401).JPG,11333,7
leaf workshop/potato_dataset/Potato___healthy/Potato_healthy-126-_0_2490.jpg,potato,Potato___healthy,potato_Potato___healthy,Potato_healthy-126-_0_2490.jpg,19445,17
leaf workshop/potato_dataset/Potato___Early_blight/bcc2199e-a6c6-4e0d-a7a7-f7c4b25f2c04___RS_Early.B 7007.JPG,potato,Potato___Early_blight,potato_Potato___Early_blight,bcc2199e-a6c6-4e0d-a7a7-f7c4b25f2c04___RS_Early.B 7007.JPG,19242,15
leaf workshop/corn_dataset/Gray_Leaf_Spot/Corn_Gray_Spot (448).JPG,corn,Gray_Leaf_Spot,corn_Gray_Leaf_Spot,Corn_Gray_Spot (448).JPG,16600,8
leaf workshop/corn_dataset/Blight/Corn_Blight (253).JPG,corn,Blight,corn_Blight,Corn_Blight (253).JPG,18454,6
leaf workshop/potato_dataset/Potato___healthy/Potato_healthy-112-_0_3525.jpg,potato,Potato___healthy,potato_Potato___healthy,Potato_healthy-112-_0_3525.jpg,16259,17
leaf workshop/corn_dataset/Healthy/Corn_Health (186).jpg,corn,Healthy,corn_Healthy,Corn_Health (186).jpg,16589,9
leaf workshop/corn_dataset/Healthy/Corn_Health (350).jpg,corn,Healthy,corn_Healthy,Corn_Health (350).jpg,9915,9
leaf workshop/corn_dataset/Common_Rust/Corn_Common_Rust (1285).jpg,corn,Common_Rust,corn_Common_Rust,Corn_Common_Rust (1285).jpg,190067,7
leaf workshop/corn_dataset/Blight/Corn_Blight (929).JPG,corn,Blight,corn_Blight,Corn_Blight (929).JPG,17489,6
leaf workshop/corn_dataset/Common_Rust/Corn_Common_Rust (1276).jpg,corn,Common_Rust,corn_Common_Rust,Corn_Common_Rust (1276).jpg,63794,7
leaf workshop/corn_dataset/Common_Rust/Corn_Common_Rust (596).JPG,corn,Common_Rust,corn_Common_Rust,Corn_Common_Rust (596).JPG,15236,7
leaf workshop/ORANGE/orange/images109_jpg.rf.964c87d2eb8f985f0693ab327ace972b.jpg,orange,orange,orange_orange,images109_jpg.rf.964c87d2eb8f985f0693ab327ace972b.jpg,26732,14
leaf workshop/corn_dataset/Common_Rust/Corn_Common_Rust (56).jpg,corn,Common_Rust,corn_Common_Rust,Corn_Common_Rust (56).jpg,181969,7
leaf workshop/coffee_dataset/leaf_rust/163.jpg,coffee,leaf_rust,coffee_leaf_rust,163.jpg,152973,4
leaf workshop/corn_dataset/Common_Rust/Corn_Common_Rust (617).JPG,corn,Common_Rust,corn_Common_Rust,Corn_Common_Rust (617).JPG,11443,7
leaf workshop/corn_dataset/Healthy/Corn_Health (880).jpg,corn,Healthy,corn_Healthy,Corn_Health (880).jpg,11610,9
leaf workshop/corn_dataset/Common_Rust/Corn_Common_Rust (309).JPG,corn,Common_Rust,corn_Common_Rust,Corn_Common_Rust (309).JPG,13058,7
leaf workshop/ORANGE/orange/00054_orangen1kg_jpg.rf.38cd47059fa0eae5b94937bbff0d97de.jpg,orange,orange,orange_orange,00054_orangen1kg_jpg.rf.38cd47059fa0eae5b94937bbff0d97de.jpg,30067,14
leaf workshop/corn_dataset/Common_Rust/Corn_Common_Rust (494).JPG,corn,Common_Rust,corn_Common_Rust,Corn_Common_Rust (494).JPG,14115,7
leaf workshop/ORANGE/Ripe orange/65_jpg.rf.848f187a6d16d0b76ffa3076aa956c60.jpg,orange,Ripe orange,orange_Ripe orange,65_jpg.rf.848f187a6d16d0b76ffa3076aa956c60.jpg,21291,13
leaf workshop/corn_dataset/Blight/Corn_Blight (351).JPG,corn,Blight,corn_Blight,Corn_Blight (351).JPG,10936,6
leaf workshop/corn_dataset/Blight/Corn_Blight (275).jpg,corn,Blight,corn_Blight,Corn_Blight (275).jpg,18552,6
leaf workshop/corn_dataset/Blight/Corn_Blight (248).JPG,corn,Blight,corn_Blight,Corn_Blight (248).JPG,9845,6
leaf workshop/corn_dataset/Common_Rust/Corn_Common_Rust (1124).JPG,corn,Common_Rust,corn_Common_Rust,Corn_Common_Rust (1124).JPG,15470,7
leaf workshop/potato_dataset/Potato___healthy/Potato_healthy-124-_0_7217.jpg,potato,Potato___healthy,potato_Potato___healthy,Potato_healthy-124-_0_7217.jpg,16002,17
leaf workshop/corn_dataset/Healthy/Corn_Health (422).jpg,corn,Healthy,corn_Healthy,Corn_Health (422).jpg,10437,9
leaf workshop/corn_dataset/Common_Rust/Corn_Common_Rust (178).JPG,corn,Common_Rust,corn_Common_Rust,Corn_Common_Rust (178).JPG,16790,7
leaf workshop/potato_dataset/Potato___Early_blight/d5c51ec6-506e-4b85-b774-66f6a5493c90___RS_Early.B 7071.JPG,potato,Potato___Early_blight,potato_Potato___Early_blight,d5c51ec6-506e-4b85-b774-66f6a5493c90___RS_Early.B 7071.JPG,20938,15
leaf workshop/MANGO/Rotten Mango/20230305_062055869_iOS_jpg.rf.9cca1d003bd858139559418d84f66b52.jpg,mango,Rotten Mango,mango_Rotten Mango,20230305_062055869_iOS_jpg.rf.9cca1d003bd858139559418d84f66b52.jpg,21152,11
leaf workshop/corn_dataset/Common_Rust/Corn_Common_Rust (612).JPG,corn,Common_Rust,corn_Common_Rust,Corn_Common_Rust (612).JPG,11458,7
leaf workshop/corn_dataset/Gray_Leaf_Spot/Corn_Gray_Spot (367).JPG,corn,Gray_Leaf_Spot,corn_Gray_Leaf_Spot,Corn_Gray_Spot (367).JPG,17634,8
leaf workshop/corn_dataset/Blight/Corn_Blight (410).JPG,corn,Blight,corn_Blight,Corn_Blight (410).JPG,13595,6
leaf workshop/MANGO/Green mango/WIN_20230323_14_06_54_Pro_jpg.rf.8a11479a89b5153a8b5b83afa3ec3131.jpg,mango,Green mango,mango_Green mango,WIN_20230323_14_06_54_Pro_jpg.rf.8a11479a89b5153a8b5b83afa3ec3131.jpg,24686,10
leaf workshop/potato_dataset/Potato___Early_blight/dcc46f93-d842-496d-980b-4b29a00551d5___RS_Early.B 8424.JPG,potato,Potato___Early_blight,potato_Potato___Early_blight,dcc46f93-d842-496d-980b-4b29a00551d5___RS_Early.B 8424.JPG,21348,15
leaf workshop/corn_dataset/Blight/Corn_Blight (1054).jpg,corn,Blight,corn_Blight,Corn_Blight (1054).jpg,11541,6
leaf workshop/corn_dataset/Healthy/Corn_Health (1098).jpg,corn,Healthy,corn_Healthy,Corn_Health (1098).jpg,10562,9
leaf workshop/corn_dataset/Common_Rust/Corn_Common_Rust (1046).JPG,corn,Common_Rust,corn_Common_Rust,Corn_Common_Rust (1046).JPG,13358,7
leaf workshop/corn_dataset/Healthy/Corn_Health (879).jpg,corn,Healthy,corn_Healthy,Corn_Health (879).jpg,9468,9
leaf workshop/corn_dataset/Blight/Corn_Blight (90).jpg,corn,Blight,corn_Blight,Corn_Blight (90).jpg,2774730,6
leaf workshop/corn_dataset/Healthy/Corn_Health (1121).jpg,corn,Healthy,corn_Healthy,Corn_Health (1121).jpg,16720,9
leaf workshop/corn_dataset/Healthy/Corn_Health (1020).jpg,corn,Healthy,corn_Healthy,Corn_Health (1020).jpg,13447,9
leaf workshop/potato_dataset/Potato___healthy/Potato_healthy-79-_0_3185.jpg,potato,Potato___healthy,potato_Potato___healthy,Potato_healthy-79-_0_3185.jpg,14446,17
leaf workshop/corn_dataset/Gray_Leaf_Spot/Corn_Gray_Spot (455).JPG,corn,Gray_Leaf_Spot,corn_Gray_Leaf_Spot,Corn_Gray_Spot (455).JPG,15217,8
leaf workshop/corn_dataset/Healthy/Corn_Health (355).jpg,corn,Healthy,corn_Healthy,Corn_Health (355).jpg,19874,9
leaf workshop/corn_dataset/Healthy/Corn_Health (569).jpg,corn,Healthy,corn_Healthy,Corn_Health (569).jpg,10784,9
leaf workshop/BANANA/Green banana/74_jpg.rf.3e5442f0c8ca92b27fc107e8409a9f76.jpg,banana,Green banana,banana_Green banana,74_jpg.rf.3e5442f0c8ca92b27fc107e8409a9f76.jpg,34940,0
leaf workshop/corn_dataset/Common_Rust/Corn_Common_Rust (493).JPG,corn,Common_Rust,corn_Common_Rust,Corn_Common_Rust (493).JPG,14112,7
leaf workshop/corn_dataset/Healthy/Corn_Health (56).jpg,corn,Healthy,corn_Healthy,Corn_Health (56).jpg,9100,9
leaf workshop/corn_dataset/Common_Rust/Corn_Common_Rust (114).JPG,corn,Common_Rust,corn_Common_Rust,Corn_Common_Rust (114).JPG,10253,7
leaf workshop/ORANGE/orange/img_1491_jpeg.rf.0a01b12397bfe85c4f1d7fafcc77e336.jpg,orange,orange,orange_orange,img_1491_jpeg.rf.0a01b12397bfe85c4f1d7fafcc77e336.jpg,26163,14
leaf workshop/potato_dataset/Potato___Late_blight/faf67766-afc0-4f41-af0b-a3971fe325c7___RS_LB 4777.JPG,potato,Potato___Late_blight,potato_Potato___Late_blight,faf67766-afc0-4f41-af0b-a3971fe325c7___RS_LB 4777.JPG,13458,16
leaf workshop/corn_dataset/Blight/Corn_Blight (638).jpg,corn,Blight,corn_Blight,Corn_Blight (638).jpg,12433,6
leaf workshop/corn_dataset/Blight/Corn_Blight (683).JPG,corn,Blight,corn_Blight,Corn_Blight (683).JPG,13841,6
leaf workshop/potato_dataset/Potato___Early_blight/d9ebe6a0-d46e-47fe-950e-938f7ce83afb___RS_Early.B 7419.JPG,potato,Potato___Early_blight,potato_Potato___Early_blight,d9ebe6a0-d46e-47fe-950e-938f7ce83afb___RS_Early.B 7419.JPG,18790,15
leaf workshop/MANGO/Yellow mango/20230305_052218039_iOS_jpg.rf.463dd241ad580b057a376c986853309b.jpg,mango,Yellow mango,mango_Yellow mango,20230305_052218039_iOS_jpg.rf.463dd241ad580b057a376c986853309b.jpg,21731,12
leaf workshop/corn_dataset/Blight/Corn_Blight (360).JPG,corn,Blight,corn_Blight,Corn_Blight (360).JPG,11413,6
leaf workshop/potato_dataset/Potato___healthy/Potato_healthy-83-_0_9119.jpg,potato,Potato___healthy,potato_Potato___healthy,Potato_healthy-83-_0_9119.jpg,16926,17
leaf workshop/corn_dataset/Blight/Corn_Blight (765).JPG,corn,Blight,corn_Blight,Corn_Blight (765).JPG,17348,6
leaf workshop/corn_dataset/Blight/Corn_Blight (385).JPG,corn,Blight,corn_Blight,Corn_Blight (385).JPG,16574,6
leaf workshop/potato_dataset/Potato___Early_blight/ed64bc0c-d2e5-44fd-a21a-f4d6b4f2f219___RS_Early.B 7366.JPG,potato,Potato___Early_blight,potato_Potato___Early_blight,ed64bc0c-d2e5-44fd-a21a-f4d6b4f2f219___RS_Early.B 7366.JPG,17188,15
leaf workshop/coffee_dataset/leaf_rust/150.jpg,coffee,leaf_rust,coffee_leaf_rust,150.jpg,148942,4
leaf workshop/corn_dataset/Healthy/Corn_Health (758).jpg,corn,Healthy,corn_Healthy,Corn_Health (758).jpg,13937,9
leaf workshop/corn_dataset/Common_Rust/Corn_Common_Rust (554).JPG,corn,Common_Rust,corn_Common_Rust,Corn_Common_Rust (554).JPG,18605,7
leaf workshop/BANANA/Yellow banana/lakatan-19-_jpg.rf.236eb13014e4b59134fa5c3345f77b18.jpg,banana,Yellow banana,banana_Yellow banana,lakatan-19-_jpg.rf.236eb13014e4b59134fa5c3345f77b18.jpg,8285,2
leaf workshop/potato_dataset/Potato___Early_blight/cac99520-3403-4602-961d-3a668bb980fb___RS_Early.B 7388.JPG,potato,Potato___Early_blight,potato_Potato___Early_blight,cac99520-3403-4602-961d-3a668bb980fb___RS_Early.B 7388.JPG,19753,15
leaf workshop/corn_dataset/Common_Rust/Corn_Common_Rust (734).JPG,corn,Common_Rust,corn_Common_Rust,Corn_Common_Rust (734).JPG,14527,7
leaf workshop/corn_dataset/Common_Rust/Corn_Common_Rust (525).JPG,corn,Common_Rust,corn_Common_Rust,Corn_Common_Rust (525).JPG,13132,7
leaf workshop/corn_dataset/Blight/Corn_Blight (46).jpg,corn,Blight,corn_Blight,Corn_Blight (46).jpg,220488,6
leaf workshop/corn_dataset/Common_Rust/Corn_Common_Rust (500).JPG,corn,Common_Rust,corn_Common_Rust,Corn_Common_Rust (500).JPG,10130,7
leaf workshop/potato_dataset/Potato___Early_blight/c653b79e-4f42-4a9e-8c5c-7a85483a3c29___RS_Early.B 9108.JPG,potato,Potato___Early_blight,potato_Potato___Early_blight,c653b79e-4f42-4a9e-8c5c-7a85483a3c29___RS_Early.B 9108.JPG,19943,15
leaf workshop/BANANA/Green banana/96_jpg.rf.4de0966add697b46d33676f41bdb097c.jpg,banana,Green banana,banana_Green banana,96_jpg.rf.4de0966add697b46d33676f41bdb097c.jpg,13932,0
leaf workshop/MANGO/Green mango/WIN_20230323_14_22_57_Pro_jpg.rf.a42cbb8c2b4cab981ef845bee06f4fee.jpg,mango,Green mango,mango_Green mango,WIN_20230323_14_22_57_Pro_jpg.rf.a42cbb8c2b4cab981ef845bee06f4fee.jpg,22227,10
leaf workshop/corn_dataset/Blight/Corn_Blight (674).JPG,corn,Blight,corn_Blight,Corn_Blight (674).JPG,14005,6
leaf workshop/corn_dataset/Blight/Corn_Blight (1041).JPG,corn,Blight,corn_Blight,Corn_Blight (1041).JPG,11981,6
leaf workshop/MANGO/Yellow mango/20230305_052117770_iOS_jpg.rf.b77f31017b093b5df7c6b4e928e2153d.jpg,mango,Yellow mango,mango_Yellow mango,20230305_052117770_iOS_jpg.rf.b77f31017b093b5df7c6b4e928e2153d.jpg,21027,12
leaf workshop/corn_dataset/Healthy/Corn_Health (10).jpg,corn,Healthy,corn_Healthy,Corn_Health (10).jpg,9085,9
leaf workshop/MANGO/Green mango/WIN_20230323_14_55_10_Pro_jpg.rf.bd6836e2b1b07e321dda01c56ef141b2.jpg,mango,Green mango,mango_Green mango,WIN_20230323_14_55_10_Pro_jpg.rf.bd6836e2b1b07e321dda01c56ef141b2.jpg,21841,10
leaf workshop/corn_dataset/Common_Rust/Corn_Common_Rust (293).JPG,corn,Common_Rust,corn_Common_Rust,Corn_Common_Rust (293).JPG,12500,7
leaf workshop/corn_dataset/Gray_Leaf_Spot/Corn_Gray_Spot (443).JPG,corn,Gray_Leaf_Spot,corn_Gray_Leaf_Spot,Corn_Gray_Spot (443).JPG,19078,8
leaf workshop/corn_dataset/Healthy/Corn_Health (1064).jpg,corn,Healthy,corn_Healthy,Corn_Health (1064).jpg,6099,9
leaf workshop/corn_dataset/Healthy/Corn_Health (79).jpg,corn,Healthy,corn_Healthy,Corn_Health (79).jpg,13685,9
leaf workshop/corn_dataset/Healthy/Corn_Health (866).jpg,corn,Healthy,corn_Healthy,Corn_Health (866).jpg,10133,9
leaf workshop/corn_dataset/Healthy/Corn_Health (221).jpg,corn,Healthy,corn_Healthy,Corn_Health (221).jpg,10712,9
leaf workshop/ORANGE/Ripe orange/7_jpg.rf.4842de125df5fd64272ed112120a0838.jpg,orange,Ripe orange,orange_Ripe orange,7_jpg.rf.4842de125df5fd64272ed112120a0838.jpg,28481,13
leaf workshop/corn_dataset/Blight/Corn_Blight (1044).JPG,corn,Blight,corn_Blight,Corn_Blight (1044).JPG,11871,6
leaf workshop/corn_dataset/Gray_Leaf_Spot/Corn_Gray_Spot (456).JPG,corn,Gray_Leaf_Spot,corn_Gray_Leaf_Spot,Corn_Gray_Spot (456).JPG,19853,8
leaf workshop/potato_dataset/Potato___healthy/Potato_healthy-86-_0_8881.jpg,potato,Potato___healthy,potato_Potato___healthy,Potato_healthy-86-_0_8881.jpg,15051,17
leaf workshop/potato_dataset/Potato___Late_blight/ec53a246-df50-44c1-a87c-c8296f25f20c___RS_LB 4717.JPG,potato,Potato___Late_blight,potato_Potato___Late_blight,ec53a246-df50-44c1-a87c-c8296f25f20c___RS_LB 4717.JPG,14093,16
leaf workshop/corn_dataset/Healthy/Corn_Health (566).jpg,corn,Healthy,corn_Healthy,Corn_Health (566).jpg,15455,9
leaf workshop/corn_dataset/Common_Rust/Corn_Common_Rust (649).JPG,corn,Common_Rust,corn_Common_Rust,Corn_Common_Rust (649).JPG,14072,7
leaf workshop/potato_dataset/Potato___healthy/Potato_healthy-147-_0_6777.jpg,potato,Potato___healthy,potato_Potato___healthy,Potato_healthy-147-_0_6777.jpg,18341,17
leaf workshop/corn_dataset/Gray_Leaf_Spot/Corn_Gray_Spot (544).JPG,corn,Gray_Leaf_Spot,corn_Gray_Leaf_Spot,Corn_Gray_Spot (544).JPG,16189,8
leaf workshop/corn_dataset/Healthy/Corn_Health (172).jpg,corn,Healthy,corn_Healthy,Corn_Health (172).jpg,15774,9
leaf workshop/corn_dataset/Healthy/Corn_Health (1111).jpg,corn,Healthy,corn_Healthy,Corn_Health (1111).jpg,10051,9
leaf workshop/corn_dataset/Healthy/Corn_Health (1140).jpg,corn,Healthy,corn_Healthy,Corn_Health (1140).jpg,11599,9
leaf workshop/corn_dataset/Healthy/Corn_Health (699).jpg,corn,Healthy,corn_Healthy,Corn_Health (699).jpg,9350,9
leaf workshop/corn_dataset/Healthy/Corn_Health (72).jpg,corn,Healthy,corn_Healthy,Corn_Health (72).jpg,7533,9
leaf workshop/corn_dataset/Blight/Corn_Blight (131).JPG,corn,Blight,corn_Blight,Corn_Blight (131).JPG,12835,6
leaf workshop/corn_dataset/Gray_Leaf_Spot/Corn_Gray_Spot (504).JPG,corn,Gray_Leaf_Spot,corn_Gray_Leaf_Spot,Corn_Gray_Spot (504).JPG,15543,8
leaf workshop/potato_dataset/Potato___Late_blight/df60df5b-a619-4b38-926d-6372c0f6329a___RS_LB 5308.JPG,potato,Potato___Late_blight,potato_Potato___Late_blight,df60df5b-a619-4b38-926d-6372c0f6329a___RS_LB 5308.JPG,18179,16
leaf workshop/corn_dataset/Common_Rust/Corn_Common_Rust (1273).jpg,corn,Common_Rust,corn_Common_Rust,Corn_Common_Rust (1273).jpg,172237,7
leaf workshop/corn_dataset/Common_Rust/Corn_Common_Rust (502).JPG,corn,Common_Rust,corn_Common_Rust,Corn_Common_Rust (502).JPG,15842,7
leaf workshop/corn_dataset/Blight/Corn_Blight (561).jpg,corn,Blight,corn_Blight,Corn_Blight (561).jpg,15811,6
leaf workshop/corn_dataset/Blight/Corn_Blight (1015).jpg,corn,Blight,corn_Blight,Corn_Blight (1015).jpg,12612,6
leaf workshop/corn_dataset/Healthy/Corn_Health (493).jpg,corn,Healthy,corn_Healthy,Corn_Health (493).jpg,5596,9
leaf workshop/ORANGE/orange/el-origen-de-la-naranja-ok-campos-de-azahar_jpg.rf.98468963cfd11a558b007e0205f0dc54.jpg,orange,orange,orange_orange,el-origen-de-la-naranja-ok-campos-de-azahar_jpg.rf.98468963cfd11a558b007e0205f0dc54.jpg,34067,14
leaf workshop/ORANGE/orange/image26_jpeg_jpg.rf.8e36abedf55a438773e62a32fa90b48d.jpg,orange,orange,orange_orange,image26_jpeg_jpg.rf.8e36abedf55a438773e62a32fa90b48d.jpg,29809,14
leaf workshop/ORANGE/Ripe orange/29_jpg.rf.6e52044974b6bf03712f4d485a515cf5.jpg,orange,Ripe orange,orange_Ripe orange,29_jpg.rf.6e52044974b6bf03712f4d485a515cf5.jpg,27314,13
leaf workshop/corn_dataset/Common_Rust/Corn_Common_Rust (278).JPG,corn,Common_Rust,corn_Common_Rust,Corn_Common_Rust (278).JPG,14410,7
leaf workshop/MANGO/Rotten Mango/download-1-_jpg.rf.b950133774b5172663ba43930c4336ac.jpg,mango,Rotten Mango,mango_Rotten Mango,download-1-_jpg.rf.b950133774b5172663ba43930c4336ac.jpg,14403,11
leaf workshop/corn_dataset/Gray_Leaf_Spot/Corn_Gray_Spot (351).JPG,corn,Gray_Leaf_Spot,corn_Gray_Leaf_Spot,Corn_Gray_Spot (351).JPG,16699,8
leaf workshop/corn_dataset/Common_Rust/Corn_Common_Rust (58).jpg,corn,Common_Rust,corn_Common_Rust,Corn_Common_Rust (58).jpg,31827,7
leaf workshop/MANGO/Rotten Mango/132_jpg.rf.b7bd5a48d2948883e22d46b72e286c7c.jpg,mango,Rotten Mango,mango_Rotten Mango,132_jpg.rf.b7bd5a48d2948883e22d46b72e286c7c.jpg,15920,11
leaf workshop/corn_dataset/Common_Rust/Corn_Common_Rust (358).JPG,corn,Common_Rust,corn_Common_Rust,Corn_Common_Rust (358).JPG,14100,7
leaf workshop/corn_dataset/Gray_Leaf_Spot/Corn_Gray_Spot (215).jpg,corn,Gray_Leaf_Spot,corn_Gray_Leaf_Spot,Corn_Gray_Spot (215).jpg,13573,8
leaf workshop/corn_dataset/Blight/Corn_Blight (835).JPG,corn,Blight,corn_Blight,Corn_Blight (835).JPG,14315,6
leaf workshop/potato_dataset/Potato___Late_blight/bf07f2b7-6ab3-4192-a418-ecabc32a11fe___RS_LB 2576.JPG,potato,Potato___Late_blight,potato_Potato___Late_blight,bf07f2b7-6ab3-4192-a418-ecabc32a11fe___RS_LB 2576.JPG,15474,16
leaf workshop/corn_dataset/Common_Rust/Corn_Common_Rust (610).JPG,corn,Common_Rust,corn_Common_Rust,Corn_Common_Rust (610).JPG,15914,7
leaf workshop/ORANGE/Ripe orange/76_jpg.rf.97f33a1d334ab76b3c07d0d646795bad.jpg,orange,Ripe orange,orange_Ripe orange,76_jpg.rf.97f33a1d334ab76b3c07d0d646795bad.jpg,28758,13
leaf workshop/corn_dataset/Blight/Corn_Blight (70).jpg,corn,Blight,corn_Blight,Corn_Blight (70).jpg,631528,6
leaf workshop/corn_dataset/Healthy/Corn_Health (599).jpg,corn,Healthy,corn_Healthy,Corn_Health (599).jpg,16043,9
leaf workshop/potato_dataset/Potato___healthy/Potato_healthy-134-_0_7062.jpg,potato,Potato___healthy,potato_Potato___healthy,Potato_healthy-134-_0_7062.jpg,17655,17
leaf workshop/potato_dataset/Potato___Late_blight/d36e9212-7594-4e4d-9062-0a98bc689729___RS_LB 5055.JPG,potato,Potato___Late_blight,potato_Potato___Late_blight,d36e9212-7594-4e4d-9062-0a98bc689729___RS_LB 5055.JPG,19274,16
leaf workshop/corn_dataset/Gray_Leaf_Spot/Corn_Gray_Spot (175).jpg,corn,Gray_Leaf_Spot,corn_Gray_Leaf_Spot,Corn_Gray_Spot (175).jpg,14436,8
leaf workshop/corn_dataset/Healthy/Corn_Health (432).jpg,corn,Healthy,corn_Healthy,Corn_Health (432).jpg,13734,9
leaf workshop/potato_dataset/Potato___Late_blight/e3d4df7f-f184-453e-8a99-3cb0de5a2488___RS_LB 3959.JPG,potato,Potato___Late_blight,potato_Potato___Late_blight,e3d4df7f-f184-453e-8a99-3cb0de5a2488___RS_LB 3959.JPG,15474,16
leaf workshop/potato_dataset/Potato___Early_blight/fa8656fd-03b1-467c-a877-99ce5632d580___RS_Early.B 7630.JPG,potato,Potato___Early_blight,potato_Potato___Early_blight,fa8656fd-03b1-467c-a877-99ce5632d580___RS_Early.B 7630.JPG,21009,15
leaf workshop/corn_dataset/Common_Rust/Corn_Common_Rust (503).JPG,corn,Common_Rust,corn_Common_Rust,Corn_Common_Rust (503).JPG,12062,7
leaf workshop/corn_dataset/Gray_Leaf_Spot/Corn_Gray_Spot (75).jpg,corn,Gray_Leaf_Spot,corn_Gray_Leaf_Spot,Corn_Gray_Spot (75).jpg,18498,8
leaf workshop/corn_dataset/Gray_Leaf_Spot/Corn_Gray_Spot (161).JPG,corn,Gray_Leaf_Spot,corn_Gray_Leaf_Spot,Corn_Gray_Spot (161).JPG,16932,8
leaf workshop/corn_dataset/Healthy/Corn_Health (1102).jpg,corn,Healthy,corn_Healthy,Corn_Health (1102).jpg,10474,9
leaf workshop/corn_dataset/Healthy/Corn_Health (203).jpg,corn,Healthy,corn_Healthy,Corn_Health (203).jpg,13463,9
leaf workshop/corn_dataset/Gray_Leaf_Spot/Corn_Gray_Spot (173).JPG,corn,Gray_Leaf_Spot,corn_Gray_Leaf_Spot,Corn_Gray_Spot (173).JPG,21185,8
leaf workshop/corn_dataset/Healthy/Corn_Health (564).jpg,corn,Healthy,corn_Healthy,Corn_Health (564).jpg,8385,9
leaf workshop/corn_dataset/Blight/Corn_Blight (694).JPG,corn,Blight,corn_Blight,Corn_Blight (694).JPG,17164,6
leaf workshop/corn_dataset/Gray_Leaf_Spot/Corn_Gray_Spot (23).jpg,corn,Gray_Leaf_Spot,corn_Gray_Leaf_Spot,Corn_Gray_Spot (23).jpg,358384,8
leaf workshop/potato_dataset/Potato___Early_blight/e12f2cbd-6ced-45c5-8d83-96e19b92bfdd___RS_Early.B 8367.JPG,potato,Potato___Early_blight,potato_Potato___Early_blight,e12f2cbd-6ced-45c5-8d83-96e19b92bfdd___RS_Early.B 8367.JPG,20561,15
leaf workshop/corn_dataset/Blight/Corn_Blight (1081).jpg,corn,Blight,corn_Blight,Corn_Blight (1081).jpg,15950,6
leaf workshop/corn_dataset/Blight/Corn_Blight (829).JPG,corn,Blight,corn_Blight,Corn_Blight (829).JPG,14056,6
leaf workshop/corn_dataset/Gray_Leaf_Spot/Corn_Gray_Spot (498).JPG,corn,Gray_Leaf_Spot,corn_Gray_Leaf_Spot,Corn_Gray_Spot (498).JPG,19037,8
leaf workshop/corn_dataset/Common_Rust/Corn_Common_Rust (261).JPG,corn,Common_Rust,corn_Common_Rust,Corn_Common_Rust (261).JPG,12874,7
leaf workshop/corn_dataset/Healthy/Corn_Health (888).jpg,corn,Healthy,corn_Healthy,Corn_Health (888).jpg,10954,9
leaf workshop/corn_dataset/Gray_Leaf_Spot/Corn_Gray_Spot (137).JPG,corn,Gray_Leaf_Spot,corn_Gray_Leaf_Spot,Corn_Gray_Spot (137).JPG,17013,8
leaf workshop/potato_dataset/Potato___Late_blight/e986907b-6948-4c72-93d3-29cb795cc9a1___RS_LB 3837.JPG,potato,Potato___Late_blight,potato_Potato___Late_blight,e986907b-6948-4c72-93d3-29cb795cc9a1___RS_LB 3837.JPG,10682,16
leaf workshop/potato_dataset/Potato___Early_blight/cf3169aa-b842-46ed-bb1a-3e02b6858c86___RS_Early.B 7566.JPG,potato,Potato___Early_blight,potato_Potato___Early_blight,cf3169aa-b842-46ed-bb1a-3e02b6858c86___RS_Early.B 7566.JPG,19651,15
leaf workshop/corn_dataset/Gray_Leaf_Spot/Corn_Gray_Spot (383).JPG,corn,Gray_Leaf_Spot,corn_Gray_Leaf_Spot,Corn_Gray_Spot (383).JPG,22486,8
leaf workshop/corn_dataset/Blight/Corn_Blight (770).JPG,corn,Blight,corn_Blight,Corn_Blight (770).JPG,13805,6
leaf workshop/coffee_dataset/healthy/190.jpg,coffee,healthy,coffee_healthy,190.jpg,136102,3
leaf workshop/ORANGE/orange/Orange_C2A9_Seedling_Commerce_jpg.rf.55eb040e7e866bb1ca36e1df63d4e6d8.jpg,orange,orange,orange_orange,Orange_C2A9_Seedling_Commerce_jpg.rf.55eb040e7e866bb1ca36e1df63d4e6d8.jpg,14403,14
leaf workshop/corn_dataset/Common_Rust/Corn_Common_Rust (1160).JPG,corn,Common_Rust,corn_Common_Rust,Corn_Common_Rust (1160).JPG,12582,7
leaf workshop/potato_dataset/Potato___healthy/Potato_healthy-125-_0_9331.jpg,potato,Potato___healthy,potato_Potato___healthy,Potato_healthy-125-_0_9331.jpg,16241,17
leaf workshop/corn_dataset/Gray_Leaf_Spot/Corn_Gray_Spot (360).JPG,corn,Gray_Leaf_Spot,corn_Gray_Leaf_Spot,Corn_Gray_Spot (360).JPG,14566,8
leaf workshop/potato_dataset/Potato___Late_blight/c0a69909-e94c-4155-a008-20b5445c56d7___RS_LB 3909.JPG,potato,Potato___Late_blight,potato_Potato___Late_blight,c0a69909-e94c-4155-a008-20b5445c56d7___RS_LB 3909.JPG,15932,16
leaf workshop/corn_dataset/Common_Rust/Corn_Common_Rust (729).JPG,corn,Common_Rust,corn_Common_Rust,Corn_Common_Rust (729).JPG,16058,7
leaf workshop/BANANA/Green banana/16_jpg.rf.ea636cdaa7d023cfda36c7dcd6d95a17.jpg,banana,Green banana,banana_Green banana,16_jpg.rf.ea636cdaa7d023cfda36c7dcd6d95a17.jpg,32233,0
leaf workshop/potato_dataset/Potato___Late_blight/c7c82b7c-078f-4ba9-90e3-db36a73bda22___RS_LB 5430.JPG,potato,Potato___Late_blight,potato_Potato___Late_blight,c7c82b7c-078f-4ba9-90e3-db36a73bda22___RS_LB 5430.JPG,13825,16
leaf workshop/BANANA/Rotten banana/translation_Screen-Shot-2018-06-12-at-9_07_04-PM_png.rf.52a2c5e46d8e2efb145e7d451878671b.jpg,banana,Rotten banana,banana_Rotten banana,translation_Screen-Shot-2018-06-12-at-9_07_04-PM_png.rf.52a2c5e46d8e2efb145e7d451878671b.jpg,17382,1
leaf workshop/ORANGE/Ripe orange/46_jpg.rf.fc26f45755d41e665873e129bf790a0e.jpg,orange,Ripe orange,orange_Ripe orange,46_jpg.rf.fc26f45755d41e665873e129bf790a0e.jpg,25091,13
leaf workshop/corn_dataset/Common_Rust/Corn_Common_Rust (1037).JPG,corn,Common_Rust,corn_Common_Rust,Corn_Common_Rust (1037).JPG,14700,7
leaf workshop/corn_dataset/Gray_Leaf_Spot/Corn_Gray_Spot (186).JPG,corn,Gray_Leaf_Spot,corn_Gray_Leaf_Spot,Corn_Gray_Spot (186).JPG,15507,8
leaf workshop/corn_dataset/Common_Rust/Corn_Common_Rust (1203).JPG,corn,Common_Rust,corn_Common_Rust,Corn_Common_Rust (1203).JPG,12237,7
leaf workshop/corn_dataset/Gray_Leaf_Spot/Corn_Gray_Spot (24).jpg,corn,Gray_Leaf_Spot,corn_Gray_Leaf_Spot,Corn_Gray_Spot (24).jpg,36217,8
leaf workshop/corn_dataset/Gray_Leaf_Spot/Corn_Gray_Spot (58).JPG,corn,Gray_Leaf_Spot,corn_Gray_Leaf_Spot,Corn_Gray_Spot (58).JPG,18287,8
leaf workshop/potato_dataset/Potato___healthy/Potato_healthy-93-_0_5583.jpg,potato,Potato___healthy,potato_Potato___healthy,Potato_healthy-93-_0_5583.jpg,14995,17
leaf workshop/corn_dataset/Common_Rust/Corn_Common_Rust (743).JPG,corn,Common_Rust,corn_Common_Rust,Corn_Common_Rust (743).JPG,10740,7
leaf workshop/corn_dataset/Healthy/Corn_Health (874).jpg,corn,Healthy,corn_Healthy,Corn_Health (874).jpg,9691,9
leaf workshop/corn_dataset/Common_Rust/Corn_Common_Rust (308).JPG,corn,Common_Rust,corn_Common_Rust,Corn_Common_Rust (308).JPG,10781,7
leaf workshop/corn_dataset/Healthy/Corn_Health (799).jpg,corn,Healthy,corn_Healthy,Corn_Health (799).jpg,9507,9
leaf workshop/corn_dataset/Blight/Corn_Blight (945).JPG,corn,Blight,corn_Blight,Corn_Blight (945).JPG,13295,6
leaf workshop/corn_dataset/Healthy/Corn_Health (474).jpg,corn,Healthy,corn_Healthy,Corn_Health (474).jpg,7606,9
leaf workshop/corn_dataset/Blight/Corn_Blight (663).JPG,corn,Blight,corn_Blight,Corn_Blight (663).JPG,13217,6
leaf workshop/corn_dataset/Blight/Corn_Blight (651).JPG,corn,Blight,corn_Blight,Corn_Blight (651).JPG,16619,6
leaf workshop/corn_dataset/Gray_Leaf_Spot/Corn_Gray_Spot (477).JPG,corn,Gray_Leaf_Spot,corn_Gray_Leaf_Spot,Corn_Gray_Spot (477).JPG,20639,8
leaf workshop/ORANGE/Ripe orange/82_jpg.rf.4581f1601d496f61cca6649ec3d66021.jpg,orange,Ripe orange,orange_Ripe orange,82_jpg.rf.4581f1601d496f61cca6649ec3d66021.jpg,36958,13
leaf workshop/corn_dataset/Common_Rust/Corn_Common_Rust (430).JPG,corn,Common_Rust,corn_Common_Rust,Corn_Common_Rust (430).JPG,10376,7
leaf workshop/corn_dataset/Common_Rust/Corn_Common_Rust (605).JPG,corn,Common_Rust,corn_Common_Rust,Corn_Common_Rust (605).JPG,17959,7
leaf workshop/corn_dataset/Blight/Corn_Blight (1085).JPG,corn,Blight,corn_Blight,Corn_Blight (1085).JPG,14241,6
leaf workshop/potato_dataset/Potato___Early_blight/ea403e5a-34b3-4b06-a94d-65ad2e78831f___RS_Early.B 8136.JPG,potato,Potato___Early_blight,potato_Potato___Early_blight,ea403e5a-34b3-4b06-a94d-65ad2e78831f___RS_Early.B 8136.JPG,18171,15
leaf workshop/corn_dataset/Common_Rust/Corn_Common_Rust (655).JPG,corn,Common_Rust,corn_Common_Rust,Corn_Common_Rust (655).JPG,13760,7
leaf workshop/corn_dataset/Blight/Corn_Blight (36).jpg,corn,Blight,corn_Blight,Corn_Blight (36).jpg,323393,6
leaf workshop/corn_dataset/Blight/Corn_Blight (927).JPG,corn,Blight,corn_Blight,Corn_Blight (927).JPG,17018,6
leaf workshop/ORANGE/orange/img_211_jpeg.rf.08e25e5a6d3320f8e656cd2412f9f10d.jpg,orange,orange,orange_orange,img_211_jpeg.rf.08e25e5a6d3320f8e656cd2412f9f10d.jpg,39419,14
leaf workshop/BANANA/Green banana/118_jpg.rf.98c3a59e63f26fdaf5369dc5e785b236.jpg,banana,Green banana,banana_Green banana,118_jpg.rf.98c3a59e63f26fdaf5369dc5e785b236.jpg,33990,0
leaf workshop/corn_dataset/Healthy/Corn_Health (252).jpg,corn,Healthy,corn_Healthy,Corn_Health (252).jpg,16076,9
leaf workshop/ORANGE/Ripe orange/62_jpg.rf.d540dfb114c8cda8b5ac9aa0a86d8495.jpg,orange,Ripe orange,orange_Ripe orange,62_jpg.rf.d540dfb114c8cda8b5ac9aa0a86d8495.jpg,26345,13
leaf workshop/corn_dataset/Common_Rust/Corn_Common_Rust (588).JPG,corn,Common_Rust,corn_Common_Rust,Corn_Common_Rust (588).JPG,14177,7
leaf workshop/coffee_dataset/leaf_rust/175.jpg,coffee,leaf_rust,coffee_leaf_rust,175.jpg,190172,4
leaf workshop/ORANGE/orange/reen-leaves-isolated-on-a-white-background-with-the-clipping-path-free-photo_jpg.rf.072fe025b9b3ae7b9c76a44fdfb47ae6.jpg,orange,orange,orange_orange,reen-leaves-isolated-on-a-white-background-with-the-clipping-path-free-photo_jpg.rf.072fe025b9b3ae7b9c76a44fdfb47ae6.jpg,11154,14
leaf workshop/corn_dataset/Blight/Corn_Blight (600).jpg,corn,Blight,corn_Blight,Corn_Blight (600).jpg,16223,6
leaf workshop/BANANA/Rotten banana/translation_Screen-Shot-2018-06-12-at-9_05_12-PM_png.rf.683b0df55b52f12c96481bb18503eb49.jpg,banana,Rotten banana,banana_Rotten banana,translation_Screen-Shot-2018-06-12-at-9_05_12-PM_png.rf.683b0df55b52f12c96481bb18503eb49.jpg,17911,1
leaf workshop/potato_dataset/Potato___Late_blight/c3134b97-50a1-4aa2-937d-1e15405b9803___RS_LB 4565.JPG,potato,Potato___Late_blight,potato_Potato___Late_blight,c3134b97-50a1-4aa2-937d-1e15405b9803___RS_LB 4565.JPG,17920,16
leaf workshop/potato_dataset/Potato___healthy/Potato_healthy-84-_0_2807.jpg,potato,Potato___healthy,potato_Potato___healthy,Potato_healthy-84-_0_2807.jpg,16438,17
leaf workshop/corn_dataset/Common_Rust/Corn_Common_Rust (1075).JPG,corn,Common_Rust,corn_Common_Rust,Corn_Common_Rust (1075).JPG,12568,7
leaf workshop/corn_dataset/Gray_Leaf_Spot/Corn_Gray_Spot (216).jpg,corn,Gray_Leaf_Spot,corn_Gray_Leaf_Spot,Corn_Gray_Spot (216).jpg,15562,8
leaf workshop/corn_dataset/Blight/Corn_Blight (266).JPG,corn,Blight,corn_Blight,Corn_Blight (266).JPG,10974,6
leaf workshop/corn_dataset/Healthy/Corn_Health (73).jpg,corn,Healthy,corn_Healthy,Corn_Health (73).jpg,15471,9
leaf workshop/corn_dataset/Healthy/Corn_Health (1049).jpg,corn,Healthy,corn_Healthy,Corn_Health (1049).jpg,8513,9
leaf workshop/corn_dataset/Common_Rust/Corn_Common_Rust (453).JPG,corn,Common_Rust,corn_Common_Rust,Corn_Common_Rust (453).JPG,13387,7
leaf workshop/corn_dataset/Blight/Corn_Blight (154).JPG,corn,Blight,corn_Blight,Corn_Blight (154).JPG,13627,6
leaf workshop/MANGO/Rotten Mango/20230305_061238189_iOS_jpg.rf.c70fee63f50fcc7fe1da9e51c4c4af2a.jpg,mango,Rotten Mango,mango_Rotten Mango,20230305_061238189_iOS_jpg.rf.c70fee63f50fcc7fe1da9e51c4c4af2a.jpg,24940,11
leaf workshop/corn_dataset/Gray_Leaf_Spot/Corn_Gray_Spot (202).JPG,corn,Gray_Leaf_Spot,corn_Gray_Leaf_Spot,Corn_Gray_Spot (202).JPG,20295,8
leaf workshop/BANANA/Yellow banana/200533_jpg.rf.ffa461f5355fffd8e32aa19ada830052.jpg,banana,Yellow banana,banana_Yellow banana,200533_jpg.rf.ffa461f5355fffd8e32aa19ada830052.jpg,36649,2
leaf workshop/corn_dataset/Common_Rust/Corn_Common_Rust (749).JPG,corn,Common_Rust,corn_Common_Rust,Corn_Common_Rust (749).JPG,17525,7
leaf workshop/corn_dataset/Blight/Corn_Blight (229).JPG,corn,Blight,corn_Blight,Corn_Blight (229).JPG,11816,6
leaf workshop/corn_dataset/Blight/Corn_Blight (341).JPG,corn,Blight,corn_Blight,Corn_Blight (341).JPG,13745,6
leaf workshop/potato_dataset/Potato___Late_blight/e2ce6696-9f6e-445c-a6c6-c765d659447a___RS_LB 4960.JPG,potato,Potato___Late_blight,potato_Potato___Late_blight,e2ce6696-9f6e-445c-a6c6-c765d659447a___RS_LB 4960.JPG,18203,16
leaf workshop/MANGO/Yellow mango/20230305_052122103_iOS_jpg.rf.7332a8fef9950b009f646a0f45c6c11e.jpg,mango,Yellow mango,mango_Yellow mango,20230305_052122103_iOS_jpg.rf.7332a8fef9950b009f646a0f45c6c11e.jpg,22875,12
leaf workshop/corn_dataset/Blight/Corn_Blight (63).jpg,corn,Blight,corn_Blight,Corn_Blight (63).jpg,86119,6
leaf workshop/corn_dataset/Gray_Leaf_Spot/Corn_Gray_Spot (135).JPG,corn,Gray_Leaf_Spot,corn_Gray_Leaf_Spot,Corn_Gray_Spot (135).JPG,14084,8
leaf workshop/corn_dataset/Common_Rust/Corn_Common_Rust (1306).jpg,corn,Common_Rust,corn_Common_Rust,Corn_Common_Rust (1306).jpg,273201,7
leaf workshop/BANANA/Green banana/13_jpg.rf.a4b99aab54e345e002caf1af5bdeb44e.jpg,banana,Green banana,banana_Green banana,13_jpg.rf.a4b99aab54e345e002caf1af5bdeb44e.jpg,60736,0
leaf workshop/ORANGE/Ripe orange/98_jpg.rf.52e1db9438669a37f112f2d7b6cbc9cb.jpg,orange,Ripe orange,orange_Ripe orange,98_jpg.rf.52e1db9438669a37f112f2d7b6cbc9cb.jpg,18406,13
leaf workshop/corn_dataset/Healthy/Corn_Health (510).jpg,corn,Healthy,corn_Healthy,Corn_Health (510).jpg,8647,9
leaf workshop/corn_dataset/Blight/Corn_Blight (320).JPG,corn,Blight,corn_Blight,Corn_Blight (320).JPG,11480,6
leaf workshop/corn_dataset/Common_Rust/Corn_Common_Rust (1144).JPG,corn,Common_Rust,corn_Common_Rust,Corn_Common_Rust (1144).JPG,15187,7
leaf workshop/corn_dataset/Blight/Corn_Blight (665).JPG,corn,Blight,corn_Blight,Corn_Blight (665).JPG,15772,6
leaf workshop/potato_dataset/Potato___Early_blight/bd4c7de8-0616-45d4-a060-54b8329a9462___RS_Early.B 6902.JPG,potato,Potato___Early_blight,potato_Potato___Early_blight,bd4c7de8-0616-45d4-a060-54b8329a9462___RS_Early.B 6902.JPG,21084,15
leaf workshop/corn_dataset/Healthy/Corn_Health (823).jpg,corn,Healthy,corn_Healthy,Corn_Health (823).jpg,12328,9
leaf workshop/MANGO/Rotten Mango/17351997_1828554014084359_4386904991537166992_n_jpg.rf.1dacc4f82c06664b7c011a1fe25daa06.jpg,mango,Rotten Mango,mango_Rotten Mango,17351997_1828554014084359_4386904991537166992_n_jpg.rf.1dacc4f82c06664b7c011a1fe25daa06.jpg,31927,11
leaf workshop/corn_dataset/Healthy/Corn_Health (587).jpg,corn,Healthy,corn_Healthy,Corn_Health (587).jpg,9121,9
leaf workshop/corn_dataset/Blight/Corn_Blight (325).JPG,corn,Blight,corn_Blight,Corn_Blight (325).JPG,17795,6
leaf workshop/corn_dataset/Healthy/Corn_Health (830).jpg,corn,Healthy,corn_Healthy,Corn_Health (830).jpg,11029,9
leaf workshop/corn_dataset/Common_Rust/Corn_Common_Rust (1107).JPG,corn,Common_Rust,corn_Common_Rust,Corn_Common_Rust (1107).JPG,13312,7
leaf workshop/corn_dataset/Blight/Corn_Blight (894).JPG,corn,Blight,corn_Blight,Corn_Blight (894).JPG,16073,6
leaf workshop/corn_dataset/Healthy/Corn_Health (974).jpg,corn,Healthy,corn_Healthy,Corn_Health (974).jpg,9123,9
leaf workshop/corn_dataset/Healthy/Corn_Health (132).jpg,corn,Healthy,corn_Healthy,Corn_Health (132).jpg,8272,9
leaf workshop/ORANGE/Ripe orange/24_jpg.rf.797c6c2d05ffe59ae33ab14c4cb9f606.jpg,orange,Ripe orange,orange_Ripe orange,24_jpg.rf.797c6c2d05ffe59ae33ab14c4cb9f606.jpg,26207,13
leaf workshop/corn_dataset/Blight/Corn_Blight (1116).jpg,corn,Blight,corn_Blight,Corn_Blight (1116).jpg,99884,6
leaf workshop/corn_dataset/Blight/Corn_Blight (466).JPG,corn,Blight,corn_Blight,Corn_Blight (466).JPG,13919,6
leaf workshop/MANGO/Yellow mango/20230305_051900687_iOS_jpg.rf.dff84ff3a1d69969459a267fd46fa2be.jpg,mango,Yellow mango,mango_Yellow mango,20230305_051900687_iOS_jpg.rf.dff84ff3a1d69969459a267fd46fa2be.jpg,18374,12
leaf workshop/corn_dataset/Healthy/Corn_Health (348).jpg,corn,Healthy,corn_Healthy,Corn_Health (348).jpg,6655,9
leaf workshop/corn_dataset/Healthy/Corn_Health (650).jpg,corn,Healthy,corn_Healthy,Corn_Health (650).jpg,10382,9
leaf workshop/corn_dataset/Healthy/Corn_Health (892).jpg,corn,Healthy,corn_Healthy,Corn_Health (892).jpg,12144,9
leaf workshop/corn_dataset/Gray_Leaf_Spot/Corn_Gray_Spot (70).JPG,corn,Gray_Leaf_Spot,corn_Gray_Leaf_Spot,Corn_Gray_Spot (70).JPG,10819,8
leaf workshop/corn_dataset/Common_Rust/Corn_Common_Rust (499).JPG,corn,Common_Rust,corn_Common_Rust,Corn_Common_Rust (499).JPG,15809,7
leaf workshop/corn_dataset/Healthy/Corn_Health (300).jpg,corn,Healthy,corn_Healthy,Corn_Health (300).jpg,15834,9
leaf workshop/corn_dataset/Healthy/Corn_Health (13).jpg,corn,Healthy,corn_Healthy,Corn_Health (13).jpg,8760,9
leaf workshop/corn_dataset/Blight/Corn_Blight (32).jpg,corn,Blight,corn_Blight,Corn_Blight (32).jpg,160986,6
leaf workshop/corn_dataset/Gray_Leaf_Spot/Corn_Gray_Spot (93).JPG,corn,Gray_Leaf_Spot,corn_Gray_Leaf_Spot,Corn_Gray_Spot (93).JPG,16039,8
leaf workshop/corn_dataset/Common_Rust/Corn_Common_Rust (1096).JPG,corn,Common_Rust,corn_Common_Rust,Corn_Common_Rust (1096).JPG,11677,7
leaf workshop/corn_dataset/Gray_Leaf_Spot/Corn_Gray_Spot (252).JPG,corn,Gray_Leaf_Spot,corn_Gray_Leaf_Spot,Corn_Gray_Spot (252).JPG,12777,8
leaf workshop/ORANGE/orange/img_351_jpeg.rf.7be2ac95b89a7b6362ed5d817a196ea5.jpg,orange,orange,orange_orange,img_351_jpeg.rf.7be2ac95b89a7b6362ed5d817a196ea5.jpg,31629,14
leaf workshop/corn_dataset/Blight/Corn_Blight (241).JPG,corn,Blight,corn_Blight,Corn_Blight (241).JPG,17238,6
leaf workshop/potato_dataset/Potato___Early_blight/d6ffc732-27cc-4391-9820-be9d386fb245___RS_Early.B 7032.JPG,potato,Potato___Early_blight,potato_Potato___Early_blight,d6ffc732-27cc-4391-9820-be9d386fb245___RS_Early.B 7032.JPG,18562,15
leaf workshop/corn_dataset/Gray_Leaf_Spot/Corn_Gray_Spot (69).JPG,corn,Gray_Leaf_Spot,corn_Gray_Leaf_Spot,Corn_Gray_Spot (69).JPG,15747,8
leaf workshop/corn_dataset/Blight/Corn_Blight (445).JPG,corn,Blight,corn_Blight,Corn_Blight (445).JPG,12814,6
leaf workshop/corn_dataset/Blight/Corn_Blight (808).JPG,corn,Blight,corn_Blight,Corn_Blight (808).JPG,16943,6
leaf workshop/corn_dataset/Gray_Leaf_Spot/Corn_Gray_Spot (412).JPG,corn,Gray_Leaf_Spot,corn_Gray_Leaf_Spot,Corn_Gray_Spot (412).JPG,14775,8
leaf workshop/corn_dataset/Common_Rust/Corn_Common_Rust (629).JPG,corn,Common_Rust,corn_Common_Rust,Corn_Common_Rust (629).JPG,14003,7
leaf workshop/corn_dataset/Gray_Leaf_Spot/Corn_Gray_Spot (277).JPG,corn,Gray_Leaf_Spot,corn_Gray_Leaf_Spot,Corn_Gray_Spot (277).JPG,12564,8
leaf workshop/corn_dataset/Blight/Corn_Blight (130).jpg,corn,Blight,corn_Blight,Corn_Blight (130).jpg,12412,6
leaf workshop/potato_dataset/Potato___healthy/Potato_healthy-86-_0_1918.jpg,potato,Potato___healthy,potato_Potato___healthy,Potato_healthy-86-_0_1918.jpg,15140,17
leaf workshop/corn_dataset/Gray_Leaf_Spot/Corn_Gray_Spot (518).jpg,corn,Gray_Leaf_Spot,corn_Gray_Leaf_Spot,Corn_Gray_Spot (518).jpg,16488,8
leaf workshop/potato_dataset/Potato___Early_blight/c7212fa9-df1e-485e-a471-1011dd797865___RS_Early.B 8680.JPG,potato,Potato___Early_blight,potato_Potato___Early_blight,c7212fa9-df1e-485e-a471-1011dd797865___RS_Early.B 8680.JPG,19556,15
leaf workshop/BANANA/Green banana/52_jpg.rf.693ce1cd96b770af6ec6c48217f7abf6.jpg,banana,Green banana,banana_Green banana,52_jpg.rf.693ce1cd96b770af6ec6c48217f7abf6.jpg,25124,0
leaf workshop/corn_dataset/Healthy/Corn_Health (547).jpg,corn,Healthy,corn_Healthy,Corn_Health (547).jpg,13951,9
leaf workshop/potato_dataset/Potato___Early_blight/fba7a41d-25df-4a1c-93d1-98d62e3376e0___RS_Early.B 8207.JPG,potato,Potato___Early_blight,potato_Potato___Early_blight,fba7a41d-25df-4a1c-93d1-98d62e3376e0___RS_Early.B 8207.JPG,19983,15
leaf workshop/potato_dataset/Potato___Late_blight/e40a1e10-fca8-4831-b124-48bc07f92eb1___RS_LB 2897.JPG,potato,Potato___Late_blight,potato_Potato___Late_blight,e40a1e10-fca8-4831-b124-48bc07f92eb1___RS_LB 2897.JPG,15472,16
leaf workshop/corn_dataset/Common_Rust/Corn_Common_Rust (201).JPG,corn,Common_Rust,corn_Common_Rust,Corn_Common_Rust (201).JPG,14852,7
leaf workshop/corn_dataset/Healthy/Corn_Health (338).jpg,corn,Healthy,corn_Healthy,Corn_Health (338).jpg,14720,9
leaf workshop/corn_dataset/Healthy/Corn_Health (426).jpg,corn,Healthy,corn_Healthy,Corn_Health (426).jpg,12259,9
leaf workshop/corn_dataset/Healthy/Corn_Health (333).jpg,corn,Healthy,corn_Healthy,Corn_Health (333).jpg,7727,9
leaf workshop/corn_dataset/Common_Rust/Corn_Common_Rust (1032).JPG,corn,Common_Rust,corn_Common_Rust,Corn_Common_Rust (1032).JPG,15735,7
leaf workshop/corn_dataset/Common_Rust/Corn_Common_Rust (1229).JPG,corn,Common_Rust,corn_Common_Rust,Corn_Common_Rust (1229).JPG,13860,7
leaf workshop/corn_dataset/Common_Rust/Corn_Common_Rust (366).JPG,corn,Common_Rust,corn_Common_Rust,Corn_Common_Rust (366).JPG,13015,7
leaf workshop/corn_dataset/Common_Rust/Corn_Common_Rust (1257).JPG,corn,Common_Rust,corn_Common_Rust,Corn_Common_Rust (1257).JPG,11714,7
leaf workshop/potato_dataset/Potato___Early_blight/c0d9fcd4-79cb-43e4-82bc-1e48e9e2a572___RS_Early.B 7279.JPG,potato,Potato___Early_blight,potato_Potato___Early_blight,c0d9fcd4-79cb-43e4-82bc-1e48e9e2a572___RS_Early.B 7279.JPG,19794,15
leaf workshop/corn_dataset/Common_Rust/Corn_Common_Rust (179).JPG,corn,Common_Rust,corn_Common_Rust,Corn_Common_Rust (179).JPG,17798,7
leaf workshop/corn_dataset/Gray_Leaf_Spot/Corn_Gray_Spot (228).JPG,corn,Gray_Leaf_Spot,corn_Gray_Leaf_Spot,Corn_Gray_Spot (228).JPG,18721,8
leaf workshop/corn_dataset/Healthy/Corn_Health (201).jpg,corn,Healthy,corn_Healthy,Corn_Health (201).jpg,8727,9
leaf workshop/corn_dataset/Blight/Corn_Blight (650).jpg,corn,Blight,corn_Blight,Corn_Blight (650).jpg,11366,6
leaf workshop/MANGO/Rotten Mango/110_jpg.rf.ce42522ae389e34d02dc50ddabe78a1e.jpg,mango,Rotten Mango,mango_Rotten Mango,110_jpg.rf.ce42522ae389e34d02dc50ddabe78a1e.jpg,11173,11
leaf workshop/corn_dataset/Common_Rust/Corn_Common_Rust (371).JPG,corn,Common_Rust,corn_Common_Rust,Corn_Common_Rust (371).JPG,10058,7
leaf workshop/corn_dataset/Healthy/Corn_Health (3).jpg,corn,Healthy,corn_Healthy,Corn_Health (3).jpg,8462,9
leaf workshop/ORANGE/orange/219_jpg.rf.84930e5f0226bf01be48519653d34720.jpg,orange,orange,orange_orange,219_jpg.rf.84930e5f0226bf01be48519653d34720.jpg,24428,14
leaf workshop/potato_dataset/Potato___Late_blight/d7e7afff-cb91-4209-bf42-ce579f273cce___RS_LB 4468.JPG,potato,Potato___Late_blight,potato_Potato___Late_blight,d7e7afff-cb91-4209-bf42-ce579f273cce___RS_LB 4468.JPG,16806,16
leaf workshop/corn_dataset/Blight/Corn_Blight (365).JPG,corn,Blight,corn_Blight,Corn_Blight (365).JPG,12936,6
leaf workshop/corn_dataset/Healthy/Corn_Health (768).jpg,corn,Healthy,corn_Healthy,Corn_Health (768).jpg,15464,9
leaf workshop/corn_dataset/Healthy/Corn_Health (988).jpg,corn,Healthy,corn_Healthy,Corn_Health (988).jpg,6814,9
leaf workshop/potato_dataset/Potato___Late_blight/d8ef0e69-3dfc-4d13-8d49-a44fa9cfa62e___RS_LB 4140.JPG,potato,Potato___Late_blight,potato_Potato___Late_blight,d8ef0e69-3dfc-4d13-8d49-a44fa9cfa62e___RS_LB 4140.JPG,13230,16
leaf workshop/corn_dataset/Common_Rust/Corn_Common_Rust (1158).JPG,corn,Common_Rust,corn_Common_Rust,Corn_Common_Rust (1158).JPG,17028,7
leaf workshop/ORANGE/orange/YmvAewum-300x300_jpeg_jpg.rf.65af07fd0550fc2e28960767433e0ac0.jpg,orange,orange,orange_orange,YmvAewum-300x300_jpeg_jpg.rf.65af07fd0550fc2e28960767433e0ac0.jpg,22766,14
leaf workshop/corn_dataset/Healthy/Corn_Health (100).jpg,corn,Healthy,corn_Healthy,Corn_Health (100).jpg,11932,9
leaf workshop/potato_dataset/Potato___Early_blight/f8b57e69-5902-4253-8404-11811ecf13e8___RS_Early.B 6995.JPG,potato,Potato___Early_blight,potato_Potato___Early_blight,f8b57e69-5902-4253-8404-11811ecf13e8___RS_Early.B 6995.JPG,20120,15
leaf workshop/potato_dataset/Potato___Late_blight/c6d1bbe7-c1d8-4760-9bb2-a97eac1ca0a8___RS_LB 3838.JPG,potato,Potato___Late_blight,potato_Potato___Late_blight,c6d1bbe7-c1d8-4760-9bb2-a97eac1ca0a8___RS_LB 3838.JPG,12052,16
leaf workshop/corn_dataset/Healthy/Corn_Health (415).jpg,corn,Healthy,corn_Healthy,Corn_Health (415).jpg,7449,9
leaf workshop/corn_dataset/Healthy/Corn_Health (609).jpg,corn,Healthy,corn_Healthy,Corn_Health (609).jpg,14122,9
leaf workshop/corn_dataset/Blight/Corn_Blight (768).JPG,corn,Blight,corn_Blight,Corn_Blight (768).JPG,10174,6
leaf workshop/corn_dataset/Blight/Corn_Blight (44).jpg,corn,Blight,corn_Blight,Corn_Blight (44).jpg,71856,6
leaf workshop/potato_dataset/Potato___healthy/Potato_healthy-146-_0_665.jpg,potato,Potato___healthy,potato_Potato___healthy,Potato_healthy-146-_0_665.jpg,13915,17
leaf workshop/corn_dataset/Common_Rust/Corn_Common_Rust (1266).jpg,corn,Common_Rust,corn_Common_Rust,Corn_Common_Rust (1266).jpg,24633,7
leaf workshop/potato_dataset/Potato___Early_blight/c9bd759f-bd34-4333-a7b9-23ad810bba32___RS_Early.B 8033.JPG,potato,Potato___Early_blight,potato_Potato___Early_blight,c9bd759f-bd34-4333-a7b9-23ad810bba32___RS_Early.B 8033.JPG,20778,15
leaf workshop/ORANGE/orange/el-origen-de-la-naranja-ok-campos-de-azahar_jpg.rf.f1a6bae0b2570d98bf62bc7e64388cbc.jpg,orange,orange,orange_orange,el-origen-de-la-naranja-ok-campos-de-azahar_jpg.rf.f1a6bae0b2570d98bf62bc7e64388cbc.jpg,34098,14
leaf workshop/potato_dataset/Potato___healthy/Potato_healthy-97-_0_7679.jpg,potato,Potato___healthy,potato_Potato___healthy,Potato_healthy-97-_0_7679.jpg,15300,17
leaf workshop/corn_dataset/Healthy/Corn_Health (572).jpg,corn,Healthy,corn_Healthy,Corn_Health (572).jpg,14234,9
leaf workshop/corn_dataset/Blight/Corn_Blight (283).JPG,corn,Blight,corn_Blight,Corn_Blight (283).JPG,12895,6
leaf workshop/corn_dataset/Healthy/Corn_Health (810).jpg,corn,Healthy,corn_Healthy,Corn_Health (810).jpg,15677,9
leaf workshop/corn_dataset/Gray_Leaf_Spot/Corn_Gray_Spot (416).JPG,corn,Gray_Leaf_Spot,corn_Gray_Leaf_Spot,Corn_Gray_Spot (416).JPG,20195,8
leaf workshop/corn_dataset/Blight/Corn_Blight (1110).jpg,corn,Blight,corn_Blight,Corn_Blight (1110).jpg,132576,6
leaf workshop/corn_dataset/Blight/Corn_Blight (479).JPG,corn,Blight,corn_Blight,Corn_Blight (479).JPG,14670,6
leaf workshop/corn_dataset/Blight/Corn_Blight (992).JPG,corn,Blight,corn_Blight,Corn_Blight (992).JPG,13750,6
leaf workshop/corn_dataset/Healthy/Corn_Health (60).jpg,corn,Healthy,corn_Healthy,Corn_Health (60).jpg,8501,9
leaf workshop/potato_dataset/Potato___Early_blight/cfa37804-6d71-45fe-bd88-c899b9534992___RS_Early.B 6673.JPG,potato,Potato___Early_blight,potato_Potato___Early_blight,cfa37804-6d71-45fe-bd88-c899b9534992___RS_Early.B 6673.JPG,23483,15
leaf workshop/coffee_dataset/leaf_rust/154.jpg,coffee,leaf_rust,coffee_leaf_rust,154.jpg,167599,4
leaf workshop/corn_dataset/Healthy/Corn_Health (267).jpg,corn,Healthy,corn_Healthy,Corn_Health (267).jpg,9453,9
leaf workshop/corn_dataset/Common_Rust/Corn_Common_Rust (1005).JPG,corn,Common_Rust,corn_Common_Rust,Corn_Common_Rust (1005).JPG,16101,7
leaf workshop/BANANA/Green banana/78_jpg.rf.68cd965a278cf84bae7847ccf8fca14b.jpg,banana,Green banana,banana_Green banana,78_jpg.rf.68cd965a278cf84bae7847ccf8fca14b.jpg,53986,0
leaf workshop/corn_dataset/Blight/Corn_Blight (472).JPG,corn,Blight,corn_Blight,Corn_Blight (472).JPG,20593,6
leaf workshop/corn_dataset/Healthy/Corn_Health (281).jpg,corn,Healthy,corn_Healthy,Corn_Health (281).jpg,10922,9
leaf workshop/corn_dataset/Gray_Leaf_Spot/Corn_Gray_Spot (201).JPG,corn,Gray_Leaf_Spot,corn_Gray_Leaf_Spot,Corn_Gray_Spot (201).JPG,16288,8
leaf workshop/ORANGE/orange/Orange_jpg.rf.c962d98a45b53842fc89d99e07af23e8.jpg,orange,orange,orange_orange,Orange_jpg.rf.c962d98a45b53842fc89d99e07af23e8.jpg,21108,14
leaf workshop/corn_dataset/Common_Rust/Corn_Common_Rust (684).JPG,corn,Common_Rust,corn_Common_Rust,Corn_Common_Rust (684).JPG,14685,7
leaf workshop/corn_dataset/Blight/Corn_Blight (378).JPG,corn,Blight,corn_Blight,Corn_Blight (378).JPG,14995,6
leaf workshop/BANANA/Rotten banana/vertical_flip_Screen-Shot-2018-06-12-at-8_59_51-PM_png.rf.692527e96bdfa1e0e7c05915dd1f5260.jpg,banana,Rotten banana,banana_Rotten banana,vertical_flip_Screen-Shot-2018-06-12-at-8_59_51-PM_png.rf.692527e96bdfa1e0e7c05915dd1f5260.jpg,24348,1
leaf workshop/corn_dataset/Blight/Corn_Blight (900).JPG,corn,Blight,corn_Blight,Corn_Blight (900).JPG,13488,6
leaf workshop/corn_dataset/Healthy/Corn_Health (700).jpg,corn,Healthy,corn_Healthy,Corn_Health (700).jpg,13292,9
leaf workshop/BANANA/Green banana/63_jpg.rf.43968d709936f70da05cd9fae11f0fd8.jpg,banana,Green banana,banana_Green banana,63_jpg.rf.43968d709936f70da05cd9fae11f0fd8.jpg,36793,0
leaf workshop/BANANA/Yellow banana/200454_jpg.rf.2bdf2448b8660c2e6f17ed373b9a89f6.jpg,banana,Yellow banana,banana_Yellow banana,200454_jpg.rf.2bdf2448b8660c2e6f17ed373b9a89f6.jpg,42934,2
leaf workshop/corn_dataset/Healthy/Corn_Health (419).jpg,corn,Healthy,corn_Healthy,Corn_Health (419).jpg,13555,9
leaf workshop/potato_dataset/Potato___Late_blight/cdad6bf9-1ca8-4feb-87b6-960dd55acf2e___RS_LB 3186.JPG,potato,Potato___Late_blight,potato_Potato___Late_blight,cdad6bf9-1ca8-4feb-87b6-960dd55acf2e___RS_LB 3186.JPG,18001,16
leaf workshop/ORANGE/Ripe orange/26_jpg.rf.a4b18164fe0a2b86dd0ced1a03f66c9e.jpg,orange,Ripe orange,orange_Ripe orange,26_jpg.rf.a4b18164fe0a2b86dd0ced1a03f66c9e.jpg,25037,13
leaf workshop/corn_dataset/Blight/Corn_Blight (372).JPG,corn,Blight,corn_Blight,Corn_Blight (372).JPG,10584,6
leaf workshop/potato_dataset/Potato___healthy/Potato_healthy-83-_0_361.jpg,potato,Potato___healthy,potato_Potato___healthy,Potato_healthy-83-_0_361.jpg,15926,17
leaf workshop/corn_dataset/Gray_Leaf_Spot/Corn_Gray_Spot (308).JPG,corn,Gray_Leaf_Spot,corn_Gray_Leaf_Spot,Corn_Gray_Spot (308).JPG,12259,8
leaf workshop/corn_dataset/Common_Rust/Corn_Common_Rust (1292).jpg,corn,Common_Rust,corn_Common_Rust,Corn_Common_Rust (1292).jpg,32994,7
leaf workshop/corn_dataset/Common_Rust/Corn_Common_Rust (1205).JPG,corn,Common_Rust,corn_Common_Rust,Corn_Common_Rust (1205).JPG,13733,7
leaf workshop/corn_dataset/Blight/Corn_Blight (1042).jpg,corn,Blight,corn_Blight,Corn_Blight (1042).jpg,14630,6
leaf workshop/corn_dataset/Healthy/Corn_Health (409).jpg,corn,Healthy,corn_Healthy,Corn_Health (409).jpg,7869,9
leaf workshop/potato_dataset/Potato___healthy/Potato_healthy-142-_0_8891.jpg,potato,Potato___healthy,potato_Potato___healthy,Potato_healthy-142-_0_8891.jpg,14968,17
leaf workshop/ORANGE/orange/images145_jpg.rf.16928d568fda78d7ab8d35084b7dee80.jpg,orange,orange,orange_orange,images145_jpg.rf.16928d568fda78d7ab8d35084b7dee80.jpg,24027,14
leaf workshop/corn_dataset/Common_Rust/Corn_Common_Rust (1188).JPG,corn,Common_Rust,corn_Common_Rust,Corn_Common_Rust (1188).JPG,15156,7
leaf workshop/corn_dataset/Common_Rust/Corn_Common_Rust (41).jpg,corn,Common_Rust,corn_Common_Rust,Corn_Common_Rust (41).jpg,33529,7
leaf workshop/corn_dataset/Blight/Corn_Blight (293).JPG,corn,Blight,corn_Blight,Corn_Blight (293).JPG,12789,6
leaf workshop/potato_dataset/Potato___Late_blight/c6d79fa2-e6fc-4c95-a805-c7ff53075b15___RS_LB 4328.JPG,potato,Potato___Late_blight,potato_Potato___Late_blight,c6d79fa2-e6fc-4c95-a805-c7ff53075b15___RS_LB 4328.JPG,21264,16
leaf workshop/corn_dataset/Gray_Leaf_Spot/Corn_Gray_Spot (269).JPG,corn,Gray_Leaf_Spot,corn_Gray_Leaf_Spot,Corn_Gray_Spot (269).JPG,18468,8
leaf workshop/potato_dataset/Potato___Early_blight/e0326fde-a613-4ec2-bc3b-e1d2154bdbcd___RS_Early.B 7679.JPG,potato,Potato___Early_blight,potato_Potato___Early_blight,e0326fde-a613-4ec2-bc3b-e1d2154bdbcd___RS_Early.B 7679.JPG,19306,15
leaf workshop/corn_dataset/Gray_Leaf_Spot/Corn_Gray_Spot (217).JPG,corn,Gray_Leaf_Spot,corn_Gray_Leaf_Spot,Corn_Gray_Spot (217).JPG,15412,8
leaf workshop/corn_dataset/Common_Rust/Corn_Common_Rust (1254).JPG,corn,Common_Rust,corn_Common_Rust,Corn_Common_Rust (1254).JPG,18197,7
leaf workshop/potato_dataset/Potato___Early_blight/d829c0d8-016e-4337-b80f-bb1f329b1d4d___RS_Early.B 8797.JPG,potato,Potato___Early_blight,potato_Potato___Early_blight,d829c0d8-016e-4337-b80f-bb1f329b1d4d___RS_Early.B 8797.JPG,19419,15
leaf workshop/corn_dataset/Gray_Leaf_Spot/Corn_Gray_Spot (568).jpg,corn,Gray_Leaf_Spot,corn_Gray_Leaf_Spot,Corn_Gray_Spot (568).jpg,116910,8
leaf workshop/corn_dataset/Common_Rust/Corn_Common_Rust (251).JPG,corn,Common_Rust,corn_Common_Rust,Corn_Common_Rust (251).JPG,15074,7
leaf workshop/BANANA/Rotten banana/vertical_flip_Screen-Shot-2018-06-12-at-8_55_53-PM_png.rf.18f6f11eb3c164d83e7a9443c3c46e73.jpg,banana,Rotten banana,banana_Rotten banana,vertical_flip_Screen-Shot-2018-06-12-at-8_55_53-PM_png.rf.18f6f11eb3c164d83e7a9443c3c46e73.jpg,18809,1
leaf workshop/MANGO/Rotten Mango/14-7-Copy_png_jpg.rf.eaf723c9282d16927999943b3bc23626.jpg,mango,Rotten Mango,mango_Rotten Mango,14-7-Copy_png_jpg.rf.eaf723c9282d16927999943b3bc23626.jpg,17006,11
leaf workshop/potato_dataset/Potato___healthy/Potato_healthy-108-_0_3679.jpg,potato,Potato___healthy,potato_Potato___healthy,Potato_healthy-108-_0_3679.jpg,14171,17
leaf workshop/corn_dataset/Healthy/Corn_Health (791).jpg,corn,Healthy,corn_Healthy,Corn_Health (791).jpg,9850,9
leaf workshop/ORANGE/Ripe orange/67_jpg.rf.657960b1676994f1e70d0cd34b8ff895.jpg,orange,Ripe orange,orange_Ripe orange,67_jpg.rf.657960b1676994f1e70d0cd34b8ff895.jpg,19917,13
leaf workshop/ORANGE/orange/categoria-naranja-web_jpg.rf.78bee5ec90c42d7e76f49d02d36f1bef.jpg,orange,orange,orange_orange,categoria-naranja-web_jpg.rf.78bee5ec90c42d7e76f49d02d36f1bef.jpg,29328,14
leaf workshop/corn_dataset/Blight/Corn_Blight (220).JPG,corn,Blight,corn_Blight,Corn_Blight (220).JPG,14464,6
leaf workshop/ORANGE/orange/img_171_jpeg.rf.5ee9b5216b62bb083ed39e0245ed67d8.jpg,orange,orange,orange_orange,img_171_jpeg.rf.5ee9b5216b62bb083ed39e0245ed67d8.jpg,20285,14
leaf workshop/corn_dataset/Gray_Leaf_Spot/Corn_Gray_Spot (548).JPG,corn,Gray_Leaf_Spot,corn_Gray_Leaf_Spot,Corn_Gray_Spot (548).JPG,15629,8
leaf workshop/corn_dataset/Healthy/Corn_Health (287).jpg,corn,Healthy,corn_Healthy,Corn_Health (287).jpg,7994,9
leaf workshop/corn_dataset/Healthy/Corn_Health (785).jpg,corn,Healthy,corn_Healthy,Corn_Health (785).jpg,10810,9
leaf workshop/MANGO/Yellow mango/20230305_052242260_iOS_jpg.rf.6f4dfd45eccc62170cba45bd693d831e.jpg,mango,Yellow mango,mango_Yellow mango,20230305_052242260_iOS_jpg.rf.6f4dfd45eccc62170cba45bd693d831e.jpg,22890,12
leaf workshop/potato_dataset/Potato___Early_blight/eb4fbc2b-c1a4-473f-a4e1-71ba04a7133c___RS_Early.B 7716.JPG,potato,Potato___Early_blight,potato_Potato___Early_blight,eb4fbc2b-c1a4-473f-a4e1-71ba04a7133c___RS_Early.B 7716.JPG,19854,15
leaf workshop/corn_dataset/Healthy/Corn_Health (40).jpg,corn,Healthy,corn_Healthy,Corn_Health (40).jpg,11548,9
leaf workshop/corn_dataset/Gray_Leaf_Spot/Corn_Gray_Spot (567).jpg,corn,Gray_Leaf_Spot,corn_Gray_Leaf_Spot,Corn_Gray_Spot (567).jpg,89239,8
leaf workshop/corn_dataset/Blight/Corn_Blight (38).jpg,corn,Blight,corn_Blight,Corn_Blight (38).jpg,71532,6
leaf workshop/MANGO/Rotten Mango/13-1-Copy-2-Copy_jpg.rf.b71f316632ef4957be09b0d15e197258.jpg,mango,Rotten Mango,mango_Rotten Mango,13-1-Copy-2-Copy_jpg.rf.b71f316632ef4957be09b0d15e197258.jpg,16804,11
leaf workshop/corn_dataset/Common_Rust/Corn_Common_Rust (1010).JPG,corn,Common_Rust,corn_Common_Rust,Corn_Common_Rust (1010).JPG,14901,7
leaf workshop/corn_dataset/Healthy/Corn_Health (464).jpg,corn,Healthy,corn_Healthy,Corn_Health (464).jpg,9655,9
leaf workshop/corn_dataset/Blight/Corn_Blight (1027).JPG,corn,Blight,corn_Blight,Corn_Blight (1027).JPG,14563,6
leaf workshop/MANGO/Green mango/WIN_20230323_14_46_07_Pro_jpg.rf.aec1f6d0aa2a7a7c0febac305f9400f3.jpg,mango,Green mango,mango_Green mango,WIN_20230323_14_46_07_Pro_jpg.rf.aec1f6d0aa2a7a7c0febac305f9400f3.jpg,23138,10
leaf workshop/potato_dataset/Potato___healthy/Potato_healthy-139-_0_6258.jpg,potato,Potato___healthy,potato_Potato___healthy,Potato_healthy-139-_0_6258.jpg,13003,17
leaf workshop/potato_dataset/Potato___Late_blight/f93b9fc8-469b-4a2f-8c0b-ca3d1a093185___RS_LB 3870.JPG,potato,Potato___Late_blight,potato_Potato___Late_blight,f93b9fc8-469b-4a2f-8c0b-ca3d1a093185___RS_LB 3870.JPG,13975,16
leaf workshop/corn_dataset/Blight/Corn_Blight (751).JPG,corn,Blight,corn_Blight,Corn_Blight (751).JPG,12773,6
leaf workshop/ORANGE/Ripe orange/84_jpg.rf.4c465fd6676ea8e15a966b7fb420dbd0.jpg,orange,Ripe orange,orange_Ripe orange,84_jpg.rf.4c465fd6676ea8e15a966b7fb420dbd0.jpg,30300,13
leaf workshop/corn_dataset/Healthy/Corn_Health (796).jpg,corn,Healthy,corn_Healthy,Corn_Health (796).jpg,16434,9
leaf workshop/corn_dataset/Blight/Corn_Blight (978).jpg,corn,Blight,corn_Blight,Corn_Blight (978).jpg,14560,6
leaf workshop/coffee_dataset/leaf_rust/145.jpg,coffee,leaf_rust,coffee_leaf_rust,145.jpg,156997,4
leaf workshop/corn_dataset/Healthy/Corn_Health (1083).jpg,corn,Healthy,corn_Healthy,Corn_Health (1083).jpg,5905,9
leaf workshop/corn_dataset/Blight/Corn_Blight (979).JPG,corn,Blight,corn_Blight,Corn_Blight (979).JPG,13113,6
leaf workshop/corn_dataset/Blight/Corn_Blight (444).JPG,corn,Blight,corn_Blight,Corn_Blight (444).JPG,17723,6
leaf workshop/MANGO/Yellow mango/04658da757a7beb5462ef567b57e0c9a_jpg.rf.adb5911ce653a5bfa9215e0dc08c120a.jpg,mango,Yellow mango,mango_Yellow mango,04658da757a7beb5462ef567b57e0c9a_jpg.rf.adb5911ce653a5bfa9215e0dc08c120a.jpg,21369,12
leaf workshop/corn_dataset/Blight/Corn_Blight (26).jpg,corn,Blight,corn_Blight,Corn_Blight (26).jpg,50143,6
leaf workshop/potato_dataset/Potato___Early_blight/fc73fc01-6a63-4b3b-bfed-74625c5b4b05___RS_Early.B 6945.JPG,potato,Potato___Early_blight,potato_Potato___Early_blight,fc73fc01-6a63-4b3b-bfed-74625c5b4b05___RS_Early.B 6945.JPG,20042,15
leaf workshop/corn_dataset/Common_Rust/Corn_Common_Rust (351).JPG,corn,Common_Rust,corn_Common_Rust,Corn_Common_Rust (351).JPG,12607,7
leaf workshop/corn_dataset/Healthy/Corn_Health (24).jpg,corn,Healthy,corn_Healthy,Corn_Health (24).jpg,10231,9
leaf workshop/potato_dataset/Potato___Early_blight/f164ce92-d109-47ca-9f75-380a7f16155a___RS_Early.B 7104.JPG,potato,Potato___Early_blight,potato_Potato___Early_blight,f164ce92-d109-47ca-9f75-380a7f16155a___RS_Early.B 7104.JPG,18909,15
leaf workshop/corn_dataset/Blight/Corn_Blight (800).JPG,corn,Blight,corn_Blight,Corn_Blight (800).JPG,12414,6
leaf workshop/corn_dataset/Healthy/Corn_Health (719).jpg,corn,Healthy,corn_Healthy,Corn_Health (719).jpg,5282,9
leaf workshop/corn_dataset/Blight/Corn_Blight (826).JPG,corn,Blight,corn_Blight,Corn_Blight (826).JPG,12018,6
leaf workshop/potato_dataset/Potato___healthy/Potato_healthy-81-_0_90.jpg,potato,Potato___healthy,potato_Potato___healthy,Potato_healthy-81-_0_90.jpg,17086,17
leaf workshop/corn_dataset/Blight/Corn_Blight (690).JPG,corn,Blight,corn_Blight,Corn_Blight (690).JPG,14013,6
leaf workshop/corn_dataset/Blight/Corn_Blight (356).JPG,corn,Blight,corn_Blight,Corn_Blight (356).JPG,14061,6
leaf workshop/potato_dataset/Potato___Late_blight/c84a1cfc-5e19-46df-a315-c7fb6a61e60f___RS_LB 4103.JPG,potato,Potato___Late_blight,potato_Potato___Late_blight,c84a1cfc-5e19-46df-a315-c7fb6a61e60f___RS_LB 4103.JPG,17219,16
leaf workshop/corn_dataset/Healthy/Corn_Health (828).jpg,corn,Healthy,corn_Healthy,Corn_Health (828).jpg,7039,9
leaf workshop/BANANA/Green banana/17_jpg.rf.4664ea67b059c40562516388acf3b5a7.jpg,banana,Green banana,banana_Green banana,17_jpg.rf.4664ea67b059c40562516388acf3b5a7.jpg,17700,0
leaf workshop/corn_dataset/Healthy/Corn_Health (145).jpg,corn,Healthy,corn_Healthy,Corn_Health (145).jpg,20732,9
leaf workshop/corn_dataset/Healthy/Corn_Health (998).jpg,corn,Healthy,corn_Healthy,Corn_Health (998).jpg,13793,9
leaf workshop/corn_dataset/Common_Rust/Corn_Common_Rust (298).JPG,corn,Common_Rust,corn_Common_Rust,Corn_Common_Rust (298).JPG,13867,7
leaf workshop/corn_dataset/Healthy/Corn_Health (555).jpg,corn,Healthy,corn_Healthy,Corn_Health (555).jpg,11990,9
leaf workshop/corn_dataset/Healthy/Corn_Health (1131).jpg,corn,Healthy,corn_Healthy,Corn_Health (1131).jpg,8956,9
leaf workshop/corn_dataset/Healthy/Corn_Health (732).jpg,corn,Healthy,corn_Healthy,Corn_Health (732).jpg,12946,9
leaf workshop/corn_dataset/Healthy/Corn_Health (1079).jpg,corn,Healthy,corn_Healthy,Corn_Health (1079).jpg,11499,9
leaf workshop/corn_dataset/Healthy/Corn_Health (972).jpg,corn,Healthy,corn_Healthy,Corn_Health (972).jpg,11952,9
leaf workshop/potato_dataset/Potato___Early_blight/c2cc82b8-9f74-4e40-9792-c121a89a84c0___RS_Early.B 8524.JPG,potato,Potato___Early_blight,potato_Potato___Early_blight,c2cc82b8-9f74-4e40-9792-c121a89a84c0___RS_Early.B 8524.JPG,17861,15
leaf workshop/corn_dataset/Healthy/Corn_Health (302).jpg,corn,Healthy,corn_Healthy,Corn_Health (302).jpg,9342,9
leaf workshop/corn_dataset/Common_Rust/Corn_Common_Rust (1227).JPG,corn,Common_Rust,corn_Common_Rust,Corn_Common_Rust (1227).JPG,14179,7
leaf workshop/MANGO/Yellow mango/adb7aa846c03aa1d37d4e044213acc50_jpg.rf.e01eede02b68c5cdff27bb178a2c00a5.jpg,mango,Yellow mango,mango_Yellow mango,adb7aa846c03aa1d37d4e044213acc50_jpg.rf.e01eede02b68c5cdff27bb178a2c00a5.jpg,21834,12
leaf workshop/corn_dataset/Common_Rust/Corn_Common_Rust (492).JPG,corn,Common_Rust,corn_Common_Rust,Corn_Common_Rust (492).JPG,15121,7
leaf workshop/corn_dataset/Healthy/Corn_Health (51).jpg,corn,Healthy,corn_Healthy,Corn_Health (51).jpg,7136,9
leaf workshop/MANGO/Yellow mango/20230305_052201162_iOS_jpg.rf.4f8ec4d97ce585a16bd1d3b39b04c491.jpg,mango,Yellow mango,mango_Yellow mango,20230305_052201162_iOS_jpg.rf.4f8ec4d97ce585a16bd1d3b39b04c491.jpg,23788,12
leaf workshop/corn_dataset/Blight/Corn_Blight (732).JPG,corn,Blight,corn_Blight,Corn_Blight (732).JPG,12439,6
leaf workshop/corn_dataset/Blight/Corn_Blight (719).JPG,corn,Blight,corn_Blight,Corn_Blight (719).JPG,12075,6
leaf workshop/potato_dataset/Potato___Late_blight/b03529cf-21fd-4c94-a948-461a8d17e01c___RS_LB 4828.JPG,potato,Potato___Late_blight,potato_Potato___Late_blight,b03529cf-21fd-4c94-a948-461a8d17e01c___RS_LB 4828.JPG,18552,16
leaf workshop/corn_dataset/Common_Rust/Corn_Common_Rust (485).JPG,corn,Common_Rust,corn_Common_Rust,Corn_Common_Rust (485).JPG,17412,7
leaf workshop/corn_dataset/Common_Rust/Corn_Common_Rust (639).JPG,corn,Common_Rust,corn_Common_Rust,Corn_Common_Rust (639).JPG,15760,7
leaf workshop/corn_dataset/Blight/Corn_Blight (827).JPG,corn,Blight,corn_Blight,Corn_Blight (827).JPG,12096,6
leaf workshop/BANANA/Green banana/36_jpg.rf.dfe6dc2bde1b0ab16243963fc016d2e5.jpg,banana,Green banana,banana_Green banana,36_jpg.rf.dfe6dc2bde1b0ab16243963fc016d2e5.jpg,19785,0
leaf workshop/corn_dataset/Common_Rust/Corn_Common_Rust (6).jpg,corn,Common_Rust,corn_Common_Rust,Corn_Common_Rust (6).jpg,37960,7
leaf workshop/corn_dataset/Common_Rust/Corn_Common_Rust (176).JPG,corn,Common_Rust,corn_Common_Rust,Corn_Common_Rust (176).JPG,15064,7
leaf workshop/corn_dataset/Common_Rust/Corn_Common_Rust (1296).jpg,corn,Common_Rust,corn_Common_Rust,Corn_Common_Rust (1296).jpg,611945,7
leaf workshop/MANGO/Yellow mango/20230305_052221196_iOS_jpg.rf.294283ac995141becb6aaa8bbf9b6cee.jpg,mango,Yellow mango,mango_Yellow mango,20230305_052221196_iOS_jpg.rf.294283ac995141becb6aaa8bbf9b6cee.jpg,23225,12
leaf workshop/corn_dataset/Healthy/Corn_Health (507).jpg,corn,Healthy,corn_Healthy,Corn_Health (507).jpg,9060,9
leaf workshop/ORANGE/Ripe orange/54_jpg.rf.cd60c561ca27d5fcc641bf51cbe03673.jpg,orange,Ripe orange,orange_Ripe orange,54_jpg.rf.cd60c561ca27d5fcc641bf51cbe03673.jpg,31584,13
leaf workshop/corn_dataset/Blight/Corn_Blight (879).JPG,corn,Blight,corn_Blight,Corn_Blight (879).JPG,12961,6
leaf workshop/corn_dataset/Healthy/Corn_Health (731).jpg,corn,Healthy,corn_Healthy,Corn_Health (731).jpg,6667,9
leaf workshop/potato_dataset/Potato___Late_blight/be013aee-1311-4679-ae86-1c6fba5f55e5___RS_LB 2799.JPG,potato,Potato___Late_blight,potato_Potato___Late_blight,be013aee-1311-4679-ae86-1c6fba5f55e5___RS_LB 2799.JPG,17185,16
leaf workshop/corn_dataset/Common_Rust/Corn_Common_Rust (1058).JPG,corn,Common_Rust,corn_Common_Rust,Corn_Common_Rust (1058).JPG,15250,7
leaf workshop/corn_dataset/Healthy/Corn_Health (224).jpg,corn,Healthy,corn_Healthy,Corn_Health (224).jpg,14479,9
leaf workshop/corn_dataset/Blight/Corn_Blight (1000).JPG,corn,Blight,corn_Blight,Corn_Blight (1000).JPG,19898,6
leaf workshop/corn_dataset/Blight/Corn_Blight (373).JPG,corn,Blight,corn_Blight,Corn_Blight (373).JPG,16975,6
leaf workshop/corn_dataset/Healthy/Corn_Health (1069).jpg,corn,Healthy,corn_Healthy,Corn_Health (1069).jpg,8217,9
leaf workshop/ORANGE/orange/images101_jpg.rf.081549858af64941bc33ab764d67787a.jpg,orange,orange,orange_orange,images101_jpg.rf.081549858af64941bc33ab764d67787a.jpg,28869,14
leaf workshop/corn_dataset/Gray_Leaf_Spot/Corn_Gray_Spot (256).jpg,corn,Gray_Leaf_Spot,corn_Gray_Leaf_Spot,Corn_Gray_Spot (256).jpg,12812,8
leaf workshop/potato_dataset/Potato___healthy/Potato_healthy-77-_0_1895.jpg,potato,Potato___healthy,potato_Potato___healthy,Potato_healthy-77-_0_1895.jpg,18502,17
leaf workshop/MANGO/Yellow mango/20230305_052201162_iOS_jpg.rf.d3d47952fca21ca55d2c80b8fc8333d9.jpg,mango,Yellow mango,mango_Yellow mango,20230305_052201162_iOS_jpg.rf.d3d47952fca21ca55d2c80b8fc8333d9.jpg,22061,12
leaf workshop/corn_dataset/Common_Rust/Corn_Common_Rust (668).JPG,corn,Common_Rust,corn_Common_Rust,Corn_Common_Rust (668).JPG,15021,7
leaf workshop/corn_dataset/Blight/Corn_Blight (1029).JPG,corn,Blight,corn_Blight,Corn_Blight (1029).JPG,14170,6
leaf workshop/corn_dataset/Common_Rust/Corn_Common_Rust (582).JPG,corn,Common_Rust,corn_Common_Rust,Corn_Common_Rust (582).JPG,14282,7
leaf workshop/coffee_dataset/leaf_rust/133.jpg,coffee,leaf_rust,coffee_leaf_rust,133.jpg,193714,4
leaf workshop/corn_dataset/Blight/Corn_Blight (746).JPG,corn,Blight,corn_Blight,Corn_Blight (746).JPG,17132,6
leaf workshop/corn_dataset/Blight/Corn_Blight (597).jpg,corn,Blight,corn_Blight,Corn_Blight (597).jpg,13104,6
leaf workshop/potato_dataset/Potato___Early_blight/e4b0f6ac-2b1e-4e10-8733-de421a01c390___RS_Early.B 8254.JPG,potato,Potato___Early_blight,potato_Potato___Early_blight,e4b0f6ac-2b1e-4e10-8733-de421a01c390___RS_Early.B 8254.JPG,21019,15
leaf workshop/corn_dataset/Common_Rust/Corn_Common_Rust (207).JPG,corn,Common_Rust,corn_Common_Rust,Corn_Common_Rust (207).JPG,15663,7
leaf workshop/corn_dataset/Blight/Corn_Blight (1014).JPG,corn,Blight,corn_Blight,Corn_Blight (1014).JPG,18463,6
leaf workshop/potato_dataset/Potato___Late_blight/fdb4e132-c71b-413f-93c0-c863dd4582a7___RS_LB 2582.JPG,potato,Potato___Late_blight,potato_Potato___Late_blight,fdb4e132-c71b-413f-93c0-c863dd4582a7___RS_LB 2582.JPG,18512,16
leaf workshop/corn_dataset/Common_Rust/Corn_Common_Rust (1097).JPG,corn,Common_Rust,corn_Common_Rust,Corn_Common_Rust (1097).JPG,11437,7
leaf workshop/corn_dataset/Gray_Leaf_Spot/Corn_Gray_Spot (121).JPG,corn,Gray_Leaf_Spot,corn_Gray_Leaf_Spot,Corn_Gray_Spot (121).JPG,18909,8
leaf workshop/coffee_dataset/healthy/206.jpg,coffee,healthy,coffee_healthy,206.jpg,122171,3
leaf workshop/corn_dataset/Blight/Corn_Blight (777).JPG,corn,Blight,corn_Blight,Corn_Blight (777).JPG,16533,6
leaf workshop/MANGO/Green mango/IMG_124_jpg.rf.efd455c55699aa3ee92f6457a2ff13df.jpg,mango,Green mango,mango_Green mango,IMG_124_jpg.rf.efd455c55699aa3ee92f6457a2ff13df.jpg,18541,10
leaf workshop/corn_dataset/Common_Rust/Corn_Common_Rust (34).jpg,corn,Common_Rust,corn_Common_Rust,Corn_Common_Rust (34).jpg,30954,7
leaf workshop/corn_dataset/Blight/Corn_Blight (867).JPG,corn,Blight,corn_Blight,Corn_Blight (867).JPG,12412,6
leaf workshop/corn_dataset/Common_Rust/Corn_Common_Rust (1264).jpg,corn,Common_Rust,corn_Common_Rust,Corn_Common_Rust (1264).jpg,3142253,7
leaf workshop/corn_dataset/Gray_Leaf_Spot/Corn_Gray_Spot (60).JPG,corn,Gray_Leaf_Spot,corn_Gray_Leaf_Spot,Corn_Gray_Spot (60).JPG,21463,8
leaf workshop/coffee_dataset/phoma/272.jpg,coffee,phoma,coffee_phoma,272.jpg,97375,5
leaf workshop/corn_dataset/Gray_Leaf_Spot/Corn_Gray_Spot (206).JPG,corn,Gray_Leaf_Spot,corn_Gray_Leaf_Spot,Corn_Gray_Spot (206).JPG,11242,8
leaf workshop/corn_dataset/Gray_Leaf_Spot/Corn_Gray_Spot (358).JPG,corn,Gray_Leaf_Spot,corn_Gray_Leaf_Spot,Corn_Gray_Spot (358).JPG,17422,8
leaf workshop/BANANA/Rotten banana/translation_Screen-Shot-2018-06-12-at-9_20_20-PM_png.rf.18ca772ae6a94be2850e192ed67700b6.jpg,banana,Rotten banana,banana_Rotten banana,translation_Screen-Shot-2018-06-12-at-9_20_20-PM_png.rf.18ca772ae6a94be2850e192ed67700b6.jpg,18242,1
leaf workshop/corn_dataset/Blight/Corn_Blight (903).JPG,corn,Blight,corn_Blight,Corn_Blight (903).JPG,13979,6
leaf workshop/MANGO/Rotten Mango/20230305_061203751_iOS_jpg.rf.2525ddce4153d50b36cf904b2b63ee8f.jpg,mango,Rotten Mango,mango_Rotten Mango,20230305_061203751_iOS_jpg.rf.2525ddce4153d50b36cf904b2b63ee8f.jpg,26993,11
leaf workshop/potato_dataset/Potato___healthy/Potato_healthy-115-_0_8685.jpg,potato,Potato___healthy,potato_Potato___healthy,Potato_healthy-115-_0_8685.jpg,16411,17
leaf workshop/corn_dataset/Common_Rust/Corn_Common_Rust (342).JPG,corn,Common_Rust,corn_Common_Rust,Corn_Common_Rust (342).JPG,12486,7
leaf workshop/corn_dataset/Gray_Leaf_Spot/Corn_Gray_Spot (68).jpg,corn,Gray_Leaf_Spot,corn_Gray_Leaf_Spot,Corn_Gray_Spot (68).jpg,15905,8
leaf workshop/corn_dataset/Gray_Leaf_Spot/Corn_Gray_Spot (45).jpg,corn,Gray_Leaf_Spot,corn_Gray_Leaf_Spot,Corn_Gray_Spot (45).jpg,22386,8
leaf workshop/potato_dataset/Potato___Early_blight/d55f09eb-e463-4abd-aac6-fb144b30ead7___RS_Early.B 9004.JPG,potato,Potato___Early_blight,potato_Potato___Early_blight,d55f09eb-e463-4abd-aac6-fb144b30ead7___RS_Early.B 9004.JPG,23907,15
leaf workshop/potato_dataset/Potato___Late_blight/f46c0317-fc28-4b5b-a09d-b52ef54fae67___RS_LB 3889.JPG,potato,Potato___Late_blight,potato_Potato___Late_blight,f46c0317-fc28-4b5b-a09d-b52ef54fae67___RS_LB 3889.JPG,14849,16
leaf workshop/potato_dataset/Potato___healthy/Potato_healthy-104-_0_7367.jpg,potato,Potato___healthy,potato_Potato___healthy,Potato_healthy-104-_0_7367.jpg,14489,17
leaf workshop/corn_dataset/Common_Rust/Corn_Common_Rust (372).JPG,corn,Common_Rust,corn_Common_Rust,Corn_Common_Rust (372).JPG,16852,7
leaf workshop/MANGO/Green mango/IMG_82_jpg.rf.11a68a34c72673b8967a4cf4eaeb5290.jpg,mango,Green mango,mango_Green mango,IMG_82_jpg.rf.11a68a34c72673b8967a4cf4eaeb5290.jpg,17806,10
leaf workshop/ORANGE/orange/Orange_jpg.rf.9e7ed9ca92b99e968d72ce8374e29628.jpg,orange,orange,orange_orange,Orange_jpg.rf.9e7ed9ca92b99e968d72ce8374e29628.jpg,21110,14
leaf workshop/corn_dataset/Common_Rust/Corn_Common_Rust (1092).JPG,corn,Common_Rust,corn_Common_Rust,Corn_Common_Rust (1092).JPG,13201,7
leaf workshop/potato_dataset/Potato___Late_blight/d38d9e28-89a0-4650-8a2d-dc5e6744b3b9___RS_LB 5204.JPG,potato,Potato___Late_blight,potato_Potato___Late_blight,d38d9e28-89a0-4650-8a2d-dc5e6744b3b9___RS_LB 5204.JPG,15895,16
leaf workshop/corn_dataset/Common_Rust/Corn_Common_Rust (67).jpg,corn,Common_Rust,corn_Common_Rust,Corn_Common_Rust (67).jpg,62066,7
leaf workshop/corn_dataset/Common_Rust/Corn_Common_Rust (1127).JPG,corn,Common_Rust,corn_Common_Rust,Corn_Common_Rust (1127).JPG,17154,7
leaf workshop/corn_dataset/Blight/Corn_Blight (59).jpg,corn,Blight,corn_Blight,Corn_Blight (59).jpg,209719,6
leaf workshop/corn_dataset/Healthy/Corn_Health (579).jpg,corn,Healthy,corn_Healthy,Corn_Health (579).jpg,14115,9
leaf workshop/corn_dataset/Common_Rust/Corn_Common_Rust (1042).JPG,corn,Common_Rust,corn_Common_Rust,Corn_Common_Rust (1042).JPG,9260,7
leaf workshop/MANGO/Rotten Mango/14-3-Copy_png_jpg.rf.53b82b8cf606310a616dffb80b780620.jpg,mango,Rotten Mango,mango_Rotten Mango,14-3-Copy_png_jpg.rf.53b82b8cf606310a616dffb80b780620.jpg,18527,11
leaf workshop/coffee_dataset/leaf_rust/169.jpg,coffee,leaf_rust,coffee_leaf_rust,169.jpg,124677,4
leaf workshop/corn_dataset/Blight/Corn_Blight (672).JPG,corn,Blight,corn_Blight,Corn_Blight (672).JPG,17640,6
leaf workshop/corn_dataset/Common_Rust/Corn_Common_Rust (38).jpg,corn,Common_Rust,corn_Common_Rust,Corn_Common_Rust (38).jpg,63318,7
leaf workshop/corn_dataset/Common_Rust/Corn_Common_Rust (602).JPG,corn,Common_Rust,corn_Common_Rust,Corn_Common_Rust (602).JPG,17486,7
leaf workshop/potato_dataset/Potato___Early_blight/dbee10d3-333b-4c62-aa90-23c1f859519c___RS_Early.B 7252.JPG,potato,Potato___Early_blight,potato_Potato___Early_blight,dbee10d3-333b-4c62-aa90-23c1f859519c___RS_Early.B 7252.JPG,20034,15
leaf workshop/corn_dataset/Common_Rust/Corn_Common_Rust (188).JPG,corn,Common_Rust,corn_Common_Rust,Corn_Common_Rust (188).JPG,7874,7
leaf workshop/corn_dataset/Blight/Corn_Blight (449).JPG,corn,Blight,corn_Blight,Corn_Blight (449).JPG,11449,6
leaf workshop/corn_dataset/Healthy/Corn_Health (1153).jpg,corn,Healthy,corn_Healthy,Corn_Health (1153).jpg,7185,9
leaf workshop/potato_dataset/Potato___Late_blight/b5190917-8638-44bf-b16a-8004d2b6a58f___RS_LB 5241.JPG,potato,Potato___Late_blight,potato_Potato___Late_blight,b5190917-8638-44bf-b16a-8004d2b6a58f___RS_LB 5241.JPG,15979,16
leaf workshop/corn_dataset/Healthy/Corn_Health (910).jpg,corn,Healthy,corn_Healthy,Corn_Health (910).jpg,18165,9
leaf workshop/corn_dataset/Common_Rust/Corn_Common_Rust (259).JPG,corn,Common_Rust,corn_Common_Rust,Corn_Common_Rust (259).JPG,10873,7
leaf workshop/corn_dataset/Common_Rust/Corn_Common_Rust (565).JPG,corn,Common_Rust,corn_Common_Rust,Corn_Common_Rust (565).JPG,16593,7
leaf workshop/corn_dataset/Common_Rust/Corn_Common_Rust (116).JPG,corn,Common_Rust,corn_Common_Rust,Corn_Common_Rust (116).JPG,11828,7
leaf workshop/corn_dataset/Blight/Corn_Blight (624).JPG,corn,Blight,corn_Blight,Corn_Blight (624).JPG,12855,6
leaf workshop/corn_dataset/Blight/Corn_Blight (513).JPG,corn,Blight,corn_Blight,Corn_Blight (513).JPG,15566,6
leaf workshop/corn_dataset/Healthy/Corn_Health (794).jpg,corn,Healthy,corn_Healthy,Corn_Health (794).jpg,11132,9
leaf workshop/corn_dataset/Gray_Leaf_Spot/Corn_Gray_Spot (276).JPG,corn,Gray_Leaf_Spot,corn_Gray_Leaf_Spot,Corn_Gray_Spot (276).JPG,15129,8
leaf workshop/potato_dataset/Potato___healthy/Potato_healthy-131-_0_4532.jpg,potato,Potato___healthy,potato_Potato___healthy,Potato_healthy-131-_0_4532.jpg,17405,17
leaf workshop/corn_dataset/Blight/Corn_Blight (734).JPG,corn,Blight,corn_Blight,Corn_Blight (734).JPG,14380,6
leaf workshop/corn_dataset/Common_Rust/Corn_Common_Rust (1152).JPG,corn,Common_Rust,corn_Common_Rust,Corn_Common_Rust (1152).JPG,14764,7
leaf workshop/MANGO/Green mango/WIN_20230323_14_11_17_Pro_jpg.rf.384addd8d29e36762ccf0800efd9a8fb.jpg,mango,Green mango,mango_Green mango,WIN_20230323_14_11_17_Pro_jpg.rf.384addd8d29e36762ccf0800efd9a8fb.jpg,23471,10
leaf workshop/corn_dataset/Common_Rust/Corn_Common_Rust (1168).JPG,corn,Common_Rust,corn_Common_Rust,Corn_Common_Rust (1168).JPG,11870,7
leaf workshop/BANANA/Rotten banana/translation_Screen-Shot-2018-06-12-at-9_09_55-PM_png.rf.52202ca74ada3b0c246ebfbe620308b1.jpg,banana,Rotten banana,banana_Rotten banana,translation_Screen-Shot-2018-06-12-at-9_09_55-PM_png.rf.52202ca74ada3b0c246ebfbe620308b1.jpg,16206,1
leaf workshop/corn_dataset/Blight/Corn_Blight (1135).jpg,corn,Blight,corn_Blight,Corn_Blight (1135).jpg,189488,6
leaf workshop/potato_dataset/Potato___Early_blight/c47fa8ac-b2a5-4470-bda6-26dec4000409___RS_Early.B 7395.JPG,potato,Potato___Early_blight,potato_Potato___Early_blight,c47fa8ac-b2a5-4470-bda6-26dec4000409___RS_Early.B 7395.JPG,20166,15
leaf workshop/corn_dataset/Gray_Leaf_Spot/Corn_Gray_Spot (28).jpg,corn,Gray_Leaf_Spot,corn_Gray_Leaf_Spot,Corn_Gray_Spot (28).jpg,27360,8
leaf workshop/coffee_dataset/leaf_rust/151.jpg,coffee,leaf_rust,coffee_leaf_rust,151.jpg,149014,4
leaf workshop/corn_dataset/Blight/Corn_Blight (952).JPG,corn,Blight,corn_Blight,Corn_Blight (952).JPG,13749,6
leaf workshop/corn_dataset/Healthy/Corn_Health (907).jpg,corn,Healthy,corn_Healthy,Corn_Health (907).jpg,13565,9
leaf workshop/potato_dataset/Potato___Late_blight/cf336796-9b96-4156-adc4-6fbeaebf2a6a___RS_LB 3207.JPG,potato,Potato___Late_blight,potato_Potato___Late_blight,cf336796-9b96-4156-adc4-6fbeaebf2a6a___RS_LB 3207.JPG,19290,16
leaf workshop/corn_dataset/Gray_Leaf_Spot/Corn_Gray_Spot (49).JPG,corn,Gray_Leaf_Spot,corn_Gray_Leaf_Spot,Corn_Gray_Spot (49).JPG,15428,8
leaf workshop/corn_dataset/Blight/Corn_Blight (1062).JPG,corn,Blight,corn_Blight,Corn_Blight (1062).JPG,16467,6
leaf workshop/corn_dataset/Blight/Corn_Blight (366).JPG,corn,Blight,corn_Blight,Corn_Blight (366).JPG,11962,6
leaf workshop/corn_dataset/Healthy/Corn_Health (156).jpg,corn,Healthy,corn_Healthy,Corn_Health (156).jpg,13445,9
leaf workshop/potato_dataset/Potato___Late_blight/d71490c0-7315-4301-b9cd-19de9357a2f7___RS_LB 3203.JPG,potato,Potato___Late_blight,potato_Potato___Late_blight,d71490c0-7315-4301-b9cd-19de9357a2f7___RS_LB 3203.JPG,17065,16
leaf workshop/corn_dataset/Healthy/Corn_Health (1091).jpg,corn,Healthy,corn_Healthy,Corn_Health (1091).jpg,10547,9
leaf workshop/corn_dataset/Common_Rust/Corn_Common_Rust (1295).jpg,corn,Common_Rust,corn_Common_Rust,Corn_Common_Rust (1295).jpg,538541,7
leaf workshop/corn_dataset/Common_Rust/Corn_Common_Rust (531).JPG,corn,Common_Rust,corn_Common_Rust,Corn_Common_Rust (531).JPG,13537,7
leaf workshop/corn_dataset/Common_Rust/Corn_Common_Rust (552).JPG,corn,Common_Rust,corn_Common_Rust,Corn_Common_Rust (552).JPG,11364,7
leaf workshop/corn_dataset/Common_Rust/Corn_Common_Rust (150).JPG,corn,Common_Rust,corn_Common_Rust,Corn_Common_Rust (150).JPG,14689,7
leaf workshop/corn_dataset/Healthy/Corn_Health (604).jpg,corn,Healthy,corn_Healthy,Corn_Health (604).jpg,11512,9
leaf workshop/MANGO/Green mango/WIN_20230323_14_23_02_Pro_jpg.rf.5b36d8d5e582c337b6bdc02edd987593.jpg,mango,Green mango,mango_Green mango,WIN_20230323_14_23_02_Pro_jpg.rf.5b36d8d5e582c337b6bdc02edd987593.jpg,22084,10
leaf workshop/corn_dataset/Gray_Leaf_Spot/Corn_Gray_Spot (478).JPG,corn,Gray_Leaf_Spot,corn_Gray_Leaf_Spot,Corn_Gray_Spot (478).JPG,14613,8
leaf workshop/corn_dataset/Healthy/Corn_Health (423).jpg,corn,Healthy,corn_Healthy,Corn_Health (423).jpg,6815,9
leaf workshop/corn_dataset/Common_Rust/Corn_Common_Rust (1290).jpg,corn,Common_Rust,corn_Common_Rust,Corn_Common_Rust (1290).jpg,209367,7
leaf workshop/potato_dataset/Potato___Early_blight/d8a55ed1-7b3a-4b25-84b2-6046c0d9e3ab___RS_Early.B 7443.JPG,potato,Potato___Early_blight,potato_Potato___Early_blight,d8a55ed1-7b3a-4b25-84b2-6046c0d9e3ab___RS_Early.B 7443.JPG,21491,15
leaf workshop/potato_dataset/Potato___Late_blight/d78c58b2-c9d1-43f2-8b18-4455855c0f1f___RS_LB 3288.JPG,potato,Potato___Late_blight,potato_Potato___Late_blight,d78c58b2-c9d1-43f2-8b18-4455855c0f1f___RS_LB 3288.JPG,18376,16
leaf workshop/corn_dataset/Common_Rust/Corn_Common_Rust (13).jpg,corn,Common_Rust,corn_Common_Rust,Corn_Common_Rust (13).jpg,234755,7
leaf workshop/corn_dataset/Gray_Leaf_Spot/Corn_Gray_Spot (329).JPG,corn,Gray_Leaf_Spot,corn_Gray_Leaf_Spot,Corn_Gray_Spot (329).JPG,15412,8
leaf workshop/corn_dataset/Healthy/Corn_Health (855).jpg,corn,Healthy,corn_Healthy,Corn_Health (855).jpg,16689,9
leaf workshop/corn_dataset/Common_Rust/Corn_Common_Rust (152).JPG,corn,Common_Rust,corn_Common_Rust,Corn_Common_Rust (152).JPG,12881,7
leaf workshop/corn_dataset/Blight/Corn_Blight (267).JPG,corn,Blight,corn_Blight,Corn_Blight (267).JPG,13601,6
leaf workshop/corn_dataset/Blight/Corn_Blight (790).JPG,corn,Blight,corn_Blight,Corn_Blight (790).JPG,10826,6
leaf workshop/corn_dataset/Common_Rust/Corn_Common_Rust (59).jpg,corn,Common_Rust,corn_Common_Rust,Corn_Common_Rust (59).jpg,71015,7
leaf workshop/corn_dataset/Healthy/Corn_Health (272).jpg,corn,Healthy,corn_Healthy,Corn_Health (272).jpg,7033,9
leaf workshop/BANANA/Green banana/2_jpg.rf.54c73fe07f90dd6a3ed6c287dbfb6b8e.jpg,banana,Green banana,banana_Green banana,2_jpg.rf.54c73fe07f90dd6a3ed6c287dbfb6b8e.jpg,36391,0
leaf workshop/potato_dataset/Potato___Early_blight/da3115aa-a34b-42b2-97a9-9a1922770c8d___RS_Early.B 6708.JPG,potato,Potato___Early_blight,potato_Potato___Early_blight,da3115aa-a34b-42b2-97a9-9a1922770c8d___RS_Early.B 6708.JPG,23421,15
leaf workshop/corn_dataset/Healthy/Corn_Health (671).jpg,corn,Healthy,corn_Healthy,Corn_Health (671).jpg,16214,9
leaf workshop/corn_dataset/Gray_Leaf_Spot/Corn_Gray_Spot (394).JPG,corn,Gray_Leaf_Spot,corn_Gray_Leaf_Spot,Corn_Gray_Spot (394).JPG,15247,8
leaf workshop/corn_dataset/Blight/Corn_Blight (1051).JPG,corn,Blight,corn_Blight,Corn_Blight (1051).JPG,9495,6
leaf workshop/corn_dataset/Healthy/Corn_Health (1145).jpg,corn,Healthy,corn_Healthy,Corn_Health (1145).jpg,8952,9
leaf workshop/corn_dataset/Common_Rust/Corn_Common_Rust (1301).jpg,corn,Common_Rust,corn_Common_Rust,Corn_Common_Rust (1301).jpg,168075,7
leaf workshop/corn_dataset/Gray_Leaf_Spot/Corn_Gray_Spot (207).JPG,corn,Gray_Leaf_Spot,corn_Gray_Leaf_Spot,Corn_Gray_Spot (207).JPG,15619,8
leaf workshop/corn_dataset/Common_Rust/Corn_Common_Rust (483).JPG,corn,Common_Rust,corn_Common_Rust,Corn_Common_Rust (483).JPG,12129,7
leaf workshop/corn_dataset/Healthy/Corn_Health (663).jpg,corn,Healthy,corn_Healthy,Corn_Health (663).jpg,11226,9
leaf workshop/corn_dataset/Common_Rust/Corn_Common_Rust (143).JPG,corn,Common_Rust,corn_Common_Rust,Corn_Common_Rust (143).JPG,14254,7
leaf workshop/corn_dataset/Blight/Corn_Blight (846).jpg,corn,Blight,corn_Blight,Corn_Blight (846).jpg,9836,6
leaf workshop/corn_dataset/Common_Rust/Corn_Common_Rust (132).JPG,corn,Common_Rust,corn_Common_Rust,Corn_Common_Rust (132).JPG,13526,7
leaf workshop/MANGO/Yellow mango/20230305_052050403_iOS_jpg.rf.6e62cfe01195c5df7cc0f23d92af1d5f.jpg,mango,Yellow mango,mango_Yellow mango,20230305_052050403_iOS_jpg.rf.6e62cfe01195c5df7cc0f23d92af1d5f.jpg,19927,12
leaf workshop/corn_dataset/Healthy/Corn_Health (1038).jpg,corn,Healthy,corn_Healthy,Corn_Health (1038).jpg,16765,9
leaf workshop/potato_dataset/Potato___Late_blight/e0d0ea5a-242d-4d1c-9df1-0cc592d75e48___RS_LB 3011.JPG,potato,Potato___Late_blight,potato_Potato___Late_blight,e0d0ea5a-242d-4d1c-9df1-0cc592d75e48___RS_LB 3011.JPG,18716,16
leaf workshop/potato_dataset/Potato___healthy/Potato_healthy-87-_0_3444.jpg,potato,Potato___healthy,potato_Potato___healthy,Potato_healthy-87-_0_3444.jpg,12943,17
leaf workshop/corn_dataset/Common_Rust/Corn_Common_Rust (194).JPG,corn,Common_Rust,corn_Common_Rust,Corn_Common_Rust (194).JPG,14517,7
leaf workshop/corn_dataset/Gray_Leaf_Spot/Corn_Gray_Spot (146).JPG,corn,Gray_Leaf_Spot,corn_Gray_Leaf_Spot,Corn_Gray_Spot (146).JPG,17036,8
leaf workshop/potato_dataset/Potato___Early_blight/f7a5e3e3-796e-4f4a-943c-24d26e2591d4___RS_Early.B 8679.JPG,potato,Potato___Early_blight,potato_Potato___Early_blight,f7a5e3e3-796e-4f4a-943c-24d26e2591d4___RS_Early.B 8679.JPG,19170,15
leaf workshop/corn_dataset/Healthy/Corn_Health (912).jpg,corn,Healthy,corn_Healthy,Corn_Health (912).jpg,6218,9
leaf workshop/corn_dataset/Healthy/Corn_Health (899).jpg,corn,Healthy,corn_Healthy,Corn_Health (899).jpg,8538,9
leaf workshop/BANANA/Green banana/57_jpg.rf.000d25afa7d6a03088771b40cacb7e05.jpg,banana,Green banana,banana_Green banana,57_jpg.rf.000d25afa7d6a03088771b40cacb7e05.jpg,15989,0
leaf workshop/corn_dataset/Healthy/Corn_Health (1014).jpg,corn,Healthy,corn_Healthy,Corn_Health (1014).jpg,9417,9
leaf workshop/potato_dataset/Potato___Early_blight/e0654927-6cc0-491f-86d3-acb5ad261904___RS_Early.B 8341.JPG,potato,Potato___Early_blight,potato_Potato___Early_blight,e0654927-6cc0-491f-86d3-acb5ad261904___RS_Early.B 8341.JPG,19194,15
leaf workshop/MANGO/Yellow mango/20230305_052208801_iOS_jpg.rf.a61838b4bf771e407f65421e5dd410ae.jpg,mango,Yellow mango,mango_Yellow mango,20230305_052208801_iOS_jpg.rf.a61838b4bf771e407f65421e5dd410ae.jpg,22048,12
leaf workshop/potato_dataset/Potato___Late_blight/ea542556-e7f6-416c-8451-149916f4574e___RS_LB 3086.JPG,potato,Potato___Late_blight,potato_Potato___Late_blight,ea542556-e7f6-416c-8451-149916f4574e___RS_LB 3086.JPG,14679,16
leaf workshop/corn_dataset/Common_Rust/Corn_Common_Rust (1173).JPG,corn,Common_Rust,corn_Common_Rust,Corn_Common_Rust (1173).JPG,16547,7
leaf workshop/potato_dataset/Potato___Early_blight/bf972aad-9f3f-40c8-9fc7-fdcf57a94c6f___RS_Early.B 7151.JPG,potato,Potato___Early_blight,potato_Potato___Early_blight,bf972aad-9f3f-40c8-9fc7-fdcf57a94c6f___RS_Early.B 7151.JPG,21238,15
leaf workshop/corn_dataset/Blight/Corn_Blight (1016).JPG,corn,Blight,corn_Blight,Corn_Blight (1016).JPG,15705,6
leaf workshop/corn_dataset/Blight/Corn_Blight (661).jpg,corn,Blight,corn_Blight,Corn_Blight (661).jpg,14286,6
leaf workshop/MANGO/Green mango/WIN_20230323_14_28_10_Pro_jpg.rf.b40d6d9799e66483c4999580f532cf12.jpg,mango,Green mango,mango_Green mango,WIN_20230323_14_28_10_Pro_jpg.rf.b40d6d9799e66483c4999580f532cf12.jpg,21899,10
leaf workshop/corn_dataset/Healthy/Corn_Health (492).jpg,corn,Healthy,corn_Healthy,Corn_Health (492).jpg,10670,9
leaf workshop/corn_dataset/Blight/Corn_Blight (105).jpg,corn,Blight,corn_Blight,Corn_Blight (105).jpg,123584,6
leaf workshop/corn_dataset/Healthy/Corn_Health (480).jpg,corn,Healthy,corn_Healthy,Corn_Health (480).jpg,18933,9
leaf workshop/ORANGE/Ripe orange/86_jpg.rf.6204bdaf4eded78f6afb3a5fe22f6c57.jpg,orange,Ripe orange,orange_Ripe orange,86_jpg.rf.6204bdaf4eded78f6afb3a5fe22f6c57.jpg,26085,13
leaf workshop/corn_dataset/Healthy/Corn_Health (209).jpg,corn,Healthy,corn_Healthy,Corn_Health (209).jpg,10067,9
leaf workshop/potato_dataset/Potato___Late_blight/d7fdf2fa-8a55-4ff5-86a2-ca73c5883e93___RS_LB 4665.JPG,potato,Potato___Late_blight,potato_Potato___Late_blight,d7fdf2fa-8a55-4ff5-86a2-ca73c5883e93___RS_LB 4665.JPG,16378,16
leaf workshop/corn_dataset/Common_Rust/Corn_Common_Rust (235).JPG,corn,Common_Rust,corn_Common_Rust,Corn_Common_Rust (235).JPG,17857,7
leaf workshop/corn_dataset/Blight/Corn_Blight (496).JPG,corn,Blight,corn_Blight,Corn_Blight (496).JPG,8998,6
leaf workshop/corn_dataset/Gray_Leaf_Spot/Corn_Gray_Spot (311).jpg,corn,Gray_Leaf_Spot,corn_Gray_Leaf_Spot,Corn_Gray_Spot (311).jpg,10880,8
leaf workshop/ORANGE/Ripe orange/27_jpg.rf.f27aa69916e34e6b1c4ba7bbd10c8306.jpg,orange,Ripe orange,orange_Ripe orange,27_jpg.rf.f27aa69916e34e6b1c4ba7bbd10c8306.jpg,24354,13
leaf workshop/corn_dataset/Gray_Leaf_Spot/Corn_Gray_Spot (464).JPG,corn,Gray_Leaf_Spot,corn_Gray_Leaf_Spot,Corn_Gray_Spot (464).JPG,18324,8
leaf workshop/corn_dataset/Blight/Corn_Blight (972).JPG,corn,Blight,corn_Blight,Corn_Blight (972).JPG,16123,6
leaf workshop/corn_dataset/Healthy/Corn_Health (301).jpg,corn,Healthy,corn_Healthy,Corn_Health (301).jpg,19332,9
leaf workshop/corn_dataset/Healthy/Corn_Health (675).jpg,corn,Healthy,corn_Healthy,Corn_Health (675).jpg,18354,9
leaf workshop/corn_dataset/Blight/Corn_Blight (1024).JPG,corn,Blight,corn_Blight,Corn_Blight (1024).JPG,13780,6
leaf workshop/corn_dataset/Healthy/Corn_Health (194).jpg,corn,Healthy,corn_Healthy,Corn_Health (194).jpg,7923,9
leaf workshop/potato_dataset/Potato___Late_blight/c0aeb29d-b504-47b5-aa5f-940a4f3b4e89___RS_LB 2972.JPG,potato,Potato___Late_blight,potato_Potato___Late_blight,c0aeb29d-b504-47b5-aa5f-940a4f3b4e89___RS_LB 2972.JPG,15990,16
leaf workshop/potato_dataset/Potato___Late_blight/de54e40d-4c5f-48d9-9b6d-bc96bde09898___RS_LB 4086.JPG,potato,Potato___Late_blight,potato_Potato___Late_blight,de54e40d-4c5f-48d9-9b6d-bc96bde09898___RS_LB 4086.JPG,14050,16
leaf workshop/BANANA/Rotten banana/vertical_flip_Screen-Shot-2018-06-12-at-8_55_41-PM_png.rf.ff3716210b117b0601636e3aeb99616c.jpg,banana,Rotten banana,banana_Rotten banana,vertical_flip_Screen-Shot-2018-06-12-at-8_55_41-PM_png.rf.ff3716210b117b0601636e3aeb99616c.jpg,18827,1
leaf workshop/corn_dataset/Gray_Leaf_Spot/Corn_Gray_Spot (56).JPG,corn,Gray_Leaf_Spot,corn_Gray_Leaf_Spot,Corn_Gray_Spot (56).JPG,18311,8
leaf workshop/corn_dataset/Common_Rust/Corn_Common_Rust (1230).JPG,corn,Common_Rust,corn_Common_Rust,Corn_Common_Rust (1230).JPG,14803,7
leaf workshop/corn_dataset/Blight/Corn_Blight (344).JPG,corn,Blight,corn_Blight,Corn_Blight (344).JPG,14666,6
leaf workshop/corn_dataset/Common_Rust/Corn_Common_Rust (260).JPG,corn,Common_Rust,corn_Common_Rust,Corn_Common_Rust (260).JPG,13251,7
leaf workshop/corn_dataset/Blight/Corn_Blight (947).JPG,corn,Blight,corn_Blight,Corn_Blight (947).JPG,15489,6
leaf workshop/ORANGE/orange/img_911_jpeg.rf.be990f86b24f58d7db5040097731fe26.jpg,orange,orange,orange_orange,img_911_jpeg.rf.be990f86b24f58d7db5040097731fe26.jpg,40306,14
leaf workshop/corn_dataset/Common_Rust/Corn_Common_Rust (513).JPG,corn,Common_Rust,corn_Common_Rust,Corn_Common_Rust (513).JPG,11749,7
leaf workshop/corn_dataset/Common_Rust/Corn_Common_Rust (159).JPG,corn,Common_Rust,corn_Common_Rust,Corn_Common_Rust (159).JPG,14065,7
leaf workshop/corn_dataset/Blight/Corn_Blight (938).JPG,corn,Blight,corn_Blight,Corn_Blight (938).JPG,18574,6
leaf workshop/corn_dataset/Common_Rust/Corn_Common_Rust (678).JPG,corn,Common_Rust,corn_Common_Rust,Corn_Common_Rust (678).JPG,11608,7
leaf workshop/coffee_dataset/leaf_rust/146.jpg,coffee,leaf_rust,coffee_leaf_rust,146.jpg,157013,4
leaf workshop/ORANGE/Ripe orange/79_jpg.rf.8710b6c34207dfac5bdcb855f8abb4d5.jpg,orange,Ripe orange,orange_Ripe orange,79_jpg.rf.8710b6c34207dfac5bdcb855f8abb4d5.jpg,29738,13
leaf workshop/corn_dataset/Healthy/Corn_Health (634).jpg,corn,Healthy,corn_Healthy,Corn_Health (634).jpg,6750,9
leaf workshop/corn_dataset/Healthy/Corn_Health (900).jpg,corn,Healthy,corn_Healthy,Corn_Health (900).jpg,11798,9
leaf workshop/corn_dataset/Blight/Corn_Blight (817).JPG,corn,Blight,corn_Blight,Corn_Blight (817).JPG,14843,6
leaf workshop/corn_dataset/Blight/Corn_Blight (656).JPG,corn,Blight,corn_Blight,Corn_Blight (656).JPG,10034,6
leaf workshop/corn_dataset/Blight/Corn_Blight (939).JPG,corn,Blight,corn_Blight,Corn_Blight (939).JPG,13780,6
leaf workshop/corn_dataset/Blight/Corn_Blight (112).JPG,corn,Blight,corn_Blight,Corn_Blight (112).JPG,9226,6
leaf workshop/corn_dataset/Healthy/Corn_Health (344).jpg,corn,Healthy,corn_Healthy,Corn_Health (344).jpg,18125,9
leaf workshop/corn_dataset/Gray_Leaf_Spot/Corn_Gray_Spot (562).jpg,corn,Gray_Leaf_Spot,corn_Gray_Leaf_Spot,Corn_Gray_Spot (562).jpg,163393,8
leaf workshop/potato_dataset/Potato___Early_blight/f686133a-e89a-4242-a52d-02f32ffd5275___RS_Early.B 8295.JPG,potato,Potato___Early_blight,potato_Potato___Early_blight,f686133a-e89a-4242-a52d-02f32ffd5275___RS_Early.B 8295.JPG,15599,15
leaf workshop/corn_dataset/Common_Rust/Corn_Common_Rust (53).jpg,corn,Common_Rust,corn_Common_Rust,Corn_Common_Rust (53).jpg,71573,7
leaf workshop/corn_dataset/Common_Rust/Corn_Common_Rust (1247).JPG,corn,Common_Rust,corn_Common_Rust,Corn_Common_Rust (1247).JPG,11068,7
leaf workshop/corn_dataset/Blight/Corn_Blight (1021).JPG,corn,Blight,corn_Blight,Corn_Blight (1021).JPG,16114,6
leaf workshop/corn_dataset/Healthy/Corn_Health (1103).jpg,corn,Healthy,corn_Healthy,Corn_Health (1103).jpg,10268,9
leaf workshop/corn_dataset/Common_Rust/Corn_Common_Rust (1213).JPG,corn,Common_Rust,corn_Common_Rust,Corn_Common_Rust (1213).JPG,12801,7
leaf workshop/corn_dataset/Common_Rust/Corn_Common_Rust (626).JPG,corn,Common_Rust,corn_Common_Rust,Corn_Common_Rust (626).JPG,11613,7
leaf workshop/potato_dataset/Potato___Early_blight/c48693cf-14bb-48ec-96fe-240bd2269866___RS_Early.B 7609.JPG,potato,Potato___Early_blight,potato_Potato___Early_blight,c48693cf-14bb-48ec-96fe-240bd2269866___RS_Early.B 7609.JPG,14884,15
leaf workshop/corn_dataset/Healthy/Corn_Health (98).jpg,corn,Healthy,corn_Healthy,Corn_Health (98).jpg,6873,9
leaf workshop/corn_dataset/Blight/Corn_Blight (578).JPG,corn,Blight,corn_Blight,Corn_Blight (578).JPG,11198,6
leaf workshop/corn_dataset/Blight/Corn_Blight (728).JPG,corn,Blight,corn_Blight,Corn_Blight (728).JPG,14026,6
leaf workshop/corn_dataset/Gray_Leaf_Spot/Corn_Gray_Spot (440).jpg,corn,Gray_Leaf_Spot,corn_Gray_Leaf_Spot,Corn_Gray_Spot (440).jpg,16096,8
leaf workshop/corn_dataset/Healthy/Corn_Health (549).jpg,corn,Healthy,corn_Healthy,Corn_Health (549).jpg,20648,9
leaf workshop/corn_dataset/Blight/Corn_Blight (752).JPG,corn,Blight,corn_Blight,Corn_Blight (752).JPG,16546,6
leaf workshop/corn_dataset/Gray_Leaf_Spot/Corn_Gray_Spot (262).JPG,corn,Gray_Leaf_Spot,corn_Gray_Leaf_Spot,Corn_Gray_Spot (262).JPG,18007,8
leaf workshop/potato_dataset/Potato___Late_blight/c746bac3-3c7a-445c-b78e-19294bd9a9cb___RS_LB 5233.JPG,potato,Potato___Late_blight,potato_Potato___Late_blight,c746bac3-3c7a-445c-b78e-19294bd9a9cb___RS_LB 5233.JPG,14112,16
leaf workshop/BANANA/Green banana/106_jpg.rf.7cb0a43e035a848ad8aa49d7884cc832.jpg,banana,Green banana,banana_Green banana,106_jpg.rf.7cb0a43e035a848ad8aa49d7884cc832.jpg,16486,0
leaf workshop/corn_dataset/Common_Rust/Corn_Common_Rust (315).JPG,corn,Common_Rust,corn_Common_Rust,Corn_Common_Rust (315).JPG,15742,7
leaf workshop/BANANA/Green banana/72_jpg.rf.8ca940e5f1d33039856f72a22e0f08d9.jpg,banana,Green banana,banana_Green banana,72_jpg.rf.8ca940e5f1d33039856f72a22e0f08d9.jpg,22433,0
leaf workshop/potato_dataset/Potato___healthy/Potato_healthy-143-_0_2100.jpg,potato,Potato___healthy,potato_Potato___healthy,Potato_healthy-143-_0_2100.jpg,14580,17
leaf workshop/corn_dataset/Gray_Leaf_Spot/Corn_Gray_Spot (81).JPG,corn,Gray_Leaf_Spot,corn_Gray_Leaf_Spot,Corn_Gray_Spot (81).JPG,15593,8
leaf workshop/MANGO/Rotten Mango/20230305_062050410_iOS_jpg.rf.0357ab2b6092c2a794ba4d0205035363.jpg,mango,Rotten Mango,mango_Rotten Mango,20230305_062050410_iOS_jpg.rf.0357ab2b6092c2a794ba4d0205035363.jpg,20305,11
leaf workshop/BANANA/Yellow banana/200521_jpg.rf.3f0de9f06562da063d17d1a4be06a947.jpg,banana,Yellow banana,banana_Yellow banana,200521_jpg.rf.3f0de9f06562da063d17d1a4be06a947.jpg,42436,2
leaf workshop/corn_dataset/Healthy/Corn_Health (554).jpg,corn,Healthy,corn_Healthy,Corn_Health (554).jpg,18714,9
leaf workshop/corn_dataset/Healthy/Corn_Health (44).jpg,corn,Healthy,corn_Healthy,Corn_Health (44).jpg,11792,9
leaf workshop/corn_dataset/Healthy/Corn_Health (996).jpg,corn,Healthy,corn_Healthy,Corn_Health (996).jpg,9974,9
leaf workshop/corn_dataset/Common_Rust/Corn_Common_Rust (109).JPG,corn,Common_Rust,corn_Common_Rust,Corn_Common_Rust (109).JPG,13086,7
leaf workshop/corn_dataset/Blight/Corn_Blight (342).JPG,corn,Blight,corn_Blight,Corn_Blight (342).JPG,16175,6
leaf workshop/corn_dataset/Common_Rust/Corn_Common_Rust (675).JPG,corn,Common_Rust,corn_Common_Rust,Corn_Common_Rust (675).JPG,14502,7
leaf workshop/corn_dataset/Gray_Leaf_Spot/Corn_Gray_Spot (372).JPG,corn,Gray_Leaf_Spot,corn_Gray_Leaf_Spot,Corn_Gray_Spot (372).JPG,17130,8
leaf workshop/corn_dataset/Gray_Leaf_Spot/Corn_Gray_Spot (401).JPG,corn,Gray_Leaf_Spot,corn_Gray_Leaf_Spot,Corn_Gray_Spot (401).JPG,12269,8
leaf workshop/corn_dataset/Healthy/Corn_Health (576).jpg,corn,Healthy,corn_Healthy,Corn_Health (576).jpg,6591,9
leaf workshop/corn_dataset/Blight/Corn_Blight (1122).jpg,corn,Blight,corn_Blight,Corn_Blight (1122).jpg,117916,6
leaf workshop/corn_dataset/Gray_Leaf_Spot/Corn_Gray_Spot (468).JPG,corn,Gray_Leaf_Spot,corn_Gray_Leaf_Spot,Corn_Gray_Spot (468).JPG,14790,8
leaf workshop/corn_dataset/Healthy/Corn_Health (781).jpg,corn,Healthy,corn_Healthy,Corn_Health (781).jpg,8855,9
leaf workshop/corn_dataset/Common_Rust/Corn_Common_Rust (1211).JPG,corn,Common_Rust,corn_Common_Rust,Corn_Common_Rust (1211).JPG,15526,7
leaf workshop/BANANA/Yellow banana/200343_jpg.rf.4c4657780d421ac20762faa32714137a.jpg,banana,Yellow banana,banana_Yellow banana,200343_jpg.rf.4c4657780d421ac20762faa32714137a.jpg,38871,2
leaf workshop/ORANGE/Ripe orange/93_jpg.rf.6a7b91d448f73f5092dbdfb43680ffb5.jpg,orange,Ripe orange,orange_Ripe orange,93_jpg.rf.6a7b91d448f73f5092dbdfb43680ffb5.jpg,40819,13
leaf workshop/corn_dataset/Common_Rust/Corn_Common_Rust (1291).jpg,corn,Common_Rust,corn_Common_Rust,Corn_Common_Rust (1291).jpg,676607,7
leaf workshop/MANGO/Rotten Mango/20230305_062109619_iOS_jpg.rf.7551e0b7c870b8d06eb936c76ca9a39e.jpg,mango,Rotten Mango,mango_Rotten Mango,20230305_062109619_iOS_jpg.rf.7551e0b7c870b8d06eb936c76ca9a39e.jpg,21183,11
leaf workshop/corn_dataset/Healthy/Corn_Health (932).jpg,corn,Healthy,corn_Healthy,Corn_Health (932).jpg,9263,9
leaf workshop/corn_dataset/Common_Rust/Corn_Common_Rust (653).JPG,corn,Common_Rust,corn_Common_Rust,Corn_Common_Rust (653).JPG,17354,7
leaf workshop/corn_dataset/Healthy/Corn_Health (531).jpg,corn,Healthy,corn_Healthy,Corn_Health (531).jpg,13939,9
leaf workshop/corn_dataset/Common_Rust/Corn_Common_Rust (238).JPG,corn,Common_Rust,corn_Common_Rust,Corn_Common_Rust (238).JPG,14020,7
leaf workshop/corn_dataset/Healthy/Corn_Health (661).jpg,corn,Healthy,corn_Healthy,Corn_Health (661).jpg,13583,9
leaf workshop/corn_dataset/Common_Rust/Corn_Common_Rust (595).JPG,corn,Common_Rust,corn_Common_Rust,Corn_Common_Rust (595).JPG,14981,7
leaf workshop/corn_dataset/Blight/Corn_Blight (868).JPG,corn,Blight,corn_Blight,Corn_Blight (868).JPG,14031,6
leaf workshop/corn_dataset/Healthy/Corn_Health (483).jpg,corn,Healthy,corn_Healthy,Corn_Health (483).jpg,6813,9
leaf workshop/corn_dataset/Blight/Corn_Blight (807).JPG,corn,Blight,corn_Blight,Corn_Blight (807).JPG,16951,6
leaf workshop/MANGO/Yellow mango/image-1580269828593_jpg.rf.f0b73be5f8c13fc8900174e25edf9bac.jpg,mango,Yellow mango,mango_Yellow mango,image-1580269828593_jpg.rf.f0b73be5f8c13fc8900174e25edf9bac.jpg,14550,12
leaf workshop/corn_dataset/Healthy/Corn_Health (497).jpg,corn,Healthy,corn_Healthy,Corn_Health (497).jpg,6416,9
leaf workshop/ORANGE/Ripe orange/44_jpg.rf.3ff3f3724701abb24eedbd788a926038.jpg,orange,Ripe orange,orange_Ripe orange,44_jpg.rf.3ff3f3724701abb24eedbd788a926038.jpg,25423,13
leaf workshop/corn_dataset/Blight/Corn_Blight (1018).jpg,corn,Blight,corn_Blight,Corn_Blight (1018).jpg,16588,6
leaf workshop/corn_dataset/Healthy/Corn_Health (546).jpg,corn,Healthy,corn_Healthy,Corn_Health (546).jpg,9558,9
leaf workshop/corn_dataset/Healthy/Corn_Health (208).jpg,corn,Healthy,corn_Healthy,Corn_Health (208).jpg,10088,9
leaf workshop/corn_dataset/Healthy/Corn_Health (47).jpg,corn,Healthy,corn_Healthy,Corn_Health (47).jpg,7565,9
leaf workshop/corn_dataset/Common_Rust/Corn_Common_Rust (221).JPG,corn,Common_Rust,corn_Common_Rust,Corn_Common_Rust (221).JPG,16900,7
leaf workshop/corn_dataset/Gray_Leaf_Spot/Corn_Gray_Spot (556).jpg,corn,Gray_Leaf_Spot,corn_Gray_Leaf_Spot,Corn_Gray_Spot (556).jpg,19195,8
leaf workshop/potato_dataset/Potato___Early_blight/f069744b-375b-4fee-b1f9-23963195e936___RS_Early.B 6837.JPG,potato,Potato___Early_blight,potato_Potato___Early_blight,f069744b-375b-4fee-b1f9-23963195e936___RS_Early.B 6837.JPG,22844,15
leaf workshop/ORANGE/orange/img_351_jpeg.rf.f52fe92001d078e42cb1ef35b11fc9e0.jpg,orange,orange,orange_orange,img_351_jpeg.rf.f52fe92001d078e42cb1ef35b11fc9e0.jpg,31663,14
leaf workshop/corn_dataset/Gray_Leaf_Spot/Corn_Gray_Spot (78).JPG,corn,Gray_Leaf_Spot,corn_Gray_Leaf_Spot,Corn_Gray_Spot (78).JPG,14237,8
leaf workshop/corn_dataset/Common_Rust/Corn_Common_Rust (721).JPG,corn,Common_Rust,corn_Common_Rust,Corn_Common_Rust (721).JPG,14065,7
leaf workshop/corn_dataset/Blight/Corn_Blight (917).JPG,corn,Blight,corn_Blight,Corn_Blight (917).JPG,15174,6
leaf workshop/potato_dataset/Potato___Late_blight/d7ef98cc-2d20-42ef-983a-5e45805a8ee6___RS_LB 3841.JPG,potato,Potato___Late_blight,potato_Potato___Late_blight,d7ef98cc-2d20-42ef-983a-5e45805a8ee6___RS_LB 3841.JPG,11947,16
leaf workshop/corn_dataset/Common_Rust/Corn_Common_Rust (319).JPG,corn,Common_Rust,corn_Common_Rust,Corn_Common_Rust (319).JPG,14784,7
leaf workshop/corn_dataset/Blight/Corn_Blight (349).JPG,corn,Blight,corn_Blight,Corn_Blight (349).JPG,14247,6
leaf workshop/corn_dataset/Common_Rust/Corn_Common_Rust (330).JPG,corn,Common_Rust,corn_Common_Rust,Corn_Common_Rust (330).JPG,13974,7
leaf workshop/corn_dataset/Common_Rust/Corn_Common_Rust (5).jpg,corn,Common_Rust,corn_Common_Rust,Corn_Common_Rust (5).jpg,38824,7
leaf workshop/corn_dataset/Common_Rust/Corn_Common_Rust (1000).JPG,corn,Common_Rust,corn_Common_Rust,Corn_Common_Rust (1000).JPG,11701,7
leaf workshop/corn_dataset/Blight/Corn_Blight (831).jpg,corn,Blight,corn_Blight,Corn_Blight (831).jpg,16202,6
leaf workshop/corn_dataset/Healthy/Corn_Health (1063).jpg,corn,Healthy,corn_Healthy,Corn_Health (1063).jpg,6310,9
leaf workshop/corn_dataset/Common_Rust/Corn_Common_Rust (491).JPG,corn,Common_Rust,corn_Common_Rust,Corn_Common_Rust (491).JPG,17842,7
leaf workshop/corn_dataset/Common_Rust/Corn_Common_Rust (320).JPG,corn,Common_Rust,corn_Common_Rust,Corn_Common_Rust (320).JPG,12779,7
leaf workshop/corn_dataset/Gray_Leaf_Spot/Corn_Gray_Spot (26).jpg,corn,Gray_Leaf_Spot,corn_Gray_Leaf_Spot,Corn_Gray_Spot (26).jpg,139046,8
leaf workshop/corn_dataset/Blight/Corn_Blight (104).jpg,corn,Blight,corn_Blight,Corn_Blight (104).jpg,21653,6
leaf workshop/corn_dataset/Healthy/Corn_Health (1004).jpg,corn,Healthy,corn_Healthy,Corn_Health (1004).jpg,15462,9
leaf workshop/corn_dataset/Healthy/Corn_Health (454).jpg,corn,Healthy,corn_Healthy,Corn_Health (454).jpg,7689,9
leaf workshop/BANANA/Yellow banana/111_JPG_jpg.rf.40be983e7df05c54fed565d6ac1a91f8.jpg,banana,Yellow banana,banana_Yellow banana,111_JPG_jpg.rf.40be983e7df05c54fed565d6ac1a91f8.jpg,35531,2
leaf workshop/potato_dataset/Potato___Early_blight/deb1d849-ecf2-4451-8ff7-ca6b0bbbf434___RS_Early.B 7677.JPG,potato,Potato___Early_blight,potato_Potato___Early_blight,deb1d849-ecf2-4451-8ff7-ca6b0bbbf434___RS_Early.B 7677.JPG,17563,15
leaf workshop/corn_dataset/Common_Rust/Corn_Common_Rust (487).JPG,corn,Common_Rust,corn_Common_Rust,Corn_Common_Rust (487).JPG,12949,7
leaf workshop/corn_dataset/Blight/Corn_Blight (789).JPG,corn,Blight,corn_Blight,Corn_Blight (789).JPG,13424,6
leaf workshop/ORANGE/orange/DrAxeOrangeNutrition_Thumbnail_jpg.rf.e96f9da89c585ec25af8c07fa1730b20.jpg,orange,orange,orange_orange,DrAxeOrangeNutrition_Thumbnail_jpg.rf.e96f9da89c585ec25af8c07fa1730b20.jpg,32233,14
leaf workshop/ORANGE/orange/images109_jpg.rf.b609ce8bf8b72e9698d5a2cd997fbe3a.jpg,orange,orange,orange_orange,images109_jpg.rf.b609ce8bf8b72e9698d5a2cd997fbe3a.jpg,26757,14
leaf workshop/corn_dataset/Common_Rust/Corn_Common_Rust (393).JPG,corn,Common_Rust,corn_Common_Rust,Corn_Common_Rust (393).JPG,12797,7
leaf workshop/potato_dataset/Potato___healthy/Potato_healthy-102-_0_1485.jpg,potato,Potato___healthy,potato_Potato___healthy,Potato_healthy-102-_0_1485.jpg,19108,17
leaf workshop/BANANA/Yellow banana/lakatan-148-_jpg.rf.ec3f62894b6bafcac24436a0dbd9ce01.jpg,banana,Yellow banana,banana_Yellow banana,lakatan-148-_jpg.rf.ec3f62894b6bafcac24436a0dbd9ce01.jpg,7212,2
leaf workshop/BANANA/Green banana/128_jpg.rf.418b99a017dc1c53ed041ba22d78f024.jpg,banana,Green banana,banana_Green banana,128_jpg.rf.418b99a017dc1c53ed041ba22d78f024.jpg,31579,0
leaf workshop/corn_dataset/Common_Rust/Corn_Common_Rust (112).JPG,corn,Common_Rust,corn_Common_Rust,Corn_Common_Rust (112).JPG,16903,7
leaf workshop/potato_dataset/Potato___Late_blight/fe4bbe61-ddd7-464f-8aa6-e292b8686c70___RS_LB 2902.JPG,potato,Potato___Late_blight,potato_Potato___Late_blight,fe4bbe61-ddd7-464f-8aa6-e292b8686c70___RS_LB 2902.JPG,15609,16
leaf workshop/potato_dataset/Potato___Late_blight/b402845e-5414-423e-9f6d-29e3bdbb505b___RS_LB 2825.JPG,potato,Potato___Late_blight,potato_Potato___Late_blight,b402845e-5414-423e-9f6d-29e3bdbb505b___RS_LB 2825.JPG,13770,16
leaf workshop/corn_dataset/Gray_Leaf_Spot/Corn_Gray_Spot (339).JPG,corn,Gray_Leaf_Spot,corn_Gray_Leaf_Spot,Corn_Gray_Spot (339).JPG,18137,8
leaf workshop/corn_dataset/Blight/Corn_Blight (958).JPG,corn,Blight,corn_Blight,Corn_Blight (958).JPG,13214,6
leaf workshop/corn_dataset/Healthy/Corn_Health (416).jpg,corn,Healthy,corn_Healthy,Corn_Health (416).jpg,10604,9
leaf workshop/corn_dataset/Gray_Leaf_Spot/Corn_Gray_Spot (147).jpg,corn,Gray_Leaf_Spot,corn_Gray_Leaf_Spot,Corn_Gray_Spot (147).jpg,18869,8
leaf workshop/corn_dataset/Common_Rust/Corn_Common_Rust (175).JPG,corn,Common_Rust,corn_Common_Rust,Corn_Common_Rust (175).JPG,18424,7
leaf workshop/corn_dataset/Common_Rust/Corn_Common_Rust (43).jpg,corn,Common_Rust,corn_Common_Rust,Corn_Common_Rust (43).jpg,75325,7
leaf workshop/BANANA/Green banana/89_jpg.rf.8907eabbc61cdedbb0a575782d56cfb0.jpg,banana,Green banana,banana_Green banana,89_jpg.rf.8907eabbc61cdedbb0a575782d56cfb0.jpg,16487,0
leaf workshop/corn_dataset/Gray_Leaf_Spot/Corn_Gray_Spot (403).JPG,corn,Gray_Leaf_Spot,corn_Gray_Leaf_Spot,Corn_Gray_Spot (403).JPG,14636,8
leaf workshop/BANANA/Yellow banana/142_JPG_jpg.rf.1329af880819b474683a39e592eca2de.jpg,banana,Yellow banana,banana_Yellow banana,142_JPG_jpg.rf.1329af880819b474683a39e592eca2de.jpg,19681,2
leaf workshop/corn_dataset/Healthy/Corn_Health (573).jpg,corn,Healthy,corn_Healthy,Corn_Health (573).jpg,16489,9
leaf workshop/BANANA/Green banana/141_jpg.rf.1e4e823ca1c5925b633dae909082ad18.jpg,banana,Green banana,banana_Green banana,141_jpg.rf.1e4e823ca1c5925b633dae909082ad18.jpg,46365,0
leaf workshop/BANANA/Rotten banana/vertical_flip_Screen-Shot-2018-06-12-at-9_10_32-PM_png.rf.d5b5ce4dd3a56617c4662ade2cf4095c.jpg,banana,Rotten banana,banana_Rotten banana,vertical_flip_Screen-Shot-2018-06-12-at-9_10_32-PM_png.rf.d5b5ce4dd3a56617c4662ade2cf4095c.jpg,26708,1
leaf workshop/ORANGE/Ripe orange/74_jpg.rf.8121b141a32e7a3e4b6e984cc5ab06af.jpg,orange,Ripe orange,orange_Ripe orange,74_jpg.rf.8121b141a32e7a3e4b6e984cc5ab06af.jpg,41324,13
leaf workshop/ORANGE/orange/img_861_jpeg.rf.43e321c205311fdcec0718c3ab435424.jpg,orange,orange,orange_orange,img_861_jpeg.rf.43e321c205311fdcec0718c3ab435424.jpg,24950,14
leaf workshop/corn_dataset/Gray_Leaf_Spot/Corn_Gray_Spot (239).JPG,corn,Gray_Leaf_Spot,corn_Gray_Leaf_Spot,Corn_Gray_Spot (239).JPG,13271,8
leaf workshop/BANANA/Yellow banana/46_jpg.rf.7268c07d60d6470ded841ba7efd3e613.jpg,banana,Yellow banana,banana_Yellow banana,46_jpg.rf.7268c07d60d6470ded841ba7efd3e613.jpg,19408,2
leaf workshop/corn_dataset/Common_Rust/Corn_Common_Rust (1111).JPG,corn,Common_Rust,corn_Common_Rust,Corn_Common_Rust (1111).JPG,10613,7
leaf workshop/corn_dataset/Blight/Corn_Blight (260).JPG,corn,Blight,corn_Blight,Corn_Blight (260).JPG,13675,6
leaf workshop/coffee_dataset/healthy/14.jpg,coffee,healthy,coffee_healthy,14.jpg,175146,3
leaf workshop/corn_dataset/Common_Rust/Corn_Common_Rust (1196).JPG,corn,Common_Rust,corn_Common_Rust,Corn_Common_Rust (1196).JPG,13133,7
leaf workshop/corn_dataset/Blight/Corn_Blight (587).JPG,corn,Blight,corn_Blight,Corn_Blight (587).JPG,13876,6
leaf workshop/ORANGE/Ripe orange/78_jpg.rf.9396f4061cd8c877d64388350bc3dbcd.jpg,orange,Ripe orange,orange_Ripe orange,78_jpg.rf.9396f4061cd8c877d64388350bc3dbcd.jpg,27522,13
leaf workshop/corn_dataset/Blight/Corn_Blight (856).JPG,corn,Blight,corn_Blight,Corn_Blight (856).JPG,17886,6
leaf workshop/corn_dataset/Blight/Corn_Blight (1066).JPG,corn,Blight,corn_Blight,Corn_Blight (1066).JPG,12051,6
leaf workshop/corn_dataset/Healthy/Corn_Health (589).jpg,corn,Healthy,corn_Healthy,Corn_Health (589).jpg,13444,9
leaf workshop/ORANGE/Ripe orange/20_jpg.rf.3b191d25034e34e1110f00436e406a03.jpg,orange,Ripe orange,orange_Ripe orange,20_jpg.rf.3b191d25034e34e1110f00436e406a03.jpg,27506,13
leaf workshop/corn_dataset/Gray_Leaf_Spot/Corn_Gray_Spot (533).JPG,corn,Gray_Leaf_Spot,corn_Gray_Leaf_Spot,Corn_Gray_Spot (533).JPG,16251,8
leaf workshop/corn_dataset/Common_Rust/Corn_Common_Rust (1110).JPG,corn,Common_Rust,corn_Common_Rust,Corn_Common_Rust (1110).JPG,11988,7
leaf workshop/corn_dataset/Blight/Corn_Blight (77).jpg,corn,Blight,corn_Blight,Corn_Blight (77).jpg,652989,6
leaf workshop/corn_dataset/Healthy/Corn_Health (833).jpg,corn,Healthy,corn_Healthy,Corn_Health (833).jpg,12539,9
leaf workshop/corn_dataset/Gray_Leaf_Spot/Corn_Gray_Spot (454).JPG,corn,Gray_Leaf_Spot,corn_Gray_Leaf_Spot,Corn_Gray_Spot (454).JPG,14186,8
leaf workshop/corn_dataset/Healthy/Corn_Health (1086).jpg,corn,Healthy,corn_Healthy,Corn_Health (1086).jpg,11024,9
leaf workshop/potato_dataset/Potato___Late_blight/c87b7e98-d4ed-446a-bf9e-47bd454f279b___RS_LB 2860.JPG,potato,Potato___Late_blight,potato_Potato___Late_blight,c87b7e98-d4ed-446a-bf9e-47bd454f279b___RS_LB 2860.JPG,14678,16
leaf workshop/ORANGE/orange/img_421_jpeg.rf.c3cc00657ae5893f208bba4eaa8f367f.jpg,orange,orange,orange_orange,img_421_jpeg.rf.c3cc00657ae5893f208bba4eaa8f367f.jpg,30415,14
leaf workshop/potato_dataset/Potato___healthy/Potato_healthy-138-_0_3052.jpg,potato,Potato___healthy,potato_Potato___healthy,Potato_healthy-138-_0_3052.jpg,11303,17
leaf workshop/corn_dataset/Common_Rust/Corn_Common_Rust (427).JPG,corn,Common_Rust,corn_Common_Rust,Corn_Common_Rust (427).JPG,12626,7
leaf workshop/corn_dataset/Common_Rust/Corn_Common_Rust (1019).JPG,corn,Common_Rust,corn_Common_Rust,Corn_Common_Rust (1019).JPG,13856,7
leaf workshop/potato_dataset/Potato___healthy/Potato_healthy-112-_0_8907.jpg,potato,Potato___healthy,potato_Potato___healthy,Potato_healthy-112-_0_8907.jpg,15860,17
leaf workshop/corn_dataset/Blight/Corn_Blight (551).JPG,corn,Blight,corn_Blight,Corn_Blight (551).JPG,15661,6
leaf workshop/corn_dataset/Blight/Corn_Blight (223).JPG,corn,Blight,corn_Blight,Corn_Blight (223).JPG,14285,6
leaf workshop/corn_dataset/Common_Rust/Corn_Common_Rust (667).JPG,corn,Common_Rust,corn_Common_Rust,Corn_Common_Rust (667).JPG,16085,7
leaf workshop/corn_dataset/Blight/Corn_Blight (247).JPG,corn,Blight,corn_Blight,Corn_Blight (247).JPG,15423,6
leaf workshop/corn_dataset/Blight/Corn_Blight (791).JPG,corn,Blight,corn_Blight,Corn_Blight (791).JPG,14309,6
leaf workshop/corn_dataset/Gray_Leaf_Spot/Corn_Gray_Spot (72).JPG,corn,Gray_Leaf_Spot,corn_Gray_Leaf_Spot,Corn_Gray_Spot (72).JPG,17933,8
leaf workshop/corn_dataset/Common_Rust/Corn_Common_Rust (672).JPG,corn,Common_Rust,corn_Common_Rust,Corn_Common_Rust (672).JPG,15871,7
leaf workshop/ORANGE/Ripe orange/46_jpg.rf.02f4371d75f151c8d346bbe71fb13fe4.jpg,orange,Ripe orange,orange_Ripe orange,46_jpg.rf.02f4371d75f151c8d346bbe71fb13fe4.jpg,25113,13
leaf workshop/corn_dataset/Healthy/Corn_Health (831).jpg,corn,Healthy,corn_Healthy,Corn_Health (831).jpg,7851,9
leaf workshop/corn_dataset/Healthy/Corn_Health (182).jpg,corn,Healthy,corn_Healthy,Corn_Health (182).jpg,8163,9
leaf workshop/corn_dataset/Healthy/Corn_Health (970).jpg,corn,Healthy,corn_Healthy,Corn_Health (970).jpg,8410,9
leaf workshop/BANANA/Yellow banana/34_JPG_jpg.rf.69cd1c9082b80e8783e489c0a88bd13e.jpg,banana,Yellow banana,banana_Yellow banana,34_JPG_jpg.rf.69cd1c9082b80e8783e489c0a88bd13e.jpg,11234,2
leaf workshop/MANGO/Rotten Mango/20230305_061206844_iOS_jpg.rf.d5912467a1865c20c5cac1b1615046bb.jpg,mango,Rotten Mango,mango_Rotten Mango,20230305_061206844_iOS_jpg.rf.d5912467a1865c20c5cac1b1615046bb.jpg,24539,11
leaf workshop/corn_dataset/Healthy/Corn_Health (685).jpg,corn,Healthy,corn_Healthy,Corn_Health (685).jpg,15869,9
leaf workshop/corn_dataset/Blight/Corn_Blight (85).jpg,corn,Blight,corn_Blight,Corn_Blight (85).jpg,814569,6
leaf workshop/potato_dataset/Potato___healthy/Potato_healthy-78-_0_547.jpg,potato,Potato___healthy,potato_Potato___healthy,Potato_healthy-78-_0_547.jpg,15512,17
leaf workshop/corn_dataset/Healthy/Corn_Health (5).jpg,corn,Healthy,corn_Healthy,Corn_Health (5).jpg,13827,9
leaf workshop/corn_dataset/Blight/Corn_Blight (314).JPG,corn,Blight,corn_Blight,Corn_Blight (314).JPG,11982,6
leaf workshop/ORANGE/Ripe orange/57_jpg.rf.71b0e4fe51c7eb1a35cfc1da6f213d8a.jpg,orange,Ripe orange,orange_Ripe orange,57_jpg.rf.71b0e4fe51c7eb1a35cfc1da6f213d8a.jpg,27096,13
leaf workshop/corn_dataset/Gray_Leaf_Spot/Corn_Gray_Spot (561).JPG,corn,Gray_Leaf_Spot,corn_Gray_Leaf_Spot,Corn_Gray_Spot (561).JPG,15432,8
leaf workshop/corn_dataset/Common_Rust/Corn_Common_Rust (1157).JPG,corn,Common_Rust,corn_Common_Rust,Corn_Common_Rust (1157).JPG,11578,7
leaf workshop/corn_dataset/Healthy/Corn_Health (977).jpg,corn,Healthy,corn_Healthy,Corn_Health (977).jpg,11603,9
leaf workshop/corn_dataset/Common_Rust/Corn_Common_Rust (186).JPG,corn,Common_Rust,corn_Common_Rust,Corn_Common_Rust (186).JPG,14165,7
leaf workshop/corn_dataset/Healthy/Corn_Health (206).jpg,corn,Healthy,corn_Healthy,Corn_Health (206).jpg,12484,9
leaf workshop/corn_dataset/Common_Rust/Corn_Common_Rust (683).JPG,corn,Common_Rust,corn_Common_Rust,Corn_Common_Rust (683).JPG,16642,7
leaf workshop/ORANGE/orange/caja-de-naranjas-de-zumo-valencianas-selectas-10-kgs_jpg.rf.e2d5558b76577ec4ca4c77e7a58a5be1.jpg,orange,orange,orange_orange,caja-de-naranjas-de-zumo-valencianas-selectas-10-kgs_jpg.rf.e2d5558b76577ec4ca4c77e7a58a5be1.jpg,16961,14
leaf workshop/ORANGE/orange/21ccdb5ace25d783e502b46103d36ef2_jpg.rf.8b78124475008cc3b215d51ce7e1b305.jpg,orange,orange,orange_orange,21ccdb5ace25d783e502b46103d36ef2_jpg.rf.8b78124475008cc3b215d51ce7e1b305.jpg,18513,14
leaf workshop/corn_dataset/Healthy/Corn_Health (1009).jpg,corn,Healthy,corn_Healthy,Corn_Health (1009).jpg,9888,9
leaf workshop/corn_dataset/Healthy/Corn_Health (435).JPG,corn,Healthy,corn_Healthy,Corn_Health (435).JPG,17613,9
leaf workshop/ORANGE/orange/images110_jpg.rf.a578871e19da1c9e9c7dcaee8cfe7c7d.jpg,orange,orange,orange_orange,images110_jpg.rf.a578871e19da1c9e9c7dcaee8cfe7c7d.jpg,14965,14
leaf workshop/corn_dataset/Common_Rust/Corn_Common_Rust (754).JPG,corn,Common_Rust,corn_Common_Rust,Corn_Common_Rust (754).JPG,14851,7
leaf workshop/potato_dataset/Potato___Early_blight/e24cb505-5756-4269-aa4f-57d27da31b20___RS_Early.B 8973.JPG,potato,Potato___Early_blight,potato_Potato___Early_blight,e24cb505-5756-4269-aa4f-57d27da31b20___RS_Early.B 8973.JPG,20183,15
leaf workshop/corn_dataset/Gray_Leaf_Spot/Corn_Gray_Spot (438).JPG,corn,Gray_Leaf_Spot,corn_Gray_Leaf_Spot,Corn_Gray_Spot (438).JPG,18547,8
leaf workshop/corn_dataset/Healthy/Corn_Health (438).jpg,corn,Healthy,corn_Healthy,Corn_Health (438).jpg,13890,9
leaf workshop/potato_dataset/Potato___Early_blight/d9303294-b0d9-4066-85d1-4ef58977b78e___RS_Early.B 7337.JPG,potato,Potato___Early_blight,potato_Potato___Early_blight,d9303294-b0d9-4066-85d1-4ef58977b78e___RS_Early.B 7337.JPG,20118,15
leaf workshop/corn_dataset/Healthy/Corn_Health (1076).jpg,corn,Healthy,corn_Healthy,Corn_Health (1076).jpg,9862,9
leaf workshop/corn_dataset/Blight/Corn_Blight (838).JPG,corn,Blight,corn_Blight,Corn_Blight (838).JPG,13303,6
leaf workshop/corn_dataset/Common_Rust/Corn_Common_Rust (753).JPG,corn,Common_Rust,corn_Common_Rust,Corn_Common_Rust (753).JPG,18450,7
leaf workshop/potato_dataset/Potato___healthy/Potato_healthy-138-_0_6091.jpg,potato,Potato___healthy,potato_Potato___healthy,Potato_healthy-138-_0_6091.jpg,11203,17
leaf workshop/corn_dataset/Healthy/Corn_Health (1101).jpg,corn,Healthy,corn_Healthy,Corn_Health (1101).jpg,9321,9
leaf workshop/corn_dataset/Common_Rust/Corn_Common_Rust (1244).JPG,corn,Common_Rust,corn_Common_Rust,Corn_Common_Rust (1244).JPG,15465,7
leaf workshop/corn_dataset/Healthy/Corn_Health (175).jpg,corn,Healthy,corn_Healthy,Corn_Health (175).jpg,8146,9
leaf workshop/corn_dataset/Common_Rust/Corn_Common_Rust (1195).JPG,corn,Common_Rust,corn_Common_Rust,Corn_Common_Rust (1195).JPG,13567,7
leaf workshop/corn_dataset/Gray_Leaf_Spot/Corn_Gray_Spot (67).JPG,corn,Gray_Leaf_Spot,corn_Gray_Leaf_Spot,Corn_Gray_Spot (67).JPG,20331,8
leaf workshop/corn_dataset/Gray_Leaf_Spot/Corn_Gray_Spot (531).JPG,corn,Gray_Leaf_Spot,corn_Gray_Leaf_Spot,Corn_Gray_Spot (531).JPG,16057,8
leaf workshop/corn_dataset/Healthy/Corn_Health (142).jpg,corn,Healthy,corn_Healthy,Corn_Health (142).jpg,9203,9
leaf workshop/corn_dataset/Common_Rust/Corn_Common_Rust (232).JPG,corn,Common_Rust,corn_Common_Rust,Corn_Common_Rust (232).JPG,10519,7
leaf workshop/corn_dataset/Healthy/Corn_Health (1116).jpg,corn,Healthy,corn_Healthy,Corn_Health (1116).jpg,10756,9
leaf workshop/corn_dataset/Gray_Leaf_Spot/Corn_Gray_Spot (338).JPG,corn,Gray_Leaf_Spot,corn_Gray_Leaf_Spot,Corn_Gray_Spot (338).JPG,15848,8
leaf workshop/potato_dataset/Potato___healthy/Potato_healthy-126-_0_1876.jpg,potato,Potato___healthy,potato_Potato___healthy,Potato_healthy-126-_0_1876.jpg,19216,17
leaf workshop/corn_dataset/Healthy/Corn_Health (765).jpg,corn,Healthy,corn_Healthy,Corn_Health (765).jpg,6799,9
leaf workshop/potato_dataset/Potato___Late_blight/c8bfd67e-892e-4502-982a-adba5505be5d___RS_LB 4444.JPG,potato,Potato___Late_blight,potato_Potato___Late_blight,c8bfd67e-892e-4502-982a-adba5505be5d___RS_LB 4444.JPG,17425,16
leaf workshop/corn_dataset/Healthy/Corn_Health (294).jpg,corn,Healthy,corn_Healthy,Corn_Health (294).jpg,6134,9
leaf workshop/potato_dataset/Potato___Early_blight/cff1ed1b-51ec-4d44-ab1f-7a3dc1ec9ea9___RS_Early.B 7100.JPG,potato,Potato___Early_blight,potato_Potato___Early_blight,cff1ed1b-51ec-4d44-ab1f-7a3dc1ec9ea9___RS_Early.B 7100.JPG,16996,15
leaf workshop/ORANGE/Ripe orange/3_jpg.rf.3eb31e158e428df58c946efe06bebdb2.jpg,orange,Ripe orange,orange_Ripe orange,3_jpg.rf.3eb31e158e428df58c946efe06bebdb2.jpg,14666,13
leaf workshop/corn_dataset/Gray_Leaf_Spot/Corn_Gray_Spot (200).JPG,corn,Gray_Leaf_Spot,corn_Gray_Leaf_Spot,Corn_Gray_Spot (200).JPG,17809,8
leaf workshop/coffee_dataset/healthy/209.jpg,coffee,healthy,coffee_healthy,209.jpg,130610,3
leaf workshop/corn_dataset/Healthy/Corn_Health (997).jpg,corn,Healthy,corn_Healthy,Corn_Health (997).jpg,9195,9
leaf workshop/BANANA/Green banana/37_jpg.rf.b6a95eb2452f1616ed9e87792bd9f1b6.jpg,banana,Green banana,banana_Green banana,37_jpg.rf.b6a95eb2452f1616ed9e87792bd9f1b6.jpg,39523,0
leaf workshop/corn_dataset/Gray_Leaf_Spot/Corn_Gray_Spot (170).JPG,corn,Gray_Leaf_Spot,corn_Gray_Leaf_Spot,Corn_Gray_Spot (170).JPG,15244,8
leaf workshop/corn_dataset/Healthy/Corn_Health (853).jpg,corn,Healthy,corn_Healthy,Corn_Health (853).jpg,11278,9
leaf workshop/corn_dataset/Healthy/Corn_Health (1033).jpg,corn,Healthy,corn_Healthy,Corn_Health (1033).jpg,13370,9
leaf workshop/corn_dataset/Blight/Corn_Blight (1127).jpg,corn,Blight,corn_Blight,Corn_Blight (1127).jpg,63556,6
leaf workshop/corn_dataset/Common_Rust/Corn_Common_Rust (501).JPG,corn,Common_Rust,corn_Common_Rust,Corn_Common_Rust (501).JPG,16193,7
leaf workshop/corn_dataset/Healthy/Corn_Health (807).jpg,corn,Healthy,corn_Healthy,Corn_Health (807).jpg,14849,9
leaf workshop/corn_dataset/Healthy/Corn_Health (1132).jpg,corn,Healthy,corn_Healthy,Corn_Health (1132).jpg,13095,9
leaf workshop/corn_dataset/Gray_Leaf_Spot/Corn_Gray_Spot (313).JPG,corn,Gray_Leaf_Spot,corn_Gray_Leaf_Spot,Corn_Gray_Spot (313).JPG,16398,8
leaf workshop/MANGO/Yellow mango/20230305_052232301_iOS_jpg.rf.6c35f7e903e9d109bf2c7981eb57b97a.jpg,mango,Yellow mango,mango_Yellow mango,20230305_052232301_iOS_jpg.rf.6c35f7e903e9d109bf2c7981eb57b97a.jpg,20932,12
leaf workshop/corn_dataset/Common_Rust/Corn_Common_Rust (1086).JPG,corn,Common_Rust,corn_Common_Rust,Corn_Common_Rust (1086).JPG,15920,7
leaf workshop/BANANA/Yellow banana/images-2-_jpg.rf.dab297f51cf5a5f826988ea25c2689cf.jpg,banana,Yellow banana,banana_Yellow banana,images-2-_jpg.rf.dab297f51cf5a5f826988ea25c2689cf.jpg,32438,2
leaf workshop/corn_dataset/Gray_Leaf_Spot/Corn_Gray_Spot (473).jpg,corn,Gray_Leaf_Spot,corn_Gray_Leaf_Spot,Corn_Gray_Spot (473).jpg,14338,8
leaf workshop/corn_dataset/Healthy/Corn_Health (550).jpg,corn,Healthy,corn_Healthy,Corn_Health (550).jpg,16038,9
leaf workshop/potato_dataset/Potato___healthy/Potato_healthy-90-_0_309.jpg,potato,Potato___healthy,potato_Potato___healthy,Potato_healthy-90-_0_309.jpg,15308,17
leaf workshop/corn_dataset/Gray_Leaf_Spot/Corn_Gray_Spot (509).jpg,corn,Gray_Leaf_Spot,corn_Gray_Leaf_Spot,Corn_Gray_Spot (509).jpg,13174,8
leaf workshop/corn_dataset/Healthy/Corn_Health (1032).jpg,corn,Healthy,corn_Healthy,Corn_Health (1032).jpg,18748,9
leaf workshop/corn_dataset/Gray_Leaf_Spot/Corn_Gray_Spot (20).jpg,corn,Gray_Leaf_Spot,corn_Gray_Leaf_Spot,Corn_Gray_Spot (20).jpg,16038,8
leaf workshop/potato_dataset/Potato___Late_blight/f7936082-7315-477d-9710-529a7024b32d___RS_LB 2546.JPG,potato,Potato___Late_blight,potato_Potato___Late_blight,f7936082-7315-477d-9710-529a7024b32d___RS_LB 2546.JPG,17074,16
leaf workshop/corn_dataset/Blight/Corn_Blight (401).JPG,corn,Blight,corn_Blight,Corn_Blight (401).JPG,11299,6
leaf workshop/corn_dataset/Common_Rust/Corn_Common_Rust (1184).JPG,corn,Common_Rust,corn_Common_Rust,Corn_Common_Rust (1184).JPG,11140,7
leaf workshop/corn_dataset/Gray_Leaf_Spot/Corn_Gray_Spot (516).JPG,corn,Gray_Leaf_Spot,corn_Gray_Leaf_Spot,Corn_Gray_Spot (516).JPG,12846,8
leaf workshop/MANGO/Yellow mango/20230305_052206241_iOS_jpg.rf.c70ff76c21b7dd7592c33151ea391d87.jpg,mango,Yellow mango,mango_Yellow mango,20230305_052206241_iOS_jpg.rf.c70ff76c21b7dd7592c33151ea391d87.jpg,21699,12
leaf workshop/MANGO/Rotten Mango/13-2-Copy-2-Copy_jpg.rf.5b81390eae8776a5cbbca9878b7fd5fe.jpg,mango,Rotten Mango,mango_Rotten Mango,13-2-Copy-2-Copy_jpg.rf.5b81390eae8776a5cbbca9878b7fd5fe.jpg,20612,11
leaf workshop/corn_dataset/Healthy/Corn_Health (326).jpg,corn,Healthy,corn_Healthy,Corn_Health (326).jpg,9394,9
leaf workshop/corn_dataset/Blight/Corn_Blight (654).JPG,corn,Blight,corn_Blight,Corn_Blight (654).JPG,14412,6
leaf workshop/corn_dataset/Blight/Corn_Blight (762).JPG,corn,Blight,corn_Blight,Corn_Blight (762).JPG,20139,6
leaf workshop/corn_dataset/Common_Rust/Corn_Common_Rust (130).JPG,corn,Common_Rust,corn_Common_Rust,Corn_Common_Rust (130).JPG,16012,7
leaf workshop/corn_dataset/Gray_Leaf_Spot/Corn_Gray_Spot (320).JPG,corn,Gray_Leaf_Spot,corn_Gray_Leaf_Spot,Corn_Gray_Spot (320).JPG,16266,8
leaf workshop/corn_dataset/Healthy/Corn_Health (171).jpg,corn,Healthy,corn_Healthy,Corn_Health (171).jpg,13971,9
leaf workshop/BANANA/Yellow banana/200428_jpg.rf.23ec3c8608c98e6724b7da254d78f4e0.jpg,banana,Yellow banana,banana_Yellow banana,200428_jpg.rf.23ec3c8608c98e6724b7da254d78f4e0.jpg,31788,2
leaf workshop/corn_dataset/Gray_Leaf_Spot/Corn_Gray_Spot (347).JPG,corn,Gray_Leaf_Spot,corn_Gray_Leaf_Spot,Corn_Gray_Spot (347).JPG,13157,8
leaf workshop/corn_dataset/Healthy/Corn_Health (1081).jpg,corn,Healthy,corn_Healthy,Corn_Health (1081).jpg,8463,9
leaf workshop/corn_dataset/Healthy/Corn_Health (1068).jpg,corn,Healthy,corn_Healthy,Corn_Health (1068).jpg,20887,9
leaf workshop/potato_dataset/Potato___healthy/Potato_healthy-90-_0_1065.jpg,potato,Potato___healthy,potato_Potato___healthy,Potato_healthy-90-_0_1065.jpg,14976,17
leaf workshop/corn_dataset/Gray_Leaf_Spot/Corn_Gray_Spot (331).JPG,corn,Gray_Leaf_Spot,corn_Gray_Leaf_Spot,Corn_Gray_Spot (331).JPG,17577,8
leaf workshop/ORANGE/orange/naranjas-rodajas-enteras_144627-3981_jpg.rf.029a1d6b131174d9f504c7d23f8fd1a5.jpg,orange,orange,orange_orange,naranjas-rodajas-enteras_144627-3981_jpg.rf.029a1d6b131174d9f504c7d23f8fd1a5.jpg,25890,14
leaf workshop/corn_dataset/Common_Rust/Corn_Common_Rust (1252).JPG,corn,Common_Rust,corn_Common_Rust,Corn_Common_Rust (1252).JPG,14615,7
leaf workshop/corn_dataset/Healthy/Corn_Health (1147).jpg,corn,Healthy,corn_Healthy,Corn_Health (1147).jpg,10190,9
leaf workshop/corn_dataset/Healthy/Corn_Health (367).jpg,corn,Healthy,corn_Healthy,Corn_Health (367).jpg,11765,9
leaf workshop/corn_dataset/Blight/Corn_Blight (710).JPG,corn,Blight,corn_Blight,Corn_Blight (710).JPG,14609,6
leaf workshop/potato_dataset/Potato___Early_blight/c42e79e4-76c0-406e-9779-6168330f4ca5___RS_Early.B 9008.JPG,potato,Potato___Early_blight,potato_Potato___Early_blight,c42e79e4-76c0-406e-9779-6168330f4ca5___RS_Early.B 9008.JPG,22248,15
leaf workshop/potato_dataset/Potato___healthy/Potato_healthy-89-_0_9282.jpg,potato,Potato___healthy,potato_Potato___healthy,Potato_healthy-89-_0_9282.jpg,17932,17
leaf workshop/corn_dataset/Common_Rust/Corn_Common_Rust (107).JPG,corn,Common_Rust,corn_Common_Rust,Corn_Common_Rust (107).JPG,11998,7
leaf workshop/corn_dataset/Blight/Corn_Blight (214).JPG,corn,Blight,corn_Blight,Corn_Blight (214).JPG,12284,6
leaf workshop/corn_dataset/Healthy/Corn_Health (389).jpg,corn,Healthy,corn_Healthy,Corn_Health (389).jpg,6289,9
leaf workshop/corn_dataset/Blight/Corn_Blight (1095).JPG,corn,Blight,corn_Blight,Corn_Blight (1095).JPG,12265,6
leaf workshop/potato_dataset/Potato___Late_blight/b9302a2f-a369-4b05-aed6-632287f42ed7___RS_LB 4452.JPG,potato,Potato___Late_blight,potato_Potato___Late_blight,b9302a2f-a369-4b05-aed6-632287f42ed7___RS_LB 4452.JPG,16104,16
leaf workshop/MANGO/Green mango/WIN_20230323_14_29_57_Pro_jpg.rf.a3732750084c5818579a6d3d92ffa3a5.jpg,mango,Green mango,mango_Green mango,WIN_20230323_14_29_57_Pro_jpg.rf.a3732750084c5818579a6d3d92ffa3a5.jpg,23545,10
leaf workshop/corn_dataset/Healthy/Corn_Health (1046).jpg,corn,Healthy,corn_Healthy,Corn_Health (1046).jpg,11900,9
leaf workshop/potato_dataset/Potato___Late_blight/f528b00d-99a6-41db-8d96-9eed58b519c1___RS_LB 4544.JPG,potato,Potato___Late_blight,potato_Potato___Late_blight,f528b00d-99a6-41db-8d96-9eed58b519c1___RS_LB 4544.JPG,13234,16
leaf workshop/corn_dataset/Blight/Corn_Blight (608).JPG,corn,Blight,corn_Blight,Corn_Blight (608).JPG,14412,6
leaf workshop/MANGO/Green mango/WIN_20230323_14_38_01_Pro_jpg.rf.d24fd609882a843f60e9398fb771f6d2.jpg,mango,Green mango,mango_Green mango,WIN_20230323_14_38_01_Pro_jpg.rf.d24fd609882a843f60e9398fb771f6d2.jpg,22506,10
leaf workshop/corn_dataset/Common_Rust/Corn_Common_Rust (567).JPG,corn,Common_Rust,corn_Common_Rust,Corn_Common_Rust (567).JPG,14435,7
leaf workshop/ORANGE/Ripe orange/92_jpg.rf.2902f7a5e232d590246ffc11bd2adbd1.jpg,orange,Ripe orange,orange_Ripe orange,92_jpg.rf.2902f7a5e232d590246ffc11bd2adbd1.jpg,29392,13
leaf workshop/corn_dataset/Gray_Leaf_Spot/Corn_Gray_Spot (377).jpg,corn,Gray_Leaf_Spot,corn_Gray_Leaf_Spot,Corn_Gray_Spot (377).jpg,14169,8
leaf workshop/potato_dataset/Potato___Early_blight/c43a5fd7-c60c-4a04-9835-bd35b551ec44___RS_Early.B 6701.JPG,potato,Potato___Early_blight,potato_Potato___Early_blight,c43a5fd7-c60c-4a04-9835-bd35b551ec44___RS_Early.B 6701.JPG,22443,15
leaf workshop/corn_dataset/Gray_Leaf_Spot/Corn_Gray_Spot (84).JPG,corn,Gray_Leaf_Spot,corn_Gray_Leaf_Spot,Corn_Gray_Spot (84).JPG,13195,8
leaf workshop/corn_dataset/Healthy/Corn_Health (26).jpg,corn,Healthy,corn_Healthy,Corn_Health (26).jpg,17806,9
leaf workshop/corn_dataset/Blight/Corn_Blight (64).jpg,corn,Blight,corn_Blight,Corn_Blight (64).jpg,84561,6
leaf workshop/coffee_dataset/phoma/283.jpg,coffee,phoma,coffee_phoma,283.jpg,91171,5
leaf workshop/corn_dataset/Common_Rust/Corn_Common_Rust (368).JPG,corn,Common_Rust,corn_Common_Rust,Corn_Common_Rust (368).JPG,17720,7
leaf workshop/ORANGE/orange/image22_jpeg_jpg.rf.9d6c97b6911de968609b8431c2661278.jpg,orange,orange,orange_orange,image22_jpeg_jpg.rf.9d6c97b6911de968609b8431c2661278.jpg,24114,14
leaf workshop/potato_dataset/Potato___Late_blight/fe9d57f1-8e00-4069-963a-b344cceca7b3___RS_LB 4486.JPG,potato,Potato___Late_blight,potato_Potato___Late_blight,fe9d57f1-8e00-4069-963a-b344cceca7b3___RS_LB 4486.JPG,16233,16
leaf workshop/BANANA/Yellow banana/26_JPG_jpg.rf.2810d280510969361a8373bcb0652f89.jpg,banana,Yellow banana,banana_Yellow banana,26_JPG_jpg.rf.2810d280510969361a8373bcb0652f89.jpg,12265,2
leaf workshop/corn_dataset/Common_Rust/Corn_Common_Rust (1077).JPG,corn,Common_Rust,corn_Common_Rust,Corn_Common_Rust (1077).JPG,11348,7
leaf workshop/corn_dataset/Healthy/Corn_Health (166).jpg,corn,Healthy,corn_Healthy,Corn_Health (166).jpg,10299,9
leaf workshop/corn_dataset/Blight/Corn_Blight (305).JPG,corn,Blight,corn_Blight,Corn_Blight (305).JPG,12178,6
leaf workshop/potato_dataset/Potato___Early_blight/dcdcc724-b029-4987-9d12-ccc8893ac6b4___RS_Early.B 8387.JPG,potato,Potato___Early_blight,potato_Potato___Early_blight,dcdcc724-b029-4987-9d12-ccc8893ac6b4___RS_Early.B 8387.JPG,18853,15
leaf workshop/corn_dataset/Healthy/Corn_Health (827).jpg,corn,Healthy,corn_Healthy,Corn_Health (827).jpg,6752,9
leaf workshop/MANGO/Rotten Mango/20230305_061240373_iOS_jpg.rf.0690dee2dbe3bacf02e2bec1d2c17ba7.jpg,mango,Rotten Mango,mango_Rotten Mango,20230305_061240373_iOS_jpg.rf.0690dee2dbe3bacf02e2bec1d2c17ba7.jpg,23334,11
leaf workshop/corn_dataset/Blight/Corn_Blight (607).JPG,corn,Blight,corn_Blight,Corn_Blight (607).JPG,16476,6
leaf workshop/corn_dataset/Gray_Leaf_Spot/Corn_Gray_Spot (428).JPG,corn,Gray_Leaf_Spot,corn_Gray_Leaf_Spot,Corn_Gray_Spot (428).JPG,14105,8
leaf workshop/potato_dataset/Potato___healthy/Potato_healthy-135-_0_2200.jpg,potato,Potato___healthy,potato_Potato___healthy,Potato_healthy-135-_0_2200.jpg,16389,17
leaf workshop/corn_dataset/Healthy/Corn_Health (157).jpg,corn,Healthy,corn_Healthy,Corn_Health (157).jpg,13415,9
leaf workshop/ORANGE/Ripe orange/37_jpg.rf.9d447f25cdc28e72c1ad0be21f5fbfc2.jpg,orange,Ripe orange,orange_Ripe orange,37_jpg.rf.9d447f25cdc28e72c1ad0be21f5fbfc2.jpg,25069,13
leaf workshop/coffee_dataset/phoma/271.jpg,coffee,phoma,coffee_phoma,271.jpg,106386,5
leaf workshop/corn_dataset/Healthy/Corn_Health (567).jpg,corn,Healthy,corn_Healthy,Corn_Health (567).jpg,18792,9
leaf workshop/corn_dataset/Gray_Leaf_Spot/Corn_Gray_Spot (264).JPG,corn,Gray_Leaf_Spot,corn_Gray_Leaf_Spot,Corn_Gray_Spot (264).JPG,20168,8
leaf workshop/MANGO/Yellow mango/04658da757a7beb5462ef567b57e0c9a_jpg.rf.c6c27629b01f36b64be58b809de849ad.jpg,mango,Yellow mango,mango_Yellow mango,04658da757a7beb5462ef567b57e0c9a_jpg.rf.c6c27629b01f36b64be58b809de849ad.jpg,24686,12
leaf workshop/corn_dataset/Healthy/Corn_Health (290).jpg,corn,Healthy,corn_Healthy,Corn_Health (290).jpg,8967,9
leaf workshop/corn_dataset/Healthy/Corn_Health (115).jpg,corn,Healthy,corn_Healthy,Corn_Health (115).jpg,14234,9
leaf workshop/corn_dataset/Healthy/Corn_Health (297).jpg,corn,Healthy,corn_Healthy,Corn_Health (297).jpg,11416,9
leaf workshop/corn_dataset/Common_Rust/Corn_Common_Rust (1072).JPG,corn,Common_Rust,corn_Common_Rust,Corn_Common_Rust (1072).JPG,11069,7
leaf workshop/corn_dataset/Healthy/Corn_Health (27).jpg,corn,Healthy,corn_Healthy,Corn_Health (27).jpg,11330,9
leaf workshop/corn_dataset/Blight/Corn_Blight (1114).jpg,corn,Blight,corn_Blight,Corn_Blight (1114).jpg,112239,6
leaf workshop/corn_dataset/Healthy/Corn_Health (777).jpg,corn,Healthy,corn_Healthy,Corn_Health (777).jpg,12503,9
leaf workshop/corn_dataset/Common_Rust/Corn_Common_Rust (155).JPG,corn,Common_Rust,corn_Common_Rust,Corn_Common_Rust (155).JPG,17356,7
leaf workshop/BANANA/Green banana/117_jpg.rf.992169e19d8a4a54bf10caeb733919fd.jpg,banana,Green banana,banana_Green banana,117_jpg.rf.992169e19d8a4a54bf10caeb733919fd.jpg,28343,0
leaf workshop/corn_dataset/Gray_Leaf_Spot/Corn_Gray_Spot (140).JPG,corn,Gray_Leaf_Spot,corn_Gray_Leaf_Spot,Corn_Gray_Spot (140).JPG,15564,8
leaf workshop/corn_dataset/Blight/Corn_Blight (114).JPG,corn,Blight,corn_Blight,Corn_Blight (114).JPG,13728,6
leaf workshop/corn_dataset/Gray_Leaf_Spot/Corn_Gray_Spot (177).JPG,corn,Gray_Leaf_Spot,corn_Gray_Leaf_Spot,Corn_Gray_Spot (177).JPG,15280,8
leaf workshop/corn_dataset/Gray_Leaf_Spot/Corn_Gray_Spot (476).JPG,corn,Gray_Leaf_Spot,corn_Gray_Leaf_Spot,Corn_Gray_Spot (476).JPG,17083,8
leaf workshop/corn_dataset/Healthy/Corn_Health (829).jpg,corn,Healthy,corn_Healthy,Corn_Health (829).jpg,10235,9
leaf workshop/ORANGE/Ripe orange/2_jpg.rf.b1fc212b4f06e81ceec796de86b6d147.jpg,orange,Ripe orange,orange_Ripe orange,2_jpg.rf.b1fc212b4f06e81ceec796de86b6d147.jpg,26285,13
leaf workshop/corn_dataset/Healthy/Corn_Health (958).jpg,corn,Healthy,corn_Healthy,Corn_Health (958).jpg,10467,9
leaf workshop/corn_dataset/Healthy/Corn_Health (74).jpg,corn,Healthy,corn_Healthy,Corn_Health (74).jpg,9532,9
leaf workshop/corn_dataset/Healthy/Corn_Health (6).jpg,corn,Healthy,corn_Healthy,Corn_Health (6).jpg,6911,9
leaf workshop/corn_dataset/Gray_Leaf_Spot/Corn_Gray_Spot (88).JPG,corn,Gray_Leaf_Spot,corn_Gray_Leaf_Spot,Corn_Gray_Spot (88).JPG,14371,8
leaf workshop/corn_dataset/Blight/Corn_Blight (181).JPG,corn,Blight,corn_Blight,Corn_Blight (181).JPG,14863,6
leaf workshop/corn_dataset/Blight/Corn_Blight (95).jpg,corn,Blight,corn_Blight,Corn_Blight (95).jpg,2470559,6
leaf workshop/ORANGE/orange/image14_jpeg_jpg.rf.09d306e203dc3bd3cd76a0d93fcc3fc0.jpg,orange,orange,orange_orange,image14_jpeg_jpg.rf.09d306e203dc3bd3cd76a0d93fcc3fc0.jpg,17578,14
leaf workshop/coffee_dataset/phoma/260.jpg,coffee,phoma,coffee_phoma,260.jpg,89534,5
leaf workshop/corn_dataset/Gray_Leaf_Spot/Corn_Gray_Spot (16).jpg,corn,Gray_Leaf_Spot,corn_Gray_Leaf_Spot,Corn_Gray_Spot (16).jpg,76096,8
leaf workshop/coffee_dataset/healthy/3.jpg,coffee,healthy,coffee_healthy,3.jpg,169986,3
leaf workshop/corn_dataset/Blight/Corn_Blight (307).jpg,corn,Blight,corn_Blight,Corn_Blight (307).jpg,15262,6
leaf workshop/corn_dataset/Blight/Corn_Blight (19).jpg,corn,Blight,corn_Blight,Corn_Blight (19).jpg,24040,6
leaf workshop/ORANGE/orange/226_jpg.rf.2ef869328bfe99fb42887d6cbe41d089.jpg,orange,orange,orange_orange,226_jpg.rf.2ef869328bfe99fb42887d6cbe41d089.jpg,15637,14
leaf workshop/potato_dataset/Potato___Early_blight/da4c4f0f-ea7b-489a-8ac1-f8c63ff59bc4___RS_Early.B 8818.JPG,potato,Potato___Early_blight,potato_Potato___Early_blight,da4c4f0f-ea7b-489a-8ac1-f8c63ff59bc4___RS_Early.B 8818.JPG,18994,15
leaf workshop/corn_dataset/Gray_Leaf_Spot/Corn_Gray_Spot (532).JPG,corn,Gray_Leaf_Spot,corn_Gray_Leaf_Spot,Corn_Gray_Spot (532).JPG,15215,8
leaf workshop/corn_dataset/Healthy/Corn_Health (965).jpg,corn,Healthy,corn_Healthy,Corn_Health (965).jpg,12791,9
leaf workshop/corn_dataset/Common_Rust/Corn_Common_Rust (1171).JPG,corn,Common_Rust,corn_Common_Rust,Corn_Common_Rust (1171).JPG,13533,7
leaf workshop/corn_dataset/Blight/Corn_Blight (116).JPG,corn,Blight,corn_Blight,Corn_Blight (116).JPG,14896,6
leaf workshop/coffee_dataset/leaf_rust/128.jpg,coffee,leaf_rust,coffee_leaf_rust,128.jpg,200766,4
leaf workshop/corn_dataset/Healthy/Corn_Health (1053).jpg,corn,Healthy,corn_Healthy,Corn_Health (1053).jpg,11107,9
leaf workshop/corn_dataset/Blight/Corn_Blight (527).JPG,corn,Blight,corn_Blight,Corn_Blight (527).JPG,9908,6
leaf workshop/corn_dataset/Healthy/Corn_Health (487).jpg,corn,Healthy,corn_Healthy,Corn_Health (487).jpg,13122,9
leaf workshop/potato_dataset/Potato___healthy/Potato_healthy-122-_0_1664.jpg,potato,Potato___healthy,potato_Potato___healthy,Potato_healthy-122-_0_1664.jpg,17192,17
leaf workshop/coffee_dataset/phoma/278.jpg,coffee,phoma,coffee_phoma,278.jpg,111030,5
leaf workshop/potato_dataset/Potato___Late_blight/ced49a2c-c7b3-4c10-9475-2b004afebff1___RS_LB 4436.JPG,potato,Potato___Late_blight,potato_Potato___Late_blight,ced49a2c-c7b3-4c10-9475-2b004afebff1___RS_LB 4436.JPG,18228,16
leaf workshop/MANGO/Rotten Mango/d2ad59239a7f2e38da17b66c7c99dda22cbecd9d_jpeg_jpg.rf.d4f18c59bb5305124673b9b91fca0142.jpg,mango,Rotten Mango,mango_Rotten Mango,d2ad59239a7f2e38da17b66c7c99dda22cbecd9d_jpeg_jpg.rf.d4f18c59bb5305124673b9b91fca0142.jpg,28839,11
leaf workshop/corn_dataset/Healthy/Corn_Health (293).jpg,corn,Healthy,corn_Healthy,Corn_Health (293).jpg,7142,9
leaf workshop/corn_dataset/Healthy/Corn_Health (591).jpg,corn,Healthy,corn_Healthy,Corn_Health (591).jpg,8086,9
leaf workshop/corn_dataset/Blight/Corn_Blight (759).JPG,corn,Blight,corn_Blight,Corn_Blight (759).JPG,14662,6
leaf workshop/corn_dataset/Healthy/Corn_Health (408).jpg,corn,Healthy,corn_Healthy,Corn_Health (408).jpg,16407,9
leaf workshop/corn_dataset/Common_Rust/Corn_Common_Rust (719).JPG,corn,Common_Rust,corn_Common_Rust,Corn_Common_Rust (719).JPG,15091,7
leaf workshop/corn_dataset/Healthy/Corn_Health (867).jpg,corn,Healthy,corn_Healthy,Corn_Health (867).jpg,13299,9
leaf workshop/corn_dataset/Blight/Corn_Blight (691).JPG,corn,Blight,corn_Blight,Corn_Blight (691).JPG,13805,6
leaf workshop/corn_dataset/Blight/Corn_Blight (311).JPG,corn,Blight,corn_Blight,Corn_Blight (311).JPG,13595,6
leaf workshop/corn_dataset/Blight/Corn_Blight (98).jpg,corn,Blight,corn_Blight,Corn_Blight (98).jpg,307018,6
leaf workshop/corn_dataset/Healthy/Corn_Health (239).jpg,corn,Healthy,corn_Healthy,Corn_Health (239).jpg,10749,9
leaf workshop/corn_dataset/Blight/Corn_Blight (581).JPG,corn,Blight,corn_Blight,Corn_Blight (581).JPG,13905,6
leaf workshop/potato_dataset/Potato___healthy/Potato_healthy-136-_0_8505.jpg,potato,Potato___healthy,potato_Potato___healthy,Potato_healthy-136-_0_8505.jpg,15607,17
leaf workshop/ORANGE/Ripe orange/48_jpg.rf.adc3cf4cc7fb79aecc81065fd2067ce1.jpg,orange,Ripe orange,orange_Ripe orange,48_jpg.rf.adc3cf4cc7fb79aecc81065fd2067ce1.jpg,29738,13
leaf workshop/ORANGE/orange/images372_jpg.rf.636eef2c00d95aa74082345fca0d6328.jpg,orange,orange,orange_orange,images372_jpg.rf.636eef2c00d95aa74082345fca0d6328.jpg,19095,14
leaf workshop/corn_dataset/Gray_Leaf_Spot/Corn_Gray_Spot (139).JPG,corn,Gray_Leaf_Spot,corn_Gray_Leaf_Spot,Corn_Gray_Spot (139).JPG,11843,8
leaf workshop/corn_dataset/Gray_Leaf_Spot/Corn_Gray_Spot (218).JPG,corn,Gray_Leaf_Spot,corn_Gray_Leaf_Spot,Corn_Gray_Spot (218).JPG,15425,8
leaf workshop/corn_dataset/Common_Rust/Corn_Common_Rust (428).JPG,corn,Common_Rust,corn_Common_Rust,Corn_Common_Rust (428).JPG,13700,7
leaf workshop/potato_dataset/Potato___Late_blight/cd04dd6c-fe7b-4587-ae2e-69228969d9d6___RS_LB 4824.JPG,potato,Potato___Late_blight,potato_Potato___Late_blight,cd04dd6c-fe7b-4587-ae2e-69228969d9d6___RS_LB 4824.JPG,21384,16
leaf workshop/corn_dataset/Blight/Corn_Blight (409).JPG,corn,Blight,corn_Blight,Corn_Blight (409).JPG,10023,6
leaf workshop/corn_dataset/Healthy/Corn_Health (391).jpg,corn,Healthy,corn_Healthy,Corn_Health (391).jpg,14067,9
leaf workshop/corn_dataset/Healthy/Corn_Health (386).jpg,corn,Healthy,corn_Healthy,Corn_Health (386).jpg,9969,9
leaf workshop/potato_dataset/Potato___Late_blight/dd36e5d1-434f-41ce-8f7b-6528e9adc77d___RS_LB 4060.JPG,potato,Potato___Late_blight,potato_Potato___Late_blight,dd36e5d1-434f-41ce-8f7b-6528e9adc77d___RS_LB 4060.JPG,12739,16
leaf workshop/corn_dataset/Common_Rust/Corn_Common_Rust (724).JPG,corn,Common_Rust,corn_Common_Rust,Corn_Common_Rust (724).JPG,13924,7
leaf workshop/corn_dataset/Blight/Corn_Blight (1005).JPG,corn,Blight,corn_Blight,Corn_Blight (1005).JPG,14652,6
leaf workshop/corn_dataset/Common_Rust/Corn_Common_Rust (1240).JPG,corn,Common_Rust,corn_Common_Rust,Corn_Common_Rust (1240).JPG,15011,7
leaf workshop/corn_dataset/Healthy/Corn_Health (450).jpg,corn,Healthy,corn_Healthy,Corn_Health (450).jpg,7606,9
leaf workshop/potato_dataset/Potato___Early_blight/bb3d6df0-683e-4f04-afaf-277a36edad6c___RS_Early.B 9070.JPG,potato,Potato___Early_blight,potato_Potato___Early_blight,bb3d6df0-683e-4f04-afaf-277a36edad6c___RS_Early.B 9070.JPG,22462,15
leaf workshop/ORANGE/orange/images119_jpg.rf.949fb072fb51351a08f3701da060997c.jpg,orange,orange,orange_orange,images119_jpg.rf.949fb072fb51351a08f3701da060997c.jpg,15395,14
leaf workshop/corn_dataset/Blight/Corn_Blight (872).JPG,corn,Blight,corn_Blight,Corn_Blight (872).JPG,14577,6
leaf workshop/corn_dataset/Blight/Corn_Blight (174).JPG,corn,Blight,corn_Blight,Corn_Blight (174).JPG,12898,6
leaf workshop/potato_dataset/Potato___Late_blight/f62c0408-af09-4883-a780-7bd335e60443___RS_LB 5258.JPG,potato,Potato___Late_blight,potato_Potato___Late_blight,f62c0408-af09-4883-a780-7bd335e60443___RS_LB 5258.JPG,14151,16
leaf workshop/potato_dataset/Potato___Late_blight/e01f9ba8-74b9-48d8-b96c-ac48463a4d29___RS_LB 2857.JPG,potato,Potato___Late_blight,potato_Potato___Late_blight,e01f9ba8-74b9-48d8-b96c-ac48463a4d29___RS_LB 2857.JPG,15498,16
leaf workshop/corn_dataset/Blight/Corn_Blight (546).JPG,corn,Blight,corn_Blight,Corn_Blight (546).JPG,11064,6
leaf workshop/corn_dataset/Blight/Corn_Blight (336).JPG,corn,Blight,corn_Blight,Corn_Blight (336).JPG,10312,6
leaf workshop/corn_dataset/Healthy/Corn_Health (1099).jpg,corn,Healthy,corn_Healthy,Corn_Health (1099).jpg,12276,9
leaf workshop/corn_dataset/Blight/Corn_Blight (844).JPG,corn,Blight,corn_Blight,Corn_Blight (844).JPG,12551,6
leaf workshop/coffee_dataset/phoma/279.jpg,coffee,phoma,coffee_phoma,279.jpg,111001,5
leaf workshop/potato_dataset/Potato___healthy/Potato_healthy-101-_0_8555.jpg,potato,Potato___healthy,potato_Potato___healthy,Potato_healthy-101-_0_8555.jpg,13816,17
leaf workshop/corn_dataset/Healthy/Corn_Health (82).jpg,corn,Healthy,corn_Healthy,Corn_Health (82).jpg,14031,9
leaf workshop/corn_dataset/Healthy/Corn_Health (809).jpg,corn,Healthy,corn_Healthy,Corn_Health (809).jpg,11805,9
leaf workshop/MANGO/Yellow mango/20230305_052132408_iOS_jpg.rf.5327d3f3c6af2942d2a971ebfdfa0142.jpg,mango,Yellow mango,mango_Yellow mango,20230305_052132408_iOS_jpg.rf.5327d3f3c6af2942d2a971ebfdfa0142.jpg,21465,12
leaf workshop/corn_dataset/Blight/Corn_Blight (156).JPG,corn,Blight,corn_Blight,Corn_Blight (156).JPG,15688,6
leaf workshop/potato_dataset/Potato___healthy/Potato_healthy-128-_0_9511.jpg,potato,Potato___healthy,potato_Potato___healthy,Potato_healthy-128-_0_9511.jpg,14675,17
leaf workshop/potato_dataset/Potato___Early_blight/ed270d5d-3523-4bc2-b208-4f5304bbfeef___RS_Early.B 8218.JPG,potato,Potato___Early_blight,potato_Potato___Early_blight,ed270d5d-3523-4bc2-b208-4f5304bbfeef___RS_Early.B 8218.JPG,20394,15
leaf workshop/corn_dataset/Blight/Corn_Blight (201).JPG,corn,Blight,corn_Blight,Corn_Blight (201).JPG,15157,6
leaf workshop/coffee_dataset/leaf_rust/148.jpg,coffee,leaf_rust,coffee_leaf_rust,148.jpg,149043,4
leaf workshop/corn_dataset/Gray_Leaf_Spot/Corn_Gray_Spot (127).JPG,corn,Gray_Leaf_Spot,corn_Gray_Leaf_Spot,Corn_Gray_Spot (127).JPG,9131,8
leaf workshop/corn_dataset/Healthy/Corn_Health (689).jpg,corn,Healthy,corn_Healthy,Corn_Health (689).jpg,8026,9
leaf workshop/coffee_dataset/phoma/261.jpg,coffee,phoma,coffee_phoma,261.jpg,89538,5
leaf workshop/corn_dataset/Blight/Corn_Blight (702).JPG,corn,Blight,corn_Blight,Corn_Blight (702).JPG,13964,6
leaf workshop/corn_dataset/Common_Rust/Corn_Common_Rust (459).JPG,corn,Common_Rust,corn_Common_Rust,Corn_Common_Rust (459).JPG,10140,7
leaf workshop/potato_dataset/Potato___Late_blight/cd413b65-05b0-4bbd-9896-4951d11e920d___RS_LB 4575.JPG,potato,Potato___Late_blight,potato_Potato___Late_blight,cd413b65-05b0-4bbd-9896-4951d11e920d___RS_LB 4575.JPG,17433,16
leaf workshop/corn_dataset/Common_Rust/Corn_Common_Rust (1161).JPG,corn,Common_Rust,corn_Common_Rust,Corn_Common_Rust (1161).JPG,11689,7
leaf workshop/corn_dataset/Common_Rust/Corn_Common_Rust (1039).JPG,corn,Common_Rust,corn_Common_Rust,Corn_Common_Rust (1039).JPG,13689,7
leaf workshop/corn_dataset/Gray_Leaf_Spot/Corn_Gray_Spot (441).JPG,corn,Gray_Leaf_Spot,corn_Gray_Leaf_Spot,Corn_Gray_Spot (441).JPG,19919,8
leaf workshop/ORANGE/Ripe orange/64_jpg.rf.db76d169e3e1fce3db74f84d9bbc53b8.jpg,orange,Ripe orange,orange_Ripe orange,64_jpg.rf.db76d169e3e1fce3db74f84d9bbc53b8.jpg,27449,13
leaf workshop/corn_dataset/Blight/Corn_Blight (240).JPG,corn,Blight,corn_Blight,Corn_Blight (240).JPG,16404,6
leaf workshop/corn_dataset/Healthy/Corn_Health (262).jpg,corn,Healthy,corn_Healthy,Corn_Health (262).jpg,16372,9
leaf workshop/corn_dataset/Common_Rust/Corn_Common_Rust (708).JPG,corn,Common_Rust,corn_Common_Rust,Corn_Common_Rust (708).JPG,16191,7
leaf workshop/coffee_dataset/leaf_rust/139.jpg,coffee,leaf_rust,coffee_leaf_rust,139.jpg,175173,4
leaf workshop/potato_dataset/Potato___Late_blight/f14f54ba-3706-4f6e-8152-01226e55c86e___RS_LB 4237.JPG,potato,Potato___Late_blight,potato_Potato___Late_blight,f14f54ba-3706-4f6e-8152-01226e55c86e___RS_LB 4237.JPG,19264,16
leaf workshop/corn_dataset/Blight/Corn_Blight (737).JPG,corn,Blight,corn_Blight,Corn_Blight (737).JPG,14684,6
leaf workshop/corn_dataset/Blight/Corn_Blight (930).JPG,corn,Blight,corn_Blight,Corn_Blight (930).JPG,13223,6
leaf workshop/corn_dataset/Gray_Leaf_Spot/Corn_Gray_Spot (18).jpg,corn,Gray_Leaf_Spot,corn_Gray_Leaf_Spot,Corn_Gray_Spot (18).jpg,58838,8
leaf workshop/corn_dataset/Gray_Leaf_Spot/Corn_Gray_Spot (480).jpg,corn,Gray_Leaf_Spot,corn_Gray_Leaf_Spot,Corn_Gray_Spot (480).jpg,13616,8
leaf workshop/corn_dataset/Healthy/Corn_Health (914).jpg,corn,Healthy,corn_Healthy,Corn_Health (914).jpg,13498,9
leaf workshop/corn_dataset/Gray_Leaf_Spot/Corn_Gray_Spot (554).JPG,corn,Gray_Leaf_Spot,corn_Gray_Leaf_Spot,Corn_Gray_Spot (554).JPG,11168,8
leaf workshop/potato_dataset/Potato___healthy/Potato_healthy-146-_0_9879.jpg,potato,Potato___healthy,potato_Potato___healthy,Potato_healthy-146-_0_9879.jpg,14163,17
leaf workshop/MANGO/Rotten Mango/-4_jpg.rf.0b2d1c802956fc5680b4abb90110176f.jpg,mango,Rotten Mango,mango_Rotten Mango,-4_jpg.rf.0b2d1c802956fc5680b4abb90110176f.jpg,33625,11
leaf workshop/corn_dataset/Gray_Leaf_Spot/Corn_Gray_Spot (378).JPG,corn,Gray_Leaf_Spot,corn_Gray_Leaf_Spot,Corn_Gray_Spot (378).JPG,18694,8
leaf workshop/ORANGE/Ripe orange/40_jpg.rf.f52f55fd8f33c5ba4b00c9471769d552.jpg,orange,Ripe orange,orange_Ripe orange,40_jpg.rf.f52f55fd8f33c5ba4b00c9471769d552.jpg,22837,13
leaf workshop/ORANGE/orange/image12_jpeg_jpg.rf.57f7a2833d33b20b358fccdce08ef4cb.jpg,orange,orange,orange_orange,image12_jpeg_jpg.rf.57f7a2833d33b20b358fccdce08ef4cb.jpg,21118,14
leaf workshop/corn_dataset/Common_Rust/Corn_Common_Rust (1234).JPG,corn,Common_Rust,corn_Common_Rust,Corn_Common_Rust (1234).JPG,12224,7
leaf workshop/corn_dataset/Gray_Leaf_Spot/Corn_Gray_Spot (471).JPG,corn,Gray_Leaf_Spot,corn_Gray_Leaf_Spot,Corn_Gray_Spot (471).JPG,15363,8
leaf workshop/corn_dataset/Common_Rust/Corn_Common_Rust (22).jpg,corn,Common_Rust,corn_Common_Rust,Corn_Common_Rust (22).jpg,764506,7
leaf workshop/corn_dataset/Common_Rust/Corn_Common_Rust (35).jpg,corn,Common_Rust,corn_Common_Rust,Corn_Common_Rust (35).jpg,56462,7
leaf workshop/corn_dataset/Common_Rust/Corn_Common_Rust (287).JPG,corn,Common_Rust,corn_Common_Rust,Corn_Common_Rust (287).JPG,11705,7
leaf workshop/corn_dataset/Healthy/Corn_Health (112).jpg,corn,Healthy,corn_Healthy,Corn_Health (112).jpg,5509,9
leaf workshop/corn_dataset/Healthy/Corn_Health (658).jpg,corn,Healthy,corn_Healthy,Corn_Health (658).jpg,6971,9
leaf workshop/potato_dataset/Potato___Early_blight/c17c36ed-c36f-42d4-812d-3b17158063d3___RS_Early.B 8398.JPG,potato,Potato___Early_blight,potato_Potato___Early_blight,c17c36ed-c36f-42d4-812d-3b17158063d3___RS_Early.B 8398.JPG,20486,15
leaf workshop/corn_dataset/Healthy/Corn_Health (448).jpg,corn,Healthy,corn_Healthy,Corn_Health (448).jpg,10538,9
leaf workshop/corn_dataset/Blight/Corn_Blight (405).JPG,corn,Blight,corn_Blight,Corn_Blight (405).JPG,13338,6
leaf workshop/potato_dataset/Potato___healthy/Potato_healthy-78-_0_3384.jpg,potato,Potato___healthy,potato_Potato___healthy,Potato_healthy-78-_0_3384.jpg,16312,17
leaf workshop/corn_dataset/Blight/Corn_Blight (873).JPG,corn,Blight,corn_Blight,Corn_Blight (873).JPG,14582,6
leaf workshop/corn_dataset/Healthy/Corn_Health (693).jpg,corn,Healthy,corn_Healthy,Corn_Health (693).jpg,15512,9
leaf workshop/corn_dataset/Blight/Corn_Blight (280).JPG,corn,Blight,corn_Blight,Corn_Blight (280).JPG,14978,6
leaf workshop/corn_dataset/Healthy/Corn_Health (266).jpg,corn,Healthy,corn_Healthy,Corn_Health (266).jpg,13990,9
leaf workshop/corn_dataset/Common_Rust/Corn_Common_Rust (1021).JPG,corn,Common_Rust,corn_Common_Rust,Corn_Common_Rust (1021).JPG,13754,7
leaf workshop/corn_dataset/Common_Rust/Corn_Common_Rust (169).JPG,corn,Common_Rust,corn_Common_Rust,Corn_Common_Rust (169).JPG,14779,7
leaf workshop/corn_dataset/Common_Rust/Corn_Common_Rust (507).JPG,corn,Common_Rust,corn_Common_Rust,Corn_Common_Rust (507).JPG,11914,7
leaf workshop/MANGO/Green mango/WIN_20230323_14_41_58_Pro_jpg.rf.744c33f8964ac5845376a5c5b12b6e6e.jpg,mango,Green mango,mango_Green mango,WIN_20230323_14_41_58_Pro_jpg.rf.744c33f8964ac5845376a5c5b12b6e6e.jpg,22827,10
leaf workshop/corn_dataset/Common_Rust/Corn_Common_Rust (651).JPG,corn,Common_Rust,corn_Common_Rust,Corn_Common_Rust (651).JPG,18924,7
leaf workshop/corn_dataset/Blight/Corn_Blight (1100).jpg,corn,Blight,corn_Blight,Corn_Blight (1100).jpg,2190482,6
leaf workshop/corn_dataset/Gray_Leaf_Spot/Corn_Gray_Spot (300).JPG,corn,Gray_Leaf_Spot,corn_Gray_Leaf_Spot,Corn_Gray_Spot (300).JPG,12844,8
leaf workshop/corn_dataset/Gray_Leaf_Spot/Corn_Gray_Spot (560).JPG,corn,Gray_Leaf_Spot,corn_Gray_Leaf_Spot,Corn_Gray_Spot (560).JPG,17740,8
leaf workshop/corn_dataset/Gray_Leaf_Spot/Corn_Gray_Spot (209).jpg,corn,Gray_Leaf_Spot,corn_Gray_Leaf_Spot,Corn_Gray_Spot (209).jpg,13063,8
leaf workshop/corn_dataset/Healthy/Corn_Health (657).jpg,corn,Healthy,corn_Healthy,Corn_Health (657).jpg,7946,9
leaf workshop/corn_dataset/Blight/Corn_Blight (61).jpg,corn,Blight,corn_Blight,Corn_Blight (61).jpg,120374,6
leaf workshop/ORANGE/orange/images157_jpg.rf.7b90bac05df980aff3c081697994fefe.jpg,orange,orange,orange_orange,images157_jpg.rf.7b90bac05df980aff3c081697994fefe.jpg,37773,14
leaf workshop/potato_dataset/Potato___Late_blight/e6d7f5aa-d176-4e43-9e0c-afc2901442f6___RS_LB 3066.JPG,potato,Potato___Late_blight,potato_Potato___Late_blight,e6d7f5aa-d176-4e43-9e0c-afc2901442f6___RS_LB 3066.JPG,17305,16
leaf workshop/corn_dataset/Common_Rust/Corn_Common_Rust (1095).JPG,corn,Common_Rust,corn_Common_Rust,Corn_Common_Rust (1095).JPG,17401,7
leaf workshop/corn_dataset/Common_Rust/Corn_Common_Rust (423).JPG,corn,Common_Rust,corn_Common_Rust,Corn_Common_Rust (423).JPG,14535,7
leaf workshop/corn_dataset/Healthy/Corn_Health (580).jpg,corn,Healthy,corn_Healthy,Corn_Health (580).jpg,10644,9
leaf workshop/corn_dataset/Healthy/Corn_Health (429).jpg,corn,Healthy,corn_Healthy,Corn_Health (429).jpg,9238,9
leaf workshop/BANANA/Rotten banana/translation_Screen-Shot-2018-06-12-at-9_27_41-PM_png.rf.bc05dacf87526c633f7712d5d62a0119.jpg,banana,Rotten banana,banana_Rotten banana,translation_Screen-Shot-2018-06-12-at-9_27_41-PM_png.rf.bc05dacf87526c633f7712d5d62a0119.jpg,17644,1
leaf workshop/corn_dataset/Gray_Leaf_Spot/Corn_Gray_Spot (191).JPG,corn,Gray_Leaf_Spot,corn_Gray_Leaf_Spot,Corn_Gray_Spot (191).JPG,13606,8
leaf workshop/corn_dataset/Common_Rust/Corn_Common_Rust (465).JPG,corn,Common_Rust,corn_Common_Rust,Corn_Common_Rust (465).JPG,14953,7
leaf workshop/corn_dataset/Gray_Leaf_Spot/Corn_Gray_Spot (214).JPG,corn,Gray_Leaf_Spot,corn_Gray_Leaf_Spot,Corn_Gray_Spot (214).JPG,14088,8
leaf workshop/potato_dataset/Potato___healthy/Potato_healthy-83-_0_5516.jpg,potato,Potato___healthy,potato_Potato___healthy,Potato_healthy-83-_0_5516.jpg,15855,17
leaf workshop/corn_dataset/Gray_Leaf_Spot/Corn_Gray_Spot (280).jpg,corn,Gray_Leaf_Spot,corn_Gray_Leaf_Spot,Corn_Gray_Spot (280).jpg,13461,8
leaf workshop/ORANGE/orange/image15_jpeg_jpg.rf.0b1b420ec2946e605d2c9637ff5138ee.jpg,orange,orange,orange_orange,image15_jpeg_jpg.rf.0b1b420ec2946e605d2c9637ff5138ee.jpg,21125,14
leaf workshop/potato_dataset/Potato___Late_blight/f81452c0-aa6a-4d2e-a4ba-c761a2e7870f___RS_LB 4280.JPG,potato,Potato___Late_blight,potato_Potato___Late_blight,f81452c0-aa6a-4d2e-a4ba-c761a2e7870f___RS_LB 4280.JPG,15764,16
leaf workshop/corn_dataset/Gray_Leaf_Spot/Corn_Gray_Spot (472).JPG,corn,Gray_Leaf_Spot,corn_Gray_Leaf_Spot,Corn_Gray_Spot (472).JPG,13917,8
leaf workshop/ORANGE/orange/img_941_jpeg.rf.6944f16c54116cb1eebc2afc21f96857.jpg,orange,orange,orange_orange,img_941_jpeg.rf.6944f16c54116cb1eebc2afc21f96857.jpg,37342,14
leaf workshop/ORANGE/Ripe orange/59_jpg.rf.f8834ed6cd5d2c81d12fa9be2547948d.jpg,orange,Ripe orange,orange_Ripe orange,59_jpg.rf.f8834ed6cd5d2c81d12fa9be2547948d.jpg,24000,13
leaf workshop/corn_dataset/Gray_Leaf_Spot/Corn_Gray_Spot (558).JPG,corn,Gray_Leaf_Spot,corn_Gray_Leaf_Spot,Corn_Gray_Spot (558).JPG,17199,8
leaf workshop/corn_dataset/Common_Rust/Corn_Common_Rust (1102).JPG,corn,Common_Rust,corn_Common_Rust,Corn_Common_Rust (1102).JPG,14001,7
leaf workshop/potato_dataset/Potato___Late_blight/bf6ce80d-ca31-4d72-b56a-dbd6e6f2847a___RS_LB 4022.JPG,potato,Potato___Late_blight,potato_Potato___Late_blight,bf6ce80d-ca31-4d72-b56a-dbd6e6f2847a___RS_LB 4022.JPG,16043,16
leaf workshop/potato_dataset/Potato___Early_blight/ee8df9d4-1893-49a4-b2e9-aee2b1e85ca0___RS_Early.B 6926.JPG,potato,Potato___Early_blight,potato_Potato___Early_blight,ee8df9d4-1893-49a4-b2e9-aee2b1e85ca0___RS_Early.B 6926.JPG,22129,15
leaf workshop/ORANGE/orange/216_jpg.rf.662a61c069470b4ae15bcce7bd5ff7bb.jpg,orange,orange,orange_orange,216_jpg.rf.662a61c069470b4ae15bcce7bd5ff7bb.jpg,19571,14
leaf workshop/corn_dataset/Common_Rust/Corn_Common_Rust (484).JPG,corn,Common_Rust,corn_Common_Rust,Corn_Common_Rust (484).JPG,12204,7
leaf workshop/corn_dataset/Blight/Corn_Blight (853).jpg,corn,Blight,corn_Blight,Corn_Blight (853).jpg,13221,6
leaf workshop/corn_dataset/Blight/Corn_Blight (712).JPG,corn,Blight,corn_Blight,Corn_Blight (712).JPG,12190,6
leaf workshop/corn_dataset/Blight/Corn_Blight (540).jpg,corn,Blight,corn_Blight,Corn_Blight (540).jpg,13970,6
leaf workshop/potato_dataset/Potato___Early_blight/fd5b1e1f-48a8-42bd-82b5-cf762504708b___RS_Early.B 8149.JPG,potato,Potato___Early_blight,potato_Potato___Early_blight,fd5b1e1f-48a8-42bd-82b5-cf762504708b___RS_Early.B 8149.JPG,22628,15
leaf workshop/corn_dataset/Healthy/Corn_Health (973).jpg,corn,Healthy,corn_Healthy,Corn_Health (973).jpg,9419,9
leaf workshop/potato_dataset/Potato___healthy/Potato_healthy-99-_0_387.jpg,potato,Potato___healthy,potato_Potato___healthy,Potato_healthy-99-_0_387.jpg,14939,17
leaf workshop/corn_dataset/Healthy/Corn_Health (1087).jpg,corn,Healthy,corn_Healthy,Corn_Health (1087).jpg,14275,9
leaf workshop/potato_dataset/Potato___Late_blight/f18c34fd-e43a-4338-b3f3-6537f2f84f98___RS_LB 4111.JPG,potato,Potato___Late_blight,potato_Potato___Late_blight,f18c34fd-e43a-4338-b3f3-6537f2f84f98___RS_LB 4111.JPG,12469,16
leaf workshop/corn_dataset/Blight/Corn_Blight (457).JPG,corn,Blight,corn_Blight,Corn_Blight (457).JPG,16119,6
leaf workshop/corn_dataset/Common_Rust/Corn_Common_Rust (1228).JPG,corn,Common_Rust,corn_Common_Rust,Corn_Common_Rust (1228).JPG,10483,7
leaf workshop/corn_dataset/Healthy/Corn_Health (1031).jpg,corn,Healthy,corn_Healthy,Corn_Health (1031).jpg,10283,9
leaf workshop/corn_dataset/Common_Rust/Corn_Common_Rust (1216).JPG,corn,Common_Rust,corn_Common_Rust,Corn_Common_Rust (1216).JPG,11953,7
leaf workshop/corn_dataset/Healthy/Corn_Health (557).jpg,corn,Healthy,corn_Healthy,Corn_Health (557).jpg,19501,9
leaf workshop/corn_dataset/Blight/Corn_Blight (508).JPG,corn,Blight,corn_Blight,Corn_Blight (508).JPG,14021,6
leaf workshop/ORANGE/orange/3105278_jpg.rf.e687b27739ef44fa9d14fd61b10583d1.jpg,orange,orange,orange_orange,3105278_jpg.rf.e687b27739ef44fa9d14fd61b10583d1.jpg,40004,14
leaf workshop/corn_dataset/Healthy/Corn_Health (1108).jpg,corn,Healthy,corn_Healthy,Corn_Health (1108).jpg,12366,9
leaf workshop/potato_dataset/Potato___Late_blight/e19d0007-3013-419d-a46a-0b1919f05cc4___RS_LB 4057.JPG,potato,Potato___Late_blight,potato_Potato___Late_blight,e19d0007-3013-419d-a46a-0b1919f05cc4___RS_LB 4057.JPG,12562,16
leaf workshop/corn_dataset/Gray_Leaf_Spot/Corn_Gray_Spot (66).JPG,corn,Gray_Leaf_Spot,corn_Gray_Leaf_Spot,Corn_Gray_Spot (66).JPG,15632,8
leaf workshop/corn_dataset/Gray_Leaf_Spot/Corn_Gray_Spot (407).JPG,corn,Gray_Leaf_Spot,corn_Gray_Leaf_Spot,Corn_Gray_Spot (407).JPG,13637,8
leaf workshop/ORANGE/Ripe orange/43_jpg.rf.2e8b2d695aafd5f59fc1bd7eb5f789c6.jpg,orange,Ripe orange,orange_Ripe orange,43_jpg.rf.2e8b2d695aafd5f59fc1bd7eb5f789c6.jpg,29921,13
leaf workshop/corn_dataset/Common_Rust/Corn_Common_Rust (495).JPG,corn,Common_Rust,corn_Common_Rust,Corn_Common_Rust (495).JPG,14131,7
leaf workshop/corn_dataset/Blight/Corn_Blight (814).JPG,corn,Blight,corn_Blight,Corn_Blight (814).JPG,11333,6
leaf workshop/corn_dataset/Blight/Corn_Blight (106).jpg,corn,Blight,corn_Blight,Corn_Blight (106).jpg,36274,6
leaf workshop/potato_dataset/Potato___healthy/Potato_healthy-80-_0_623.jpg,potato,Potato___healthy,potato_Potato___healthy,Potato_healthy-80-_0_623.jpg,18322,17
leaf workshop/corn_dataset/Common_Rust/Corn_Common_Rust (349).JPG,corn,Common_Rust,corn_Common_Rust,Corn_Common_Rust (349).JPG,15697,7
leaf workshop/corn_dataset/Blight/Corn_Blight (718).jpg,corn,Blight,corn_Blight,Corn_Blight (718).jpg,10987,6
leaf workshop/corn_dataset/Healthy/Corn_Health (1160).jpg,corn,Healthy,corn_Healthy,Corn_Health (1160).jpg,7501,9
leaf workshop/corn_dataset/Blight/Corn_Blight (775).JPG,corn,Blight,corn_Blight,Corn_Blight (775).JPG,14953,6
leaf workshop/corn_dataset/Healthy/Corn_Health (1129).jpg,corn,Healthy,corn_Healthy,Corn_Health (1129).jpg,15177,9
leaf workshop/corn_dataset/Healthy/Corn_Health (58).jpg,corn,Healthy,corn_Healthy,Corn_Health (58).jpg,12311,9
leaf workshop/corn_dataset/Blight/Corn_Blight (261).JPG,corn,Blight,corn_Blight,Corn_Blight (261).JPG,15368,6
leaf workshop/corn_dataset/Healthy/Corn_Health (747).jpg,corn,Healthy,corn_Healthy,Corn_Health (747).jpg,10603,9
leaf workshop/corn_dataset/Gray_Leaf_Spot/Corn_Gray_Spot (514).JPG,corn,Gray_Leaf_Spot,corn_Gray_Leaf_Spot,Corn_Gray_Spot (514).JPG,19288,8
leaf workshop/ORANGE/orange/img_171_jpeg.rf.7ddb839ef8e9bc9aed164550e5ba1ae9.jpg,orange,orange,orange_orange,img_171_jpeg.rf.7ddb839ef8e9bc9aed164550e5ba1ae9.jpg,20250,14
leaf workshop/corn_dataset/Common_Rust/Corn_Common_Rust (1014).JPG,corn,Common_Rust,corn_Common_Rust,Corn_Common_Rust (1014).JPG,17763,7
leaf workshop/MANGO/Green mango/IMG_89_jpg.rf.434308c5e8f5cf90e70ebe57f7f7278d.jpg,mango,Green mango,mango_Green mango,IMG_89_jpg.rf.434308c5e8f5cf90e70ebe57f7f7278d.jpg,13044,10
leaf workshop/potato_dataset/Potato___Late_blight/f4e0bb0f-5f98-497c-a090-4e4c47f6707b___RS_LB 5153.JPG,potato,Potato___Late_blight,potato_Potato___Late_blight,f4e0bb0f-5f98-497c-a090-4e4c47f6707b___RS_LB 5153.JPG,14617,16
leaf workshop/corn_dataset/Blight/Corn_Blight (35).jpg,corn,Blight,corn_Blight,Corn_Blight (35).jpg,107335,6
leaf workshop/corn_dataset/Healthy/Corn_Health (269).jpg,corn,Healthy,corn_Healthy,Corn_Health (269).jpg,12859,9
leaf workshop/corn_dataset/Blight/Corn_Blight (904).JPG,corn,Blight,corn_Blight,Corn_Blight (904).JPG,15680,6
leaf workshop/corn_dataset/Healthy/Corn_Health (824).jpg,corn,Healthy,corn_Healthy,Corn_Health (824).jpg,6731,9
leaf workshop/corn_dataset/Gray_Leaf_Spot/Corn_Gray_Spot (395).JPG,corn,Gray_Leaf_Spot,corn_Gray_Leaf_Spot,Corn_Gray_Spot (395).JPG,14046,8
leaf workshop/corn_dataset/Blight/Corn_Blight (1145).jpg,corn,Blight,corn_Blight,Corn_Blight (1145).jpg,29943,6
leaf workshop/corn_dataset/Blight/Corn_Blight (157).JPG,corn,Blight,corn_Blight,Corn_Blight (157).JPG,12611,6
leaf workshop/corn_dataset/Healthy/Corn_Health (204).jpg,corn,Healthy,corn_Healthy,Corn_Health (204).jpg,10294,9
leaf workshop/corn_dataset/Healthy/Corn_Health (475).jpg,corn,Healthy,corn_Healthy,Corn_Health (475).jpg,11186,9
leaf workshop/potato_dataset/Potato___Early_blight/edc5f476-dd30-4fab-a8a1-71faf6210420___RS_Early.B 7315.JPG,potato,Potato___Early_blight,potato_Potato___Early_blight,edc5f476-dd30-4fab-a8a1-71faf6210420___RS_Early.B 7315.JPG,20255,15
leaf workshop/corn_dataset/Healthy/Corn_Health (214).jpg,corn,Healthy,corn_Healthy,Corn_Health (214).jpg,10397,9
leaf workshop/MANGO/Green mango/IMG_20230116_105625_jpg.rf.669086c7fa70205d13c8d0a6f350ce79.jpg,mango,Green mango,mango_Green mango,IMG_20230116_105625_jpg.rf.669086c7fa70205d13c8d0a6f350ce79.jpg,16607,10
leaf workshop/corn_dataset/Healthy/Corn_Health (385).jpg,corn,Healthy,corn_Healthy,Corn_Health (385).jpg,7039,9
leaf workshop/ORANGE/orange/img_51_jpeg.rf.55a3b6a17dd61cc9a68d483b0600e18f.jpg,orange,orange,orange_orange,img_51_jpeg.rf.55a3b6a17dd61cc9a68d483b0600e18f.jpg,25664,14
leaf workshop/corn_dataset/Common_Rust/Corn_Common_Rust (677).JPG,corn,Common_Rust,corn_Common_Rust,Corn_Common_Rust (677).JPG,14732,7
leaf workshop/ORANGE/orange/img_11_jpeg.rf.203a2585821681d7612cb8e3646d57b4.jpg,orange,orange,orange_orange,img_11_jpeg.rf.203a2585821681d7612cb8e3646d57b4.jpg,22757,14
leaf workshop/potato_dataset/Potato___healthy/Potato_healthy-117-_0_3817.jpg,potato,Potato___healthy,potato_Potato___healthy,Potato_healthy-117-_0_3817.jpg,15192,17
leaf workshop/corn_dataset/Common_Rust/Corn_Common_Rust (1180).JPG,corn,Common_Rust,corn_Common_Rust,Corn_Common_Rust (1180).JPG,14566,7
leaf workshop/corn_dataset/Blight/Corn_Blight (246).jpg,corn,Blight,corn_Blight,Corn_Blight (246).jpg,18511,6
leaf workshop/corn_dataset/Common_Rust/Corn_Common_Rust (263).JPG,corn,Common_Rust,corn_Common_Rust,Corn_Common_Rust (263).JPG,12845,7
leaf workshop/corn_dataset/Blight/Corn_Blight (71).jpg,corn,Blight,corn_Blight,Corn_Blight (71).jpg,92345,6
leaf workshop/corn_dataset/Gray_Leaf_Spot/Corn_Gray_Spot (160).JPG,corn,Gray_Leaf_Spot,corn_Gray_Leaf_Spot,Corn_Gray_Spot (160).JPG,12983,8
leaf workshop/corn_dataset/Healthy/Corn_Health (111).jpg,corn,Healthy,corn_Healthy,Corn_Health (111).jpg,7783,9
leaf workshop/ORANGE/Ripe orange/65_jpg.rf.a008105453039a3d1561c9e873a4b5b4.jpg,orange,Ripe orange,orange_Ripe orange,65_jpg.rf.a008105453039a3d1561c9e873a4b5b4.jpg,21327,13
leaf workshop/corn_dataset/Gray_Leaf_Spot/Corn_Gray_Spot (324).JPG,corn,Gray_Leaf_Spot,corn_Gray_Leaf_Spot,Corn_Gray_Spot (324).JPG,16836,8
leaf workshop/corn_dataset/Blight/Corn_Blight (291).JPG,corn,Blight,corn_Blight,Corn_Blight (291).JPG,11104,6
leaf workshop/potato_dataset/Potato___healthy/Potato_healthy-146-_0_3702.jpg,potato,Potato___healthy,potato_Potato___healthy,Potato_healthy-146-_0_3702.jpg,13966,17
leaf workshop/corn_dataset/Blight/Corn_Blight (392).JPG,corn,Blight,corn_Blight,Corn_Blight (392).JPG,12970,6
leaf workshop/corn_dataset/Blight/Corn_Blight (199).JPG,corn,Blight,corn_Blight,Corn_Blight (199).JPG,9707,6
leaf workshop/corn_dataset/Blight/Corn_Blight (1017).JPG,corn,Blight,corn_Blight,Corn_Blight (1017).JPG,11667,6
leaf workshop/corn_dataset/Healthy/Corn_Health (276).JPG,corn,Healthy,corn_Healthy,Corn_Health (276).JPG,24100,9
leaf workshop/potato_dataset/Potato___healthy/Potato_healthy-123-_0_5874.jpg,potato,Potato___healthy,potato_Potato___healthy,Potato_healthy-123-_0_5874.jpg,16219,17
leaf workshop/ORANGE/orange/img_431_jpeg.rf.8ec17ff89e63666732fa2728cacf6387.jpg,orange,orange,orange_orange,img_431_jpeg.rf.8ec17ff89e63666732fa2728cacf6387.jpg,38615,14
leaf workshop/corn_dataset/Blight/Corn_Blight (754).jpg,corn,Blight,corn_Blight,Corn_Blight (754).jpg,12385,6
leaf workshop/potato_dataset/Potato___Early_blight/f32a2d3d-9ac5-426c-81d1-bc279def9ba4___RS_Early.B 7636.JPG,potato,Potato___Early_blight,potato_Potato___Early_blight,f32a2d3d-9ac5-426c-81d1-bc279def9ba4___RS_Early.B 7636.JPG,21375,15
leaf workshop/MANGO/Green mango/WIN_20230323_14_31_36_Pro_jpg.rf.b31c7a5cac8bfe4b2113749d6645236d.jpg,mango,Green mango,mango_Green mango,WIN_20230323_14_31_36_Pro_jpg.rf.b31c7a5cac8bfe4b2113749d6645236d.jpg,21794,10
leaf workshop/corn_dataset/Common_Rust/Corn_Common_Rust (577).JPG,corn,Common_Rust,corn_Common_Rust,Corn_Common_Rust (577).JPG,15542,7
leaf workshop/potato_dataset/Potato___Early_blight/fc1ab935-21b3-42e7-a870-02fd71c5d845___RS_Early.B 6894.JPG,potato,Potato___Early_blight,potato_Potato___Early_blight,fc1ab935-21b3-42e7-a870-02fd71c5d845___RS_Early.B 6894.JPG,21674,15
leaf workshop/corn_dataset/Blight/Corn_Blight (1023).JPG,corn,Blight,corn_Blight,Corn_Blight (1023).JPG,19958,6
leaf workshop/potato_dataset/Potato___Late_blight/f5ad9b49-ea3a-46c0-8a54-d4e0aa76eda4___RS_LB 4379.JPG,potato,Potato___Late_blight,potato_Potato___Late_blight,f5ad9b49-ea3a-46c0-8a54-d4e0aa76eda4___RS_LB 4379.JPG,13679,16
leaf workshop/corn_dataset/Healthy/Corn_Health (1011).jpg,corn,Healthy,corn_Healthy,Corn_Health (1011).jpg,15114,9
leaf workshop/BANANA/Rotten banana/vertical_flip_Screen-Shot-2018-06-12-at-8_48_07-PM_png.rf.ce26368294aa61b2c10c1eb6ec0e02e8.jpg,banana,Rotten banana,banana_Rotten banana,vertical_flip_Screen-Shot-2018-06-12-at-8_48_07-PM_png.rf.ce26368294aa61b2c10c1eb6ec0e02e8.jpg,17674,1
leaf workshop/corn_dataset/Healthy/Corn_Health (462).JPG,corn,Healthy,corn_Healthy,Corn_Health (462).JPG,15116,9
leaf workshop/corn_dataset/Blight/Corn_Blight (570).JPG,corn,Blight,corn_Blight,Corn_Blight (570).JPG,17012,6
leaf workshop/corn_dataset/Common_Rust/Corn_Common_Rust (33).jpg,corn,Common_Rust,corn_Common_Rust,Corn_Common_Rust (33).jpg,61309,7
leaf workshop/corn_dataset/Blight/Corn_Blight (954).JPG,corn,Blight,corn_Blight,Corn_Blight (954).JPG,15821,6
leaf workshop/potato_dataset/Potato___healthy/Potato_healthy-93-_0_2264.jpg,potato,Potato___healthy,potato_Potato___healthy,Potato_healthy-93-_0_2264.jpg,15126,17
leaf workshop/corn_dataset/Gray_Leaf_Spot/Corn_Gray_Spot (32).jpg,corn,Gray_Leaf_Spot,corn_Gray_Leaf_Spot,Corn_Gray_Spot (32).jpg,1047501,8
leaf workshop/BANANA/Rotten banana/translation_Screen-Shot-2018-06-12-at-9_16_47-PM_png.rf.e9d8397eae6a4196a68a98e830a69bcc.jpg,banana,Rotten banana,banana_Rotten banana,translation_Screen-Shot-2018-06-12-at-9_16_47-PM_png.rf.e9d8397eae6a4196a68a98e830a69bcc.jpg,15528,1
leaf workshop/corn_dataset/Common_Rust/Corn_Common_Rust (559).JPG,corn,Common_Rust,corn_Common_Rust,Corn_Common_Rust (559).JPG,13862,7
leaf workshop/ORANGE/orange/images118_jpg.rf.d474175c80de9704d3234310c0dcb283.jpg,orange,orange,orange_orange,images118_jpg.rf.d474175c80de9704d3234310c0dcb283.jpg,33845,14
leaf workshop/corn_dataset/Common_Rust/Corn_Common_Rust (454).JPG,corn,Common_Rust,corn_Common_Rust,Corn_Common_Rust (454).JPG,10351,7
leaf workshop/corn_dataset/Blight/Corn_Blight (1007).JPG,corn,Blight,corn_Blight,Corn_Blight (1007).JPG,20813,6
leaf workshop/ORANGE/Ripe orange/85_jpg.rf.8edff8f176d43e7d51aebd143c8c9f8f.jpg,orange,Ripe orange,orange_Ripe orange,85_jpg.rf.8edff8f176d43e7d51aebd143c8c9f8f.jpg,27398,13
leaf workshop/ORANGE/orange/img_651_jpeg.rf.fc5e0af0213471ada18347786c5fbc8d.jpg,orange,orange,orange_orange,img_651_jpeg.rf.fc5e0af0213471ada18347786c5fbc8d.jpg,35111,14
leaf workshop/corn_dataset/Blight/Corn_Blight (1059).JPG,corn,Blight,corn_Blight,Corn_Blight (1059).JPG,15524,6
leaf workshop/corn_dataset/Healthy/Corn_Health (896).jpg,corn,Healthy,corn_Healthy,Corn_Health (896).jpg,9820,9
leaf workshop/MANGO/Green mango/WIN_20230323_14_22_53_Pro_jpg.rf.6c3ea4051932dec2d3a6379234e3e191.jpg,mango,Green mango,mango_Green mango,WIN_20230323_14_22_53_Pro_jpg.rf.6c3ea4051932dec2d3a6379234e3e191.jpg,22463,10
leaf workshop/MANGO/Yellow mango/20230305_052203690_iOS_jpg.rf.a3e40957766f81607078b23de22e99d5.jpg,mango,Yellow mango,mango_Yellow mango,20230305_052203690_iOS_jpg.rf.a3e40957766f81607078b23de22e99d5.jpg,22275,12
leaf workshop/corn_dataset/Common_Rust/Corn_Common_Rust (627).JPG,corn,Common_Rust,corn_Common_Rust,Corn_Common_Rust (627).JPG,18613,7
leaf workshop/ORANGE/Ripe orange/73_jpg.rf.2ff501ab3719356e2590d3a72368850d.jpg,orange,Ripe orange,orange_Ripe orange,73_jpg.rf.2ff501ab3719356e2590d3a72368850d.jpg,26200,13
leaf workshop/corn_dataset/Common_Rust/Corn_Common_Rust (220).JPG,corn,Common_Rust,corn_Common_Rust,Corn_Common_Rust (220).JPG,11500,7
leaf workshop/corn_dataset/Common_Rust/Corn_Common_Rust (1033).JPG,corn,Common_Rust,corn_Common_Rust,Corn_Common_Rust (1033).JPG,12876,7
leaf workshop/corn_dataset/Blight/Corn_Blight (244).JPG,corn,Blight,corn_Blight,Corn_Blight (244).JPG,9543,6
leaf workshop/corn_dataset/Healthy/Corn_Health (1138).jpg,corn,Healthy,corn_Healthy,Corn_Health (1138).jpg,8359,9
leaf workshop/BANANA/Rotten banana/vertical_flip_Screen-Shot-2018-06-12-at-9_14_01-PM_png.rf.df6b039d154a9200ff2df284c96a03be.jpg,banana,Rotten banana,banana_Rotten banana,vertical_flip_Screen-Shot-2018-06-12-at-9_14_01-PM_png.rf.df6b039d154a9200ff2df284c96a03be.jpg,24891,1
leaf workshop/corn_dataset/Blight/Corn_Blight (375).JPG,corn,Blight,corn_Blight,Corn_Blight (375).JPG,12684,6
leaf workshop/corn_dataset/Healthy/Corn_Health (417).jpg,corn,Healthy,corn_Healthy,Corn_Health (417).jpg,11223,9
leaf workshop/corn_dataset/Common_Rust/Corn_Common_Rust (435).JPG,corn,Common_Rust,corn_Common_Rust,Corn_Common_Rust (435).JPG,14058,7
leaf workshop/corn_dataset/Healthy/Corn_Health (49).jpg,corn,Healthy,corn_Healthy,Corn_Health (49).jpg,11814,9
leaf workshop/corn_dataset/Healthy/Corn_Health (802).jpg,corn,Healthy,corn_Healthy,Corn_Health (802).jpg,6584,9
leaf workshop/ORANGE/orange/fotonoticia_20180508110600_1200_jpg.rf.4d389f014a0485ec3d5f61a2c7c24fc8.jpg,orange,orange,orange_orange,fotonoticia_20180508110600_1200_jpg.rf.4d389f014a0485ec3d5f61a2c7c24fc8.jpg,47238,14
leaf workshop/potato_dataset/Potato___Late_blight/e4735c8f-e6da-46a1-b0fe-b1d2355a1bd4___RS_LB 2796.JPG,potato,Potato___Late_blight,potato_Potato___Late_blight,e4735c8f-e6da-46a1-b0fe-b1d2355a1bd4___RS_LB 2796.JPG,19429,16
leaf workshop/BANANA/Yellow banana/46_JPG_jpg.rf.636cbbce645e8a0ee9f44dea5e482423.jpg,banana,Yellow banana,banana_Yellow banana,46_JPG_jpg.rf.636cbbce645e8a0ee9f44dea5e482423.jpg,16191,2
leaf workshop/corn_dataset/Common_Rust/Corn_Common_Rust (62).jpg,corn,Common_Rust,corn_Common_Rust,Corn_Common_Rust (62).jpg,1264042,7
leaf workshop/corn_dataset/Gray_Leaf_Spot/Corn_Gray_Spot (424).JPG,corn,Gray_Leaf_Spot,corn_Gray_Leaf_Spot,Corn_Gray_Spot (424).JPG,16152,8
leaf workshop/corn_dataset/Blight/Corn_Blight (1064).JPG,corn,Blight,corn_Blight,Corn_Blight (1064).JPG,12267,6
leaf workshop/corn_dataset/Common_Rust/Corn_Common_Rust (723).JPG,corn,Common_Rust,corn_Common_Rust,Corn_Common_Rust (723).JPG,15280,7
leaf workshop/ORANGE/orange/img_41_jpeg.rf.9406957989e0c559140426afb5679ba2.jpg,orange,orange,orange_orange,img_41_jpeg.rf.9406957989e0c559140426afb5679ba2.jpg,29616,14
leaf workshop/corn_dataset/Healthy/Corn_Health (834).jpg,corn,Healthy,corn_Healthy,Corn_Health (834).jpg,12445,9
leaf workshop/corn_dataset/Gray_Leaf_Spot/Corn_Gray_Spot (520).JPG,corn,Gray_Leaf_Spot,corn_Gray_Leaf_Spot,Corn_Gray_Spot (520).JPG,20048,8
leaf workshop/corn_dataset/Common_Rust/Corn_Common_Rust (498).JPG,corn,Common_Rust,corn_Common_Rust,Corn_Common_Rust (498).JPG,14379,7
leaf workshop/corn_dataset/Common_Rust/Corn_Common_Rust (1001).JPG,corn,Common_Rust,corn_Common_Rust,Corn_Common_Rust (1001).JPG,15145,7
leaf workshop/corn_dataset/Common_Rust/Corn_Common_Rust (68).jpg,corn,Common_Rust,corn_Common_Rust,Corn_Common_Rust (68).jpg,126531,7
leaf workshop/potato_dataset/Potato___Early_blight/e3779bc5-a8e2-4be6-8e15-4a4713ab9531___RS_Early.B 8431.JPG,potato,Potato___Early_blight,potato_Potato___Early_blight,e3779bc5-a8e2-4be6-8e15-4a4713ab9531___RS_Early.B 8431.JPG,19897,15
leaf workshop/corn_dataset/Healthy/Corn_Health (38).jpg,corn,Healthy,corn_Healthy,Corn_Health (38).jpg,9576,9
leaf workshop/corn_dataset/Blight/Corn_Blight (1026).JPG,corn,Blight,corn_Blight,Corn_Blight (1026).JPG,15964,6
leaf workshop/ORANGE/orange/como-elegir-las-naranjas-de-zumo-y-las-de-mesa-y-no-volver-a-confundirlas-nunca-mas_0_jpg.rf.c899f9b6c227927bfb502eed77db91ac.jpg,orange,orange,orange_orange,como-elegir-las-naranjas-de-zumo-y-las-de-mesa-y-no-volver-a-confundirlas-nunca-mas_0_jpg.rf.c899f9b6c227927bfb502eed77db91ac.jpg,30047,14
leaf workshop/corn_dataset/Healthy/Corn_Health (92).jpg,corn,Healthy,corn_Healthy,Corn_Health (92).jpg,8730,9
leaf workshop/corn_dataset/Blight/Corn_Blight (255).JPG,corn,Blight,corn_Blight,Corn_Blight (255).JPG,17931,6
leaf workshop/corn_dataset/Healthy/Corn_Health (584).jpg,corn,Healthy,corn_Healthy,Corn_Health (584).jpg,10469,9
leaf workshop/corn_dataset/Common_Rust/Corn_Common_Rust (341).JPG,corn,Common_Rust,corn_Common_Rust,Corn_Common_Rust (341).JPG,15602,7
leaf workshop/corn_dataset/Common_Rust/Corn_Common_Rust (231).JPG,corn,Common_Rust,corn_Common_Rust,Corn_Common_Rust (231).JPG,12386,7
leaf workshop/corn_dataset/Common_Rust/Corn_Common_Rust (611).JPG,corn,Common_Rust,corn_Common_Rust,Corn_Common_Rust (611).JPG,12302,7
leaf workshop/corn_dataset/Healthy/Corn_Health (185).jpg,corn,Healthy,corn_Healthy,Corn_Health (185).jpg,13259,9
leaf workshop/corn_dataset/Healthy/Corn_Health (284).jpg,corn,Healthy,corn_Healthy,Corn_Health (284).jpg,13708,9
leaf workshop/corn_dataset/Blight/Corn_Blight (704).JPG,corn,Blight,corn_Blight,Corn_Blight (704).JPG,13725,6
leaf workshop/potato_dataset/Potato___healthy/Potato_healthy-77-_0_9977.jpg,potato,Potato___healthy,potato_Potato___healthy,Potato_healthy-77-_0_9977.jpg,19390,17
leaf workshop/corn_dataset/Common_Rust/Corn_Common_Rust (145).JPG,corn,Common_Rust,corn_Common_Rust,Corn_Common_Rust (145).JPG,17593,7
leaf workshop/corn_dataset/Gray_Leaf_Spot/Corn_Gray_Spot (423).JPG,corn,Gray_Leaf_Spot,corn_Gray_Leaf_Spot,Corn_Gray_Spot (423).JPG,18757,8
leaf workshop/corn_dataset/Healthy/Corn_Health (364).jpg,corn,Healthy,corn_Healthy,Corn_Health (364).jpg,9455,9
leaf workshop/potato_dataset/Potato___healthy/Potato_healthy-108-_0_4265.jpg,potato,Potato___healthy,potato_Potato___healthy,Potato_healthy-108-_0_4265.jpg,15223,17
leaf workshop/corn_dataset/Blight/Corn_Blight (171).JPG,corn,Blight,corn_Blight,Corn_Blight (171).JPG,7893,6
leaf workshop/corn_dataset/Healthy/Corn_Health (944).jpg,corn,Healthy,corn_Healthy,Corn_Health (944).jpg,17248,9
leaf workshop/corn_dataset/Healthy/Corn_Health (842).jpg,corn,Healthy,corn_Healthy,Corn_Health (842).jpg,9956,9
leaf workshop/MANGO/Rotten Mango/20230305_062050410_iOS_jpg.rf.c5825bd0cb80888062ccd5718504e585.jpg,mango,Rotten Mango,mango_Rotten Mango,20230305_062050410_iOS_jpg.rf.c5825bd0cb80888062ccd5718504e585.jpg,21585,11
leaf workshop/corn_dataset/Blight/Corn_Blight (628).JPG,corn,Blight,corn_Blight,Corn_Blight (628).JPG,17227,6
leaf workshop/corn_dataset/Blight/Corn_Blight (1068).JPG,corn,Blight,corn_Blight,Corn_Blight (1068).JPG,11614,6
leaf workshop/corn_dataset/Blight/Corn_Blight (793).JPG,corn,Blight,corn_Blight,Corn_Blight (793).JPG,13062,6
leaf workshop/corn_dataset/Healthy/Corn_Health (558).jpg,corn,Healthy,corn_Healthy,Corn_Health (558).jpg,12520,9
leaf workshop/potato_dataset/Potato___healthy/Potato_healthy-114-_0_7388.jpg,potato,Potato___healthy,potato_Potato___healthy,Potato_healthy-114-_0_7388.jpg,14788,17
leaf workshop/potato_dataset/Potato___healthy/Potato_healthy-120-_0_3562.jpg,potato,Potato___healthy,potato_Potato___healthy,Potato_healthy-120-_0_3562.jpg,15397,17
leaf workshop/corn_dataset/Healthy/Corn_Health (808).jpg,corn,Healthy,corn_Healthy,Corn_Health (808).jpg,10252,9
leaf workshop/corn_dataset/Common_Rust/Corn_Common_Rust (1104).JPG,corn,Common_Rust,corn_Common_Rust,Corn_Common_Rust (1104).JPG,12457,7
leaf workshop/ORANGE/Ripe orange/64_jpg.rf.59f3ca81908b9e104fc570fa358cfbc2.jpg,orange,Ripe orange,orange_Ripe orange,64_jpg.rf.59f3ca81908b9e104fc570fa358cfbc2.jpg,27435,13
leaf workshop/corn_dataset/Healthy/Corn_Health (986).jpg,corn,Healthy,corn_Healthy,Corn_Health (986).jpg,8576,9
leaf workshop/ORANGE/Ripe orange/49_jpg.rf.abcceaeaa88168fe5cff4556a88b5b88.jpg,orange,Ripe orange,orange_Ripe orange,49_jpg.rf.abcceaeaa88168fe5cff4556a88b5b88.jpg,31636,13
leaf workshop/BANANA/Green banana/127_jpg.rf.ccf639606c78e7b357e3a02470b0ec3c.jpg,banana,Green banana,banana_Green banana,127_jpg.rf.ccf639606c78e7b357e3a02470b0ec3c.jpg,41268,0
leaf workshop/potato_dataset/Potato___Early_blight/d9b34eaa-9d54-41fe-9ea2-335fe0b572ee___RS_Early.B 7735.JPG,potato,Potato___Early_blight,potato_Potato___Early_blight,d9b34eaa-9d54-41fe-9ea2-335fe0b572ee___RS_Early.B 7735.JPG,18842,15
leaf workshop/MANGO/Rotten Mango/20230305_062121239_iOS_jpg.rf.53b00254ff7625ce6f84912b2d864619.jpg,mango,Rotten Mango,mango_Rotten Mango,20230305_062121239_iOS_jpg.rf.53b00254ff7625ce6f84912b2d864619.jpg,21718,11
leaf workshop/corn_dataset/Common_Rust/Corn_Common_Rust (1067).JPG,corn,Common_Rust,corn_Common_Rust,Corn_Common_Rust (1067).JPG,14044,7
leaf workshop/corn_dataset/Gray_Leaf_Spot/Corn_Gray_Spot (157).jpg,corn,Gray_Leaf_Spot,corn_Gray_Leaf_Spot,Corn_Gray_Spot (157).jpg,9166,8
leaf workshop/corn_dataset/Common_Rust/Corn_Common_Rust (476).JPG,corn,Common_Rust,corn_Common_Rust,Corn_Common_Rust (476).JPG,13781,7
leaf workshop/potato_dataset/Potato___Late_blight/d98195f0-bdf8-4e0d-9fd5-af86cfed2a6c___RS_LB 4790.JPG,potato,Potato___Late_blight,potato_Potato___Late_blight,d98195f0-bdf8-4e0d-9fd5-af86cfed2a6c___RS_LB 4790.JPG,19124,16
leaf workshop/corn_dataset/Blight/Corn_Blight (1121).jpg,corn,Blight,corn_Blight,Corn_Blight (1121).jpg,88236,6
leaf workshop/coffee_dataset/phoma/259.jpg,coffee,phoma,coffee_phoma,259.jpg,86018,5
leaf workshop/corn_dataset/Blight/Corn_Blight (509).JPG,corn,Blight,corn_Blight,Corn_Blight (509).JPG,14271,6
leaf workshop/corn_dataset/Common_Rust/Corn_Common_Rust (405).JPG,corn,Common_Rust,corn_Common_Rust,Corn_Common_Rust (405).JPG,13485,7
leaf workshop/corn_dataset/Blight/Corn_Blight (942).JPG,corn,Blight,corn_Blight,Corn_Blight (942).JPG,12569,6
leaf workshop/corn_dataset/Healthy/Corn_Health (190).jpg,corn,Healthy,corn_Healthy,Corn_Health (190).jpg,12765,9
leaf workshop/corn_dataset/Common_Rust/Corn_Common_Rust (197).JPG,corn,Common_Rust,corn_Common_Rust,Corn_Common_Rust (197).JPG,12057,7
leaf workshop/corn_dataset/Common_Rust/Corn_Common_Rust (1009).JPG,corn,Common_Rust,corn_Common_Rust,Corn_Common_Rust (1009).JPG,18244,7
leaf workshop/potato_dataset/Potato___Late_blight/cf2e3e15-2284-474a-a36a-b102aa7d50cc___RS_LB 4760.JPG,potato,Potato___Late_blight,potato_Potato___Late_blight,cf2e3e15-2284-474a-a36a-b102aa7d50cc___RS_LB 4760.JPG,14216,16
leaf workshop/corn_dataset/Gray_Leaf_Spot/Corn_Gray_Spot (110).JPG,corn,Gray_Leaf_Spot,corn_Gray_Leaf_Spot,Corn_Gray_Spot (110).JPG,12220,8
leaf workshop/corn_dataset/Healthy/Corn_Health (1158).jpg,corn,Healthy,corn_Healthy,Corn_Health (1158).jpg,15294,9
leaf workshop/corn_dataset/Blight/Corn_Blight (717).JPG,corn,Blight,corn_Blight,Corn_Blight (717).JPG,14189,6
leaf workshop/corn_dataset/Blight/Corn_Blight (664).JPG,corn,Blight,corn_Blight,Corn_Blight (664).JPG,12807,6
leaf workshop/corn_dataset/Healthy/Corn_Health (289).jpg,corn,Healthy,corn_Healthy,Corn_Health (289).jpg,11634,9
leaf workshop/corn_dataset/Blight/Corn_Blight (913).jpg,corn,Blight,corn_Blight,Corn_Blight (913).jpg,12881,6
leaf workshop/BANANA/Green banana/132_jpg.rf.aa8c90491d08ee3996ed1a1bb882efa0.jpg,banana,Green banana,banana_Green banana,132_jpg.rf.aa8c90491d08ee3996ed1a1bb882efa0.jpg,30765,0
leaf workshop/corn_dataset/Common_Rust/Corn_Common_Rust (364).JPG,corn,Common_Rust,corn_Common_Rust,Corn_Common_Rust (364).JPG,14264,7
leaf workshop/corn_dataset/Gray_Leaf_Spot/Corn_Gray_Spot (354).JPG,corn,Gray_Leaf_Spot,corn_Gray_Leaf_Spot,Corn_Gray_Spot (354).JPG,17921,8
leaf workshop/corn_dataset/Healthy/Corn_Health (14).jpg,corn,Healthy,corn_Healthy,Corn_Health (14).jpg,16779,9
leaf workshop/corn_dataset/Common_Rust/Corn_Common_Rust (1283).jpg,corn,Common_Rust,corn_Common_Rust,Corn_Common_Rust (1283).jpg,28846,7
leaf workshop/corn_dataset/Blight/Corn_Blight (857).JPG,corn,Blight,corn_Blight,Corn_Blight (857).JPG,10896,6
leaf workshop/potato_dataset/Potato___Late_blight/df5eb1ff-9261-45ab-ae3f-bf942cdf1a72___RS_LB 2947.JPG,potato,Potato___Late_blight,potato_Potato___Late_blight,df5eb1ff-9261-45ab-ae3f-bf942cdf1a72___RS_LB 2947.JPG,15680,16
leaf workshop/corn_dataset/Common_Rust/Corn_Common_Rust (154).JPG,corn,Common_Rust,corn_Common_Rust,Corn_Common_Rust (154).JPG,17396,7
leaf workshop/coffee_dataset/healthy/202.jpg,coffee,healthy,coffee_healthy,202.jpg,139084,3
leaf workshop/MANGO/Green mango/WIN_20230323_14_28_13_Pro_jpg.rf.b94790c21b5f7d1b692bdbf5fd3907bf.jpg,mango,Green mango,mango_Green mango,WIN_20230323_14_28_13_Pro_jpg.rf.b94790c21b5f7d1b692bdbf5fd3907bf.jpg,21340,10
leaf workshop/corn_dataset/Gray_Leaf_Spot/Corn_Gray_Spot (326).JPG,corn,Gray_Leaf_Spot,corn_Gray_Leaf_Spot,Corn_Gray_Spot (326).JPG,16458,8
leaf workshop/corn_dataset/Healthy/Corn_Health (967).jpg,corn,Healthy,corn_Healthy,Corn_Health (967).jpg,13562,9
leaf workshop/coffee_dataset/leaf_rust/153.jpg,coffee,leaf_rust,coffee_leaf_rust,153.jpg,167575,4
leaf workshop/corn_dataset/Blight/Corn_Blight (614).JPG,corn,Blight,corn_Blight,Corn_Blight (614).JPG,15433,6
leaf workshop/corn_dataset/Healthy/Corn_Health (590).jpg,corn,Healthy,corn_Healthy,Corn_Health (590).jpg,7454,9
leaf workshop/corn_dataset/Healthy/Corn_Health (1092).jpg,corn,Healthy,corn_Healthy,Corn_Health (1092).jpg,12541,9
leaf workshop/corn_dataset/Blight/Corn_Blight (285).JPG,corn,Blight,corn_Blight,Corn_Blight (285).JPG,15904,6
leaf workshop/corn_dataset/Healthy/Corn_Health (712).jpg,corn,Healthy,corn_Healthy,Corn_Health (712).jpg,10386,9
leaf workshop/corn_dataset/Healthy/Corn_Health (503).jpg,corn,Healthy,corn_Healthy,Corn_Health (503).jpg,8710,9
leaf workshop/corn_dataset/Healthy/Corn_Health (94).jpg,corn,Healthy,corn_Healthy,Corn_Health (94).jpg,7169,9
leaf workshop/corn_dataset/Blight/Corn_Blight (517).JPG,corn,Blight,corn_Blight,Corn_Blight (517).JPG,18686,6
leaf workshop/ORANGE/Ripe orange/51_jpg.rf.b45745dcfb878fe783a7ce0ac912deab.jpg,orange,Ripe orange,orange_Ripe orange,51_jpg.rf.b45745dcfb878fe783a7ce0ac912deab.jpg,26477,13
leaf workshop/corn_dataset/Gray_Leaf_Spot/Corn_Gray_Spot (399).JPG,corn,Gray_Leaf_Spot,corn_Gray_Leaf_Spot,Corn_Gray_Spot (399).JPG,17425,8
leaf workshop/corn_dataset/Healthy/Corn_Health (889).jpg,corn,Healthy,corn_Healthy,Corn_Health (889).jpg,12593,9
leaf workshop/corn_dataset/Common_Rust/Corn_Common_Rust (1085).JPG,corn,Common_Rust,corn_Common_Rust,Corn_Common_Rust (1085).JPG,18340,7
leaf workshop/corn_dataset/Common_Rust/Corn_Common_Rust (746).JPG,corn,Common_Rust,corn_Common_Rust,Corn_Common_Rust (746).JPG,16301,7
leaf workshop/MANGO/Rotten Mango/20230305_061209538_iOS_jpg.rf.6fd48a077f41f4139c25393ee2e4333a.jpg,mango,Rotten Mango,mango_Rotten Mango,20230305_061209538_iOS_jpg.rf.6fd48a077f41f4139c25393ee2e4333a.jpg,24554,11
leaf workshop/BANANA/Rotten banana/vertical_flip_Screen-Shot-2018-06-12-at-9_10_55-PM_png.rf.0c1442cdb36166383979d49810c714b9.jpg,banana,Rotten banana,banana_Rotten banana,vertical_flip_Screen-Shot-2018-06-12-at-9_10_55-PM_png.rf.0c1442cdb36166383979d49810c714b9.jpg,14997,1
leaf workshop/corn_dataset/Healthy/Corn_Health (772).jpg,corn,Healthy,corn_Healthy,Corn_Health (772).jpg,9011,9
leaf workshop/potato_dataset/Potato___healthy/Potato_healthy-150-_0_8574.jpg,potato,Potato___healthy,potato_Potato___healthy,Potato_healthy-150-_0_8574.jpg,17983,17
leaf workshop/potato_dataset/Potato___Late_blight/dcfa79c3-b0d0-4dd0-9796-5d529948b88e___RS_LB 5437.JPG,potato,Potato___Late_blight,potato_Potato___Late_blight,dcfa79c3-b0d0-4dd0-9796-5d529948b88e___RS_LB 5437.JPG,15378,16
leaf workshop/potato_dataset/Potato___healthy/Potato_healthy-92-_0_3606.jpg,potato,Potato___healthy,potato_Potato___healthy,Potato_healthy-92-_0_3606.jpg,16252,17
leaf workshop/corn_dataset/Common_Rust/Corn_Common_Rust (1025).JPG,corn,Common_Rust,corn_Common_Rust,Corn_Common_Rust (1025).JPG,13817,7
leaf workshop/MANGO/Green mango/WIN_20230323_14_54_29_Pro_jpg.rf.e47015d25a300bfaa16debd100e48679.jpg,mango,Green mango,mango_Green mango,WIN_20230323_14_54_29_Pro_jpg.rf.e47015d25a300bfaa16debd100e48679.jpg,22683,10
leaf workshop/corn_dataset/Common_Rust/Corn_Common_Rust (218).JPG,corn,Common_Rust,corn_Common_Rust,Corn_Common_Rust (218).JPG,9566,7
leaf workshop/corn_dataset/Healthy/Corn_Health (528).jpg,corn,Healthy,corn_Healthy,Corn_Health (528).jpg,8009,9
leaf workshop/corn_dataset/Common_Rust/Corn_Common_Rust (337).JPG,corn,Common_Rust,corn_Common_Rust,Corn_Common_Rust (337).JPG,14565,7
leaf workshop/potato_dataset/Potato___Late_blight/d30d25f1-74ca-42d3-804d-c31b06720c46___RS_LB 2817.JPG,potato,Potato___Late_blight,potato_Potato___Late_blight,d30d25f1-74ca-42d3-804d-c31b06720c46___RS_LB 2817.JPG,20631,16
leaf workshop/potato_dataset/Potato___healthy/Potato_healthy-81-_0_894.jpg,potato,Potato___healthy,potato_Potato___healthy,Potato_healthy-81-_0_894.jpg,17024,17
leaf workshop/corn_dataset/Healthy/Corn_Health (565).jpg,corn,Healthy,corn_Healthy,Corn_Health (565).jpg,12495,9
leaf workshop/corn_dataset/Blight/Corn_Blight (66).jpg,corn,Blight,corn_Blight,Corn_Blight (66).jpg,23370,6
leaf workshop/ORANGE/Ripe orange/23_jpg.rf.da9f1cf44f388275bef2c108483b07a0.jpg,orange,Ripe orange,orange_Ripe orange,23_jpg.rf.da9f1cf44f388275bef2c108483b07a0.jpg,30911,13
leaf workshop/corn_dataset/Blight/Corn_Blight (953).JPG,corn,Blight,corn_Blight,Corn_Blight (953).JPG,14388,6
leaf workshop/corn_dataset/Common_Rust/Corn_Common_Rust (208).JPG,corn,Common_Rust,corn_Common_Rust,Corn_Common_Rust (208).JPG,15083,7
leaf workshop/potato_dataset/Potato___healthy/Potato_healthy-135-_0_5298.jpg,potato,Potato___healthy,potato_Potato___healthy,Potato_healthy-135-_0_5298.jpg,15747,17
leaf workshop/corn_dataset/Blight/Corn_Blight (461).JPG,corn,Blight,corn_Blight,Corn_Blight (461).JPG,9450,6
leaf workshop/ORANGE/orange/226_jpg.rf.16494cccec73b04b0ac393f7957b91aa.jpg,orange,orange,orange_orange,226_jpg.rf.16494cccec73b04b0ac393f7957b91aa.jpg,15638,14
leaf workshop/corn_dataset/Healthy/Corn_Health (212).jpg,corn,Healthy,corn_Healthy,Corn_Health (212).jpg,15125,9
leaf workshop/corn_dataset/Common_Rust/Corn_Common_Rust (190).JPG,corn,Common_Rust,corn_Common_Rust,Corn_Common_Rust (190).JPG,14962,7
leaf workshop/corn_dataset/Blight/Corn_Blight (695).JPG,corn,Blight,corn_Blight,Corn_Blight (695).JPG,14219,6
leaf workshop/corn_dataset/Gray_Leaf_Spot/Corn_Gray_Spot (458).JPG,corn,Gray_Leaf_Spot,corn_Gray_Leaf_Spot,Corn_Gray_Spot (458).JPG,9108,8
leaf workshop/corn_dataset/Gray_Leaf_Spot/Corn_Gray_Spot (225).jpg,corn,Gray_Leaf_Spot,corn_Gray_Leaf_Spot,Corn_Gray_Spot (225).jpg,12700,8
leaf workshop/corn_dataset/Blight/Corn_Blight (1094).JPG,corn,Blight,corn_Blight,Corn_Blight (1094).JPG,17145,6
leaf workshop/corn_dataset/Blight/Corn_Blight (1048).JPG,corn,Blight,corn_Blight,Corn_Blight (1048).JPG,16636,6
leaf workshop/potato_dataset/Potato___Late_blight/ec88be1e-7e05-4fa4-b456-529d7f1bf81c___RS_LB 3922.JPG,potato,Potato___Late_blight,potato_Potato___Late_blight,ec88be1e-7e05-4fa4-b456-529d7f1bf81c___RS_LB 3922.JPG,17336,16
leaf workshop/corn_dataset/Healthy/Corn_Health (976).jpg,corn,Healthy,corn_Healthy,Corn_Health (976).jpg,10953,9
leaf workshop/corn_dataset/Healthy/Corn_Health (54).jpg,corn,Healthy,corn_Healthy,Corn_Health (54).jpg,10605,9
leaf workshop/potato_dataset/Potato___healthy/Potato_healthy-119-_0_9577.jpg,potato,Potato___healthy,potato_Potato___healthy,Potato_healthy-119-_0_9577.jpg,12830,17
leaf workshop/corn_dataset/Healthy/Corn_Health (96).jpg,corn,Healthy,corn_Healthy,Corn_Health (96).jpg,9146,9
leaf workshop/corn_dataset/Healthy/Corn_Health (377).jpg,corn,Healthy,corn_Healthy,Corn_Health (377).jpg,10373,9
leaf workshop/corn_dataset/Gray_Leaf_Spot/Corn_Gray_Spot (138).JPG,corn,Gray_Leaf_Spot,corn_Gray_Leaf_Spot,Corn_Gray_Spot (138).JPG,17651,8
leaf workshop/corn_dataset/Blight/Corn_Blight (163).JPG,corn,Blight,corn_Blight,Corn_Blight (163).JPG,11858,6
leaf workshop/corn_dataset/Healthy/Corn_Health (12).jpg,corn,Healthy,corn_Healthy,Corn_Health (12).jpg,9552,9
leaf workshop/potato_dataset/Potato___Early_blight/d59c5aa9-8d45-45db-be3e-0276e24641f5___RS_Early.B 7897.JPG,potato,Potato___Early_blight,potato_Potato___Early_blight,d59c5aa9-8d45-45db-be3e-0276e24641f5___RS_Early.B 7897.JPG,20399,15
leaf workshop/coffee_dataset/leaf_rust/143.jpg,coffee,leaf_rust,coffee_leaf_rust,143.jpg,161743,4
leaf workshop/potato_dataset/Potato___Late_blight/dd08ad51-110b-4de0-bfbb-862e53a6165c___RS_LB 4542.JPG,potato,Potato___Late_blight,potato_Potato___Late_blight,dd08ad51-110b-4de0-bfbb-862e53a6165c___RS_LB 4542.JPG,19289,16
leaf workshop/corn_dataset/Gray_Leaf_Spot/Corn_Gray_Spot (493).JPG,corn,Gray_Leaf_Spot,corn_Gray_Leaf_Spot,Corn_Gray_Spot (493).JPG,15020,8
leaf workshop/corn_dataset/Healthy/Corn_Health (63).jpg,corn,Healthy,corn_Healthy,Corn_Health (63).jpg,16055,9
leaf workshop/corn_dataset/Common_Rust/Corn_Common_Rust (1201).JPG,corn,Common_Rust,corn_Common_Rust,Corn_Common_Rust (1201).JPG,15212,7
leaf workshop/corn_dataset/Healthy/Corn_Health (961).jpg,corn,Healthy,corn_Healthy,Corn_Health (961).jpg,6673,9
leaf workshop/corn_dataset/Common_Rust/Corn_Common_Rust (579).JPG,corn,Common_Rust,corn_Common_Rust,Corn_Common_Rust (579).JPG,13674,7
leaf workshop/potato_dataset/Potato___healthy/Potato_healthy-112-_0_2810.jpg,potato,Potato___healthy,potato_Potato___healthy,Potato_healthy-112-_0_2810.jpg,15810,17
leaf workshop/corn_dataset/Blight/Corn_Blight (350).JPG,corn,Blight,corn_Blight,Corn_Blight (350).JPG,11880,6
leaf workshop/MANGO/Green mango/WIN_20230323_14_44_03_Pro_jpg.rf.75fa3591d6da0283dbca087865d462e7.jpg,mango,Green mango,mango_Green mango,WIN_20230323_14_44_03_Pro_jpg.rf.75fa3591d6da0283dbca087865d462e7.jpg,21067,10
leaf workshop/corn_dataset/Blight/Corn_Blight (934).JPG,corn,Blight,corn_Blight,Corn_Blight (934).JPG,14276,6
leaf workshop/corn_dataset/Blight/Corn_Blight (55).jpg,corn,Blight,corn_Blight,Corn_Blight (55).jpg,115502,6
leaf workshop/potato_dataset/Potato___Late_blight/ea620852-7590-4d82-8349-1470cb1fe3a8___RS_LB 2719.JPG,potato,Potato___Late_blight,potato_Potato___Late_blight,ea620852-7590-4d82-8349-1470cb1fe3a8___RS_LB 2719.JPG,17783,16
leaf workshop/corn_dataset/Common_Rust/Corn_Common_Rust (72).JPG,corn,Common_Rust,corn_Common_Rust,Corn_Common_Rust (72).JPG,11456,7
leaf workshop/corn_dataset/Blight/Corn_Blight (673).JPG,corn,Blight,corn_Blight,Corn_Blight (673).JPG,11895,6
leaf workshop/corn_dataset/Blight/Corn_Blight (824).JPG,corn,Blight,corn_Blight,Corn_Blight (824).JPG,14341,6
leaf workshop/corn_dataset/Common_Rust/Corn_Common_Rust (71).jpg,corn,Common_Rust,corn_Common_Rust,Corn_Common_Rust (71).jpg,824025,7
leaf workshop/corn_dataset/Gray_Leaf_Spot/Corn_Gray_Spot (500).JPG,corn,Gray_Leaf_Spot,corn_Gray_Leaf_Spot,Corn_Gray_Spot (500).JPG,12191,8
leaf workshop/corn_dataset/Common_Rust/Corn_Common_Rust (1048).JPG,corn,Common_Rust,corn_Common_Rust,Corn_Common_Rust (1048).JPG,14992,7
leaf workshop/ORANGE/Ripe orange/42_jpg.rf.5cf0e06b600e3fa3b4d4bdee2fe70a13.jpg,orange,Ripe orange,orange_Ripe orange,42_jpg.rf.5cf0e06b600e3fa3b4d4bdee2fe70a13.jpg,25356,13
leaf workshop/corn_dataset/Blight/Corn_Blight (845).JPG,corn,Blight,corn_Blight,Corn_Blight (845).JPG,9770,6
leaf workshop/BANANA/Green banana/51_jpg.rf.e03b4e4c5dc4e321987338ebed212cf4.jpg,banana,Green banana,banana_Green banana,51_jpg.rf.e03b4e4c5dc4e321987338ebed212cf4.jpg,21035,0
leaf workshop/potato_dataset/Potato___Late_blight/e95f2954-1b68-490d-9684-90b3080676b1___RS_LB 3997.JPG,potato,Potato___Late_blight,potato_Potato___Late_blight,e95f2954-1b68-490d-9684-90b3080676b1___RS_LB 3997.JPG,11049,16
leaf workshop/corn_dataset/Blight/Corn_Blight (304).jpg,corn,Blight,corn_Blight,Corn_Blight (304).jpg,14149,6
leaf workshop/corn_dataset/Blight/Corn_Blight (880).JPG,corn,Blight,corn_Blight,Corn_Blight (880).JPG,15275,6
leaf workshop/corn_dataset/Common_Rust/Corn_Common_Rust (158).JPG,corn,Common_Rust,corn_Common_Rust,Corn_Common_Rust (158).JPG,13428,7
leaf workshop/corn_dataset/Blight/Corn_Blight (1061).JPG,corn,Blight,corn_Blight,Corn_Blight (1061).JPG,12941,6
leaf workshop/corn_dataset/Blight/Corn_Blight (39).jpg,corn,Blight,corn_Blight,Corn_Blight (39).jpg,83261,6
leaf workshop/corn_dataset/Blight/Corn_Blight (549).JPG,corn,Blight,corn_Blight,Corn_Blight (549).JPG,14433,6
leaf workshop/corn_dataset/Common_Rust/Corn_Common_Rust (1231).JPG,corn,Common_Rust,corn_Common_Rust,Corn_Common_Rust (1231).JPG,11780,7
leaf workshop/corn_dataset/Blight/Corn_Blight (494).JPG,corn,Blight,corn_Blight,Corn_Blight (494).JPG,12176,6
leaf workshop/BANANA/Green banana/22_jpg.rf.1a9b64afbc1e862e4c8e2d9560fbeae4.jpg,banana,Green banana,banana_Green banana,22_jpg.rf.1a9b64afbc1e862e4c8e2d9560fbeae4.jpg,26197,0
leaf workshop/ORANGE/orange/216_jpg.rf.d25e7a22dce860db685f34fd48dfe1a1.jpg,orange,orange,orange_orange,216_jpg.rf.d25e7a22dce860db685f34fd48dfe1a1.jpg,19602,14
leaf workshop/corn_dataset/Healthy/Corn_Health (1074).jpg,corn,Healthy,corn_Healthy,Corn_Health (1074).jpg,6394,9
leaf workshop/corn_dataset/Blight/Corn_Blight (490).jpg,corn,Blight,corn_Blight,Corn_Blight (490).jpg,15802,6
leaf workshop/corn_dataset/Blight/Corn_Blight (603).JPG,corn,Blight,corn_Blight,Corn_Blight (603).JPG,18129,6
leaf workshop/corn_dataset/Blight/Corn_Blight (767).JPG,corn,Blight,corn_Blight,Corn_Blight (767).JPG,15452,6
leaf workshop/corn_dataset/Blight/Corn_Blight (1072).JPG,corn,Blight,corn_Blight,Corn_Blight (1072).JPG,14288,6
leaf workshop/corn_dataset/Gray_Leaf_Spot/Corn_Gray_Spot (296).JPG,corn,Gray_Leaf_Spot,corn_Gray_Leaf_Spot,Corn_Gray_Spot (296).JPG,10507,8
leaf workshop/corn_dataset/Healthy/Corn_Health (1085).jpg,corn,Healthy,corn_Healthy,Corn_Health (1085).jpg,6797,9
leaf workshop/potato_dataset/Potato___Late_blight/fdb7d904-91df-4f00-85bd-0fb038723329___RS_LB 2628.JPG,potato,Potato___Late_blight,potato_Potato___Late_blight,fdb7d904-91df-4f00-85bd-0fb038723329___RS_LB 2628.JPG,15568,16
leaf workshop/ORANGE/orange/21ccdb5ace25d783e502b46103d36ef2_jpg.rf.af5fd725d15e588a5c42e3193627052c.jpg,orange,orange,orange_orange,21ccdb5ace25d783e502b46103d36ef2_jpg.rf.af5fd725d15e588a5c42e3193627052c.jpg,18580,14
leaf workshop/potato_dataset/Potato___Late_blight/d0262161-b887-4357-b707-cde01cf5726d___RS_LB 3044.JPG,potato,Potato___Late_blight,potato_Potato___Late_blight,d0262161-b887-4357-b707-cde01cf5726d___RS_LB 3044.JPG,16280,16
leaf workshop/corn_dataset/Gray_Leaf_Spot/Corn_Gray_Spot (352).JPG,corn,Gray_Leaf_Spot,corn_Gray_Leaf_Spot,Corn_Gray_Spot (352).JPG,16444,8
leaf workshop/corn_dataset/Blight/Corn_Blight (493).JPG,corn,Blight,corn_Blight,Corn_Blight (493).JPG,14373,6
leaf workshop/corn_dataset/Blight/Corn_Blight (57).jpg,corn,Blight,corn_Blight,Corn_Blight (57).jpg,141804,6
leaf workshop/potato_dataset/Potato___Late_blight/c206ebe3-c06e-4eb9-a537-a719cfa1e3c0___RS_LB 5140.JPG,potato,Potato___Late_blight,potato_Potato___Late_blight,c206ebe3-c06e-4eb9-a537-a719cfa1e3c0___RS_LB 5140.JPG,16183,16
leaf workshop/corn_dataset/Healthy/Corn_Health (41).jpg,corn,Healthy,corn_Healthy,Corn_Health (41).jpg,8816,9
leaf workshop/corn_dataset/Common_Rust/Corn_Common_Rust (1023).JPG,corn,Common_Rust,corn_Common_Rust,Corn_Common_Rust (1023).JPG,13897,7
leaf workshop/potato_dataset/Potato___Early_blight/cf38c261-5bae-4b5d-92b4-16c634557d2a___RS_Early.B 7169.JPG,potato,Potato___Early_blight,potato_Potato___Early_blight,cf38c261-5bae-4b5d-92b4-16c634557d2a___RS_Early.B 7169.JPG,19131,15
leaf workshop/corn_dataset/Healthy/Corn_Health (804).jpg,corn,Healthy,corn_Healthy,Corn_Health (804).jpg,16726,9
leaf workshop/potato_dataset/Potato___Late_blight/f973bbe0-ce70-4215-8d5b-9e7adc099261___RS_LB 2507.JPG,potato,Potato___Late_blight,potato_Potato___Late_blight,f973bbe0-ce70-4215-8d5b-9e7adc099261___RS_LB 2507.JPG,13231,16
leaf workshop/ORANGE/Ripe orange/60_jpg.rf.4c755b2edc3c359c751552f94ac748e5.jpg,orange,Ripe orange,orange_Ripe orange,60_jpg.rf.4c755b2edc3c359c751552f94ac748e5.jpg,27189,13
leaf workshop/corn_dataset/Common_Rust/Corn_Common_Rust (504).JPG,corn,Common_Rust,corn_Common_Rust,Corn_Common_Rust (504).JPG,13558,7
leaf workshop/potato_dataset/Potato___Early_blight/bb38077f-ee91-4c0b-af46-f90b21b9e9db___RS_Early.B 7121.JPG,potato,Potato___Early_blight,potato_Potato___Early_blight,bb38077f-ee91-4c0b-af46-f90b21b9e9db___RS_Early.B 7121.JPG,17958,15
leaf workshop/corn_dataset/Common_Rust/Corn_Common_Rust (119).JPG,corn,Common_Rust,corn_Common_Rust,Corn_Common_Rust (119).JPG,13074,7
leaf workshop/corn_dataset/Healthy/Corn_Health (200).jpg,corn,Healthy,corn_Healthy,Corn_Health (200).jpg,12729,9
leaf workshop/corn_dataset/Gray_Leaf_Spot/Corn_Gray_Spot (182).JPG,corn,Gray_Leaf_Spot,corn_Gray_Leaf_Spot,Corn_Gray_Spot (182).JPG,16301,8
leaf workshop/ORANGE/orange/NARANJAS-web-copia_jpg.rf.72fb397e1ef3ba36e596512b2f8d4be7.jpg,orange,orange,orange_orange,NARANJAS-web-copia_jpg.rf.72fb397e1ef3ba36e596512b2f8d4be7.jpg,18169,14
leaf workshop/potato_dataset/Potato___Early_blight/ca2c9c12-f2ba-4864-806c-b85f4fb36f92___RS_Early.B 7640.JPG,potato,Potato___Early_blight,potato_Potato___Early_blight,ca2c9c12-f2ba-4864-806c-b85f4fb36f92___RS_Early.B 7640.JPG,20737,15
leaf workshop/MANGO/Yellow mango/20230305_052057497_iOS_jpg.rf.4959c4da0faae0c766e7b6fd3f10069f.jpg,mango,Yellow mango,mango_Yellow mango,20230305_052057497_iOS_jpg.rf.4959c4da0faae0c766e7b6fd3f10069f.jpg,18839,12
leaf workshop/MANGO/Rotten Mango/20230305_062047379_iOS_jpg.rf.9817837858e82feded20f6419af948b1.jpg,mango,Rotten Mango,mango_Rotten Mango,20230305_062047379_iOS_jpg.rf.9817837858e82feded20f6419af948b1.jpg,22441,11
leaf workshop/corn_dataset/Blight/Corn_Blight (773).JPG,corn,Blight,corn_Blight,Corn_Blight (773).JPG,15688,6
leaf workshop/corn_dataset/Healthy/Corn_Health (500).jpg,corn,Healthy,corn_Healthy,Corn_Health (500).jpg,12419,9
leaf workshop/corn_dataset/Blight/Corn_Blight (5).jpg,corn,Blight,corn_Blight,Corn_Blight (5).jpg,26371,6
leaf workshop/corn_dataset/Healthy/Corn_Health (894).jpg,corn,Healthy,corn_Healthy,Corn_Health (894).jpg,13689,9
leaf workshop/potato_dataset/Potato___Early_blight/c9d5a9b6-4e5c-42df-8f9b-5f57e13000df___RS_Early.B 6933.JPG,potato,Potato___Early_blight,potato_Potato___Early_blight,c9d5a9b6-4e5c-42df-8f9b-5f57e13000df___RS_Early.B 6933.JPG,22876,15
leaf workshop/ORANGE/Ripe orange/90_jpg.rf.ab3f30b4477a90b397a111100b7e1071.jpg,orange,Ripe orange,orange_Ripe orange,90_jpg.rf.ab3f30b4477a90b397a111100b7e1071.jpg,42704,13
leaf workshop/corn_dataset/Blight/Corn_Blight (368).JPG,corn,Blight,corn_Blight,Corn_Blight (368).JPG,11427,6
leaf workshop/corn_dataset/Blight/Corn_Blight (554).JPG,corn,Blight,corn_Blight,Corn_Blight (554).JPG,12653,6
leaf workshop/corn_dataset/Healthy/Corn_Health (22).jpg,corn,Healthy,corn_Healthy,Corn_Health (22).jpg,17046,9
leaf workshop/corn_dataset/Blight/Corn_Blight (891).JPG,corn,Blight,corn_Blight,Corn_Blight (891).JPG,12061,6
leaf workshop/corn_dataset/Healthy/Corn_Health (999).jpg,corn,Healthy,corn_Healthy,Corn_Health (999).jpg,12435,9
leaf workshop/BANANA/Rotten banana/translation_Screen-Shot-2018-06-12-at-9_27_22-PM_png.rf.d6e680414995163b7c7a03e956df3a18.jpg,banana,Rotten banana,banana_Rotten banana,translation_Screen-Shot-2018-06-12-at-9_27_22-PM_png.rf.d6e680414995163b7c7a03e956df3a18.jpg,19576,1
leaf workshop/corn_dataset/Healthy/Corn_Health (329).jpg,corn,Healthy,corn_Healthy,Corn_Health (329).jpg,15544,9
leaf workshop/potato_dataset/Potato___healthy/Potato_healthy-77-_0_2426.jpg,potato,Potato___healthy,potato_Potato___healthy,Potato_healthy-77-_0_2426.jpg,18284,17
leaf workshop/potato_dataset/Potato___Early_blight/efa2f117-a774-4fcc-8445-142742aa7816___RS_Early.B 7458.JPG,potato,Potato___Early_blight,potato_Potato___Early_blight,efa2f117-a774-4fcc-8445-142742aa7816___RS_Early.B 7458.JPG,21838,15
leaf workshop/corn_dataset/Common_Rust/Corn_Common_Rust (547).JPG,corn,Common_Rust,corn_Common_Rust,Corn_Common_Rust (547).JPG,13434,7
leaf workshop/corn_dataset/Healthy/Corn_Health (170).jpg,corn,Healthy,corn_Healthy,Corn_Health (170).jpg,12818,9
leaf workshop/corn_dataset/Healthy/Corn_Health (273).jpg,corn,Healthy,corn_Healthy,Corn_Health (273).jpg,13015,9
leaf workshop/corn_dataset/Gray_Leaf_Spot/Corn_Gray_Spot (243).JPG,corn,Gray_Leaf_Spot,corn_Gray_Leaf_Spot,Corn_Gray_Spot (243).JPG,13675,8
leaf workshop/corn_dataset/Common_Rust/Corn_Common_Rust (1298).jpg,corn,Common_Rust,corn_Common_Rust,Corn_Common_Rust (1298).jpg,133106,7
leaf workshop/corn_dataset/Healthy/Corn_Health (247).jpg,corn,Healthy,corn_Healthy,Corn_Health (247).jpg,13915,9
leaf workshop/corn_dataset/Blight/Corn_Blight (837).JPG,corn,Blight,corn_Blight,Corn_Blight (837).JPG,13093,6
leaf workshop/corn_dataset/Blight/Corn_Blight (404).jpg,corn,Blight,corn_Blight,Corn_Blight (404).jpg,13817,6
leaf workshop/coffee_dataset/leaf_rust/159.jpg,coffee,leaf_rust,coffee_leaf_rust,159.jpg,170713,4
leaf workshop/potato_dataset/Potato___Late_blight/befda082-9237-4371-bd11-5d3513a365a5___RS_LB 2608.JPG,potato,Potato___Late_blight,potato_Potato___Late_blight,befda082-9237-4371-bd11-5d3513a365a5___RS_LB 2608.JPG,14745,16
leaf workshop/corn_dataset/Healthy/Corn_Health (29).jpg,corn,Healthy,corn_Healthy,Corn_Health (29).jpg,14732,9
leaf workshop/corn_dataset/Healthy/Corn_Health (618).jpg,corn,Healthy,corn_Healthy,Corn_Health (618).jpg,11871,9
leaf workshop/corn_dataset/Common_Rust/Corn_Common_Rust (105).JPG,corn,Common_Rust,corn_Common_Rust,Corn_Common_Rust (105).JPG,17275,7
leaf workshop/corn_dataset/Healthy/Corn_Health (1128).jpg,corn,Healthy,corn_Healthy,Corn_Health (1128).jpg,9478,9
leaf workshop/potato_dataset/Potato___Early_blight/d4cd2357-1142-4f0c-8c44-201241a27573___RS_Early.B 9146.JPG,potato,Potato___Early_blight,potato_Potato___Early_blight,d4cd2357-1142-4f0c-8c44-201241a27573___RS_Early.B 9146.JPG,23179,15
leaf workshop/corn_dataset/Healthy/Corn_Health (64).jpg,corn,Healthy,corn_Healthy,Corn_Health (64).jpg,6528,9
leaf workshop/MANGO/Green mango/WIN_20230323_13_35_08_Pro_jpg.rf.b9a699c6d36f60187c8503705daf621d.jpg,mango,Green mango,mango_Green mango,WIN_20230323_13_35_08_Pro_jpg.rf.b9a699c6d36f60187c8503705daf621d.jpg,22179,10
leaf workshop/potato_dataset/Potato___healthy/Potato_healthy-101-_0_6844.jpg,potato,Potato___healthy,potato_Potato___healthy,Potato_healthy-101-_0_6844.jpg,13744,17
leaf workshop/corn_dataset/Blight/Corn_Blight (965).JPG,corn,Blight,corn_Blight,Corn_Blight (965).JPG,14772,6
leaf workshop/corn_dataset/Common_Rust/Corn_Common_Rust (505).JPG,corn,Common_Rust,corn_Common_Rust,Corn_Common_Rust (505).JPG,13799,7
leaf workshop/corn_dataset/Common_Rust/Corn_Common_Rust (1193).JPG,corn,Common_Rust,corn_Common_Rust,Corn_Common_Rust (1193).JPG,13976,7
leaf workshop/corn_dataset/Common_Rust/Corn_Common_Rust (250).JPG,corn,Common_Rust,corn_Common_Rust,Corn_Common_Rust (250).JPG,12720,7
leaf workshop/corn_dataset/Blight/Corn_Blight (512).JPG,corn,Blight,corn_Blight,Corn_Blight (512).JPG,13663,6
leaf workshop/corn_dataset/Common_Rust/Corn_Common_Rust (674).JPG,corn,Common_Rust,corn_Common_Rust,Corn_Common_Rust (674).JPG,17543,7
leaf workshop/corn_dataset/Blight/Corn_Blight (834).JPG,corn,Blight,corn_Blight,Corn_Blight (834).JPG,10138,6
leaf workshop/corn_dataset/Healthy/Corn_Health (1143).jpg,corn,Healthy,corn_Healthy,Corn_Health (1143).jpg,14033,9
leaf workshop/corn_dataset/Gray_Leaf_Spot/Corn_Gray_Spot (263).JPG,corn,Gray_Leaf_Spot,corn_Gray_Leaf_Spot,Corn_Gray_Spot (263).JPG,16810,8
leaf workshop/corn_dataset/Common_Rust/Corn_Common_Rust (214).JPG,corn,Common_Rust,corn_Common_Rust,Corn_Common_Rust (214).JPG,16820,7
leaf workshop/corn_dataset/Healthy/Corn_Health (32).jpg,corn,Healthy,corn_Healthy,Corn_Health (32).jpg,11331,9
leaf workshop/coffee_dataset/healthy/9.jpg,coffee,healthy,coffee_healthy,9.jpg,163176,3
leaf workshop/corn_dataset/Blight/Corn_Blight (804).JPG,corn,Blight,corn_Blight,Corn_Blight (804).JPG,14204,6
leaf workshop/corn_dataset/Gray_Leaf_Spot/Corn_Gray_Spot (37).jpg,corn,Gray_Leaf_Spot,corn_Gray_Leaf_Spot,Corn_Gray_Spot (37).jpg,50717,8
leaf workshop/potato_dataset/Potato___healthy/Potato_healthy-127-_0_116.jpg,potato,Potato___healthy,potato_Potato___healthy,Potato_healthy-127-_0_116.jpg,14973,17
leaf workshop/ORANGE/Ripe orange/88_jpg.rf.357198592c748ad956b6b2901eea0166.jpg,orange,Ripe orange,orange_Ripe orange,88_jpg.rf.357198592c748ad956b6b2901eea0166.jpg,20120,13
leaf workshop/potato_dataset/Potato___Early_blight/d03ee4f8-b77d-4f0f-8d13-d0a019a37a66___RS_Early.B 6970.JPG,potato,Potato___Early_blight,potato_Potato___Early_blight,d03ee4f8-b77d-4f0f-8d13-d0a019a37a66___RS_Early.B 6970.JPG,21381,15
leaf workshop/corn_dataset/Healthy/Corn_Health (327).jpg,corn,Healthy,corn_Healthy,Corn_Health (327).jpg,6908,9
leaf workshop/corn_dataset/Blight/Corn_Blight (476).JPG,corn,Blight,corn_Blight,Corn_Blight (476).JPG,13811,6
leaf workshop/corn_dataset/Blight/Corn_Blight (678).jpg,corn,Blight,corn_Blight,Corn_Blight (678).jpg,13149,6
leaf workshop/potato_dataset/Potato___healthy/Potato_healthy-141-_0_4285.jpg,potato,Potato___healthy,potato_Potato___healthy,Potato_healthy-141-_0_4285.jpg,18649,17
leaf workshop/corn_dataset/Blight/Corn_Blight (232).JPG,corn,Blight,corn_Blight,Corn_Blight (232).JPG,16869,6
leaf workshop/potato_dataset/Potato___healthy/Potato_healthy-99-_0_4731.jpg,potato,Potato___healthy,potato_Potato___healthy,Potato_healthy-99-_0_4731.jpg,15753,17
leaf workshop/corn_dataset/Gray_Leaf_Spot/Corn_Gray_Spot (304).JPG,corn,Gray_Leaf_Spot,corn_Gray_Leaf_Spot,Corn_Gray_Spot (304).JPG,19229,8
leaf workshop/potato_dataset/Potato___Early_blight/cceeec9d-e0d9-4512-a1f0-faa5dc6bbf40___RS_Early.B 8381.JPG,potato,Potato___Early_blight,potato_Potato___Early_blight,cceeec9d-e0d9-4512-a1f0-faa5dc6bbf40___RS_Early.B 8381.JPG,19650,15
leaf workshop/corn_dataset/Blight/Corn_Blight (88).jpg,corn,Blight,corn_Blight,Corn_Blight (88).jpg,169432,6
leaf workshop/corn_dataset/Common_Rust/Corn_Common_Rust (294).JPG,corn,Common_Rust,corn_Common_Rust,Corn_Common_Rust (294).JPG,18614,7
leaf workshop/corn_dataset/Common_Rust/Corn_Common_Rust (328).JPG,corn,Common_Rust,corn_Common_Rust,Corn_Common_Rust (328).JPG,13430,7
leaf workshop/potato_dataset/Potato___Early_blight/c3bf3f15-b1ae-4e36-97a4-f341879db6ae___RS_Early.B 8263.JPG,potato,Potato___Early_blight,potato_Potato___Early_blight,c3bf3f15-b1ae-4e36-97a4-f341879db6ae___RS_Early.B 8263.JPG,22082,15
leaf workshop/MANGO/Green mango/WIN_20230323_14_50_24_Pro_jpg.rf.ad3f6ff2a03afa011a2787843084515e.jpg,mango,Green mango,mango_Green mango,WIN_20230323_14_50_24_Pro_jpg.rf.ad3f6ff2a03afa011a2787843084515e.jpg,23382,10
leaf workshop/corn_dataset/Blight/Corn_Blight (133).JPG,corn,Blight,corn_Blight,Corn_Blight (133).JPG,14362,6
leaf workshop/corn_dataset/Common_Rust/Corn_Common_Rust (239).JPG,corn,Common_Rust,corn_Common_Rust,Corn_Common_Rust (239).JPG,13554,7
leaf workshop/corn_dataset/Gray_Leaf_Spot/Corn_Gray_Spot (362).jpg,corn,Gray_Leaf_Spot,corn_Gray_Leaf_Spot,Corn_Gray_Spot (362).jpg,16537,8
leaf workshop/ORANGE/orange/images10_jpg.rf.849bc8852779e4c948e5ad33afc906f8.jpg,orange,orange,orange_orange,images10_jpg.rf.849bc8852779e4c948e5ad33afc906f8.jpg,34884,14
leaf workshop/potato_dataset/Potato___Early_blight/f0a1af30-47b5-430b-b563-ef9a32a55dc7___RS_Early.B 6781.JPG,potato,Potato___Early_blight,potato_Potato___Early_blight,f0a1af30-47b5-430b-b563-ef9a32a55dc7___RS_Early.B 6781.JPG,17773,15
leaf workshop/corn_dataset/Common_Rust/Corn_Common_Rust (526).JPG,corn,Common_Rust,corn_Common_Rust,Corn_Common_Rust (526).JPG,13668,7
leaf workshop/corn_dataset/Common_Rust/Corn_Common_Rust (1138).JPG,corn,Common_Rust,corn_Common_Rust,Corn_Common_Rust (1138).JPG,15937,7
leaf workshop/corn_dataset/Common_Rust/Corn_Common_Rust (618).JPG,corn,Common_Rust,corn_Common_Rust,Corn_Common_Rust (618).JPG,14846,7
leaf workshop/potato_dataset/Potato___healthy/Potato_healthy-117-_0_9518.jpg,potato,Potato___healthy,potato_Potato___healthy,Potato_healthy-117-_0_9518.jpg,14837,17
leaf workshop/corn_dataset/Healthy/Corn_Health (968).jpg,corn,Healthy,corn_Healthy,Corn_Health (968).jpg,10576,9
leaf workshop/potato_dataset/Potato___healthy/Potato_healthy-123-_0_4015.jpg,potato,Potato___healthy,potato_Potato___healthy,Potato_healthy-123-_0_4015.jpg,17473,17
leaf workshop/potato_dataset/Potato___Late_blight/fcc8393e-18f5-48c2-bd87-a0dabc151810___RS_LB 4029.JPG,potato,Potato___Late_blight,potato_Potato___Late_blight,fcc8393e-18f5-48c2-bd87-a0dabc151810___RS_LB 4029.JPG,13159,16
leaf workshop/corn_dataset/Healthy/Corn_Health (714).jpg,corn,Healthy,corn_Healthy,Corn_Health (714).jpg,11974,9
leaf workshop/potato_dataset/Potato___Early_blight/caef0735-6517-4194-b124-5916815e4a71___RS_Early.B 7956.JPG,potato,Potato___Early_blight,potato_Potato___Early_blight,caef0735-6517-4194-b124-5916815e4a71___RS_Early.B 7956.JPG,18383,15
leaf workshop/MANGO/Rotten Mango/20230305_061203751_iOS_jpg.rf.94106cb246686e884de1c6332c58d329.jpg,mango,Rotten Mango,mango_Rotten Mango,20230305_061203751_iOS_jpg.rf.94106cb246686e884de1c6332c58d329.jpg,24051,11
leaf workshop/corn_dataset/Common_Rust/Corn_Common_Rust (521).JPG,corn,Common_Rust,corn_Common_Rust,Corn_Common_Rust (521).JPG,13233,7
leaf workshop/corn_dataset/Common_Rust/Corn_Common_Rust (1035).JPG,corn,Common_Rust,corn_Common_Rust,Corn_Common_Rust (1035).JPG,14195,7
leaf workshop/corn_dataset/Blight/Corn_Blight (303).jpg,corn,Blight,corn_Blight,Corn_Blight (303).jpg,14528,6
leaf workshop/BANANA/Yellow banana/112_JPG_jpg.rf.23c005c162403eeebe332238cbb5087d.jpg,banana,Yellow banana,banana_Yellow banana,112_JPG_jpg.rf.23c005c162403eeebe332238cbb5087d.jpg,32788,2
leaf workshop/corn_dataset/Blight/Corn_Blight (428).JPG,corn,Blight,corn_Blight,Corn_Blight (428).JPG,14930,6
leaf workshop/corn_dataset/Healthy/Corn_Health (1026).jpg,corn,Healthy,corn_Healthy,Corn_Health (1026).jpg,8010,9
leaf workshop/corn_dataset/Common_Rust/Corn_Common_Rust (191).JPG,corn,Common_Rust,corn_Common_Rust,Corn_Common_Rust (191).JPG,14619,7
leaf workshop/corn_dataset/Common_Rust/Corn_Common_Rust (23).jpg,corn,Common_Rust,corn_Common_Rust,Corn_Common_Rust (23).jpg,449312,7
leaf workshop/corn_dataset/Healthy/Corn_Health (766).jpg,corn,Healthy,corn_Healthy,Corn_Health (766).jpg,12527,9
leaf workshop/MANGO/Green mango/WIN_20230323_14_26_58_Pro_jpg.rf.85426979e405f89730fc7b48c4020bb6.jpg,mango,Green mango,mango_Green mango,WIN_20230323_14_26_58_Pro_jpg.rf.85426979e405f89730fc7b48c4020bb6.jpg,21919,10
leaf workshop/corn_dataset/Blight/Corn_Blight (1142).jpg,corn,Blight,corn_Blight,Corn_Blight (1142).jpg,110974,6
leaf workshop/corn_dataset/Healthy/Corn_Health (161).jpg,corn,Healthy,corn_Healthy,Corn_Health (161).jpg,8016,9
leaf workshop/potato_dataset/Potato___Late_blight/d3aa996a-f1d8-41bb-99bc-8f33ca2ea9ce___RS_LB 4404.JPG,potato,Potato___Late_blight,potato_Potato___Late_blight,d3aa996a-f1d8-41bb-99bc-8f33ca2ea9ce___RS_LB 4404.JPG,17962,16
leaf workshop/corn_dataset/Common_Rust/Corn_Common_Rust (590).JPG,corn,Common_Rust,corn_Common_Rust,Corn_Common_Rust (590).JPG,15571,7
leaf workshop/corn_dataset/Blight/Corn_Blight (284).jpg,corn,Blight,corn_Blight,Corn_Blight (284).jpg,14577,6
leaf workshop/ORANGE/orange/img_401_jpeg.rf.30a5c684b44fbf7215a5b82bf3b7597a.jpg,orange,orange,orange_orange,img_401_jpeg.rf.30a5c684b44fbf7215a5b82bf3b7597a.jpg,39708,14
leaf workshop/potato_dataset/Potato___Early_blight/e09798e4-23b1-4485-873b-605bc350f327___RS_Early.B 7320.JPG,potato,Potato___Early_blight,potato_Potato___Early_blight,e09798e4-23b1-4485-873b-605bc350f327___RS_Early.B 7320.JPG,18159,15
leaf workshop/corn_dataset/Blight/Corn_Blight (874).JPG,corn,Blight,corn_Blight,Corn_Blight (874).JPG,13219,6
leaf workshop/corn_dataset/Blight/Corn_Blight (822).JPG,corn,Blight,corn_Blight,Corn_Blight (822).JPG,14417,6
leaf workshop/corn_dataset/Common_Rust/Corn_Common_Rust (257).JPG,corn,Common_Rust,corn_Common_Rust,Corn_Common_Rust (257).JPG,11835,7
leaf workshop/potato_dataset/Potato___Late_blight/eb2bd15b-a92b-4302-98a1-bbc13a0f95bb___RS_LB 2671.JPG,potato,Potato___Late_blight,potato_Potato___Late_blight,eb2bd15b-a92b-4302-98a1-bbc13a0f95bb___RS_LB 2671.JPG,18041,16
leaf workshop/corn_dataset/Blight/Corn_Blight (343).JPG,corn,Blight,corn_Blight,Corn_Blight (343).JPG,16102,6
leaf workshop/BANANA/Yellow banana/shutterstock_600797891-1-1-_jpg.rf.7c76ee88b8d81ebb49768b011ae9abbb.jpg,banana,Yellow banana,banana_Yellow banana,shutterstock_600797891-1-1-_jpg.rf.7c76ee88b8d81ebb49768b011ae9abbb.jpg,15744,2
leaf workshop/potato_dataset/Potato___healthy/Potato_healthy-100-_0_6496.jpg,potato,Potato___healthy,potato_Potato___healthy,Potato_healthy-100-_0_6496.jpg,14837,17
leaf workshop/corn_dataset/Blight/Corn_Blight (6).jpg,corn,Blight,corn_Blight,Corn_Blight (6).jpg,67199,6
leaf workshop/corn_dataset/Common_Rust/Corn_Common_Rust (1181).JPG,corn,Common_Rust,corn_Common_Rust,Corn_Common_Rust (1181).JPG,14719,7
leaf workshop/ORANGE/orange/img_1181_jpeg.rf.9859c73a8e6042702eb78c571048edac.jpg,orange,orange,orange_orange,img_1181_jpeg.rf.9859c73a8e6042702eb78c571048edac.jpg,20844,14
leaf workshop/corn_dataset/Gray_Leaf_Spot/Corn_Gray_Spot (145).JPG,corn,Gray_Leaf_Spot,corn_Gray_Leaf_Spot,Corn_Gray_Spot (145).JPG,20563,8
leaf workshop/MANGO/Yellow mango/20230305_052050403_iOS_jpg.rf.14111fb0a0f20768c53b6317836202c8.jpg,mango,Yellow mango,mango_Yellow mango,20230305_052050403_iOS_jpg.rf.14111fb0a0f20768c53b6317836202c8.jpg,19797,12
leaf workshop/corn_dataset/Blight/Corn_Blight (528).JPG,corn,Blight,corn_Blight,Corn_Blight (528).JPG,14679,6
leaf workshop/potato_dataset/Potato___healthy/Potato_healthy-100-_0_781.jpg,potato,Potato___healthy,potato_Potato___healthy,Potato_healthy-100-_0_781.jpg,15448,17
leaf workshop/MANGO/Yellow mango/20230305_052239382_iOS_jpg.rf.2267ef6acafc96fcbe374eb1ad5f6691.jpg,mango,Yellow mango,mango_Yellow mango,20230305_052239382_iOS_jpg.rf.2267ef6acafc96fcbe374eb1ad5f6691.jpg,23465,12
leaf workshop/corn_dataset/Gray_Leaf_Spot/Corn_Gray_Spot (184).JPG,corn,Gray_Leaf_Spot,corn_Gray_Leaf_Spot,Corn_Gray_Spot (184).JPG,12849,8
leaf workshop/ORANGE/Ripe orange/82_jpg.rf.0975f172c5cc955dc879cd8031254b0b.jpg,orange,Ripe orange,orange_Ripe orange,82_jpg.rf.0975f172c5cc955dc879cd8031254b0b.jpg,36910,13
leaf workshop/corn_dataset/Common_Rust/Corn_Common_Rust (317).JPG,corn,Common_Rust,corn_Common_Rust,Corn_Common_Rust (317).JPG,14032,7
leaf workshop/MANGO/Rotten Mango/20230305_061206844_iOS_jpg.rf.5e0b2dd191570dc96a27eb0f745cdaec.jpg,mango,Rotten Mango,mango_Rotten Mango,20230305_061206844_iOS_jpg.rf.5e0b2dd191570dc96a27eb0f745cdaec.jpg,27811,11
leaf workshop/corn_dataset/Common_Rust/Corn_Common_Rust (539).JPG,corn,Common_Rust,corn_Common_Rust,Corn_Common_Rust (539).JPG,11041,7
leaf workshop/potato_dataset/Potato___Late_blight/e0a559bf-6345-4c5a-8b42-5545b52a2f1b___RS_LB 5456.JPG,potato,Potato___Late_blight,potato_Potato___Late_blight,e0a559bf-6345-4c5a-8b42-5545b52a2f1b___RS_LB 5456.JPG,17070,16
leaf workshop/coffee_dataset/phoma/251.jpg,coffee,phoma,coffee_phoma,251.jpg,112825,5
leaf workshop/corn_dataset/Blight/Corn_Blight (217).JPG,corn,Blight,corn_Blight,Corn_Blight (217).JPG,16466,6
leaf workshop/potato_dataset/Potato___Early_blight/d5673be4-4d62-4287-b9a4-3653b88d1604___RS_Early.B 8304.JPG,potato,Potato___Early_blight,potato_Potato___Early_blight,d5673be4-4d62-4287-b9a4-3653b88d1604___RS_Early.B 8304.JPG,19497,15
leaf workshop/potato_dataset/Potato___healthy/Potato_healthy-89-_0_5430.jpg,potato,Potato___healthy,potato_Potato___healthy,Potato_healthy-89-_0_5430.jpg,17865,17
leaf workshop/corn_dataset/Blight/Corn_Blight (185).JPG,corn,Blight,corn_Blight,Corn_Blight (185).JPG,13991,6
leaf workshop/corn_dataset/Common_Rust/Corn_Common_Rust (16).jpg,corn,Common_Rust,corn_Common_Rust,Corn_Common_Rust (16).jpg,183475,7
leaf workshop/corn_dataset/Gray_Leaf_Spot/Corn_Gray_Spot (48).jpg,corn,Gray_Leaf_Spot,corn_Gray_Leaf_Spot,Corn_Gray_Spot (48).jpg,174015,8
leaf workshop/corn_dataset/Blight/Corn_Blight (338).JPG,corn,Blight,corn_Blight,Corn_Blight (338).JPG,14148,6
leaf workshop/corn_dataset/Healthy/Corn_Health (179).jpg,corn,Healthy,corn_Healthy,Corn_Health (179).jpg,18635,9
leaf workshop/MANGO/Rotten Mango/20230305_061243438_iOS_jpg.rf.8463f99061949b83ba28fd9c46750b60.jpg,mango,Rotten Mango,mango_Rotten Mango,20230305_061243438_iOS_jpg.rf.8463f99061949b83ba28fd9c46750b60.jpg,19273,11
leaf workshop/potato_dataset/Potato___Early_blight/c7f27f40-6634-4118-9990-6897e0c68579___RS_Early.B 7197.JPG,potato,Potato___Early_blight,potato_Potato___Early_blight,c7f27f40-6634-4118-9990-6897e0c68579___RS_Early.B 7197.JPG,20804,15
leaf workshop/potato_dataset/Potato___Late_blight/fb9dc049-ec76-4502-9a11-13fb62a26ed4___RS_LB 3916.JPG,potato,Potato___Late_blight,potato_Potato___Late_blight,fb9dc049-ec76-4502-9a11-13fb62a26ed4___RS_LB 3916.JPG,14772,16
leaf workshop/corn_dataset/Healthy/Corn_Health (25).jpg,corn,Healthy,corn_Healthy,Corn_Health (25).jpg,7603,9
leaf workshop/ORANGE/orange/caja-6-kg-de-naranjas-de-zumo_jpg.rf.527391a8bfa0c8c5ae1f12605aa14885.jpg,orange,orange,orange_orange,caja-6-kg-de-naranjas-de-zumo_jpg.rf.527391a8bfa0c8c5ae1f12605aa14885.jpg,17726,14
leaf workshop/coffee_dataset/healthy/198.jpg,coffee,healthy,coffee_healthy,198.jpg,128504,3
leaf workshop/corn_dataset/Healthy/Corn_Health (353).jpg,corn,Healthy,corn_Healthy,Corn_Health (353).jpg,7495,9
leaf workshop/potato_dataset/Potato___Late_blight/e956d757-4016-4d20-96a6-6844787ddc46___RS_LB 4815.JPG,potato,Potato___Late_blight,potato_Potato___Late_blight,e956d757-4016-4d20-96a6-6844787ddc46___RS_LB 4815.JPG,20437,16
leaf workshop/corn_dataset/Healthy/Corn_Health (652).jpg,corn,Healthy,corn_Healthy,Corn_Health (652).jpg,11676,9
leaf workshop/corn_dataset/Blight/Corn_Blight (215).JPG,corn,Blight,corn_Blight,Corn_Blight (215).JPG,17427,6
leaf workshop/corn_dataset/Healthy/Corn_Health (585).jpg,corn,Healthy,corn_Healthy,Corn_Health (585).jpg,6359,9
leaf workshop/potato_dataset/Potato___Late_blight/ccdf64d2-81fe-429e-8041-05b5a9ce50c9___RS_LB 5052.JPG,potato,Potato___Late_blight,potato_Potato___Late_blight,ccdf64d2-81fe-429e-8041-05b5a9ce50c9___RS_LB 5052.JPG,17306,16
leaf workshop/corn_dataset/Healthy/Corn_Health (1018).jpg,corn,Healthy,corn_Healthy,Corn_Health (1018).jpg,10964,9
leaf workshop/corn_dataset/Healthy/Corn_Health (39).jpg,corn,Healthy,corn_Healthy,Corn_Health (39).jpg,5887,9
leaf workshop/potato_dataset/Potato___Early_blight/de44f09b-b207-4805-8970-2999f9c2dc7c___RS_Early.B 7917.JPG,potato,Potato___Early_blight,potato_Potato___Early_blight,de44f09b-b207-4805-8970-2999f9c2dc7c___RS_Early.B 7917.JPG,20705,15
leaf workshop/potato_dataset/Potato___Early_blight/ccec0636-2984-4164-aad7-34b1b84ec42b___RS_Early.B 7766.JPG,potato,Potato___Early_blight,potato_Potato___Early_blight,ccec0636-2984-4164-aad7-34b1b84ec42b___RS_Early.B 7766.JPG,19249,15
leaf workshop/corn_dataset/Gray_Leaf_Spot/Corn_Gray_Spot (427).JPG,corn,Gray_Leaf_Spot,corn_Gray_Leaf_Spot,Corn_Gray_Spot (427).JPG,16372,8
leaf workshop/BANANA/Rotten banana/vertical_flip_Screen-Shot-2018-06-12-at-9_22_13-PM_png.rf.a3f20c865b1d35a21990034fd171cbb7.jpg,banana,Rotten banana,banana_Rotten banana,vertical_flip_Screen-Shot-2018-06-12-at-9_22_13-PM_png.rf.a3f20c865b1d35a21990034fd171cbb7.jpg,30213,1
leaf workshop/corn_dataset/Blight/Corn_Blight (668).JPG,corn,Blight,corn_Blight,Corn_Blight (668).JPG,12939,6
leaf workshop/corn_dataset/Blight/Corn_Blight (881).JPG,corn,Blight,corn_Blight,Corn_Blight (881).JPG,9372,6
leaf workshop/corn_dataset/Common_Rust/Corn_Common_Rust (131).JPG,corn,Common_Rust,corn_Common_Rust,Corn_Common_Rust (131).JPG,16601,7
leaf workshop/corn_dataset/Healthy/Corn_Health (1113).jpg,corn,Healthy,corn_Healthy,Corn_Health (1113).jpg,18108,9
leaf workshop/potato_dataset/Potato___healthy/Potato_healthy-122-_0_9641.jpg,potato,Potato___healthy,potato_Potato___healthy,Potato_healthy-122-_0_9641.jpg,17372,17
leaf workshop/corn_dataset/Gray_Leaf_Spot/Corn_Gray_Spot (349).JPG,corn,Gray_Leaf_Spot,corn_Gray_Leaf_Spot,Corn_Gray_Spot (349).JPG,16209,8
leaf workshop/corn_dataset/Blight/Corn_Blight (158).JPG,corn,Blight,corn_Blight,Corn_Blight (158).JPG,16895,6
leaf workshop/ORANGE/orange/img_651_jpeg.rf.49d1ca61c56e6bef0d3a73d492d5055c.jpg,orange,orange,orange_orange,img_651_jpeg.rf.49d1ca61c56e6bef0d3a73d492d5055c.jpg,35086,14
leaf workshop/corn_dataset/Healthy/Corn_Health (815).jpg,corn,Healthy,corn_Healthy,Corn_Health (815).jpg,16002,9
leaf workshop/corn_dataset/Gray_Leaf_Spot/Corn_Gray_Spot (453).JPG,corn,Gray_Leaf_Spot,corn_Gray_Leaf_Spot,Corn_Gray_Spot (453).JPG,12476,8
leaf workshop/BANANA/Green banana/130_jpg.rf.929160aefb2c810e9a9b7ac3e715b289.jpg,banana,Green banana,banana_Green banana,130_jpg.rf.929160aefb2c810e9a9b7ac3e715b289.jpg,24945,0
leaf workshop/corn_dataset/Common_Rust/Corn_Common_Rust (692).JPG,corn,Common_Rust,corn_Common_Rust,Corn_Common_Rust (692).JPG,16817,7
leaf workshop/corn_dataset/Common_Rust/Corn_Common_Rust (1206).JPG,corn,Common_Rust,corn_Common_Rust,Corn_Common_Rust (1206).JPG,10702,7
leaf workshop/potato_dataset/Potato___healthy/Potato_healthy-85-_0_9497.jpg,potato,Potato___healthy,potato_Potato___healthy,Potato_healthy-85-_0_9497.jpg,15355,17
leaf workshop/potato_dataset/Potato___Late_blight/fdc86644-2491-4ace-b7e3-190e1d68ebba___RS_LB 5129.JPG,potato,Potato___Late_blight,potato_Potato___Late_blight,fdc86644-2491-4ace-b7e3-190e1d68ebba___RS_LB 5129.JPG,15082,16
leaf workshop/corn_dataset/Blight/Corn_Blight (946).JPG,corn,Blight,corn_Blight,Corn_Blight (946).JPG,15664,6
leaf workshop/corn_dataset/Blight/Corn_Blight (195).JPG,corn,Blight,corn_Blight,Corn_Blight (195).JPG,14516,6
leaf workshop/corn_dataset/Blight/Corn_Blight (932).JPG,corn,Blight,corn_Blight,Corn_Blight (932).JPG,14036,6
leaf workshop/BANANA/Yellow banana/83_jpg.rf.d585895d35dfeea94aa40838c9630330.jpg,banana,Yellow banana,banana_Yellow banana,83_jpg.rf.d585895d35dfeea94aa40838c9630330.jpg,12377,2
leaf workshop/corn_dataset/Common_Rust/Corn_Common_Rust (532).JPG,corn,Common_Rust,corn_Common_Rust,Corn_Common_Rust (532).JPG,13408,7
leaf workshop/corn_dataset/Blight/Corn_Blight (147).jpg,corn,Blight,corn_Blight,Corn_Blight (147).jpg,13984,6
leaf workshop/ORANGE/orange/image25_jpeg_jpg.rf.691aadb30f364338d0030caf67ae67f3.jpg,orange,orange,orange_orange,image25_jpeg_jpg.rf.691aadb30f364338d0030caf67ae67f3.jpg,45611,14
leaf workshop/BANANA/Yellow banana/meo-giu-chuoi-chin-lau-1_800x450_jpg.rf.b25e42d73bf2de0a78c7b7bf1b44ce94.jpg,banana,Yellow banana,banana_Yellow banana,meo-giu-chuoi-chin-lau-1_800x450_jpg.rf.b25e42d73bf2de0a78c7b7bf1b44ce94.jpg,27416,2
leaf workshop/corn_dataset/Common_Rust/Corn_Common_Rust (387).JPG,corn,Common_Rust,corn_Common_Rust,Corn_Common_Rust (387).JPG,11636,7
leaf workshop/corn_dataset/Common_Rust/Corn_Common_Rust (285).JPG,corn,Common_Rust,corn_Common_Rust,Corn_Common_Rust (285).JPG,10117,7
leaf workshop/MANGO/Rotten Mango/20230305_061203751_iOS_jpg.rf.111d0c1a264cd26a785d669927651d1f.jpg,mango,Rotten Mango,mango_Rotten Mango,20230305_061203751_iOS_jpg.rf.111d0c1a264cd26a785d669927651d1f.jpg,25673,11
leaf workshop/corn_dataset/Healthy/Corn_Health (937).jpg,corn,Healthy,corn_Healthy,Corn_Health (937).jpg,6289,9
leaf workshop/corn_dataset/Common_Rust/Corn_Common_Rust (1044).JPG,corn,Common_Rust,corn_Common_Rust,Corn_Common_Rust (1044).JPG,14327,7
leaf workshop/ORANGE/orange/img_1061_jpeg.rf.0b116f2ddcfc2c8b2dd4fd644240262e.jpg,orange,orange,orange_orange,img_1061_jpeg.rf.0b116f2ddcfc2c8b2dd4fd644240262e.jpg,31797,14
leaf workshop/potato_dataset/Potato___Early_blight/c42b5e69-2673-42ef-8e14-a785fea3aad6___RS_Early.B 9107.JPG,potato,Potato___Early_blight,potato_Potato___Early_blight,c42b5e69-2673-42ef-8e14-a785fea3aad6___RS_Early.B 9107.JPG,19641,15
leaf workshop/potato_dataset/Potato___Late_blight/eb34280e-0cfb-4166-a9b8-a15892c9ff5c___RS_LB 4450.JPG,potato,Potato___Late_blight,potato_Potato___Late_blight,eb34280e-0cfb-4166-a9b8-a15892c9ff5c___RS_LB 4450.JPG,14001,16
leaf workshop/corn_dataset/Gray_Leaf_Spot/Corn_Gray_Spot (519).JPG,corn,Gray_Leaf_Spot,corn_Gray_Leaf_Spot,Corn_Gray_Spot (519).JPG,20439,8
leaf workshop/ORANGE/Ripe orange/95_jpg.rf.72d503e508a3c1235b14937244c3cbf2.jpg,orange,Ripe orange,orange_Ripe orange,95_jpg.rf.72d503e508a3c1235b14937244c3cbf2.jpg,32774,13
leaf workshop/coffee_dataset/healthy/191.jpg,coffee,healthy,coffee_healthy,191.jpg,136124,3
leaf workshop/coffee_dataset/healthy/200.jpg,coffee,healthy,coffee_healthy,200.jpg,139267,3
leaf workshop/corn_dataset/Blight/Corn_Blight (10).jpg,corn,Blight,corn_Blight,Corn_Blight (10).jpg,58086,6
leaf workshop/corn_dataset/Gray_Leaf_Spot/Corn_Gray_Spot (79).jpg,corn,Gray_Leaf_Spot,corn_Gray_Leaf_Spot,Corn_Gray_Spot (79).jpg,11731,8
leaf workshop/corn_dataset/Common_Rust/Corn_Common_Rust (470).JPG,corn,Common_Rust,corn_Common_Rust,Corn_Common_Rust (470).JPG,16348,7
leaf workshop/ORANGE/Ripe orange/48_jpg.rf.6eafdfe05a70c2d59ff20e15fca90a8c.jpg,orange,Ripe orange,orange_Ripe orange,48_jpg.rf.6eafdfe05a70c2d59ff20e15fca90a8c.jpg,29745,13
leaf workshop/MANGO/Green mango/WIN_20230323_14_08_01_Pro_jpg.rf.4698db08e80f810a64df53aab646cb62.jpg,mango,Green mango,mango_Green mango,WIN_20230323_14_08_01_Pro_jpg.rf.4698db08e80f810a64df53aab646cb62.jpg,22275,10
leaf workshop/corn_dataset/Healthy/Corn_Health (730).jpg,corn,Healthy,corn_Healthy,Corn_Health (730).jpg,10603,9
leaf workshop/corn_dataset/Healthy/Corn_Health (959).jpg,corn,Healthy,corn_Healthy,Corn_Health (959).jpg,17690,9
leaf workshop/corn_dataset/Gray_Leaf_Spot/Corn_Gray_Spot (486).JPG,corn,Gray_Leaf_Spot,corn_Gray_Leaf_Spot,Corn_Gray_Spot (486).JPG,12659,8
leaf workshop/corn_dataset/Healthy/Corn_Health (358).jpg,corn,Healthy,corn_Healthy,Corn_Health (358).jpg,7520,9
leaf workshop/corn_dataset/Gray_Leaf_Spot/Corn_Gray_Spot (54).JPG,corn,Gray_Leaf_Spot,corn_Gray_Leaf_Spot,Corn_Gray_Spot (54).JPG,17559,8
leaf workshop/corn_dataset/Blight/Corn_Blight (50).jpg,corn,Blight,corn_Blight,Corn_Blight (50).jpg,665651,6
leaf workshop/corn_dataset/Blight/Corn_Blight (80).jpg,corn,Blight,corn_Blight,Corn_Blight (80).jpg,90531,6
leaf workshop/corn_dataset/Healthy/Corn_Health (57).jpg,corn,Healthy,corn_Healthy,Corn_Health (57).jpg,10402,9
leaf workshop/corn_dataset/Blight/Corn_Blight (530).JPG,corn,Blight,corn_Blight,Corn_Blight (530).JPG,13916,6
leaf workshop/corn_dataset/Common_Rust/Corn_Common_Rust (202).JPG,corn,Common_Rust,corn_Common_Rust,Corn_Common_Rust (202).JPG,15987,7
leaf workshop/corn_dataset/Healthy/Corn_Health (1159).jpg,corn,Healthy,corn_Healthy,Corn_Health (1159).jpg,8558,9
leaf workshop/ORANGE/Ripe orange/33_jpg.rf.b56f0cc996b80815dfd932f6ce757aec.jpg,orange,Ripe orange,orange_Ripe orange,33_jpg.rf.b56f0cc996b80815dfd932f6ce757aec.jpg,23468,13
leaf workshop/corn_dataset/Healthy/Corn_Health (1059).jpg,corn,Healthy,corn_Healthy,Corn_Health (1059).jpg,10252,9
leaf workshop/corn_dataset/Common_Rust/Corn_Common_Rust (406).JPG,corn,Common_Rust,corn_Common_Rust,Corn_Common_Rust (406).JPG,13903,7
leaf workshop/potato_dataset/Potato___Early_blight/f3483bdf-7adf-40fe-b478-044b7c9daff2___RS_Early.B 7034.JPG,potato,Potato___Early_blight,potato_Potato___Early_blight,f3483bdf-7adf-40fe-b478-044b7c9daff2___RS_Early.B 7034.JPG,17012,15
leaf workshop/corn_dataset/Blight/Corn_Blight (1144).jpg,corn,Blight,corn_Blight,Corn_Blight (1144).jpg,136924,6
leaf workshop/ORANGE/orange/image28_jpeg_jpg.rf.56ea189373be77a89603f05865c5a840.jpg,orange,orange,orange_orange,image28_jpeg_jpg.rf.56ea189373be77a89603f05865c5a840.jpg,20758,14
leaf workshop/potato_dataset/Potato___Early_blight/fe2a7818-f2ec-4255-93f0-586c88a41624___RS_Early.B 7043.JPG,potato,Potato___Early_blight,potato_Potato___Early_blight,fe2a7818-f2ec-4255-93f0-586c88a41624___RS_Early.B 7043.JPG,19399,15
leaf workshop/corn_dataset/Common_Rust/Corn_Common_Rust (566).JPG,corn,Common_Rust,corn_Common_Rust,Corn_Common_Rust (566).JPG,13244,7
leaf workshop/corn_dataset/Gray_Leaf_Spot/Corn_Gray_Spot (241).JPG,corn,Gray_Leaf_Spot,corn_Gray_Leaf_Spot,Corn_Gray_Spot (241).JPG,20264,8
leaf workshop/corn_dataset/Blight/Corn_Blight (743).jpg,corn,Blight,corn_Blight,Corn_Blight (743).jpg,14035,6
leaf workshop/potato_dataset/Potato___Early_blight/da412bf6-6bee-4dfb-8bc7-b6e9f80971ff___RS_Early.B 6808.JPG,potato,Potato___Early_blight,potato_Potato___Early_blight,da412bf6-6bee-4dfb-8bc7-b6e9f80971ff___RS_Early.B 6808.JPG,18789,15
leaf workshop/corn_dataset/Healthy/Corn_Health (135).jpg,corn,Healthy,corn_Healthy,Corn_Health (135).jpg,16021,9
leaf workshop/potato_dataset/Potato___Early_blight/f2e7be26-b7d3-4e99-8630-8b1650192b02___RS_Early.B 7275.JPG,potato,Potato___Early_blight,potato_Potato___Early_blight,f2e7be26-b7d3-4e99-8630-8b1650192b02___RS_Early.B 7275.JPG,19386,15
leaf workshop/corn_dataset/Healthy/Corn_Health (519).jpg,corn,Healthy,corn_Healthy,Corn_Health (519).jpg,17375,9
leaf workshop/corn_dataset/Healthy/Corn_Health (378).jpg,corn,Healthy,corn_Healthy,Corn_Health (378).jpg,18330,9
leaf workshop/potato_dataset/Potato___healthy/Potato_healthy-97-_0_6462.jpg,potato,Potato___healthy,potato_Potato___healthy,Potato_healthy-97-_0_6462.jpg,16222,17
leaf workshop/corn_dataset/Healthy/Corn_Health (168).jpg,corn,Healthy,corn_Healthy,Corn_Health (168).jpg,7746,9
leaf workshop/corn_dataset/Common_Rust/Corn_Common_Rust (1018).JPG,corn,Common_Rust,corn_Common_Rust,Corn_Common_Rust (1018).JPG,14703,7
leaf workshop/potato_dataset/Potato___Late_blight/f2bfd338-f718-4794-a115-3337a0669988___RS_LB 2944.JPG,potato,Potato___Late_blight,potato_Potato___Late_blight,f2bfd338-f718-4794-a115-3337a0669988___RS_LB 2944.JPG,15356,16
leaf workshop/corn_dataset/Healthy/Corn_Health (258).jpg,corn,Healthy,corn_Healthy,Corn_Health (258).jpg,7634,9
leaf workshop/ORANGE/orange/img_221_jpeg.rf.b5fb84a39941fd90fa58f9b75defc837.jpg,orange,orange,orange_orange,img_221_jpeg.rf.b5fb84a39941fd90fa58f9b75defc837.jpg,11986,14
leaf workshop/ORANGE/Ripe orange/30_jpg.rf.c93676f096b47a19c9e7c4f600e2603b.jpg,orange,Ripe orange,orange_Ripe orange,30_jpg.rf.c93676f096b47a19c9e7c4f600e2603b.jpg,35111,13
leaf workshop/corn_dataset/Healthy/Corn_Health (544).jpg,corn,Healthy,corn_Healthy,Corn_Health (544).jpg,8839,9
leaf workshop/corn_dataset/Healthy/Corn_Health (895).jpg,corn,Healthy,corn_Healthy,Corn_Health (895).jpg,5490,9
leaf workshop/corn_dataset/Common_Rust/Corn_Common_Rust (118).JPG,corn,Common_Rust,corn_Common_Rust,Corn_Common_Rust (118).JPG,10430,7
leaf workshop/ORANGE/orange/img_01_jpeg.rf.2604a6a10688607565a738bc5520586e.jpg,orange,orange,orange_orange,img_01_jpeg.rf.2604a6a10688607565a738bc5520586e.jpg,21053,14
leaf workshop/corn_dataset/Blight/Corn_Blight (1141).jpg,corn,Blight,corn_Blight,Corn_Blight (1141).jpg,745394,6
leaf workshop/corn_dataset/Gray_Leaf_Spot/Corn_Gray_Spot (542).jpg,corn,Gray_Leaf_Spot,corn_Gray_Leaf_Spot,Corn_Gray_Spot (542).jpg,15725,8
leaf workshop/corn_dataset/Blight/Corn_Blight (259).jpg,corn,Blight,corn_Blight,Corn_Blight (259).jpg,17105,6
leaf workshop/corn_dataset/Blight/Corn_Blight (293)(1).JPG,corn,Blight,corn_Blight,Corn_Blight (293)(1).JPG,12789,6
leaf workshop/corn_dataset/Blight/Corn_Blight (1034).JPG,corn,Blight,corn_Blight,Corn_Blight (1034).JPG,18250,6
leaf workshop/coffee_dataset/leaf_rust/144.jpg,coffee,leaf_rust,coffee_leaf_rust,144.jpg,157111,4
leaf workshop/corn_dataset/Blight/Corn_Blight (575).JPG,corn,Blight,corn_Blight,Corn_Blight (575).JPG,13217,6
leaf workshop/corn_dataset/Healthy/Corn_Health (955).jpg,corn,Healthy,corn_Healthy,Corn_Health (955).jpg,12908,9
leaf workshop/corn_dataset/Common_Rust/Corn_Common_Rust (620).JPG,corn,Common_Rust,corn_Common_Rust,Corn_Common_Rust (620).JPG,14829,7
leaf workshop/corn_dataset/Common_Rust/Corn_Common_Rust (276).JPG,corn,Common_Rust,corn_Common_Rust,Corn_Common_Rust (276).JPG,16463,7
leaf workshop/MANGO/Green mango/WIN_20230323_14_44_06_Pro_jpg.rf.1ba0d7d8b2fbee79e4f3a035d019aee6.jpg,mango,Green mango,mango_Green mango,WIN_20230323_14_44_06_Pro_jpg.rf.1ba0d7d8b2fbee79e4f3a035d019aee6.jpg,21339,10
leaf workshop/potato_dataset/Potato___healthy/Potato_healthy-140-_0_4811.jpg,potato,Potato___healthy,potato_Potato___healthy,Potato_healthy-140-_0_4811.jpg,16513,17
leaf workshop/corn_dataset/Healthy/Corn_Health (1133).jpg,corn,Healthy,corn_Healthy,Corn_Health (1133).jpg,21300,9
leaf workshop/corn_dataset/Common_Rust/Corn_Common_Rust (530).JPG,corn,Common_Rust,corn_Common_Rust,Corn_Common_Rust (530).JPG,16474,7
leaf workshop/potato_dataset/Potato___Early_blight/cb615e16-034f-465a-89a6-91e091698723___RS_Early.B 6796.JPG,potato,Potato___Early_blight,potato_Potato___Early_blight,cb615e16-034f-465a-89a6-91e091698723___RS_Early.B 6796.JPG,20551,15
leaf workshop/MANGO/Green mango/WIN_20230323_14_19_39_Pro_jpg.rf.5e19f3c91ba1bc0256b9d448db6ada1f.jpg,mango,Green mango,mango_Green mango,WIN_20230323_14_19_39_Pro_jpg.rf.5e19f3c91ba1bc0256b9d448db6ada1f.jpg,23282,10
leaf workshop/corn_dataset/Blight/Corn_Blight (1045).JPG,corn,Blight,corn_Blight,Corn_Blight (1045).JPG,15046,6
leaf workshop/corn_dataset/Common_Rust/Corn_Common_Rust (489).JPG,corn,Common_Rust,corn_Common_Rust,Corn_Common_Rust (489).JPG,12634,7
leaf workshop/corn_dataset/Healthy/Corn_Health (370).jpg,corn,Healthy,corn_Healthy,Corn_Health (370).jpg,6373,9
leaf workshop/corn_dataset/Blight/Corn_Blight (568).JPG,corn,Blight,corn_Blight,Corn_Blight (568).JPG,11183,6
leaf workshop/corn_dataset/Healthy/Corn_Health (496).jpg,corn,Healthy,corn_Healthy,Corn_Health (496).jpg,11967,9
leaf workshop/potato_dataset/Potato___healthy/Potato_healthy-107-_0_9038.jpg,potato,Potato___healthy,potato_Potato___healthy,Potato_healthy-107-_0_9038.jpg,16019,17
leaf workshop/corn_dataset/Common_Rust/Corn_Common_Rust (1182).JPG,corn,Common_Rust,corn_Common_Rust,Corn_Common_Rust (1182).JPG,11985,7
leaf workshop/corn_dataset/Blight/Corn_Blight (779).JPG,corn,Blight,corn_Blight,Corn_Blight (779).JPG,15436,6
leaf workshop/corn_dataset/Healthy/Corn_Health (664).jpg,corn,Healthy,corn_Healthy,Corn_Health (664).jpg,15706,9
leaf workshop/potato_dataset/Potato___Late_blight/e231f522-dd72-4fbd-94b4-5b4d7b935269___RS_LB 4131.JPG,potato,Potato___Late_blight,potato_Potato___Late_blight,e231f522-dd72-4fbd-94b4-5b4d7b935269___RS_LB 4131.JPG,12265,16
leaf workshop/corn_dataset/Healthy/Corn_Health (71).jpg,corn,Healthy,corn_Healthy,Corn_Health (71).jpg,10898,9
leaf workshop/corn_dataset/Healthy/Corn_Health (633).jpg,corn,Healthy,corn_Healthy,Corn_Health (633).jpg,9419,9
leaf workshop/potato_dataset/Potato___Early_blight/f48fc3b4-b7e7-4ad5-a651-0bf61a5173ff___RS_Early.B 8597.JPG,potato,Potato___Early_blight,potato_Potato___Early_blight,f48fc3b4-b7e7-4ad5-a651-0bf61a5173ff___RS_Early.B 8597.JPG,18660,15
leaf workshop/corn_dataset/Gray_Leaf_Spot/Corn_Gray_Spot (39).jpg,corn,Gray_Leaf_Spot,corn_Gray_Leaf_Spot,Corn_Gray_Spot (39).jpg,66568,8
leaf workshop/potato_dataset/Potato___Late_blight/f926e3c1-74bb-4397-85ca-725a54dfaf49___RS_LB 3053.JPG,potato,Potato___Late_blight,potato_Potato___Late_blight,f926e3c1-74bb-4397-85ca-725a54dfaf49___RS_LB 3053.JPG,16058,16
leaf workshop/potato_dataset/Potato___Early_blight/dbe05365-9166-45f7-94cf-cefca787215a___RS_Early.B 9144.JPG,potato,Potato___Early_blight,potato_Potato___Early_blight,dbe05365-9166-45f7-94cf-cefca787215a___RS_Early.B 9144.JPG,21980,15
leaf workshop/ORANGE/Ripe orange/41_jpg.rf.02fcef2688e0e23e6f0039b755fc8f7f.jpg,orange,Ripe orange,orange_Ripe orange,41_jpg.rf.02fcef2688e0e23e6f0039b755fc8f7f.jpg,25754,13
leaf workshop/corn_dataset/Healthy/Corn_Health (875).jpg,corn,Healthy,corn_Healthy,Corn_Health (875).jpg,7026,9
leaf workshop/BANANA/Rotten banana/translation_Screen-Shot-2018-06-12-at-9_05_52-PM_png.rf.c6d0b8000f03e896b782d2c61fbc016a.jpg,banana,Rotten banana,banana_Rotten banana,translation_Screen-Shot-2018-06-12-at-9_05_52-PM_png.rf.c6d0b8000f03e896b782d2c61fbc016a.jpg,15161,1
leaf workshop/BANANA/Green banana/21_jpg.rf.375fbc909ea3315f092e9a364f35fa04.jpg,banana,Green banana,banana_Green banana,21_jpg.rf.375fbc909ea3315f092e9a364f35fa04.jpg,18804,0
leaf workshop/corn_dataset/Blight/Corn_Blight (566).JPG,corn,Blight,corn_Blight,Corn_Blight (566).JPG,12152,6
leaf workshop/ORANGE/orange/272782_2200-1200x628_jpg.rf.09915aeac142aa27d17f8ad22c529573.jpg,orange,orange,orange_orange,272782_2200-1200x628_jpg.rf.09915aeac142aa27d17f8ad22c529573.jpg,29653,14
leaf workshop/corn_dataset/Blight/Corn_Blight (28).jpg,corn,Blight,corn_Blight,Corn_Blight (28).jpg,12708,6
leaf workshop/corn_dataset/Common_Rust/Corn_Common_Rust (1062).JPG,corn,Common_Rust,corn_Common_Rust,Corn_Common_Rust (1062).JPG,12596,7
leaf workshop/corn_dataset/Common_Rust/Corn_Common_Rust (439).JPG,corn,Common_Rust,corn_Common_Rust,Corn_Common_Rust (439).JPG,11335,7
leaf workshop/corn_dataset/Common_Rust/Corn_Common_Rust (30).jpg,corn,Common_Rust,corn_Common_Rust,Corn_Common_Rust (30).jpg,752571,7
leaf workshop/corn_dataset/Gray_Leaf_Spot/Corn_Gray_Spot (432).JPG,corn,Gray_Leaf_Spot,corn_Gray_Leaf_Spot,Corn_Gray_Spot (432).JPG,14280,8
leaf workshop/corn_dataset/Blight/Corn_Blight (769).JPG,corn,Blight,corn_Blight,Corn_Blight (769).JPG,15127,6
leaf workshop/corn_dataset/Blight/Corn_Blight (198).JPG,corn,Blight,corn_Blight,Corn_Blight (198).JPG,17995,6
leaf workshop/corn_dataset/Healthy/Corn_Health (628).jpg,corn,Healthy,corn_Healthy,Corn_Health (628).jpg,13149,9
leaf workshop/corn_dataset/Blight/Corn_Blight (487).JPG,corn,Blight,corn_Blight,Corn_Blight (487).JPG,13413,6
leaf workshop/corn_dataset/Healthy/Corn_Health (392).jpg,corn,Healthy,corn_Healthy,Corn_Health (392).jpg,17121,9
leaf workshop/ORANGE/orange/img_1061_jpeg.rf.4530c1adb152c7dde254b1f8f565c34d.jpg,orange,orange,orange_orange,img_1061_jpeg.rf.4530c1adb152c7dde254b1f8f565c34d.jpg,31829,14
leaf workshop/potato_dataset/Potato___Early_blight/c8a008b3-a81d-410c-97aa-94e92118e572___RS_Early.B 7616.JPG,potato,Potato___Early_blight,potato_Potato___Early_blight,c8a008b3-a81d-410c-97aa-94e92118e572___RS_Early.B 7616.JPG,21054,15
leaf workshop/corn_dataset/Healthy/Corn_Health (625).jpg,corn,Healthy,corn_Healthy,Corn_Health (625).jpg,8962,9
leaf workshop/corn_dataset/Blight/Corn_Blight (662).JPG,corn,Blight,corn_Blight,Corn_Blight (662).JPG,14666,6
leaf workshop/corn_dataset/Blight/Corn_Blight (764).JPG,corn,Blight,corn_Blight,Corn_Blight (764).JPG,14930,6
leaf workshop/corn_dataset/Gray_Leaf_Spot/Corn_Gray_Spot (159).JPG,corn,Gray_Leaf_Spot,corn_Gray_Leaf_Spot,Corn_Gray_Spot (159).JPG,18958,8
leaf workshop/corn_dataset/Blight/Corn_Blight (529).JPG,corn,Blight,corn_Blight,Corn_Blight (529).JPG,10638,6
leaf workshop/potato_dataset/Potato___healthy/Potato_healthy-115-_0_1525.jpg,potato,Potato___healthy,potato_Potato___healthy,Potato_healthy-115-_0_1525.jpg,16783,17
leaf workshop/corn_dataset/Blight/Corn_Blight (501).JPG,corn,Blight,corn_Blight,Corn_Blight (501).JPG,15009,6
leaf workshop/corn_dataset/Gray_Leaf_Spot/Corn_Gray_Spot (246).JPG,corn,Gray_Leaf_Spot,corn_Gray_Leaf_Spot,Corn_Gray_Spot (246).JPG,15204,8
leaf workshop/corn_dataset/Blight/Corn_Blight (1040).jpg,corn,Blight,corn_Blight,Corn_Blight (1040).jpg,11817,6
leaf workshop/corn_dataset/Healthy/Corn_Health (851).jpg,corn,Healthy,corn_Healthy,Corn_Health (851).jpg,9661,9
leaf workshop/corn_dataset/Gray_Leaf_Spot/Corn_Gray_Spot (405).JPG,corn,Gray_Leaf_Spot,corn_Gray_Leaf_Spot,Corn_Gray_Spot (405).JPG,19043,8
leaf workshop/corn_dataset/Healthy/Corn_Health (795).jpg,corn,Healthy,corn_Healthy,Corn_Health (795).jpg,8307,9
leaf workshop/BANANA/Yellow banana/69_jpg.rf.b2edf693bc0e62c164f27c96a145be6e.jpg,banana,Yellow banana,banana_Yellow banana,69_jpg.rf.b2edf693bc0e62c164f27c96a145be6e.jpg,10856,2
leaf workshop/corn_dataset/Blight/Corn_Blight (432).JPG,corn,Blight,corn_Blight,Corn_Blight (432).JPG,15990,6
leaf workshop/corn_dataset/Blight/Corn_Blight (381).JPG,corn,Blight,corn_Blight,Corn_Blight (381).JPG,12699,6
leaf workshop/corn_dataset/Common_Rust/Corn_Common_Rust (416).JPG,corn,Common_Rust,corn_Common_Rust,Corn_Common_Rust (416).JPG,12630,7
leaf workshop/corn_dataset/Healthy/Corn_Health (816).jpg,corn,Healthy,corn_Healthy,Corn_Health (816).jpg,9929,9
leaf workshop/corn_dataset/Common_Rust/Corn_Common_Rust (219).JPG,corn,Common_Rust,corn_Common_Rust,Corn_Common_Rust (219).JPG,12035,7
leaf workshop/coffee_dataset/phoma/282.jpg,coffee,phoma,coffee_phoma,282.jpg,91139,5
leaf workshop/potato_dataset/Potato___Early_blight/c5464947-d6f8-4d5e-9cad-009db19adf67___RS_Early.B 7181.JPG,potato,Potato___Early_blight,potato_Potato___Early_blight,c5464947-d6f8-4d5e-9cad-009db19adf67___RS_Early.B 7181.JPG,19239,15
leaf workshop/potato_dataset/Potato___healthy/Potato_healthy-121-_0_8939.jpg,potato,Potato___healthy,potato_Potato___healthy,Potato_healthy-121-_0_8939.jpg,16749,17
leaf workshop/corn_dataset/Healthy/Corn_Health (110).jpg,corn,Healthy,corn_Healthy,Corn_Health (110).jpg,7829,9
leaf workshop/corn_dataset/Healthy/Corn_Health (559).jpg,corn,Healthy,corn_Healthy,Corn_Health (559).jpg,14091,9
leaf workshop/corn_dataset/Healthy/Corn_Health (436).jpg,corn,Healthy,corn_Healthy,Corn_Health (436).jpg,16059,9
leaf workshop/coffee_dataset/phoma/275.jpg,coffee,phoma,coffee_phoma,275.jpg,97380,5
leaf workshop/potato_dataset/Potato___Late_blight/e12ede80-8428-4424-b95d-5d3267d112a8___RS_LB 3079.JPG,potato,Potato___Late_blight,potato_Potato___Late_blight,e12ede80-8428-4424-b95d-5d3267d112a8___RS_LB 3079.JPG,19404,16
leaf workshop/corn_dataset/Blight/Corn_Blight (92).jpg,corn,Blight,corn_Blight,Corn_Blight (92).jpg,76249,6
leaf workshop/corn_dataset/Blight/Corn_Blight (435).JPG,corn,Blight,corn_Blight,Corn_Blight (435).JPG,15268,6
leaf workshop/corn_dataset/Healthy/Corn_Health (309).jpg,corn,Healthy,corn_Healthy,Corn_Health (309).jpg,8550,9
leaf workshop/MANGO/Green mango/WIN_20230323_14_35_02_Pro_jpg.rf.59b65db00ef58f4583ff3c66ffcac2db.jpg,mango,Green mango,mango_Green mango,WIN_20230323_14_35_02_Pro_jpg.rf.59b65db00ef58f4583ff3c66ffcac2db.jpg,22746,10
leaf workshop/corn_dataset/Common_Rust/Corn_Common_Rust (1267).jpg,corn,Common_Rust,corn_Common_Rust,Corn_Common_Rust (1267).jpg,1077756,7
leaf workshop/corn_dataset/Blight/Corn_Blight (569).JPG,corn,Blight,corn_Blight,Corn_Blight (569).JPG,11765,6
leaf workshop/ORANGE/orange/00063_Naranja_amarga_jpg.rf.189e9cea386468bc23f148e625584f81.jpg,orange,orange,orange_orange,00063_Naranja_amarga_jpg.rf.189e9cea386468bc23f148e625584f81.jpg,32331,14
leaf workshop/corn_dataset/Blight/Corn_Blight (825).JPG,corn,Blight,corn_Blight,Corn_Blight (825).JPG,13562,6
leaf workshop/potato_dataset/Potato___healthy/Potato_healthy-124-_0_50.jpg,potato,Potato___healthy,potato_Potato___healthy,Potato_healthy-124-_0_50.jpg,15518,17
leaf workshop/corn_dataset/Common_Rust/Corn_Common_Rust (199).JPG,corn,Common_Rust,corn_Common_Rust,Corn_Common_Rust (199).JPG,9038,7
leaf workshop/potato_dataset/Potato___healthy/Potato_healthy-83-_0_1205.jpg,potato,Potato___healthy,potato_Potato___healthy,Potato_healthy-83-_0_1205.jpg,16217,17
leaf workshop/BANANA/Yellow banana/66_jpg.rf.d2efff74df8d28c703e619f3102321b9.jpg,banana,Yellow banana,banana_Yellow banana,66_jpg.rf.d2efff74df8d28c703e619f3102321b9.jpg,12772,2
leaf workshop/potato_dataset/Potato___Early_blight/e57ca76e-a4c3-40f2-a673-9f48b3b357ae___RS_Early.B 7539.JPG,potato,Potato___Early_blight,potato_Potato___Early_blight,e57ca76e-a4c3-40f2-a673-9f48b3b357ae___RS_Early.B 7539.JPG,18876,15
leaf workshop/corn_dataset/Common_Rust/Corn_Common_Rust (700).JPG,corn,Common_Rust,corn_Common_Rust,Corn_Common_Rust (700).JPG,14109,7
leaf workshop/corn_dataset/Healthy/Corn_Health (264).jpg,corn,Healthy,corn_Healthy,Corn_Health (264).jpg,7336,9
leaf workshop/ORANGE/Ripe orange/51_jpg.rf.ee573c29453f8504e96a045d6aa899a4.jpg,orange,Ripe orange,orange_Ripe orange,51_jpg.rf.ee573c29453f8504e96a045d6aa899a4.jpg,26478,13
leaf workshop/corn_dataset/Common_Rust/Corn_Common_Rust (600).JPG,corn,Common_Rust,corn_Common_Rust,Corn_Common_Rust (600).JPG,12656,7
leaf workshop/corn_dataset/Healthy/Corn_Health (611).jpg,corn,Healthy,corn_Healthy,Corn_Health (611).jpg,8592,9
leaf workshop/corn_dataset/Common_Rust/Corn_Common_Rust (362).JPG,corn,Common_Rust,corn_Common_Rust,Corn_Common_Rust (362).JPG,16339,7
leaf workshop/BANANA/Yellow banana/200349_jpg.rf.f08304ce30de72e2efdb0c75ac438132.jpg,banana,Yellow banana,banana_Yellow banana,200349_jpg.rf.f08304ce30de72e2efdb0c75ac438132.jpg,35563,2
leaf workshop/corn_dataset/Blight/Corn_Blight (861).JPG,corn,Blight,corn_Blight,Corn_Blight (861).JPG,15424,6
leaf workshop/corn_dataset/Healthy/Corn_Health (715).jpg,corn,Healthy,corn_Healthy,Corn_Health (715).jpg,13924,9
leaf workshop/corn_dataset/Healthy/Corn_Health (23).jpg,corn,Healthy,corn_Healthy,Corn_Health (23).jpg,7795,9
leaf workshop/corn_dataset/Blight/Corn_Blight (960).jpg,corn,Blight,corn_Blight,Corn_Blight (960).jpg,11714,6
leaf workshop/corn_dataset/Common_Rust/Corn_Common_Rust (606).JPG,corn,Common_Rust,corn_Common_Rust,Corn_Common_Rust (606).JPG,14334,7
leaf workshop/BANANA/Rotten banana/vertical_flip_Screen-Shot-2018-06-12-at-9_09_09-PM_png.rf.937d4cacf1e8b5bc30a17031f7683a8d.jpg,banana,Rotten banana,banana_Rotten banana,vertical_flip_Screen-Shot-2018-06-12-at-9_09_09-PM_png.rf.937d4cacf1e8b5bc30a17031f7683a8d.jpg,16004,1
leaf workshop/MANGO/Green mango/-3_jpg.rf.67d0b875b9ddd31105315ae85ccb32c1.jpg,mango,Green mango,mango_Green mango,-3_jpg.rf.67d0b875b9ddd31105315ae85ccb32c1.jpg,22624,10
leaf workshop/corn_dataset/Common_Rust/Corn_Common_Rust (1145).JPG,corn,Common_Rust,corn_Common_Rust,Corn_Common_Rust (1145).JPG,16028,7
leaf workshop/corn_dataset/Common_Rust/Corn_Common_Rust (690).JPG,corn,Common_Rust,corn_Common_Rust,Corn_Common_Rust (690).JPG,12235,7
leaf workshop/potato_dataset/Potato___Late_blight/c073bdde-9753-4035-8758-31fdc7cae993___RS_LB 2916.JPG,potato,Potato___Late_blight,potato_Potato___Late_blight,c073bdde-9753-4035-8758-31fdc7cae993___RS_LB 2916.JPG,14904,16
leaf workshop/corn_dataset/Healthy/Corn_Health (28).jpg,corn,Healthy,corn_Healthy,Corn_Health (28).jpg,10239,9
leaf workshop/ORANGE/orange/img_571_jpeg.rf.122b73e0246195f6bd24ff70bb7df7ec.jpg,orange,orange,orange_orange,img_571_jpeg.rf.122b73e0246195f6bd24ff70bb7df7ec.jpg,40127,14
leaf workshop/potato_dataset/Potato___healthy/Potato_healthy-93-_0_2640.jpg,potato,Potato___healthy,potato_Potato___healthy,Potato_healthy-93-_0_2640.jpg,15640,17
leaf workshop/corn_dataset/Blight/Corn_Blight (473).JPG,corn,Blight,corn_Blight,Corn_Blight (473).JPG,15687,6
leaf workshop/corn_dataset/Healthy/Corn_Health (878).jpg,corn,Healthy,corn_Healthy,Corn_Health (878).jpg,16024,9
leaf workshop/corn_dataset/Healthy/Corn_Health (1112).jpg,corn,Healthy,corn_Healthy,Corn_Health (1112).jpg,9629,9
leaf workshop/corn_dataset/Blight/Corn_Blight (511).JPG,corn,Blight,corn_Blight,Corn_Blight (511).JPG,13826,6
leaf workshop/corn_dataset/Blight/Corn_Blight (1073).jpg,corn,Blight,corn_Blight,Corn_Blight (1073).jpg,17513,6
leaf workshop/corn_dataset/Healthy/Corn_Health (128).jpg,corn,Healthy,corn_Healthy,Corn_Health (128).jpg,10754,9
leaf workshop/ORANGE/Ripe orange/25_jpg.rf.234a698c318a795369af463ee3bc325d.jpg,orange,Ripe orange,orange_Ripe orange,25_jpg.rf.234a698c318a795369af463ee3bc325d.jpg,30701,13
leaf workshop/corn_dataset/Blight/Corn_Blight (429).JPG,corn,Blight,corn_Blight,Corn_Blight (429).JPG,10986,6
leaf workshop/corn_dataset/Healthy/Corn_Health (77).jpg,corn,Healthy,corn_Healthy,Corn_Health (77).jpg,17088,9
leaf workshop/corn_dataset/Blight/Corn_Blight (436).JPG,corn,Blight,corn_Blight,Corn_Blight (436).JPG,14528,6
leaf workshop/corn_dataset/Blight/Corn_Blight (173).JPG,corn,Blight,corn_Blight,Corn_Blight (173).JPG,12785,6
leaf workshop/corn_dataset/Common_Rust/Corn_Common_Rust (740).JPG,corn,Common_Rust,corn_Common_Rust,Corn_Common_Rust (740).JPG,14440,7
leaf workshop/BANANA/Green banana/58_jpg.rf.dc2825fca655e4c5959550a2dac30aba.jpg,banana,Green banana,banana_Green banana,58_jpg.rf.dc2825fca655e4c5959550a2dac30aba.jpg,17711,0
leaf workshop/potato_dataset/Potato___Early_blight/e8db5472-3858-478a-b1ae-9198329a49a5___RS_Early.B 7528.JPG,potato,Potato___Early_blight,potato_Potato___Early_blight,e8db5472-3858-478a-b1ae-9198329a49a5___RS_Early.B 7528.JPG,20461,15
leaf workshop/BANANA/Yellow banana/Screen-Shot-2018-06-12-at-9-42-03-PM_png_jpg.rf.d4c5b901771114183ed2335d5a126190.jpg,banana,Yellow banana,banana_Yellow banana,Screen-Shot-2018-06-12-at-9-42-03-PM_png_jpg.rf.d4c5b901771114183ed2335d5a126190.jpg,21218,2
leaf workshop/corn_dataset/Blight/Corn_Blight (1140).jpg,corn,Blight,corn_Blight,Corn_Blight (1140).jpg,70950,6
leaf workshop/corn_dataset/Common_Rust/Corn_Common_Rust (1284).jpg,corn,Common_Rust,corn_Common_Rust,Corn_Common_Rust (1284).jpg,76863,7
leaf workshop/corn_dataset/Common_Rust/Corn_Common_Rust (222).JPG,corn,Common_Rust,corn_Common_Rust,Corn_Common_Rust (222).JPG,11596,7
leaf workshop/corn_dataset/Blight/Corn_Blight (545).JPG,corn,Blight,corn_Blight,Corn_Blight (545).JPG,13799,6
leaf workshop/potato_dataset/Potato___Early_blight/c28107c6-ea57-4044-bb6e-508d6d360cd7___RS_Early.B 7057.JPG,potato,Potato___Early_blight,potato_Potato___Early_blight,c28107c6-ea57-4044-bb6e-508d6d360cd7___RS_Early.B 7057.JPG,17649,15
leaf workshop/potato_dataset/Potato___Early_blight/eec2262a-d16b-42e1-99bd-6891ef392988___RS_Early.B 7085.JPG,potato,Potato___Early_blight,potato_Potato___Early_blight,eec2262a-d16b-42e1-99bd-6891ef392988___RS_Early.B 7085.JPG,17669,15
leaf workshop/corn_dataset/Common_Rust/Corn_Common_Rust (537).JPG,corn,Common_Rust,corn_Common_Rust,Corn_Common_Rust (537).JPG,14524,7
leaf workshop/ORANGE/orange/depositphotos_19638723-stock-photo-fresh-orange-fruit-with-leaf_jpg.rf.d73b0c37476417e54016c5bb5440dec8.jpg,orange,orange,orange_orange,depositphotos_19638723-stock-photo-fresh-orange-fruit-with-leaf_jpg.rf.d73b0c37476417e54016c5bb5440dec8.jpg,19283,14
leaf workshop/BANANA/Green banana/69_jpg.rf.5ad9ab997a8ce4677b7c22bd53c96610.jpg,banana,Green banana,banana_Green banana,69_jpg.rf.5ad9ab997a8ce4677b7c22bd53c96610.jpg,42193,0
leaf workshop/ORANGE/orange/img_291_jpeg.rf.0b631167baad17d22c59dc908a248fb6.jpg,orange,orange,orange_orange,img_291_jpeg.rf.0b631167baad17d22c59dc908a248fb6.jpg,26368,14
leaf workshop/corn_dataset/Gray_Leaf_Spot/Corn_Gray_Spot (234).JPG,corn,Gray_Leaf_Spot,corn_Gray_Leaf_Spot,Corn_Gray_Spot (234).JPG,19025,8
leaf workshop/corn_dataset/Common_Rust/Corn_Common_Rust (209).JPG,corn,Common_Rust,corn_Common_Rust,Corn_Common_Rust (209).JPG,13170,7
leaf workshop/ORANGE/orange/img_701_jpeg.rf.214019b9b1157017e6db5b23ffb74b64.jpg,orange,orange,orange_orange,img_701_jpeg.rf.214019b9b1157017e6db5b23ffb74b64.jpg,25373,14
leaf workshop/corn_dataset/Blight/Corn_Blight (727).JPG,corn,Blight,corn_Blight,Corn_Blight (727).JPG,17955,6
leaf workshop/potato_dataset/Potato___healthy/Potato_healthy-103-_0_2503.jpg,potato,Potato___healthy,potato_Potato___healthy,Potato_healthy-103-_0_2503.jpg,18260,17
leaf workshop/corn_dataset/Blight/Corn_Blight (556).JPG,corn,Blight,corn_Blight,Corn_Blight (556).JPG,13637,6
leaf workshop/corn_dataset/Common_Rust/Corn_Common_Rust (384).JPG,corn,Common_Rust,corn_Common_Rust,Corn_Common_Rust (384).JPG,15178,7
leaf workshop/corn_dataset/Blight/Corn_Blight (918).JPG,corn,Blight,corn_Blight,Corn_Blight (918).JPG,12540,6
leaf workshop/BANANA/Yellow banana/32_JPG_jpg.rf.cd051f1894e112d76671f8ba4ffc4ffd.jpg,banana,Yellow banana,banana_Yellow banana,32_JPG_jpg.rf.cd051f1894e112d76671f8ba4ffc4ffd.jpg,11902,2
leaf workshop/potato_dataset/Potato___Late_blight/cf979c44-abfa-4ed3-865e-ee0c204ba9f0___RS_LB 4662.JPG,potato,Potato___Late_blight,potato_Potato___Late_blight,cf979c44-abfa-4ed3-865e-ee0c204ba9f0___RS_LB 4662.JPG,17700,16
leaf workshop/corn_dataset/Common_Rust/Corn_Common_Rust (1078).JPG,corn,Common_Rust,corn_Common_Rust,Corn_Common_Rust (1078).JPG,14893,7
leaf workshop/corn_dataset/Common_Rust/Corn_Common_Rust (722).JPG,corn,Common_Rust,corn_Common_Rust,Corn_Common_Rust (722).JPG,13169,7
leaf workshop/corn_dataset/Common_Rust/Corn_Common_Rust (262).JPG,corn,Common_Rust,corn_Common_Rust,Corn_Common_Rust (262).JPG,16428,7
leaf workshop/ORANGE/orange/images428_jpg.rf.c613a74c53ae506aa6e9470596196954.jpg,orange,orange,orange_orange,images428_jpg.rf.c613a74c53ae506aa6e9470596196954.jpg,16137,14
leaf workshop/coffee_dataset/leaf_rust/141.jpg,coffee,leaf_rust,coffee_leaf_rust,141.jpg,161725,4
leaf workshop/corn_dataset/Healthy/Corn_Health (806).jpg,corn,Healthy,corn_Healthy,Corn_Health (806).jpg,5336,9
leaf workshop/corn_dataset/Blight/Corn_Blight (430).JPG,corn,Blight,corn_Blight,Corn_Blight (430).JPG,16215,6
leaf workshop/MANGO/Rotten Mango/25790876_303614783461172_7784493997763886789_o_png_jpg.rf.b157fccead0df9bc0b99d92f2ac22ccc.jpg,mango,Rotten Mango,mango_Rotten Mango,25790876_303614783461172_7784493997763886789_o_png_jpg.rf.b157fccead0df9bc0b99d92f2ac22ccc.jpg,15638,11
leaf workshop/potato_dataset/Potato___healthy/Potato_healthy-85-_0_6349.jpg,potato,Potato___healthy,potato_Potato___healthy,Potato_healthy-85-_0_6349.jpg,15948,17
leaf workshop/corn_dataset/Healthy/Corn_Health (1136).jpg,corn,Healthy,corn_Healthy,Corn_Health (1136).jpg,8378,9
leaf workshop/corn_dataset/Healthy/Corn_Health (593).jpg,corn,Healthy,corn_Healthy,Corn_Health (593).jpg,13576,9
leaf workshop/corn_dataset/Common_Rust/Corn_Common_Rust (397).JPG,corn,Common_Rust,corn_Common_Rust,Corn_Common_Rust (397).JPG,14678,7
leaf workshop/ORANGE/orange/image6_jpeg_jpg.rf.4d519dd95339f07ec2458f5e0ff1496a.jpg,orange,orange,orange_orange,image6_jpeg_jpg.rf.4d519dd95339f07ec2458f5e0ff1496a.jpg,23391,14
leaf workshop/corn_dataset/Blight/Corn_Blight (985).JPG,corn,Blight,corn_Blight,Corn_Blight (985).JPG,16146,6
leaf workshop/corn_dataset/Healthy/Corn_Health (50).jpg,corn,Healthy,corn_Healthy,Corn_Health (50).jpg,10376,9
leaf workshop/corn_dataset/Gray_Leaf_Spot/Corn_Gray_Spot (132).jpg,corn,Gray_Leaf_Spot,corn_Gray_Leaf_Spot,Corn_Gray_Spot (132).jpg,15774,8
leaf workshop/potato_dataset/Potato___Early_blight/c74c801d-a6e5-44dc-a7e8-f3a5f39a300e___RS_Early.B 7864.JPG,potato,Potato___Early_blight,potato_Potato___Early_blight,c74c801d-a6e5-44dc-a7e8-f3a5f39a300e___RS_Early.B 7864.JPG,21973,15
leaf workshop/corn_dataset/Blight/Corn_Blight (1088).JPG,corn,Blight,corn_Blight,Corn_Blight (1088).JPG,10829,6
leaf workshop/potato_dataset/Potato___healthy/Potato_healthy-95-_0_8785.jpg,potato,Potato___healthy,potato_Potato___healthy,Potato_healthy-95-_0_8785.jpg,16134,17
leaf workshop/corn_dataset/Healthy/Corn_Health (568).jpg,corn,Healthy,corn_Healthy,Corn_Health (568).jpg,10982,9
leaf workshop/corn_dataset/Healthy/Corn_Health (411).jpg,corn,Healthy,corn_Healthy,Corn_Health (411).jpg,7936,9
leaf workshop/corn_dataset/Gray_Leaf_Spot/Corn_Gray_Spot (41).jpg,corn,Gray_Leaf_Spot,corn_Gray_Leaf_Spot,Corn_Gray_Spot (41).jpg,5693806,8
leaf workshop/corn_dataset/Common_Rust/Corn_Common_Rust (522).JPG,corn,Common_Rust,corn_Common_Rust,Corn_Common_Rust (522).JPG,15152,7
leaf workshop/corn_dataset/Blight/Corn_Blight (920).JPG,corn,Blight,corn_Blight,Corn_Blight (920).JPG,16118,6
leaf workshop/corn_dataset/Gray_Leaf_Spot/Corn_Gray_Spot (287).jpg,corn,Gray_Leaf_Spot,corn_Gray_Leaf_Spot,Corn_Gray_Spot (287).jpg,13498,8
leaf workshop/corn_dataset/Healthy/Corn_Health (437).jpg,corn,Healthy,corn_Healthy,Corn_Health (437).jpg,17692,9
leaf workshop/corn_dataset/Blight/Corn_Blight (277).JPG,corn,Blight,corn_Blight,Corn_Blight (277).JPG,13142,6
leaf workshop/corn_dataset/Common_Rust/Corn_Common_Rust (256).JPG,corn,Common_Rust,corn_Common_Rust,Corn_Common_Rust (256).JPG,14741,7
leaf workshop/corn_dataset/Blight/Corn_Blight (286).jpg,corn,Blight,corn_Blight,Corn_Blight (286).jpg,13826,6
leaf workshop/corn_dataset/Gray_Leaf_Spot/Corn_Gray_Spot (492).JPG,corn,Gray_Leaf_Spot,corn_Gray_Leaf_Spot,Corn_Gray_Spot (492).JPG,18966,8
leaf workshop/corn_dataset/Common_Rust/Corn_Common_Rust (227).JPG,corn,Common_Rust,corn_Common_Rust,Corn_Common_Rust (227).JPG,17410,7
leaf workshop/BANANA/Green banana/14_jpg.rf.1799aeefcdcfaa4292529a9f660d75a9.jpg,banana,Green banana,banana_Green banana,14_jpg.rf.1799aeefcdcfaa4292529a9f660d75a9.jpg,24744,0
leaf workshop/corn_dataset/Healthy/Corn_Health (1100).jpg,corn,Healthy,corn_Healthy,Corn_Health (1100).jpg,15166,9
leaf workshop/ORANGE/orange/img_1171_jpeg.rf.3bec51660fd064d16f75b0002e20914d.jpg,orange,orange,orange_orange,img_1171_jpeg.rf.3bec51660fd064d16f75b0002e20914d.jpg,25562,14
leaf workshop/corn_dataset/Gray_Leaf_Spot/Corn_Gray_Spot (112).JPG,corn,Gray_Leaf_Spot,corn_Gray_Leaf_Spot,Corn_Gray_Spot (112).JPG,22489,8
leaf workshop/ORANGE/orange/image3_jpeg_jpg.rf.4296ef3cd4ada379f94ac4290491017e.jpg,orange,orange,orange_orange,image3_jpeg_jpg.rf.4296ef3cd4ada379f94ac4290491017e.jpg,18140,14
leaf workshop/ORANGE/orange/img_921_jpeg.rf.244b37062ef9896bbbeb9a2137c102f2.jpg,orange,orange,orange_orange,img_921_jpeg.rf.244b37062ef9896bbbeb9a2137c102f2.jpg,29745,14
leaf workshop/corn_dataset/Blight/Corn_Blight (29).jpg,corn,Blight,corn_Blight,Corn_Blight (29).jpg,106355,6
leaf workshop/corn_dataset/Gray_Leaf_Spot/Corn_Gray_Spot (449).JPG,corn,Gray_Leaf_Spot,corn_Gray_Leaf_Spot,Corn_Gray_Spot (449).JPG,13355,8
leaf workshop/corn_dataset/Gray_Leaf_Spot/Corn_Gray_Spot (278).JPG,corn,Gray_Leaf_Spot,corn_Gray_Leaf_Spot,Corn_Gray_Spot (278).JPG,19069,8
leaf workshop/ORANGE/orange/1000_F_258869082_TOHkGzpAyBS0b9nxkZZ5fhtEVaUzO8ch_jpg.rf.f4bbcd0acbe5c0ccb42c00a02a8b231e.jpg,orange,orange,orange_orange,1000_F_258869082_TOHkGzpAyBS0b9nxkZZ5fhtEVaUzO8ch_jpg.rf.f4bbcd0acbe5c0ccb42c00a02a8b231e.jpg,23450,14
leaf workshop/corn_dataset/Common_Rust/Corn_Common_Rust (127).JPG,corn,Common_Rust,corn_Common_Rust,Corn_Common_Rust (127).JPG,14330,7
leaf workshop/ORANGE/Ripe orange/75_jpg.rf.e21505ea72fa639bd6b3ddb4c211d809.jpg,orange,Ripe orange,orange_Ripe orange,75_jpg.rf.e21505ea72fa639bd6b3ddb4c211d809.jpg,29607,13
leaf workshop/corn_dataset/Healthy/Corn_Health (622).jpg,corn,Healthy,corn_Healthy,Corn_Health (622).jpg,13235,9
leaf workshop/corn_dataset/Healthy/Corn_Health (1093).jpg,corn,Healthy,corn_Healthy,Corn_Health (1093).jpg,11121,9
leaf workshop/corn_dataset/Healthy/Corn_Health (821).jpg,corn,Healthy,corn_Healthy,Corn_Health (821).jpg,11285,9
leaf workshop/potato_dataset/Potato___Early_blight/f12d7916-b4f0-46f7-91bd-8dc097743149___RS_Early.B 8963.JPG,potato,Potato___Early_blight,potato_Potato___Early_blight,f12d7916-b4f0-46f7-91bd-8dc097743149___RS_Early.B 8963.JPG,19549,15
leaf workshop/corn_dataset/Blight/Corn_Blight (533).JPG,corn,Blight,corn_Blight,Corn_Blight (533).JPG,12657,6
leaf workshop/corn_dataset/Healthy/Corn_Health (169).jpg,corn,Healthy,corn_Healthy,Corn_Health (169).jpg,8225,9
leaf workshop/corn_dataset/Common_Rust/Corn_Common_Rust (1088).JPG,corn,Common_Rust,corn_Common_Rust,Corn_Common_Rust (1088).JPG,15526,7
leaf workshop/corn_dataset/Common_Rust/Corn_Common_Rust (644).JPG,corn,Common_Rust,corn_Common_Rust,Corn_Common_Rust (644).JPG,18140,7
leaf workshop/coffee_dataset/leaf_rust/134.jpg,coffee,leaf_rust,coffee_leaf_rust,134.jpg,193706,4
leaf workshop/corn_dataset/Healthy/Corn_Health (154).jpg,corn,Healthy,corn_Healthy,Corn_Health (154).jpg,17855,9
leaf workshop/corn_dataset/Common_Rust/Corn_Common_Rust (687).JPG,corn,Common_Rust,corn_Common_Rust,Corn_Common_Rust (687).JPG,17401,7
leaf workshop/corn_dataset/Common_Rust/Corn_Common_Rust (104).JPG,corn,Common_Rust,corn_Common_Rust,Corn_Common_Rust (104).JPG,13854,7
leaf workshop/corn_dataset/Blight/Corn_Blight (168).JPG,corn,Blight,corn_Blight,Corn_Blight (168).JPG,14961,6
leaf workshop/potato_dataset/Potato___Late_blight/ea2bb076-a483-4570-88ac-8ab236d4bb92___RS_LB 2503.JPG,potato,Potato___Late_blight,potato_Potato___Late_blight,ea2bb076-a483-4570-88ac-8ab236d4bb92___RS_LB 2503.JPG,14129,16
leaf workshop/corn_dataset/Common_Rust/Corn_Common_Rust (713).JPG,corn,Common_Rust,corn_Common_Rust,Corn_Common_Rust (713).JPG,16624,7
leaf workshop/corn_dataset/Healthy/Corn_Health (518).jpg,corn,Healthy,corn_Healthy,Corn_Health (518).jpg,9595,9
leaf workshop/corn_dataset/Common_Rust/Corn_Common_Rust (425).JPG,corn,Common_Rust,corn_Common_Rust,Corn_Common_Rust (425).JPG,12936,7
leaf workshop/corn_dataset/Common_Rust/Corn_Common_Rust (473).JPG,corn,Common_Rust,corn_Common_Rust,Corn_Common_Rust (473).JPG,13537,7
leaf workshop/corn_dataset/Common_Rust/Corn_Common_Rust (1224).JPG,corn,Common_Rust,corn_Common_Rust,Corn_Common_Rust (1224).JPG,14314,7
leaf workshop/corn_dataset/Blight/Corn_Blight (772).JPG,corn,Blight,corn_Blight,Corn_Blight (772).JPG,15643,6
leaf workshop/corn_dataset/Gray_Leaf_Spot/Corn_Gray_Spot (346).JPG,corn,Gray_Leaf_Spot,corn_Gray_Leaf_Spot,Corn_Gray_Spot (346).JPG,14193,8
leaf workshop/corn_dataset/Common_Rust/Corn_Common_Rust (562).JPG,corn,Common_Rust,corn_Common_Rust,Corn_Common_Rust (562).JPG,15590,7
leaf workshop/corn_dataset/Common_Rust/Corn_Common_Rust (1059).JPG,corn,Common_Rust,corn_Common_Rust,Corn_Common_Rust (1059).JPG,10119,7
leaf workshop/potato_dataset/Potato___Late_blight/ed2d2803-3b9b-4c3c-ab8a-9aea2bf76ffd___RS_LB 5190.JPG,potato,Potato___Late_blight,potato_Potato___Late_blight,ed2d2803-3b9b-4c3c-ab8a-9aea2bf76ffd___RS_LB 5190.JPG,18971,16
leaf workshop/BANANA/Green banana/147_jpg.rf.749b56e3ab20ea99d4b053397aaea79d.jpg,banana,Green banana,banana_Green banana,147_jpg.rf.749b56e3ab20ea99d4b053397aaea79d.jpg,46958,0
leaf workshop/corn_dataset/Common_Rust/Corn_Common_Rust (549).JPG,corn,Common_Rust,corn_Common_Rust,Corn_Common_Rust (549).JPG,13473,7
leaf workshop/ORANGE/orange/image10_jpeg_jpg.rf.48bb7765163fa928b91d5af25f38a4c4.jpg,orange,orange,orange_orange,image10_jpeg_jpg.rf.48bb7765163fa928b91d5af25f38a4c4.jpg,21130,14
leaf workshop/corn_dataset/Healthy/Corn_Health (514).jpg,corn,Healthy,corn_Healthy,Corn_Health (514).jpg,6986,9
leaf workshop/corn_dataset/Healthy/Corn_Health (971).jpg,corn,Healthy,corn_Healthy,Corn_Health (971).jpg,13029,9
leaf workshop/potato_dataset/Potato___healthy/Potato_healthy-117-_0_2278.jpg,potato,Potato___healthy,potato_Potato___healthy,Potato_healthy-117-_0_2278.jpg,14598,17
leaf workshop/corn_dataset/Gray_Leaf_Spot/Corn_Gray_Spot (265).jpg,corn,Gray_Leaf_Spot,corn_Gray_Leaf_Spot,Corn_Gray_Spot (265).jpg,11867,8
leaf workshop/ORANGE/Ripe orange/87_jpg.rf.2168bc3c4146f511175a8ee4a65646fa.jpg,orange,Ripe orange,orange_Ripe orange,87_jpg.rf.2168bc3c4146f511175a8ee4a65646fa.jpg,28635,13
leaf workshop/potato_dataset/Potato___Late_blight/e0c879c8-ebf3-43d0-9693-7a747fb5ba75___RS_LB 3956.JPG,potato,Potato___Late_blight,potato_Potato___Late_blight,e0c879c8-ebf3-43d0-9693-7a747fb5ba75___RS_LB 3956.JPG,17500,16
leaf workshop/corn_dataset/Blight/Corn_Blight (279).JPG,corn,Blight,corn_Blight,Corn_Blight (279).JPG,14447,6
leaf workshop/corn_dataset/Gray_Leaf_Spot/Corn_Gray_Spot (257).JPG,corn,Gray_Leaf_Spot,corn_Gray_Leaf_Spot,Corn_Gray_Spot (257).JPG,14118,8
leaf workshop/corn_dataset/Gray_Leaf_Spot/Corn_Gray_Spot (172).JPG,corn,Gray_Leaf_Spot,corn_Gray_Leaf_Spot,Corn_Gray_Spot (172).JPG,13891,8
leaf workshop/potato_dataset/Potato___healthy/Potato_healthy-130-_0_4327.jpg,potato,Potato___healthy,potato_Potato___healthy,Potato_healthy-130-_0_4327.jpg,16002,17
leaf workshop/potato_dataset/Potato___Early_blight/bc7552e4-3901-41b8-8bef-727eeca4270e___RS_Early.B 7942.JPG,potato,Potato___Early_blight,potato_Potato___Early_blight,bc7552e4-3901-41b8-8bef-727eeca4270e___RS_Early.B 7942.JPG,21968,15
leaf workshop/corn_dataset/Blight/Corn_Blight (110).jpg,corn,Blight,corn_Blight,Corn_Blight (110).jpg,306535,6
leaf workshop/corn_dataset/Common_Rust/Corn_Common_Rust (621).JPG,corn,Common_Rust,corn_Common_Rust,Corn_Common_Rust (621).JPG,14763,7
leaf workshop/ORANGE/orange/1000_F_340612242_riUaoYn7qOdaAJ66sjGBBcWM9eBC3KJk_jpg.rf.629edfe30b3917d351aae66317692580.jpg,orange,orange,orange_orange,1000_F_340612242_riUaoYn7qOdaAJ66sjGBBcWM9eBC3KJk_jpg.rf.629edfe30b3917d351aae66317692580.jpg,27970,14
leaf workshop/corn_dataset/Healthy/Corn_Health (207).jpg,corn,Healthy,corn_Healthy,Corn_Health (207).jpg,7421,9
leaf workshop/corn_dataset/Gray_Leaf_Spot/Corn_Gray_Spot (517).JPG,corn,Gray_Leaf_Spot,corn_Gray_Leaf_Spot,Corn_Gray_Spot (517).JPG,20884,8
leaf workshop/corn_dataset/Blight/Corn_Blight (986).JPG,corn,Blight,corn_Blight,Corn_Blight (986).JPG,13236,6
leaf workshop/corn_dataset/Healthy/Corn_Health (460).jpg,corn,Healthy,corn_Healthy,Corn_Health (460).jpg,8700,9
leaf workshop/potato_dataset/Potato___Late_blight/ea356b9c-9090-4f0d-9083-d1f63c77372d___RS_LB 2800.JPG,potato,Potato___Late_blight,potato_Potato___Late_blight,ea356b9c-9090-4f0d-9083-d1f63c77372d___RS_LB 2800.JPG,19798,16
leaf workshop/coffee_dataset/healthy/196.jpg,coffee,healthy,coffee_healthy,196.jpg,128533,3
leaf workshop/corn_dataset/Gray_Leaf_Spot/Corn_Gray_Spot (445).JPG,corn,Gray_Leaf_Spot,corn_Gray_Leaf_Spot,Corn_Gray_Spot (445).JPG,13235,8
leaf workshop/coffee_dataset/healthy/203.jpg,coffee,healthy,coffee_healthy,203.jpg,139270,3
leaf workshop/corn_dataset/Common_Rust/Corn_Common_Rust (695).JPG,corn,Common_Rust,corn_Common_Rust,Corn_Common_Rust (695).JPG,11687,7
leaf workshop/corn_dataset/Gray_Leaf_Spot/Corn_Gray_Spot (411).jpg,corn,Gray_Leaf_Spot,corn_Gray_Leaf_Spot,Corn_Gray_Spot (411).jpg,16426,8
leaf workshop/BANANA/Green banana/11_jpg.rf.20c10d7553f6ae5c87017fd58ef509a7.jpg,banana,Green banana,banana_Green banana,11_jpg.rf.20c10d7553f6ae5c87017fd58ef509a7.jpg,12101,0
leaf workshop/corn_dataset/Common_Rust/Corn_Common_Rust (1248).JPG,corn,Common_Rust,corn_Common_Rust,Corn_Common_Rust (1248).JPG,11974,7
leaf workshop/corn_dataset/Gray_Leaf_Spot/Corn_Gray_Spot (467).JPG,corn,Gray_Leaf_Spot,corn_Gray_Leaf_Spot,Corn_Gray_Spot (467).JPG,21322,8
leaf workshop/corn_dataset/Common_Rust/Corn_Common_Rust (468).JPG,corn,Common_Rust,corn_Common_Rust,Corn_Common_Rust (468).JPG,12014,7
leaf workshop/potato_dataset/Potato___Early_blight/cf761f3d-755a-42b2-83cb-729443246c6a___RS_Early.B 7319.JPG,potato,Potato___Early_blight,potato_Potato___Early_blight,cf761f3d-755a-42b2-83cb-729443246c6a___RS_Early.B 7319.JPG,17803,15
leaf workshop/ORANGE/orange/22863-large_default_jpg.rf.ff2e997087728195085b315b261264ab.jpg,orange,orange,orange_orange,22863-large_default_jpg.rf.ff2e997087728195085b315b261264ab.jpg,47872,14
leaf workshop/corn_dataset/Common_Rust/Corn_Common_Rust (1154).JPG,corn,Common_Rust,corn_Common_Rust,Corn_Common_Rust (1154).JPG,13849,7
leaf workshop/corn_dataset/Healthy/Corn_Health (99).jpg,corn,Healthy,corn_Healthy,Corn_Health (99).jpg,9347,9
leaf workshop/potato_dataset/Potato___Late_blight/d378a0c5-d275-44a4-9f00-f7f180270f4d___RS_LB 2781.JPG,potato,Potato___Late_blight,potato_Potato___Late_blight,d378a0c5-d275-44a4-9f00-f7f180270f4d___RS_LB 2781.JPG,16085,16
leaf workshop/potato_dataset/Potato___Early_blight/ba96aab6-adb5-4021-b6ad-3305f50aec12___RS_Early.B 7317.JPG,potato,Potato___Early_blight,potato_Potato___Early_blight,ba96aab6-adb5-4021-b6ad-3305f50aec12___RS_Early.B 7317.JPG,16092,15
leaf workshop/potato_dataset/Potato___Late_blight/fbe08e9f-d4a0-4a6e-9741-c34fda88b3d2___RS_LB 4540.JPG,potato,Potato___Late_blight,potato_Potato___Late_blight,fbe08e9f-d4a0-4a6e-9741-c34fda88b3d2___RS_LB 4540.JPG,16383,16
leaf workshop/MANGO/Rotten Mango/17351997_1828554014084359_4386904991537166992_n_jpg.rf.6616a9fda22647dd3094387b1aeaeb9a.jpg,mango,Rotten Mango,mango_Rotten Mango,17351997_1828554014084359_4386904991537166992_n_jpg.rf.6616a9fda22647dd3094387b1aeaeb9a.jpg,29934,11
leaf workshop/corn_dataset/Blight/Corn_Blight (65).jpg,corn,Blight,corn_Blight,Corn_Blight (65).jpg,75245,6
leaf workshop/ORANGE/orange/caja-6-kg-de-naranjas-de-zumo_jpg.rf.bfa2b4fa08ed4dc72daf3b92cccb40ab.jpg,orange,orange,orange_orange,caja-6-kg-de-naranjas-de-zumo_jpg.rf.bfa2b4fa08ed4dc72daf3b92cccb40ab.jpg,17754,14
leaf workshop/corn_dataset/Blight/Corn_Blight (376).JPG,corn,Blight,corn_Blight,Corn_Blight (376).JPG,13918,6
leaf workshop/corn_dataset/Blight/Corn_Blight (750).JPG,corn,Blight,corn_Blight,Corn_Blight (750).JPG,12634,6
leaf workshop/potato_dataset/Potato___Early_blight/ef825fcb-d776-4dfd-a6ed-3bd49912806e___RS_Early.B 7985.JPG,potato,Potato___Early_blight,potato_Potato___Early_blight,ef825fcb-d776-4dfd-a6ed-3bd49912806e___RS_Early.B 7985.JPG,20504,15
leaf workshop/corn_dataset/Gray_Leaf_Spot/Corn_Gray_Spot (261).JPG,corn,Gray_Leaf_Spot,corn_Gray_Leaf_Spot,Corn_Gray_Spot (261).JPG,15234,8
leaf workshop/corn_dataset/Common_Rust/Corn_Common_Rust (333).JPG,corn,Common_Rust,corn_Common_Rust,Corn_Common_Rust (333).JPG,12998,7
leaf workshop/corn_dataset/Common_Rust/Corn_Common_Rust (540).JPG,corn,Common_Rust,corn_Common_Rust,Corn_Common_Rust (540).JPG,10455,7
leaf workshop/BANANA/Yellow banana/vo-chuoi-4-ngoisaovn-w900-h554_jpeg_jpg.rf.5d7fffff83b20b727e3763ce3bbe5a6d.jpg,banana,Yellow banana,banana_Yellow banana,vo-chuoi-4-ngoisaovn-w900-h554_jpeg_jpg.rf.5d7fffff83b20b727e3763ce3bbe5a6d.jpg,20983,2
leaf workshop/corn_dataset/Common_Rust/Corn_Common_Rust (48).jpg,corn,Common_Rust,corn_Common_Rust,Corn_Common_Rust (48).jpg,281372,7
leaf workshop/MANGO/Rotten Mango/20230305_061240373_iOS_jpg.rf.19a9701d8bdb0333153d56b67f6a0fb5.jpg,mango,Rotten Mango,mango_Rotten Mango,20230305_061240373_iOS_jpg.rf.19a9701d8bdb0333153d56b67f6a0fb5.jpg,24460,11
leaf workshop/potato_dataset/Potato___Late_blight/c008d8a7-aa55-400b-ad6c-f4fd7654c516___RS_LB 5242.JPG,potato,Potato___Late_blight,potato_Potato___Late_blight,c008d8a7-aa55-400b-ad6c-f4fd7654c516___RS_LB 5242.JPG,15174,16
leaf workshop/corn_dataset/Gray_Leaf_Spot/Corn_Gray_Spot (260).JPG,corn,Gray_Leaf_Spot,corn_Gray_Leaf_Spot,Corn_Gray_Spot (260).JPG,14373,8
leaf workshop/corn_dataset/Blight/Corn_Blight (595).JPG,corn,Blight,corn_Blight,Corn_Blight (595).JPG,16405,6
leaf workshop/corn_dataset/Common_Rust/Corn_Common_Rust (615).JPG,corn,Common_Rust,corn_Common_Rust,Corn_Common_Rust (615).JPG,13373,7
leaf workshop/corn_dataset/Blight/Corn_Blight (353).JPG,corn,Blight,corn_Blight,Corn_Blight (353).JPG,14565,6
leaf workshop/corn_dataset/Healthy/Corn_Health (1043).jpg,corn,Healthy,corn_Healthy,Corn_Health (1043).jpg,9512,9
leaf workshop/corn_dataset/Gray_Leaf_Spot/Corn_Gray_Spot (559).JPG,corn,Gray_Leaf_Spot,corn_Gray_Leaf_Spot,Corn_Gray_Spot (559).JPG,16126,8
leaf workshop/coffee_dataset/phoma/270.jpg,coffee,phoma,coffee_phoma,270.jpg,106462,5
leaf workshop/corn_dataset/Gray_Leaf_Spot/Corn_Gray_Spot (258).JPG,corn,Gray_Leaf_Spot,corn_Gray_Leaf_Spot,Corn_Gray_Spot (258).JPG,17033,8
leaf workshop/corn_dataset/Common_Rust/Corn_Common_Rust (704).JPG,corn,Common_Rust,corn_Common_Rust,Corn_Common_Rust (704).JPG,16624,7
leaf workshop/BANANA/Green banana/80_jpg.rf.cfdc69f0d8867292972dc0dc8e92a1a9.jpg,banana,Green banana,banana_Green banana,80_jpg.rf.cfdc69f0d8867292972dc0dc8e92a1a9.jpg,42927,0
leaf workshop/potato_dataset/Potato___Late_blight/f4e6847d-d381-4849-9ff1-930cfb597d08___RS_LB 5097.JPG,potato,Potato___Late_blight,potato_Potato___Late_blight,f4e6847d-d381-4849-9ff1-930cfb597d08___RS_LB 5097.JPG,19501,16
leaf workshop/ORANGE/orange/img_1421_jpeg.rf.554f70c4c081ef24fec98d8e4967e7b1.jpg,orange,orange,orange_orange,img_1421_jpeg.rf.554f70c4c081ef24fec98d8e4967e7b1.jpg,24226,14
leaf workshop/corn_dataset/Blight/Corn_Blight (902).JPG,corn,Blight,corn_Blight,Corn_Blight (902).JPG,15561,6
leaf workshop/corn_dataset/Common_Rust/Corn_Common_Rust (216).JPG,corn,Common_Rust,corn_Common_Rust,Corn_Common_Rust (216).JPG,12592,7
leaf workshop/corn_dataset/Healthy/Corn_Health (1048).jpg,corn,Healthy,corn_Healthy,Corn_Health (1048).jpg,5859,9
leaf workshop/corn_dataset/Common_Rust/Corn_Common_Rust (27).jpg,corn,Common_Rust,corn_Common_Rust,Corn_Common_Rust (27).jpg,31995,7
leaf workshop/corn_dataset/Blight/Corn_Blight (288).JPG,corn,Blight,corn_Blight,Corn_Blight (288).JPG,11783,6
leaf workshop/corn_dataset/Gray_Leaf_Spot/Corn_Gray_Spot (309).JPG,corn,Gray_Leaf_Spot,corn_Gray_Leaf_Spot,Corn_Gray_Spot (309).JPG,17198,8
leaf workshop/corn_dataset/Blight/Corn_Blight (963).JPG,corn,Blight,corn_Blight,Corn_Blight (963).JPG,16026,6
leaf workshop/corn_dataset/Blight/Corn_Blight (448).JPG,corn,Blight,corn_Blight,Corn_Blight (448).JPG,15907,6
leaf workshop/corn_dataset/Gray_Leaf_Spot/Corn_Gray_Spot (290).JPG,corn,Gray_Leaf_Spot,corn_Gray_Leaf_Spot,Corn_Gray_Spot (290).JPG,17014,8
leaf workshop/corn_dataset/Gray_Leaf_Spot/Corn_Gray_Spot (199).JPG,corn,Gray_Leaf_Spot,corn_Gray_Leaf_Spot,Corn_Gray_Spot (199).JPG,12139,8
leaf workshop/ORANGE/orange/images369_jpg.rf.8060870c82ec6a940f3104e146d7577f.jpg,orange,orange,orange_orange,images369_jpg.rf.8060870c82ec6a940f3104e146d7577f.jpg,19125,14
leaf workshop/corn_dataset/Healthy/Corn_Health (541).jpg,corn,Healthy,corn_Healthy,Corn_Health (541).jpg,14031,9
leaf workshop/MANGO/Yellow mango/-2_jpg.rf.f416e61399029f62235ed7157b6d60e2.jpg,mango,Yellow mango,mango_Yellow mango,-2_jpg.rf.f416e61399029f62235ed7157b6d60e2.jpg,30890,12
leaf workshop/corn_dataset/Common_Rust/Corn_Common_Rust (1148).JPG,corn,Common_Rust,corn_Common_Rust,Corn_Common_Rust (1148).JPG,12967,7
leaf workshop/corn_dataset/Common_Rust/Corn_Common_Rust (1089).JPG,corn,Common_Rust,corn_Common_Rust,Corn_Common_Rust (1089).JPG,13253,7
leaf workshop/corn_dataset/Blight/Corn_Blight (102).jpg,corn,Blight,corn_Blight,Corn_Blight (102).jpg,1214043,6
leaf workshop/potato_dataset/Potato___healthy/Potato_healthy-133-_0_645.jpg,potato,Potato___healthy,potato_Potato___healthy,Potato_healthy-133-_0_645.jpg,14282,17
leaf workshop/corn_dataset/Gray_Leaf_Spot/Corn_Gray_Spot (190).JPG,corn,Gray_Leaf_Spot,corn_Gray_Leaf_Spot,Corn_Gray_Spot (190).JPG,19632,8
leaf workshop/potato_dataset/Potato___Late_blight/dfa65276-0450-4a57-ba94-25384d378f22___RS_LB 4065.JPG,potato,Potato___Late_blight,potato_Potato___Late_blight,dfa65276-0450-4a57-ba94-25384d378f22___RS_LB 4065.JPG,12876,16
leaf workshop/corn_dataset/Healthy/Corn_Health (104).jpg,corn,Healthy,corn_Healthy,Corn_Health (104).jpg,13501,9
leaf workshop/corn_dataset/Common_Rust/Corn_Common_Rust (1207).JPG,corn,Common_Rust,corn_Common_Rust,Corn_Common_Rust (1207).JPG,13352,7
leaf workshop/corn_dataset/Blight/Corn_Blight (1086).JPG,corn,Blight,corn_Blight,Corn_Blight (1086).JPG,11675,6
leaf workshop/corn_dataset/Blight/Corn_Blight (187).JPG,corn,Blight,corn_Blight,Corn_Blight (187).JPG,13101,6
leaf workshop/corn_dataset/Healthy/Corn_Health (232).jpg,corn,Healthy,corn_Healthy,Corn_Health (232).jpg,10020,9
leaf workshop/corn_dataset/Gray_Leaf_Spot/Corn_Gray_Spot (96).JPG,corn,Gray_Leaf_Spot,corn_Gray_Leaf_Spot,Corn_Gray_Spot (96).JPG,21844,8
leaf workshop/corn_dataset/Blight/Corn_Blight (543).JPG,corn,Blight,corn_Blight,Corn_Blight (543).JPG,12830,6
leaf workshop/corn_dataset/Common_Rust/Corn_Common_Rust (411).JPG,corn,Common_Rust,corn_Common_Rust,Corn_Common_Rust (411).JPG,10766,7
leaf workshop/MANGO/Yellow mango/adb7aa846c03aa1d37d4e044213acc50_jpg.rf.93033ab541e52dda6a7653fea3639252.jpg,mango,Yellow mango,mango_Yellow mango,adb7aa846c03aa1d37d4e044213acc50_jpg.rf.93033ab541e52dda6a7653fea3639252.jpg,22043,12
leaf workshop/corn_dataset/Blight/Corn_Blight (994).JPG,corn,Blight,corn_Blight,Corn_Blight (994).JPG,14288,6
leaf workshop/corn_dataset/Common_Rust/Corn_Common_Rust (173).JPG,corn,Common_Rust,corn_Common_Rust,Corn_Common_Rust (173).JPG,17214,7
leaf workshop/corn_dataset/Healthy/Corn_Health (286).jpg,corn,Healthy,corn_Healthy,Corn_Health (286).jpg,14316,9
leaf workshop/MANGO/Yellow mango/cfb579f83ca702892a0c3d83ad9f06da_jpg.rf.e4d8964c925caffed122296e261ab307.jpg,mango,Yellow mango,mango_Yellow mango,cfb579f83ca702892a0c3d83ad9f06da_jpg.rf.e4d8964c925caffed122296e261ab307.jpg,12822,12
leaf workshop/corn_dataset/Common_Rust/Corn_Common_Rust (1066).JPG,corn,Common_Rust,corn_Common_Rust,Corn_Common_Rust (1066).JPG,11103,7
leaf workshop/corn_dataset/Healthy/Corn_Health (709).jpg,corn,Healthy,corn_Healthy,Corn_Health (709).jpg,9749,9
leaf workshop/corn_dataset/Blight/Corn_Blight (97).jpg,corn,Blight,corn_Blight,Corn_Blight (97).jpg,74824,6
leaf workshop/corn_dataset/Blight/Corn_Blight (816).JPG,corn,Blight,corn_Blight,Corn_Blight (816).JPG,13201,6
leaf workshop/corn_dataset/Healthy/Corn_Health (461).jpg,corn,Healthy,corn_Healthy,Corn_Health (461).jpg,7359,9
leaf workshop/potato_dataset/Potato___Early_blight/cc716d92-3d2e-4cce-bc77-bb4c8155b88c___RS_Early.B 8288.JPG,potato,Potato___Early_blight,potato_Potato___Early_blight,cc716d92-3d2e-4cce-bc77-bb4c8155b88c___RS_Early.B 8288.JPG,18521,15
leaf workshop/ORANGE/Ripe orange/90_jpg.rf.7acab56d9b48f965807902aa6c37e2df.jpg,orange,Ripe orange,orange_Ripe orange,90_jpg.rf.7acab56d9b48f965807902aa6c37e2df.jpg,42672,13
leaf workshop/MANGO/Yellow mango/d4e83da71d56ea72f49721d7a38b077f_jpg.rf.fc13c1678df529a46de912ae15ae3cc8.jpg,mango,Yellow mango,mango_Yellow mango,d4e83da71d56ea72f49721d7a38b077f_jpg.rf.fc13c1678df529a46de912ae15ae3cc8.jpg,36883,12
leaf workshop/potato_dataset/Potato___healthy/Potato_healthy-110-_0_7682.jpg,potato,Potato___healthy,potato_Potato___healthy,Potato_healthy-110-_0_7682.jpg,18792,17
leaf workshop/potato_dataset/Potato___Late_blight/e26ad557-11c8-44fd-aad1-dea51c613742___RS_LB 5115.JPG,potato,Potato___Late_blight,potato_Potato___Late_blight,e26ad557-11c8-44fd-aad1-dea51c613742___RS_LB 5115.JPG,15174,16
leaf workshop/corn_dataset/Healthy/Corn_Health (883).jpg,corn,Healthy,corn_Healthy,Corn_Health (883).jpg,15669,9
leaf workshop/corn_dataset/Gray_Leaf_Spot/Corn_Gray_Spot (120).JPG,corn,Gray_Leaf_Spot,corn_Gray_Leaf_Spot,Corn_Gray_Spot (120).JPG,19839,8
leaf workshop/corn_dataset/Healthy/Corn_Health (245).jpg,corn,Healthy,corn_Healthy,Corn_Health (245).jpg,7585,9
leaf workshop/potato_dataset/Potato___Early_blight/dc34096f-8974-4a76-8d15-42ee86038015___RS_Early.B 6734.JPG,potato,Potato___Early_blight,potato_Potato___Early_blight,dc34096f-8974-4a76-8d15-42ee86038015___RS_Early.B 6734.JPG,21696,15
leaf workshop/potato_dataset/Potato___Early_blight/cb5241ed-1a40-488a-9236-64ed07e6ebbf___RS_Early.B 6712(1).JPG,potato,Potato___Early_blight,potato_Potato___Early_blight,cb5241ed-1a40-488a-9236-64ed07e6ebbf___RS_Early.B 6712(1).JPG,19927,15
leaf workshop/corn_dataset/Common_Rust/Corn_Common_Rust (331).JPG,corn,Common_Rust,corn_Common_Rust,Corn_Common_Rust (331).JPG,16406,7
leaf workshop/corn_dataset/Common_Rust/Corn_Common_Rust (1169).JPG,corn,Common_Rust,corn_Common_Rust,Corn_Common_Rust (1169).JPG,13884,7
leaf workshop/corn_dataset/Blight/Corn_Blight (604).JPG,corn,Blight,corn_Blight,Corn_Blight (604).JPG,15469,6
leaf workshop/corn_dataset/Gray_Leaf_Spot/Corn_Gray_Spot (151).jpg,corn,Gray_Leaf_Spot,corn_Gray_Leaf_Spot,Corn_Gray_Spot (151).jpg,16237,8
leaf workshop/corn_dataset/Healthy/Corn_Health (1119).jpg,corn,Healthy,corn_Healthy,Corn_Health (1119).jpg,6731,9
leaf workshop/ORANGE/orange/6-1_jpg.rf.86084c61153deb85798a053f5c10cb1a.jpg,orange,orange,orange_orange,6-1_jpg.rf.86084c61153deb85798a053f5c10cb1a.jpg,43439,14
leaf workshop/corn_dataset/Common_Rust/Corn_Common_Rust (1122).JPG,corn,Common_Rust,corn_Common_Rust,Corn_Common_Rust (1122).JPG,14012,7
leaf workshop/potato_dataset/Potato___Early_blight/c7fb1eeb-741c-4583-ad3f-ed46d5c2c920___RS_Early.B 8865.JPG,potato,Potato___Early_blight,potato_Potato___Early_blight,c7fb1eeb-741c-4583-ad3f-ed46d5c2c920___RS_Early.B 8865.JPG,20441,15
leaf workshop/corn_dataset/Blight/Corn_Blight (443).JPG,corn,Blight,corn_Blight,Corn_Blight (443).JPG,11415,6
leaf workshop/corn_dataset/Healthy/Corn_Health (46).jpg,corn,Healthy,corn_Healthy,Corn_Health (46).jpg,7127,9
leaf workshop/MANGO/Green mango/IMG_79_jpg.rf.a21f0e8de41212be113a0010c7264fe5.jpg,mango,Green mango,mango_Green mango,IMG_79_jpg.rf.a21f0e8de41212be113a0010c7264fe5.jpg,19072,10
leaf workshop/corn_dataset/Blight/Corn_Blight (414).JPG,corn,Blight,corn_Blight,Corn_Blight (414).JPG,16320,6
leaf workshop/corn_dataset/Gray_Leaf_Spot/Corn_Gray_Spot (381).jpg,corn,Gray_Leaf_Spot,corn_Gray_Leaf_Spot,Corn_Gray_Spot (381).jpg,15212,8
leaf workshop/corn_dataset/Gray_Leaf_Spot/Corn_Gray_Spot (319).JPG,corn,Gray_Leaf_Spot,corn_Gray_Leaf_Spot,Corn_Gray_Spot (319).JPG,12152,8
leaf workshop/potato_dataset/Potato___healthy/Potato_healthy-98-_0_818.jpg,potato,Potato___healthy,potato_Potato___healthy,Potato_healthy-98-_0_818.jpg,14646,17
leaf workshop/MANGO/Rotten Mango/-4_jpg.rf.ccca911927c798909abd281586affc2b.jpg,mango,Rotten Mango,mango_Rotten Mango,-4_jpg.rf.ccca911927c798909abd281586affc2b.jpg,36947,11
leaf workshop/ORANGE/orange/51kEFrU5nuL_jpg.rf.330a27ad2dc019bd4e1e653eef308947.jpg,orange,orange,orange_orange,51kEFrU5nuL_jpg.rf.330a27ad2dc019bd4e1e653eef308947.jpg,15970,14
leaf workshop/corn_dataset/Blight/Corn_Blight (16).jpg,corn,Blight,corn_Blight,Corn_Blight (16).jpg,18145,6
leaf workshop/corn_dataset/Common_Rust/Corn_Common_Rust (243).JPG,corn,Common_Rust,corn_Common_Rust,Corn_Common_Rust (243).JPG,15623,7
leaf workshop/corn_dataset/Healthy/Corn_Health (764).jpg,corn,Healthy,corn_Healthy,Corn_Health (764).jpg,11451,9
leaf workshop/ORANGE/Ripe orange/7_jpg.rf.da0bad207699e4d19bf93cda67e35132.jpg,orange,Ripe orange,orange_Ripe orange,7_jpg.rf.da0bad207699e4d19bf93cda67e35132.jpg,28480,13
leaf workshop/coffee_dataset/healthy/688.jpg,coffee,healthy,coffee_healthy,688.jpg,149343,3
leaf workshop/corn_dataset/Blight/Corn_Blight (967).JPG,corn,Blight,corn_Blight,Corn_Blight (967).JPG,15890,6
leaf workshop/corn_dataset/Blight/Corn_Blight (447).JPG,corn,Blight,corn_Blight,Corn_Blight (447).JPG,12413,6
leaf workshop/corn_dataset/Blight/Corn_Blight (306).JPG,corn,Blight,corn_Blight,Corn_Blight (306).JPG,15120,6
leaf workshop/corn_dataset/Healthy/Corn_Health (1035).jpg,corn,Healthy,corn_Healthy,Corn_Health (1035).jpg,11564,9
leaf workshop/corn_dataset/Common_Rust/Corn_Common_Rust (634).JPG,corn,Common_Rust,corn_Common_Rust,Corn_Common_Rust (634).JPG,15466,7
leaf workshop/corn_dataset/Common_Rust/Corn_Common_Rust (1114).JPG,corn,Common_Rust,corn_Common_Rust,Corn_Common_Rust (1114).JPG,12489,7
leaf workshop/corn_dataset/Healthy/Corn_Health (869).jpg,corn,Healthy,corn_Healthy,Corn_Health (869).jpg,9585,9
leaf workshop/corn_dataset/Common_Rust/Corn_Common_Rust (705).JPG,corn,Common_Rust,corn_Common_Rust,Corn_Common_Rust (705).JPG,14300,7
leaf workshop/potato_dataset/Potato___Early_blight/c30ce1e1-5f05-4cb7-a95a-f22d3621c54f___RS_Early.B 6964.JPG,potato,Potato___Early_blight,potato_Potato___Early_blight,c30ce1e1-5f05-4cb7-a95a-f22d3621c54f___RS_Early.B 6964.JPG,22457,15
leaf workshop/corn_dataset/Gray_Leaf_Spot/Corn_Gray_Spot (97).JPG,corn,Gray_Leaf_Spot,corn_Gray_Leaf_Spot,Corn_Gray_Spot (97).JPG,20139,8
leaf workshop/corn_dataset/Healthy/Corn_Health (872).jpg,corn,Healthy,corn_Healthy,Corn_Health (872).jpg,5184,9
leaf workshop/corn_dataset/Common_Rust/Corn_Common_Rust (707).JPG,corn,Common_Rust,corn_Common_Rust,Corn_Common_Rust (707).JPG,14902,7
leaf workshop/potato_dataset/Potato___Late_blight/e2d4d58b-8754-4c63-b888-8355ddbcb989___RS_LB 4863.JPG,potato,Potato___Late_blight,potato_Potato___Late_blight,e2d4d58b-8754-4c63-b888-8355ddbcb989___RS_LB 4863.JPG,14576,16
leaf workshop/corn_dataset/Blight/Corn_Blight (258).JPG,corn,Blight,corn_Blight,Corn_Blight (258).JPG,15398,6
leaf workshop/potato_dataset/Potato___Late_blight/c58de13c-b59d-4497-ae5a-08b425919b64___RS_LB 3116.JPG,potato,Potato___Late_blight,potato_Potato___Late_blight,c58de13c-b59d-4497-ae5a-08b425919b64___RS_LB 3116.JPG,18563,16
leaf workshop/potato_dataset/Potato___Early_blight/c3ce9bae-e62a-4dd9-afa0-f020c48b87cc___RS_Early.B 6704.JPG,potato,Potato___Early_blight,potato_Potato___Early_blight,c3ce9bae-e62a-4dd9-afa0-f020c48b87cc___RS_Early.B 6704.JPG,22697,15
leaf workshop/corn_dataset/Gray_Leaf_Spot/Corn_Gray_Spot (108).JPG,corn,Gray_Leaf_Spot,corn_Gray_Leaf_Spot,Corn_Gray_Spot (108).JPG,15862,8
leaf workshop/potato_dataset/Potato___Late_blight/f8d2bf55-3044-4d09-9372-63aa960f1881___RS_LB 2538.JPG,potato,Potato___Late_blight,potato_Potato___Late_blight,f8d2bf55-3044-4d09-9372-63aa960f1881___RS_LB 2538.JPG,19297,16
leaf workshop/coffee_dataset/phoma/244.jpg,coffee,phoma,coffee_phoma,244.jpg,87049,5
leaf workshop/corn_dataset/Common_Rust/Corn_Common_Rust (1170).JPG,corn,Common_Rust,corn_Common_Rust,Corn_Common_Rust (1170).JPG,15030,7
leaf workshop/corn_dataset/Gray_Leaf_Spot/Corn_Gray_Spot (525).JPG,corn,Gray_Leaf_Spot,corn_Gray_Leaf_Spot,Corn_Gray_Spot (525).JPG,15789,8
leaf workshop/corn_dataset/Healthy/Corn_Health (571).jpg,corn,Healthy,corn_Healthy,Corn_Health (571).jpg,7575,9
leaf workshop/corn_dataset/Blight/Corn_Blight (489).JPG,corn,Blight,corn_Blight,Corn_Blight (489).JPG,16963,6
leaf workshop/coffee_dataset/leaf_rust/157.jpg,coffee,leaf_rust,coffee_leaf_rust,157.jpg,170560,4
leaf workshop/corn_dataset/Blight/Corn_Blight (339).jpg,corn,Blight,corn_Blight,Corn_Blight (339).jpg,10203,6
leaf workshop/corn_dataset/Blight/Corn_Blight (193).JPG,corn,Blight,corn_Blight,Corn_Blight (193).JPG,15207,6
leaf workshop/MANGO/Green mango/WIN_20230323_14_45_25_Pro_jpg.rf.4b75e7d08c207dcfd6b4837d7a8e328f.jpg,mango,Green mango,mango_Green mango,WIN_20230323_14_45_25_Pro_jpg.rf.4b75e7d08c207dcfd6b4837d7a8e328f.jpg,23670,10
leaf workshop/corn_dataset/Blight/Corn_Blight (136).JPG,corn,Blight,corn_Blight,Corn_Blight (136).JPG,13559,6
leaf workshop/corn_dataset/Gray_Leaf_Spot/Corn_Gray_Spot (174).jpg,corn,Gray_Leaf_Spot,corn_Gray_Leaf_Spot,Corn_Gray_Spot (174).jpg,19284,8
leaf workshop/corn_dataset/Common_Rust/Corn_Common_Rust (469).JPG,corn,Common_Rust,corn_Common_Rust,Corn_Common_Rust (469).JPG,12569,7
leaf workshop/corn_dataset/Blight/Corn_Blight (621).JPG,corn,Blight,corn_Blight,Corn_Blight (621).JPG,15084,6
leaf workshop/corn_dataset/Common_Rust/Corn_Common_Rust (74).JPG,corn,Common_Rust,corn_Common_Rust,Corn_Common_Rust (74).JPG,15101,7
leaf workshop/MANGO/Rotten Mango/20230305_061206844_iOS_jpg.rf.22883349fea375e7e88d62020a220fbe.jpg,mango,Rotten Mango,mango_Rotten Mango,20230305_061206844_iOS_jpg.rf.22883349fea375e7e88d62020a220fbe.jpg,26642,11
leaf workshop/coffee_dataset/healthy/192.jpg,coffee,healthy,coffee_healthy,192.jpg,133179,3
leaf workshop/coffee_dataset/leaf_rust/167.jpg,coffee,leaf_rust,coffee_leaf_rust,167.jpg,167903,4
leaf workshop/corn_dataset/Blight/Corn_Blight (423).jpg,corn,Blight,corn_Blight,Corn_Blight (423).jpg,16297,6
leaf workshop/corn_dataset/Healthy/Corn_Health (543).jpg,corn,Healthy,corn_Healthy,Corn_Health (543).jpg,10693,9
leaf workshop/corn_dataset/Blight/Corn_Blight (959).jpg,corn,Blight,corn_Blight,Corn_Blight (959).jpg,15450,6
leaf workshop/corn_dataset/Gray_Leaf_Spot/Corn_Gray_Spot (21).jpg,corn,Gray_Leaf_Spot,corn_Gray_Leaf_Spot,Corn_Gray_Spot (21).jpg,46505,8
leaf workshop/corn_dataset/Blight/Corn_Blight (335).JPG,corn,Blight,corn_Blight,Corn_Blight (335).JPG,15205,6
leaf workshop/MANGO/Green mango/IMG_155_jpg.rf.4acf07c34b87a37d96e945d1682dc446.jpg,mango,Green mango,mango_Green mango,IMG_155_jpg.rf.4acf07c34b87a37d96e945d1682dc446.jpg,18434,10
leaf workshop/potato_dataset/Potato___Late_blight/fb91b663-6a03-4165-8125-afc96e41ab5c___RS_LB 5130.JPG,potato,Potato___Late_blight,potato_Potato___Late_blight,fb91b663-6a03-4165-8125-afc96e41ab5c___RS_LB 5130.JPG,14930,16
leaf workshop/corn_dataset/Common_Rust/Corn_Common_Rust (206).JPG,corn,Common_Rust,corn_Common_Rust,Corn_Common_Rust (206).JPG,17312,7
leaf workshop/corn_dataset/Healthy/Corn_Health (8).jpg,corn,Healthy,corn_Healthy,Corn_Health (8).jpg,8261,9
leaf workshop/potato_dataset/Potato___healthy/Potato_healthy-134-_0_6239.jpg,potato,Potato___healthy,potato_Potato___healthy,Potato_healthy-134-_0_6239.jpg,17954,17
leaf workshop/MANGO/Rotten Mango/20230305_062044095_iOS_jpg.rf.c12811ba4208796ec250a999519c6c7e.jpg,mango,Rotten Mango,mango_Rotten Mango,20230305_062044095_iOS_jpg.rf.c12811ba4208796ec250a999519c6c7e.jpg,22282,11
leaf workshop/corn_dataset/Healthy/Corn_Health (87).jpg,corn,Healthy,corn_Healthy,Corn_Health (87).jpg,17704,9
leaf workshop/corn_dataset/Gray_Leaf_Spot/Corn_Gray_Spot (538).JPG,corn,Gray_Leaf_Spot,corn_Gray_Leaf_Spot,Corn_Gray_Spot (538).JPG,14090,8
leaf workshop/ORANGE/Ripe orange/33_jpg.rf.631bebad3462924e57e31ceb38c2e5ad.jpg,orange,Ripe orange,orange_Ripe orange,33_jpg.rf.631bebad3462924e57e31ceb38c2e5ad.jpg,23454,13
leaf workshop/corn_dataset/Blight/Corn_Blight (849).JPG,corn,Blight,corn_Blight,Corn_Blight (849).JPG,13821,6
leaf workshop/corn_dataset/Healthy/Corn_Health (667).jpg,corn,Healthy,corn_Healthy,Corn_Health (667).jpg,9315,9
leaf workshop/potato_dataset/Potato___healthy/Potato_healthy-81-_0_739.jpg,potato,Potato___healthy,potato_Potato___healthy,Potato_healthy-81-_0_739.jpg,16978,17
leaf workshop/corn_dataset/Healthy/Corn_Health (495).jpg,corn,Healthy,corn_Healthy,Corn_Health (495).jpg,10991,9
leaf workshop/corn_dataset/Healthy/Corn_Health (724).jpg,corn,Healthy,corn_Healthy,Corn_Health (724).jpg,15452,9
leaf workshop/potato_dataset/Potato___healthy/Potato_healthy-108-_0_9925.jpg,potato,Potato___healthy,potato_Potato___healthy,Potato_healthy-108-_0_9925.jpg,15135,17
leaf workshop/corn_dataset/Gray_Leaf_Spot/Corn_Gray_Spot (55).jpg,corn,Gray_Leaf_Spot,corn_Gray_Leaf_Spot,Corn_Gray_Spot (55).jpg,14407,8
leaf workshop/ORANGE/orange/img_71_jpeg.rf.51d89281974836e5c0a4a043f839f717.jpg,orange,orange,orange_orange,img_71_jpeg.rf.51d89281974836e5c0a4a043f839f717.jpg,20777,14
leaf workshop/coffee_dataset/phoma/264.jpg,coffee,phoma,coffee_phoma,264.jpg,78382,5
leaf workshop/corn_dataset/Healthy/Corn_Health (778).jpg,corn,Healthy,corn_Healthy,Corn_Health (778).jpg,9955,9
leaf workshop/corn_dataset/Blight/Corn_Blight (345).JPG,corn,Blight,corn_Blight,Corn_Blight (345).JPG,18766,6
leaf workshop/corn_dataset/Healthy/Corn_Health (16).jpg,corn,Healthy,corn_Healthy,Corn_Health (16).jpg,6046,9
leaf workshop/MANGO/Rotten Mango/20230305_062050410_iOS_jpg.rf.1767a90b4447a598347ed17d77887b20.jpg,mango,Rotten Mango,mango_Rotten Mango,20230305_062050410_iOS_jpg.rf.1767a90b4447a598347ed17d77887b20.jpg,21146,11
leaf workshop/BANANA/Yellow banana/121_JPG_jpg.rf.06c838bfffe916e466e9f201fba94662.jpg,banana,Yellow banana,banana_Yellow banana,121_JPG_jpg.rf.06c838bfffe916e466e9f201fba94662.jpg,38127,2
leaf workshop/coffee_dataset/leaf_rust/142.jpg,coffee,leaf_rust,coffee_leaf_rust,142.jpg,161718,4
leaf workshop/corn_dataset/Healthy/Corn_Health (1006).jpg,corn,Healthy,corn_Healthy,Corn_Health (1006).jpg,10111,9
leaf workshop/corn_dataset/Healthy/Corn_Health (376).jpg,corn,Healthy,corn_Healthy,Corn_Health (376).jpg,8830,9
leaf workshop/potato_dataset/Potato___Late_blight/b41284a3-27e9-4f0c-8946-4deb0b8fc238___RS_LB 2839.JPG,potato,Potato___Late_blight,potato_Potato___Late_blight,b41284a3-27e9-4f0c-8946-4deb0b8fc238___RS_LB 2839.JPG,15800,16
leaf workshop/corn_dataset/Blight/Corn_Blight (915).jpg,corn,Blight,corn_Blight,Corn_Blight (915).jpg,9238,6
leaf workshop/ORANGE/orange/images12_jpg.rf.4319776a6eeaf1c921c18c5f0374e387.jpg,orange,orange,orange_orange,images12_jpg.rf.4319776a6eeaf1c921c18c5f0374e387.jpg,41120,14
leaf workshop/corn_dataset/Common_Rust/Corn_Common_Rust (408).JPG,corn,Common_Rust,corn_Common_Rust,Corn_Common_Rust (408).JPG,15130,7
leaf workshop/corn_dataset/Blight/Corn_Blight (437).JPG,corn,Blight,corn_Blight,Corn_Blight (437).JPG,12025,6
leaf workshop/corn_dataset/Common_Rust/Corn_Common_Rust (654).JPG,corn,Common_Rust,corn_Common_Rust,Corn_Common_Rust (654).JPG,16388,7
leaf workshop/corn_dataset/Healthy/Corn_Health (556).jpg,corn,Healthy,corn_Healthy,Corn_Health (556).jpg,6523,9
leaf workshop/corn_dataset/Common_Rust/Corn_Common_Rust (1013).JPG,corn,Common_Rust,corn_Common_Rust,Corn_Common_Rust (1013).JPG,16188,7
leaf workshop/ORANGE/orange/img_431_jpeg.rf.93993a8086fda109edc057f52d310971.jpg,orange,orange,orange_orange,img_431_jpeg.rf.93993a8086fda109edc057f52d310971.jpg,38620,14
leaf workshop/corn_dataset/Common_Rust/Corn_Common_Rust (1219).JPG,corn,Common_Rust,corn_Common_Rust,Corn_Common_Rust (1219).JPG,14492,7
leaf workshop/potato_dataset/Potato___Early_blight/e6693b54-623a-4323-aa79-3e0fc3c07288___RS_Early.B 9198.JPG,potato,Potato___Early_blight,potato_Potato___Early_blight,e6693b54-623a-4323-aa79-3e0fc3c07288___RS_Early.B 9198.JPG,21407,15
leaf workshop/potato_dataset/Potato___healthy/Potato_healthy-111-_0_8306.jpg,potato,Potato___healthy,potato_Potato___healthy,Potato_healthy-111-_0_8306.jpg,18997,17
leaf workshop/potato_dataset/Potato___healthy/Potato_healthy-84-_0_23.jpg,potato,Potato___healthy,potato_Potato___healthy,Potato_healthy-84-_0_23.jpg,16802,17
leaf workshop/potato_dataset/Potato___Late_blight/c60533e5-8080-4c77-8ae4-7c1f2f7350cb___RS_LB 2810.JPG,potato,Potato___Late_blight,potato_Potato___Late_blight,c60533e5-8080-4c77-8ae4-7c1f2f7350cb___RS_LB 2810.JPG,17896,16
leaf workshop/corn_dataset/Gray_Leaf_Spot/Corn_Gray_Spot (343).JPG,corn,Gray_Leaf_Spot,corn_Gray_Leaf_Spot,Corn_Gray_Spot (343).JPG,16971,8
leaf workshop/corn_dataset/Healthy/Corn_Health (1025).jpg,corn,Healthy,corn_Healthy,Corn_Health (1025).jpg,11475,9
leaf workshop/corn_dataset/Healthy/Corn_Health (662).jpg,corn,Healthy,corn_Healthy,Corn_Health (662).jpg,7101,9
leaf workshop/corn_dataset/Blight/Corn_Blight (421).JPG,corn,Blight,corn_Blight,Corn_Blight (421).JPG,14127,6
leaf workshop/corn_dataset/Healthy/Corn_Health (832).jpg,corn,Healthy,corn_Healthy,Corn_Health (832).jpg,16932,9
leaf workshop/corn_dataset/Healthy/Corn_Health (1055).jpg,corn,Healthy,corn_Healthy,Corn_Health (1055).jpg,6312,9
leaf workshop/corn_dataset/Blight/Corn_Blight (802).JPG,corn,Blight,corn_Blight,Corn_Blight (802).JPG,17514,6
leaf workshop/corn_dataset/Gray_Leaf_Spot/Corn_Gray_Spot (131).JPG,corn,Gray_Leaf_Spot,corn_Gray_Leaf_Spot,Corn_Gray_Spot (131).JPG,20461,8
leaf workshop/corn_dataset/Blight/Corn_Blight (692).JPG,corn,Blight,corn_Blight,Corn_Blight (692).JPG,16292,6
leaf workshop/potato_dataset/Potato___Late_blight/cb4fe901-5ca8-43e9-9a4f-3b9bf34ea364___RS_LB 3943.JPG,potato,Potato___Late_blight,potato_Potato___Late_blight,cb4fe901-5ca8-43e9-9a4f-3b9bf34ea364___RS_LB 3943.JPG,15378,16
leaf workshop/corn_dataset/Gray_Leaf_Spot/Corn_Gray_Spot (297).JPG,corn,Gray_Leaf_Spot,corn_Gray_Leaf_Spot,Corn_Gray_Spot (297).JPG,17554,8
leaf workshop/corn_dataset/Blight/Corn_Blight (836).JPG,corn,Blight,corn_Blight,Corn_Blight (836).JPG,12330,6
leaf workshop/corn_dataset/Blight/Corn_Blight (1052).JPG,corn,Blight,corn_Blight,Corn_Blight (1052).JPG,15076,6
leaf workshop/corn_dataset/Blight/Corn_Blight (144).jpg,corn,Blight,corn_Blight,Corn_Blight (144).jpg,12036,6
leaf workshop/potato_dataset/Potato___healthy/Potato_healthy-78-_0_9784.jpg,potato,Potato___healthy,potato_Potato___healthy,Potato_healthy-78-_0_9784.jpg,15201,17
leaf workshop/ORANGE/Ripe orange/49_jpg.rf.84b4cfd443483e5ee21f16e831f8c27c.jpg,orange,Ripe orange,orange_Ripe orange,49_jpg.rf.84b4cfd443483e5ee21f16e831f8c27c.jpg,31648,13
leaf workshop/corn_dataset/Blight/Corn_Blight (1104).jpg,corn,Blight,corn_Blight,Corn_Blight (1104).jpg,1577792,6
leaf workshop/potato_dataset/Potato___Early_blight/db79941d-3ca1-42f1-b06e-d150a49d476a___RS_Early.B 8742.JPG,potato,Potato___Early_blight,potato_Potato___Early_blight,db79941d-3ca1-42f1-b06e-d150a49d476a___RS_Early.B 8742.JPG,19005,15
leaf workshop/corn_dataset/Common_Rust/Corn_Common_Rust (710).JPG,corn,Common_Rust,corn_Common_Rust,Corn_Common_Rust (710).JPG,15649,7
leaf workshop/corn_dataset/Healthy/Corn_Health (735).jpg,corn,Healthy,corn_Healthy,Corn_Health (735).jpg,10111,9
leaf workshop/corn_dataset/Healthy/Corn_Health (331).jpg,corn,Healthy,corn_Healthy,Corn_Health (331).jpg,16405,9
leaf workshop/corn_dataset/Gray_Leaf_Spot/Corn_Gray_Spot (158).JPG,corn,Gray_Leaf_Spot,corn_Gray_Leaf_Spot,Corn_Gray_Spot (158).JPG,14885,8
leaf workshop/coffee_dataset/healthy/208.jpg,coffee,healthy,coffee_healthy,208.jpg,130658,3
leaf workshop/corn_dataset/Blight/Corn_Blight (989).JPG,corn,Blight,corn_Blight,Corn_Blight (989).JPG,12141,6
leaf workshop/MANGO/Green mango/IMG_129_jpg.rf.ac7a1a02016ec4f844327c38cb51916d.jpg,mango,Green mango,mango_Green mango,IMG_129_jpg.rf.ac7a1a02016ec4f844327c38cb51916d.jpg,17223,10
leaf workshop/BANANA/Rotten banana/translation_Screen-Shot-2018-06-12-at-9_00_22-PM_png.rf.f8d2a5288db07b8eccf1ff4549b78c22.jpg,banana,Rotten banana,banana_Rotten banana,translation_Screen-Shot-2018-06-12-at-9_00_22-PM_png.rf.f8d2a5288db07b8eccf1ff4549b78c22.jpg,22012,1
leaf workshop/BANANA/Rotten banana/vertical_flip_Screen-Shot-2018-06-12-at-8_48_18-PM_png.rf.f7d8fc50cbb86448d1eec675061122bc.jpg,banana,Rotten banana,banana_Rotten banana,vertical_flip_Screen-Shot-2018-06-12-at-8_48_18-PM_png.rf.f7d8fc50cbb86448d1eec675061122bc.jpg,13199,1
leaf workshop/corn_dataset/Common_Rust/Corn_Common_Rust (297).JPG,corn,Common_Rust,corn_Common_Rust,Corn_Common_Rust (297).JPG,9883,7
leaf workshop/potato_dataset/Potato___Early_blight/f0b444a4-ddd7-4286-8a80-423f7e71c526___RS_Early.B 8753.JPG,potato,Potato___Early_blight,potato_Potato___Early_blight,f0b444a4-ddd7-4286-8a80-423f7e71c526___RS_Early.B 8753.JPG,18441,15
leaf workshop/corn_dataset/Common_Rust/Corn_Common_Rust (418).JPG,corn,Common_Rust,corn_Common_Rust,Corn_Common_Rust (418).JPG,13712,7
leaf workshop/corn_dataset/Blight/Corn_Blight (333).JPG,corn,Blight,corn_Blight,Corn_Blight (333).JPG,11088,6
leaf workshop/potato_dataset/Potato___Early_blight/c18f83e1-2144-440f-9603-74fe58c66073___RS_Early.B 7844.JPG,potato,Potato___Early_blight,potato_Potato___Early_blight,c18f83e1-2144-440f-9603-74fe58c66073___RS_Early.B 7844.JPG,19435,15
leaf workshop/corn_dataset/Gray_Leaf_Spot/Corn_Gray_Spot (385).JPG,corn,Gray_Leaf_Spot,corn_Gray_Leaf_Spot,Corn_Gray_Spot (385).JPG,11248,8
leaf workshop/corn_dataset/Common_Rust/Corn_Common_Rust (1129).JPG,corn,Common_Rust,corn_Common_Rust,Corn_Common_Rust (1129).JPG,15042,7
leaf workshop/ORANGE/orange/como-elegir-las-naranjas-de-zumo-y-las-de-mesa-y-no-volver-a-confundirlas-nunca-mas_0_jpg.rf.f25bbab1a65d5b87d22cd907e745d534.jpg,orange,orange,orange_orange,como-elegir-las-naranjas-de-zumo-y-las-de-mesa-y-no-volver-a-confundirlas-nunca-mas_0_jpg.rf.f25bbab1a65d5b87d22cd907e745d534.jpg,30049,14
leaf workshop/corn_dataset/Healthy/Corn_Health (792).jpg,corn,Healthy,corn_Healthy,Corn_Health (792).jpg,6302,9
leaf workshop/corn_dataset/Common_Rust/Corn_Common_Rust (234).JPG,corn,Common_Rust,corn_Common_Rust,Corn_Common_Rust (234).JPG,14220,7
leaf workshop/potato_dataset/Potato___Early_blight/c3d68a2f-0c7a-4060-bfc4-8baf01d3f2fe___RS_Early.B 8010.JPG,potato,Potato___Early_blight,potato_Potato___Early_blight,c3d68a2f-0c7a-4060-bfc4-8baf01d3f2fe___RS_Early.B 8010.JPG,23382,15
leaf workshop/corn_dataset/Healthy/Corn_Health (717).jpg,corn,Healthy,corn_Healthy,Corn_Health (717).jpg,11371,9
leaf workshop/corn_dataset/Healthy/Corn_Health (1071).jpg,corn,Healthy,corn_Healthy,Corn_Health (1071).jpg,9472,9
leaf workshop/corn_dataset/Healthy/Corn_Health (954).jpg,corn,Healthy,corn_Healthy,Corn_Health (954).jpg,11798,9
leaf workshop/corn_dataset/Gray_Leaf_Spot/Corn_Gray_Spot (380).JPG,corn,Gray_Leaf_Spot,corn_Gray_Leaf_Spot,Corn_Gray_Spot (380).JPG,15895,8
leaf workshop/corn_dataset/Gray_Leaf_Spot/Corn_Gray_Spot (266).JPG,corn,Gray_Leaf_Spot,corn_Gray_Leaf_Spot,Corn_Gray_Spot (266).JPG,18782,8
leaf workshop/potato_dataset/Potato___Late_blight/ee09546f-d7cd-4af9-9445-41745638c9c3___RS_LB 4471.JPG,potato,Potato___Late_blight,potato_Potato___Late_blight,ee09546f-d7cd-4af9-9445-41745638c9c3___RS_LB 4471.JPG,20240,16
leaf workshop/corn_dataset/Healthy/Corn_Health (359).jpg,corn,Healthy,corn_Healthy,Corn_Health (359).jpg,9339,9
leaf workshop/corn_dataset/Blight/Corn_Blight (124).JPG,corn,Blight,corn_Blight,Corn_Blight (124).JPG,13027,6
leaf workshop/corn_dataset/Common_Rust/Corn_Common_Rust (271).JPG,corn,Common_Rust,corn_Common_Rust,Corn_Common_Rust (271).JPG,13965,7
leaf workshop/corn_dataset/Common_Rust/Corn_Common_Rust (142).JPG,corn,Common_Rust,corn_Common_Rust,Corn_Common_Rust (142).JPG,18830,7
leaf workshop/corn_dataset/Healthy/Corn_Health (540).jpg,corn,Healthy,corn_Healthy,Corn_Health (540).jpg,10183,9
leaf workshop/potato_dataset/Potato___healthy/Potato_healthy-85-_0_295.jpg,potato,Potato___healthy,potato_Potato___healthy,Potato_healthy-85-_0_295.jpg,16367,17
leaf workshop/corn_dataset/Common_Rust/Corn_Common_Rust (647).JPG,corn,Common_Rust,corn_Common_Rust,Corn_Common_Rust (647).JPG,19830,7
leaf workshop/potato_dataset/Potato___Late_blight/ea06da1e-81c9-4e2e-8266-1f3d56914ff3___RS_LB 2701.JPG,potato,Potato___Late_blight,potato_Potato___Late_blight,ea06da1e-81c9-4e2e-8266-1f3d56914ff3___RS_LB 2701.JPG,16016,16
leaf workshop/potato_dataset/Potato___Late_blight/d752ca70-320b-4d33-970f-8f3eead9141e___RS_LB 3166.JPG,potato,Potato___Late_blight,potato_Potato___Late_blight,d752ca70-320b-4d33-970f-8f3eead9141e___RS_LB 3166.JPG,20271,16
leaf workshop/corn_dataset/Common_Rust/Corn_Common_Rust (445).JPG,corn,Common_Rust,corn_Common_Rust,Corn_Common_Rust (445).JPG,16842,7
leaf workshop/corn_dataset/Gray_Leaf_Spot/Corn_Gray_Spot (36).jpg,corn,Gray_Leaf_Spot,corn_Gray_Leaf_Spot,Corn_Gray_Spot (36).jpg,74654,8
leaf workshop/corn_dataset/Gray_Leaf_Spot/Corn_Gray_Spot (303).JPG,corn,Gray_Leaf_Spot,corn_Gray_Leaf_Spot,Corn_Gray_Spot (303).JPG,14768,8
leaf workshop/potato_dataset/Potato___Early_blight/e0042931-92f3-4527-b292-872075f4261d___RS_Early.B 7203.JPG,potato,Potato___Early_blight,potato_Potato___Early_blight,e0042931-92f3-4527-b292-872075f4261d___RS_Early.B 7203.JPG,18110,15
leaf workshop/corn_dataset/Blight/Corn_Blight (226).JPG,corn,Blight,corn_Blight,Corn_Blight (226).JPG,12289,6
leaf workshop/corn_dataset/Blight/Corn_Blight (361).JPG,corn,Blight,corn_Blight,Corn_Blight (361).JPG,15507,6
leaf workshop/ORANGE/orange/image3_jpeg_jpg.rf.ee9c78053d420ea52e9397bcc3d64870.jpg,orange,orange,orange_orange,image3_jpeg_jpg.rf.ee9c78053d420ea52e9397bcc3d64870.jpg,18149,14
leaf workshop/corn_dataset/Common_Rust/Corn_Common_Rust (599).JPG,corn,Common_Rust,corn_Common_Rust,Corn_Common_Rust (599).JPG,15041,7
leaf workshop/coffee_dataset/healthy/205.jpg,coffee,healthy,coffee_healthy,205.jpg,122185,3
leaf workshop/corn_dataset/Blight/Corn_Blight (541).jpg,corn,Blight,corn_Blight,Corn_Blight (541).jpg,18394,6
leaf workshop/corn_dataset/Gray_Leaf_Spot/Corn_Gray_Spot (270).JPG,corn,Gray_Leaf_Spot,corn_Gray_Leaf_Spot,Corn_Gray_Spot (270).JPG,12964,8
leaf workshop/corn_dataset/Blight/Corn_Blight (993).JPG,corn,Blight,corn_Blight,Corn_Blight (993).JPG,10288,6
leaf workshop/corn_dataset/Common_Rust/Corn_Common_Rust (1199).JPG,corn,Common_Rust,corn_Common_Rust,Corn_Common_Rust (1199).JPG,14840,7
leaf workshop/corn_dataset/Common_Rust/Corn_Common_Rust (455).JPG,corn,Common_Rust,corn_Common_Rust,Corn_Common_Rust (455).JPG,11180,7
leaf workshop/potato_dataset/Potato___Early_blight/c4dd703b-1d4c-4e4c-8064-0e1d743c47ae___RS_Early.B 7050.JPG,potato,Potato___Early_blight,potato_Potato___Early_blight,c4dd703b-1d4c-4e4c-8064-0e1d743c47ae___RS_Early.B 7050.JPG,18642,15
leaf workshop/corn_dataset/Healthy/Corn_Health (1077).jpg,corn,Healthy,corn_Healthy,Corn_Health (1077).jpg,9843,9
leaf workshop/corn_dataset/Gray_Leaf_Spot/Corn_Gray_Spot (238).JPG,corn,Gray_Leaf_Spot,corn_Gray_Leaf_Spot,Corn_Gray_Spot (238).JPG,13878,8
leaf workshop/corn_dataset/Blight/Corn_Blight (75).jpg,corn,Blight,corn_Blight,Corn_Blight (75).jpg,507714,6
leaf workshop/corn_dataset/Healthy/Corn_Health (716).jpg,corn,Healthy,corn_Healthy,Corn_Health (716).jpg,7270,9
leaf workshop/corn_dataset/Common_Rust/Corn_Common_Rust (589).JPG,corn,Common_Rust,corn_Common_Rust,Corn_Common_Rust (589).JPG,15945,7
leaf workshop/corn_dataset/Healthy/Corn_Health (69).jpg,corn,Healthy,corn_Healthy,Corn_Health (69).jpg,13275,9
leaf workshop/ORANGE/Ripe orange/87_jpg.rf.ac713024223cfc263a829e1e80e95de1.jpg,orange,Ripe orange,orange_Ripe orange,87_jpg.rf.ac713024223cfc263a829e1e80e95de1.jpg,28657,13
leaf workshop/coffee_dataset/phoma/263.jpg,coffee,phoma,coffee_phoma,263.jpg,89530,5
leaf workshop/corn_dataset/Blight/Corn_Blight (1083).JPG,corn,Blight,corn_Blight,Corn_Blight (1083).JPG,13033,6
leaf workshop/corn_dataset/Common_Rust/Corn_Common_Rust (268).JPG,corn,Common_Rust,corn_Common_Rust,Corn_Common_Rust (268).JPG,14897,7
leaf workshop/ORANGE/orange/image28_jpeg_jpg.rf.6ee16eb35ad71b12f306de3ed2bcbb99.jpg,orange,orange,orange_orange,image28_jpeg_jpg.rf.6ee16eb35ad71b12f306de3ed2bcbb99.jpg,20743,14
leaf workshop/ORANGE/Ripe orange/71_jpg.rf.62fac8740c260a3fb4256be9169d85cf.jpg,orange,Ripe orange,orange_Ripe orange,71_jpg.rf.62fac8740c260a3fb4256be9169d85cf.jpg,26833,13
leaf workshop/corn_dataset/Common_Rust/Corn_Common_Rust (290).JPG,corn,Common_Rust,corn_Common_Rust,Corn_Common_Rust (290).JPG,15337,7
leaf workshop/MANGO/Rotten Mango/13-5-Copy-2-_jpg.rf.93980c0b4eeeee4fa711c0250f2253ae.jpg,mango,Rotten Mango,mango_Rotten Mango,13-5-Copy-2-_jpg.rf.93980c0b4eeeee4fa711c0250f2253ae.jpg,22004,11
leaf workshop/BANANA/Rotten banana/vertical_flip_Screen-Shot-2018-06-12-at-9_22_50-PM_png.rf.f33e6ee3f72056e88b2fd8aba4fab970.jpg,banana,Rotten banana,banana_Rotten banana,vertical_flip_Screen-Shot-2018-06-12-at-9_22_50-PM_png.rf.f33e6ee3f72056e88b2fd8aba4fab970.jpg,16045,1
leaf workshop/corn_dataset/Healthy/Corn_Health (696).jpg,corn,Healthy,corn_Healthy,Corn_Health (696).jpg,10398,9
leaf workshop/ORANGE/orange/caja-6-kg-de-naranjas-de-zumo_jpg.rf.7e5aad6ef1059596e0b9dbdd1c1e1d98.jpg,orange,orange,orange_orange,caja-6-kg-de-naranjas-de-zumo_jpg.rf.7e5aad6ef1059596e0b9dbdd1c1e1d98.jpg,17743,14
leaf workshop/ORANGE/orange/images107_jpg.rf.a08584681b12ca184954e9be85e50863.jpg,orange,orange,orange_orange,images107_jpg.rf.a08584681b12ca184954e9be85e50863.jpg,23968,14
leaf workshop/corn_dataset/Blight/Corn_Blight (17).jpg,corn,Blight,corn_Blight,Corn_Blight (17).jpg,30479,6
leaf workshop/potato_dataset/Potato___Early_blight/bcf169b0-dea7-49eb-b976-4a2d1f36c574___RS_Early.B 7870.JPG,potato,Potato___Early_blight,potato_Potato___Early_blight,bcf169b0-dea7-49eb-b976-4a2d1f36c574___RS_Early.B 7870.JPG,20276,15
leaf workshop/potato_dataset/Potato___Early_blight/c59f2dde-4805-4f63-b47a-79fe9cd9364b___RS_Early.B 7510.JPG,potato,Potato___Early_blight,potato_Potato___Early_blight,c59f2dde-4805-4f63-b47a-79fe9cd9364b___RS_Early.B 7510.JPG,16189,15
leaf workshop/MANGO/Rotten Mango/14-9-Copy_png_jpg.rf.4c0bab25a6de2e4bcab9f113e5630ff3.jpg,mango,Rotten Mango,mango_Rotten Mango,14-9-Copy_png_jpg.rf.4c0bab25a6de2e4bcab9f113e5630ff3.jpg,18613,11
leaf workshop/ORANGE/orange/img_521_jpeg.rf.b176661811575a91735569cb06798420.jpg,orange,orange,orange_orange,img_521_jpeg.rf.b176661811575a91735569cb06798420.jpg,22405,14
leaf workshop/corn_dataset/Healthy/Corn_Health (126).jpg,corn,Healthy,corn_Healthy,Corn_Health (126).jpg,16265,9
leaf workshop/potato_dataset/Potato___Late_blight/e10ce839-9da1-4f23-9b5e-c5483f6eabbd___RS_LB 5328.JPG,potato,Potato___Late_blight,potato_Potato___Late_blight,e10ce839-9da1-4f23-9b5e-c5483f6eabbd___RS_LB 5328.JPG,13582,16
leaf workshop/corn_dataset/Blight/Corn_Blight (469).JPG,corn,Blight,corn_Blight,Corn_Blight (469).JPG,15643,6
leaf workshop/potato_dataset/Potato___Late_blight/d5f14365-91a1-41e4-95a5-9ae88c3ff4d6___RS_LB 5163.JPG,potato,Potato___Late_blight,potato_Potato___Late_blight,d5f14365-91a1-41e4-95a5-9ae88c3ff4d6___RS_LB 5163.JPG,15518,16
leaf workshop/corn_dataset/Blight/Corn_Blight (176).jpg,corn,Blight,corn_Blight,Corn_Blight (176).jpg,16454,6
leaf workshop/corn_dataset/Healthy/Corn_Health (230).jpg,corn,Healthy,corn_Healthy,Corn_Health (230).jpg,16894,9
leaf workshop/corn_dataset/Blight/Corn_Blight (507).JPG,corn,Blight,corn_Blight,Corn_Blight (507).JPG,11553,6
leaf workshop/ORANGE/orange/cuales-son-las-naranjas-y-mandarinas-mas-dulces-camposdeazahar_jpg.rf.8d5fce8516aac8b032967f975de96118.jpg,orange,orange,orange_orange,cuales-son-las-naranjas-y-mandarinas-mas-dulces-camposdeazahar_jpg.rf.8d5fce8516aac8b032967f975de96118.jpg,39645,14
leaf workshop/corn_dataset/Healthy/Corn_Health (844).jpg,corn,Healthy,corn_Healthy,Corn_Health (844).jpg,10266,9
leaf workshop/corn_dataset/Blight/Corn_Blight (179).JPG,corn,Blight,corn_Blight,Corn_Blight (179).JPG,17578,6
leaf workshop/corn_dataset/Blight/Corn_Blight (882).JPG,corn,Blight,corn_Blight,Corn_Blight (882).JPG,16535,6
leaf workshop/potato_dataset/Potato___Early_blight/ec9a34ed-90de-417e-bf87-31e748c8c770___RS_Early.B 7968.JPG,potato,Potato___Early_blight,potato_Potato___Early_blight,ec9a34ed-90de-417e-bf87-31e748c8c770___RS_Early.B 7968.JPG,21532,15
leaf workshop/corn_dataset/Blight/Corn_Blight (594).JPG,corn,Blight,corn_Blight,Corn_Blight (594).JPG,14140,6
leaf workshop/corn_dataset/Healthy/Corn_Health (890).jpg,corn,Healthy,corn_Healthy,Corn_Health (890).jpg,6758,9
leaf workshop/corn_dataset/Healthy/Corn_Health (372).jpg,corn,Healthy,corn_Healthy,Corn_Health (372).jpg,19395,9
leaf workshop/corn_dataset/Blight/Corn_Blight (388).JPG,corn,Blight,corn_Blight,Corn_Blight (388).JPG,15649,6
leaf workshop/potato_dataset/Potato___healthy/Potato_healthy-118-_0_3622.jpg,potato,Potato___healthy,potato_Potato___healthy,Potato_healthy-118-_0_3622.jpg,13833,17
leaf workshop/corn_dataset/Blight/Corn_Blight (1112).jpg,corn,Blight,corn_Blight,Corn_Blight (1112).jpg,836128,6
leaf workshop/ORANGE/orange/images4_jpg.rf.1e9609d34591c2acfe3dbe8227e30bd0.jpg,orange,orange,orange_orange,images4_jpg.rf.1e9609d34591c2acfe3dbe8227e30bd0.jpg,23233,14
leaf workshop/corn_dataset/Common_Rust/Corn_Common_Rust (535).JPG,corn,Common_Rust,corn_Common_Rust,Corn_Common_Rust (535).JPG,15539,7
leaf workshop/corn_dataset/Healthy/Corn_Health (1).jpg,corn,Healthy,corn_Healthy,Corn_Health (1).jpg,9620,9
leaf workshop/corn_dataset/Common_Rust/Corn_Common_Rust (360).JPG,corn,Common_Rust,corn_Common_Rust,Corn_Common_Rust (360).JPG,13337,7
leaf workshop/potato_dataset/Potato___healthy/Potato_healthy-110-_0_5933.jpg,potato,Potato___healthy,potato_Potato___healthy,Potato_healthy-110-_0_5933.jpg,18329,17
leaf workshop/ORANGE/orange/orangelargerevised_1600x_jpg.rf.96a5ad1b09a5e382fe8e6cdad086ced8.jpg,orange,orange,orange_orange,orangelargerevised_1600x_jpg.rf.96a5ad1b09a5e382fe8e6cdad086ced8.jpg,13009,14
leaf workshop/corn_dataset/Blight/Corn_Blight (370).JPG,corn,Blight,corn_Blight,Corn_Blight (370).JPG,13519,6
leaf workshop/ORANGE/orange/images145_jpg.rf.8fa10632fa190571127c97b7668c31c1.jpg,orange,orange,orange_orange,images145_jpg.rf.8fa10632fa190571127c97b7668c31c1.jpg,24044,14
leaf workshop/corn_dataset/Blight/Corn_Blight (553).JPG,corn,Blight,corn_Blight,Corn_Blight (553).JPG,15651,6
leaf workshop/corn_dataset/Common_Rust/Corn_Common_Rust (1139).JPG,corn,Common_Rust,corn_Common_Rust,Corn_Common_Rust (1139).JPG,13004,7
leaf workshop/BANANA/Rotten banana/translation_Screen-Shot-2018-06-12-at-9_26_01-PM_png.rf.efe8e95c0082e3534a06ff8d27928df3.jpg,banana,Rotten banana,banana_Rotten banana,translation_Screen-Shot-2018-06-12-at-9_26_01-PM_png.rf.efe8e95c0082e3534a06ff8d27928df3.jpg,17645,1
leaf workshop/potato_dataset/Potato___Early_blight/f917c191-cca4-4a78-8238-a40b586f9058___RS_Early.B 7945.JPG,potato,Potato___Early_blight,potato_Potato___Early_blight,f917c191-cca4-4a78-8238-a40b586f9058___RS_Early.B 7945.JPG,21384,15
leaf workshop/corn_dataset/Gray_Leaf_Spot/Corn_Gray_Spot (134).JPG,corn,Gray_Leaf_Spot,corn_Gray_Leaf_Spot,Corn_Gray_Spot (134).JPG,15388,8
leaf workshop/corn_dataset/Common_Rust/Corn_Common_Rust (147).JPG,corn,Common_Rust,corn_Common_Rust,Corn_Common_Rust (147).JPG,12823,7
leaf workshop/corn_dataset/Blight/Corn_Blight (205).JPG,corn,Blight,corn_Blight,Corn_Blight (205).JPG,18040,6
leaf workshop/corn_dataset/Common_Rust/Corn_Common_Rust (1239).JPG,corn,Common_Rust,corn_Common_Rust,Corn_Common_Rust (1239).JPG,14625,7
leaf workshop/corn_dataset/Blight/Corn_Blight (1105).jpg,corn,Blight,corn_Blight,Corn_Blight (1105).jpg,53872,6
leaf workshop/corn_dataset/Blight/Corn_Blight (418).JPG,corn,Blight,corn_Blight,Corn_Blight (418).JPG,14237,6
leaf workshop/corn_dataset/Healthy/Corn_Health (335).jpg,corn,Healthy,corn_Healthy,Corn_Health (335).jpg,10734,9
leaf workshop/corn_dataset/Blight/Corn_Blight (379).JPG,corn,Blight,corn_Blight,Corn_Blight (379).JPG,10486,6
leaf workshop/BANANA/Yellow banana/Screen-Shot-2018-06-12-at-9-50-53-PM_png_jpg.rf.e9e65f2d6ac6b6d08d1027095fb1b82d.jpg,banana,Yellow banana,banana_Yellow banana,Screen-Shot-2018-06-12-at-9-50-53-PM_png_jpg.rf.e9e65f2d6ac6b6d08d1027095fb1b82d.jpg,11866,2
leaf workshop/corn_dataset/Gray_Leaf_Spot/Corn_Gray_Spot (420).JPG,corn,Gray_Leaf_Spot,corn_Gray_Leaf_Spot,Corn_Gray_Spot (420).JPG,17569,8
leaf workshop/corn_dataset/Blight/Corn_Blight (1120).jpg,corn,Blight,corn_Blight,Corn_Blight (1120).jpg,47779,6
leaf workshop/corn_dataset/Healthy/Corn_Health (929).jpg,corn,Healthy,corn_Healthy,Corn_Health (929).jpg,5658,9
leaf workshop/corn_dataset/Gray_Leaf_Spot/Corn_Gray_Spot (301).JPG,corn,Gray_Leaf_Spot,corn_Gray_Leaf_Spot,Corn_Gray_Spot (301).JPG,16253,8
leaf workshop/ORANGE/Ripe orange/4_jpg.rf.277c7f605cd35dca76f7ee8dffd84971.jpg,orange,Ripe orange,orange_Ripe orange,4_jpg.rf.277c7f605cd35dca76f7ee8dffd84971.jpg,27652,13
leaf workshop/corn_dataset/Blight/Corn_Blight (135).JPG,corn,Blight,corn_Blight,Corn_Blight (135).JPG,14217,6
leaf workshop/corn_dataset/Common_Rust/Corn_Common_Rust (305).JPG,corn,Common_Rust,corn_Common_Rust,Corn_Common_Rust (305).JPG,10831,7
leaf workshop/corn_dataset/Gray_Leaf_Spot/Corn_Gray_Spot (155).JPG,corn,Gray_Leaf_Spot,corn_Gray_Leaf_Spot,Corn_Gray_Spot (155).JPG,15868,8
leaf workshop/potato_dataset/Potato___Late_blight/c89d5a2a-2c1e-496e-84b8-b7a844a97ac9___RS_LB 4920.JPG,potato,Potato___Late_blight,potato_Potato___Late_blight,c89d5a2a-2c1e-496e-84b8-b7a844a97ac9___RS_LB 4920.JPG,20261,16
leaf workshop/potato_dataset/Potato___Early_blight/d91d88d1-89d4-4017-b0f0-9e875bedfcab___RS_Early.B 7201.JPG,potato,Potato___Early_blight,potato_Potato___Early_blight,d91d88d1-89d4-4017-b0f0-9e875bedfcab___RS_Early.B 7201.JPG,20062,15
leaf workshop/corn_dataset/Healthy/Corn_Health (280).jpg,corn,Healthy,corn_Healthy,Corn_Health (280).jpg,5409,9
leaf workshop/corn_dataset/Healthy/Corn_Health (88).jpg,corn,Healthy,corn_Healthy,Corn_Health (88).jpg,9128,9
leaf workshop/corn_dataset/Blight/Corn_Blight (9).jpg,corn,Blight,corn_Blight,Corn_Blight (9).jpg,165265,6
leaf workshop/corn_dataset/Healthy/Corn_Health (770).jpg,corn,Healthy,corn_Healthy,Corn_Health (770).jpg,15966,9
leaf workshop/coffee_dataset/healthy/215.jpg,coffee,healthy,coffee_healthy,215.jpg,140814,3
leaf workshop/corn_dataset/Common_Rust/Corn_Common_Rust (730).JPG,corn,Common_Rust,corn_Common_Rust,Corn_Common_Rust (730).JPG,11104,7
leaf workshop/corn_dataset/Gray_Leaf_Spot/Corn_Gray_Spot (52).jpg,corn,Gray_Leaf_Spot,corn_Gray_Leaf_Spot,Corn_Gray_Spot (52).jpg,17177,8
leaf workshop/corn_dataset/Healthy/Corn_Health (1135).jpg,corn,Healthy,corn_Healthy,Corn_Health (1135).jpg,6730,9
leaf workshop/corn_dataset/Common_Rust/Corn_Common_Rust (657).JPG,corn,Common_Rust,corn_Common_Rust,Corn_Common_Rust (657).JPG,10880,7
leaf workshop/corn_dataset/Common_Rust/Corn_Common_Rust (1016).JPG,corn,Common_Rust,corn_Common_Rust,Corn_Common_Rust (1016).JPG,16068,7
leaf workshop/potato_dataset/Potato___Early_blight/c7067769-af82-46d6-8f42-d7a184e3f59a___RS_Early.B 7916.JPG,potato,Potato___Early_blight,potato_Potato___Early_blight,c7067769-af82-46d6-8f42-d7a184e3f59a___RS_Early.B 7916.JPG,20264,15
leaf workshop/ORANGE/orange/images369_jpg.rf.2ffbbe25f5ea40d0fc258901ef431d4c.jpg,orange,orange,orange_orange,images369_jpg.rf.2ffbbe25f5ea40d0fc258901ef431d4c.jpg,19116,14
leaf workshop/potato_dataset/Potato___healthy/Potato_healthy-96-_0_2636.jpg,potato,Potato___healthy,potato_Potato___healthy,Potato_healthy-96-_0_2636.jpg,14842,17
leaf workshop/BANANA/Rotten banana/translation_Screen-Shot-2018-06-12-at-9_09_43-PM_png.rf.8e5618f91c80b88cc149ec81ecade751.jpg,banana,Rotten banana,banana_Rotten banana,translation_Screen-Shot-2018-06-12-at-9_09_43-PM_png.rf.8e5618f91c80b88cc149ec81ecade751.jpg,13575,1
leaf workshop/corn_dataset/Healthy/Corn_Health (906).jpg,corn,Healthy,corn_Healthy,Corn_Health (906).jpg,8894,9
leaf workshop/corn_dataset/Blight/Corn_Blight (522).JPG,corn,Blight,corn_Blight,Corn_Blight (522).JPG,14629,6
leaf workshop/corn_dataset/Blight/Corn_Blight (579).JPG,corn,Blight,corn_Blight,Corn_Blight (579).JPG,11581,6
leaf workshop/corn_dataset/Healthy/Corn_Health (862).jpg,corn,Healthy,corn_Healthy,Corn_Health (862).jpg,12040,9
leaf workshop/potato_dataset/Potato___healthy/Potato_healthy-132-_0_4861.jpg,potato,Potato___healthy,potato_Potato___healthy,Potato_healthy-132-_0_4861.jpg,16096,17
leaf workshop/corn_dataset/Healthy/Corn_Health (1013).jpg,corn,Healthy,corn_Healthy,Corn_Health (1013).jpg,7961,9
leaf workshop/corn_dataset/Healthy/Corn_Health (1115).jpg,corn,Healthy,corn_Healthy,Corn_Health (1115).jpg,7419,9
leaf workshop/corn_dataset/Healthy/Corn_Health (469).jpg,corn,Healthy,corn_Healthy,Corn_Health (469).jpg,5715,9
leaf workshop/corn_dataset/Healthy/Corn_Health (400).jpg,corn,Healthy,corn_Healthy,Corn_Health (400).jpg,10116,9
leaf workshop/corn_dataset/Blight/Corn_Blight (1065).JPG,corn,Blight,corn_Blight,Corn_Blight (1065).JPG,17028,6
leaf workshop/corn_dataset/Healthy/Corn_Health (270).jpg,corn,Healthy,corn_Healthy,Corn_Health (270).jpg,9794,9
leaf workshop/corn_dataset/Common_Rust/Corn_Common_Rust (402).JPG,corn,Common_Rust,corn_Common_Rust,Corn_Common_Rust (402).JPG,11164,7
leaf workshop/potato_dataset/Potato___healthy/Potato_healthy-109-_0_3833.jpg,potato,Potato___healthy,potato_Potato___healthy,Potato_healthy-109-_0_3833.jpg,17570,17
leaf workshop/corn_dataset/Common_Rust/Corn_Common_Rust (404).JPG,corn,Common_Rust,corn_Common_Rust,Corn_Common_Rust (404).JPG,15539,7
leaf workshop/corn_dataset/Common_Rust/Corn_Common_Rust (233).JPG,corn,Common_Rust,corn_Common_Rust,Corn_Common_Rust (233).JPG,10686,7
leaf workshop/corn_dataset/Gray_Leaf_Spot/Corn_Gray_Spot (1).jpg,corn,Gray_Leaf_Spot,corn_Gray_Leaf_Spot,Corn_Gray_Spot (1).jpg,382562,8
leaf workshop/corn_dataset/Gray_Leaf_Spot/Corn_Gray_Spot (11).jpg,corn,Gray_Leaf_Spot,corn_Gray_Leaf_Spot,Corn_Gray_Spot (11).jpg,20441,8
leaf workshop/corn_dataset/Common_Rust/Corn_Common_Rust (561).JPG,corn,Common_Rust,corn_Common_Rust,Corn_Common_Rust (561).JPG,14472,7
leaf workshop/potato_dataset/Potato___Early_blight/f3b29f09-c337-4233-8968-0fcc66c9fa2a___RS_Early.B 8115.JPG,potato,Potato___Early_blight,potato_Potato___Early_blight,f3b29f09-c337-4233-8968-0fcc66c9fa2a___RS_Early.B 8115.JPG,21539,15
leaf workshop/corn_dataset/Blight/Corn_Blight (1004).JPG,corn,Blight,corn_Blight,Corn_Blight (1004).JPG,10655,6
leaf workshop/corn_dataset/Common_Rust/Corn_Common_Rust (1064).JPG,corn,Common_Rust,corn_Common_Rust,Corn_Common_Rust (1064).JPG,13938,7
leaf workshop/corn_dataset/Gray_Leaf_Spot/Corn_Gray_Spot (465).JPG,corn,Gray_Leaf_Spot,corn_Gray_Leaf_Spot,Corn_Gray_Spot (465).JPG,21078,8
leaf workshop/corn_dataset/Common_Rust/Corn_Common_Rust (635).JPG,corn,Common_Rust,corn_Common_Rust,Corn_Common_Rust (635).JPG,12165,7
leaf workshop/corn_dataset/Common_Rust/Corn_Common_Rust (144).JPG,corn,Common_Rust,corn_Common_Rust,Corn_Common_Rust (144).JPG,16116,7
leaf workshop/potato_dataset/Potato___Early_blight/db5d0f5f-a722-4f12-96bf-c9608e5c7f2a___RS_Early.B 8945.JPG,potato,Potato___Early_blight,potato_Potato___Early_blight,db5d0f5f-a722-4f12-96bf-c9608e5c7f2a___RS_Early.B 8945.JPG,21782,15
leaf workshop/MANGO/Yellow mango/20230305_052201162_iOS_jpg.rf.2b00c21c871fa098f6b1c99cce6c9d64.jpg,mango,Yellow mango,mango_Yellow mango,20230305_052201162_iOS_jpg.rf.2b00c21c871fa098f6b1c99cce6c9d64.jpg,23074,12
leaf workshop/corn_dataset/Gray_Leaf_Spot/Corn_Gray_Spot (431).JPG,corn,Gray_Leaf_Spot,corn_Gray_Leaf_Spot,Corn_Gray_Spot (431).JPG,19300,8
leaf workshop/corn_dataset/Blight/Corn_Blight (983).jpg,corn,Blight,corn_Blight,Corn_Blight (983).jpg,18460,6
leaf workshop/corn_dataset/Healthy/Corn_Health (581).jpg,corn,Healthy,corn_Healthy,Corn_Health (581).jpg,9822,9
leaf workshop/corn_dataset/Gray_Leaf_Spot/Corn_Gray_Spot (573).jpg,corn,Gray_Leaf_Spot,corn_Gray_Leaf_Spot,Corn_Gray_Spot (573).jpg,107831,8
leaf workshop/corn_dataset/Common_Rust/Corn_Common_Rust (467).JPG,corn,Common_Rust,corn_Common_Rust,Corn_Common_Rust (467).JPG,11731,7
leaf workshop/BANANA/Yellow banana/200264_jpg.rf.2a854694f0c792326d15bc0a7d081b7a.jpg,banana,Yellow banana,banana_Yellow banana,200264_jpg.rf.2a854694f0c792326d15bc0a7d081b7a.jpg,21404,2
leaf workshop/corn_dataset/Blight/Corn_Blight (1020).JPG,corn,Blight,corn_Blight,Corn_Blight (1020).JPG,14188,6
leaf workshop/corn_dataset/Common_Rust/Corn_Common_Rust (1038).JPG,corn,Common_Rust,corn_Common_Rust,Corn_Common_Rust (1038).JPG,11103,7
leaf workshop/potato_dataset/Potato___healthy/Potato_healthy-143-_0_6977.jpg,potato,Potato___healthy,potato_Potato___healthy,Potato_healthy-143-_0_6977.jpg,14917,17
leaf workshop/corn_dataset/Common_Rust/Corn_Common_Rust (717).JPG,corn,Common_Rust,corn_Common_Rust,Corn_Common_Rust (717).JPG,15339,7
leaf workshop/corn_dataset/Healthy/Corn_Health (116).jpg,corn,Healthy,corn_Healthy,Corn_Health (116).jpg,8820,9
leaf workshop/MANGO/Yellow mango/20230305_052122103_iOS_jpg.rf.61ea5d95d0faf78fccec6c524a8dd826.jpg,mango,Yellow mango,mango_Yellow mango,20230305_052122103_iOS_jpg.rf.61ea5d95d0faf78fccec6c524a8dd826.jpg,21787,12
leaf workshop/corn_dataset/Common_Rust/Corn_Common_Rust (310).JPG,corn,Common_Rust,corn_Common_Rust,Corn_Common_Rust (310).JPG,17819,7
leaf workshop/corn_dataset/Healthy/Corn_Health (228).jpg,corn,Healthy,corn_Healthy,Corn_Health (228).jpg,6856,9
leaf workshop/potato_dataset/Potato___Late_blight/c1389cbc-d327-478b-92b3-550c3210ed5a___RS_LB 4025.JPG,potato,Potato___Late_blight,potato_Potato___Late_blight,c1389cbc-d327-478b-92b3-550c3210ed5a___RS_LB 4025.JPG,14053,16
leaf workshop/potato_dataset/Potato___Early_blight/bb07a1b7-b9ad-4016-a013-9ff0e4636d4a___RS_Early.B 7156.JPG,potato,Potato___Early_blight,potato_Potato___Early_blight,bb07a1b7-b9ad-4016-a013-9ff0e4636d4a___RS_Early.B 7156.JPG,18068,15
leaf workshop/corn_dataset/Gray_Leaf_Spot/Corn_Gray_Spot (114).jpg,corn,Gray_Leaf_Spot,corn_Gray_Leaf_Spot,Corn_Gray_Spot (114).jpg,15925,8
leaf workshop/potato_dataset/Potato___Late_blight/ede8e8be-6d71-466e-918e-44afa1403e30___RS_LB 5455.JPG,potato,Potato___Late_blight,potato_Potato___Late_blight,ede8e8be-6d71-466e-918e-44afa1403e30___RS_LB 5455.JPG,15542,16
leaf workshop/corn_dataset/Healthy/Corn_Health (826).jpg,corn,Healthy,corn_Healthy,Corn_Health (826).jpg,9022,9
leaf workshop/corn_dataset/Gray_Leaf_Spot/Corn_Gray_Spot (95).JPG,corn,Gray_Leaf_Spot,corn_Gray_Leaf_Spot,Corn_Gray_Spot (95).JPG,18743,8
leaf workshop/ORANGE/orange/images337_jpg.rf.2cc82aacbd120d3d2d50a6868ee579f1.jpg,orange,orange,orange_orange,images337_jpg.rf.2cc82aacbd120d3d2d50a6868ee579f1.jpg,19765,14
leaf workshop/corn_dataset/Healthy/Corn_Health (477).jpg,corn,Healthy,corn_Healthy,Corn_Health (477).jpg,10077,9
leaf workshop/corn_dataset/Common_Rust/Corn_Common_Rust (689).JPG,corn,Common_Rust,corn_Common_Rust,Corn_Common_Rust (689).JPG,17113,7
leaf workshop/corn_dataset/Blight/Corn_Blight (56).jpg,corn,Blight,corn_Blight,Corn_Blight (56).jpg,135838,6
leaf workshop/ORANGE/orange/caja-de-naranjas-de-zumo-valencianas-selectas-10-kgs_jpg.rf.01b3dade4f047084e9c1dda8bda5c69e.jpg,orange,orange,orange_orange,caja-de-naranjas-de-zumo-valencianas-selectas-10-kgs_jpg.rf.01b3dade4f047084e9c1dda8bda5c69e.jpg,16977,14
leaf workshop/corn_dataset/Healthy/Corn_Health (746).jpg,corn,Healthy,corn_Healthy,Corn_Health (746).jpg,16357,9
leaf workshop/potato_dataset/Potato___Late_blight/ebd47dca-590b-43c4-812d-32f95b776690___RS_LB 3834.JPG,potato,Potato___Late_blight,potato_Potato___Late_blight,ebd47dca-590b-43c4-812d-32f95b776690___RS_LB 3834.JPG,9451,16
leaf workshop/potato_dataset/Potato___healthy/Potato_healthy-124-_0_999.jpg,potato,Potato___healthy,potato_Potato___healthy,Potato_healthy-124-_0_999.jpg,15840,17
leaf workshop/corn_dataset/Blight/Corn_Blight (567).JPG,corn,Blight,corn_Blight,Corn_Blight (567).JPG,11841,6
leaf workshop/corn_dataset/Common_Rust/Corn_Common_Rust (163).JPG,corn,Common_Rust,corn_Common_Rust,Corn_Common_Rust (163).JPG,19033,7
leaf workshop/corn_dataset/Blight/Corn_Blight (1022).JPG,corn,Blight,corn_Blight,Corn_Blight (1022).JPG,13517,6
leaf workshop/potato_dataset/Potato___Early_blight/f980fef9-bcf5-47fd-8426-2c503dc35f88___RS_Early.B 6745.JPG,potato,Potato___Early_blight,potato_Potato___Early_blight,f980fef9-bcf5-47fd-8426-2c503dc35f88___RS_Early.B 6745.JPG,21565,15
leaf workshop/corn_dataset/Healthy/Corn_Health (322).jpg,corn,Healthy,corn_Healthy,Corn_Health (322).jpg,11264,9
leaf workshop/corn_dataset/Healthy/Corn_Health (615).jpg,corn,Healthy,corn_Healthy,Corn_Health (615).jpg,7840,9
leaf workshop/corn_dataset/Gray_Leaf_Spot/Corn_Gray_Spot (7).jpg,corn,Gray_Leaf_Spot,corn_Gray_Leaf_Spot,Corn_Gray_Spot (7).jpg,28374,8
leaf workshop/BANANA/Green banana/94_jpg.rf.0dcf1d72860a0ea1f6bcc5119cd9a9da.jpg,banana,Green banana,banana_Green banana,94_jpg.rf.0dcf1d72860a0ea1f6bcc5119cd9a9da.jpg,12399,0
leaf workshop/corn_dataset/Common_Rust/Corn_Common_Rust (747).JPG,corn,Common_Rust,corn_Common_Rust,Corn_Common_Rust (747).JPG,15759,7
leaf workshop/corn_dataset/Healthy/Corn_Health (192).jpg,corn,Healthy,corn_Healthy,Corn_Health (192).jpg,8910,9
leaf workshop/corn_dataset/Healthy/Corn_Health (109).jpg,corn,Healthy,corn_Healthy,Corn_Health (109).jpg,14950,9
leaf workshop/corn_dataset/Gray_Leaf_Spot/Corn_Gray_Spot (116).JPG,corn,Gray_Leaf_Spot,corn_Gray_Leaf_Spot,Corn_Gray_Spot (116).JPG,14200,8
leaf workshop/ORANGE/orange/images122_jpg.rf.f0f54f54e000ea41b52b8c142e7f2beb.jpg,orange,orange,orange_orange,images122_jpg.rf.f0f54f54e000ea41b52b8c142e7f2beb.jpg,15993,14
leaf workshop/corn_dataset/Healthy/Corn_Health (757).jpg,corn,Healthy,corn_Healthy,Corn_Health (757).jpg,9202,9
leaf workshop/coffee_dataset/leaf_rust/132.jpg,coffee,leaf_rust,coffee_leaf_rust,132.jpg,193736,4
leaf workshop/corn_dataset/Gray_Leaf_Spot/Corn_Gray_Spot (76).JPG,corn,Gray_Leaf_Spot,corn_Gray_Leaf_Spot,Corn_Gray_Spot (76).JPG,17147,8
leaf workshop/corn_dataset/Healthy/Corn_Health (181).jpg,corn,Healthy,corn_Healthy,Corn_Health (181).jpg,17708,9
leaf workshop/corn_dataset/Common_Rust/Corn_Common_Rust (581).JPG,corn,Common_Rust,corn_Common_Rust,Corn_Common_Rust (581).JPG,12993,7
leaf workshop/corn_dataset/Healthy/Corn_Health (216).jpg,corn,Healthy,corn_Healthy,Corn_Health (216).jpg,16777,9
leaf workshop/corn_dataset/Blight/Corn_Blight (988).JPG,corn,Blight,corn_Blight,Corn_Blight (988).JPG,15600,6
leaf workshop/corn_dataset/Common_Rust/Corn_Common_Rust (1174).JPG,corn,Common_Rust,corn_Common_Rust,Corn_Common_Rust (1174).JPG,14101,7
leaf workshop/potato_dataset/Potato___healthy/Potato_healthy-108-_0_3557.jpg,potato,Potato___healthy,potato_Potato___healthy,Potato_healthy-108-_0_3557.jpg,14675,17
leaf workshop/corn_dataset/Blight/Corn_Blight (741).JPG,corn,Blight,corn_Blight,Corn_Blight (741).JPG,13190,6
leaf workshop/corn_dataset/Healthy/Corn_Health (517).jpg,corn,Healthy,corn_Healthy,Corn_Health (517).jpg,13110,9
leaf workshop/corn_dataset/Blight/Corn_Blight (964).JPG,corn,Blight,corn_Blight,Corn_Blight (964).JPG,13551,6
leaf workshop/ORANGE/orange/image32_jpeg_jpg.rf.3e01fda0f7d8cabf0abacba61cba3cf5.jpg,orange,orange,orange_orange,image32_jpeg_jpg.rf.3e01fda0f7d8cabf0abacba61cba3cf5.jpg,32176,14
leaf workshop/corn_dataset/Blight/Corn_Blight (1069).JPG,corn,Blight,corn_Blight,Corn_Blight (1069).JPG,10786,6
leaf workshop/corn_dataset/Blight/Corn_Blight (289)(1).JPG,corn,Blight,corn_Blight,Corn_Blight (289)(1).JPG,14805,6
leaf workshop/corn_dataset/Blight/Corn_Blight (886).JPG,corn,Blight,corn_Blight,Corn_Blight (886).JPG,13860,6
leaf workshop/corn_dataset/Blight/Corn_Blight (811).JPG,corn,Blight,corn_Blight,Corn_Blight (811).JPG,21716,6
leaf workshop/corn_dataset/Healthy/Corn_Health (603).jpg,corn,Healthy,corn_Healthy,Corn_Health (603).jpg,6074,9
leaf workshop/corn_dataset/Blight/Corn_Blight (1053).JPG,corn,Blight,corn_Blight,Corn_Blight (1053).JPG,13662,6
leaf workshop/corn_dataset/Gray_Leaf_Spot/Corn_Gray_Spot (340).JPG,corn,Gray_Leaf_Spot,corn_Gray_Leaf_Spot,Corn_Gray_Spot (340).JPG,17233,8
leaf workshop/corn_dataset/Blight/Corn_Blight (697).JPG,corn,Blight,corn_Blight,Corn_Blight (697).JPG,11897,6
leaf workshop/corn_dataset/Blight/Corn_Blight (337).JPG,corn,Blight,corn_Blight,Corn_Blight (337).JPG,14626,6
leaf workshop/MANGO/Green mango/WIN_20230323_14_24_58_Pro_jpg.rf.05bc815b19a8cef195dd5eae6f9aa2d3.jpg,mango,Green mango,mango_Green mango,WIN_20230323_14_24_58_Pro_jpg.rf.05bc815b19a8cef195dd5eae6f9aa2d3.jpg,21494,10
leaf workshop/corn_dataset/Healthy/Corn_Health (931).jpg,corn,Healthy,corn_Healthy,Corn_Health (931).jpg,13443,9
leaf workshop/corn_dataset/Common_Rust/Corn_Common_Rust (1303).jpg,corn,Common_Rust,corn_Common_Rust,Corn_Common_Rust (1303).jpg,119895,7
leaf workshop/corn_dataset/Blight/Corn_Blight (975).JPG,corn,Blight,corn_Blight,Corn_Blight (975).JPG,14936,6
leaf workshop/corn_dataset/Healthy/Corn_Health (847).jpg,corn,Healthy,corn_Healthy,Corn_Health (847).jpg,14200,9
leaf workshop/corn_dataset/Common_Rust/Corn_Common_Rust (149).JPG,corn,Common_Rust,corn_Common_Rust,Corn_Common_Rust (149).JPG,11848,7
leaf workshop/corn_dataset/Blight/Corn_Blight (137).JPG,corn,Blight,corn_Blight,Corn_Blight (137).JPG,11149,6
leaf workshop/corn_dataset/Common_Rust/Corn_Common_Rust (583).JPG,corn,Common_Rust,corn_Common_Rust,Corn_Common_Rust (583).JPG,14053,7
leaf workshop/MANGO/Green mango/WIN_20230323_14_11_36_Pro_jpg.rf.cfcec13e87230d0966fa7b143f62556b.jpg,mango,Green mango,mango_Green mango,WIN_20230323_14_11_36_Pro_jpg.rf.cfcec13e87230d0966fa7b143f62556b.jpg,23804,10
leaf workshop/corn_dataset/Gray_Leaf_Spot/Corn_Gray_Spot (268).jpg,corn,Gray_Leaf_Spot,corn_Gray_Leaf_Spot,Corn_Gray_Spot (268).jpg,17521,8
leaf workshop/ORANGE/orange/images428_jpg.rf.bb0a1ec91f903f493ac99ed0c190c146.jpg,orange,orange,orange_orange,images428_jpg.rf.bb0a1ec91f903f493ac99ed0c190c146.jpg,16155,14
leaf workshop/ORANGE/orange/img_891_jpeg.rf.bba940145f3c6accb1605df5e7c26d45.jpg,orange,orange,orange_orange,img_891_jpeg.rf.bba940145f3c6accb1605df5e7c26d45.jpg,29118,14
leaf workshop/potato_dataset/Potato___Early_blight/f813e04e-a4f1-4c7f-a56d-cf0829801acb___RS_Early.B 8836.JPG,potato,Potato___Early_blight,potato_Potato___Early_blight,f813e04e-a4f1-4c7f-a56d-cf0829801acb___RS_Early.B 8836.JPG,18812,15
leaf workshop/corn_dataset/Healthy/Corn_Health (91).jpg,corn,Healthy,corn_Healthy,Corn_Health (91).jpg,9996,9
leaf workshop/corn_dataset/Gray_Leaf_Spot/Corn_Gray_Spot (418).JPG,corn,Gray_Leaf_Spot,corn_Gray_Leaf_Spot,Corn_Gray_Spot (418).JPG,15885,8
leaf workshop/corn_dataset/Gray_Leaf_Spot/Corn_Gray_Spot (117).JPG,corn,Gray_Leaf_Spot,corn_Gray_Leaf_Spot,Corn_Gray_Spot (117).JPG,17678,8
leaf workshop/corn_dataset/Blight/Corn_Blight (294).JPG,corn,Blight,corn_Blight,Corn_Blight (294).JPG,12820,6
leaf workshop/coffee_dataset/phoma/241.jpg,coffee,phoma,coffee_phoma,241.jpg,82311,5
leaf workshop/potato_dataset/Potato___healthy/Potato_healthy-125-_0_9379.jpg,potato,Potato___healthy,potato_Potato___healthy,Potato_healthy-125-_0_9379.jpg,16176,17
leaf workshop/corn_dataset/Common_Rust/Corn_Common_Rust (183).JPG,corn,Common_Rust,corn_Common_Rust,Corn_Common_Rust (183).JPG,18510,7
leaf workshop/corn_dataset/Blight/Corn_Blight (612).JPG,corn,Blight,corn_Blight,Corn_Blight (612).JPG,17953,6
leaf workshop/corn_dataset/Blight/Corn_Blight (866).JPG,corn,Blight,corn_Blight,Corn_Blight (866).JPG,16422,6
leaf workshop/corn_dataset/Blight/Corn_Blight (377).JPG,corn,Blight,corn_Blight,Corn_Blight (377).JPG,16386,6
leaf workshop/corn_dataset/Healthy/Corn_Health (83).jpg,corn,Healthy,corn_Healthy,Corn_Health (83).jpg,9119,9
leaf workshop/MANGO/Yellow mango/20230305_052203690_iOS_jpg.rf.71a749c8ab968f2090d0f7abc866e7f8.jpg,mango,Yellow mango,mango_Yellow mango,20230305_052203690_iOS_jpg.rf.71a749c8ab968f2090d0f7abc866e7f8.jpg,21180,12
leaf workshop/corn_dataset/Healthy/Corn_Health (864).jpg,corn,Healthy,corn_Healthy,Corn_Health (864).jpg,18232,9
leaf workshop/MANGO/Yellow mango/20230305_052245004_iOS_jpg.rf.5ddff24f87e7d2bef9689ab97feb190b.jpg,mango,Yellow mango,mango_Yellow mango,20230305_052245004_iOS_jpg.rf.5ddff24f87e7d2bef9689ab97feb190b.jpg,22473,12
leaf workshop/corn_dataset/Healthy/Corn_Health (1127).jpg,corn,Healthy,corn_Healthy,Corn_Health (1127).jpg,13508,9
leaf workshop/corn_dataset/Common_Rust/Corn_Common_Rust (36).jpg,corn,Common_Rust,corn_Common_Rust,Corn_Common_Rust (36).jpg,56047,7
leaf workshop/corn_dataset/Common_Rust/Corn_Common_Rust (37).jpg,corn,Common_Rust,corn_Common_Rust,Corn_Common_Rust (37).jpg,56457,7
leaf workshop/corn_dataset/Common_Rust/Corn_Common_Rust (370).JPG,corn,Common_Rust,corn_Common_Rust,Corn_Common_Rust (370).JPG,16677,7
leaf workshop/corn_dataset/Gray_Leaf_Spot/Corn_Gray_Spot (545).JPG,corn,Gray_Leaf_Spot,corn_Gray_Leaf_Spot,Corn_Gray_Spot (545).JPG,12716,8
leaf workshop/corn_dataset/Healthy/Corn_Health (789).jpg,corn,Healthy,corn_Healthy,Corn_Health (789).jpg,9950,9
leaf workshop/corn_dataset/Gray_Leaf_Spot/Corn_Gray_Spot (410).JPG,corn,Gray_Leaf_Spot,corn_Gray_Leaf_Spot,Corn_Gray_Spot (410).JPG,22108,8
leaf workshop/coffee_dataset/healthy/2.jpg,coffee,healthy,coffee_healthy,2.jpg,169908,3
leaf workshop/corn_dataset/Healthy/Corn_Health (818).jpg,corn,Healthy,corn_Healthy,Corn_Health (818).jpg,10966,9
leaf workshop/corn_dataset/Blight/Corn_Blight (415).jpg,corn,Blight,corn_Blight,Corn_Blight (415).jpg,11133,6
leaf workshop/corn_dataset/Blight/Corn_Blight (810).JPG,corn,Blight,corn_Blight,Corn_Blight (810).JPG,13103,6
leaf workshop/corn_dataset/Blight/Corn_Blight (468).JPG,corn,Blight,corn_Blight,Corn_Blight (468).JPG,17161,6
leaf workshop/corn_dataset/Healthy/Corn_Health (468).jpg,corn,Healthy,corn_Healthy,Corn_Health (468).jpg,8997,9
leaf workshop/BANANA/Rotten banana/vertical_flip_Screen-Shot-2018-06-12-at-9_17_19-PM_png.rf.02fe0c078986657c28f5a11f43181baf.jpg,banana,Rotten banana,banana_Rotten banana,vertical_flip_Screen-Shot-2018-06-12-at-9_17_19-PM_png.rf.02fe0c078986657c28f5a11f43181baf.jpg,17395,1
leaf workshop/potato_dataset/Potato___Early_blight/f3360814-9e4c-46b0-85ed-73fc77ef7810___RS_Early.B 7550.JPG,potato,Potato___Early_blight,potato_Potato___Early_blight,f3360814-9e4c-46b0-85ed-73fc77ef7810___RS_Early.B 7550.JPG,16096,15
leaf workshop/ORANGE/orange/historia-de-la-naranja-en-valencia_Sunzest-fruits_jpg.rf.39903fa2d74809a858dd33ceb63d1e61.jpg,orange,orange,orange_orange,historia-de-la-naranja-en-valencia_Sunzest-fruits_jpg.rf.39903fa2d74809a858dd33ceb63d1e61.jpg,34067,14
leaf workshop/corn_dataset/Common_Rust/Corn_Common_Rust (757).JPG,corn,Common_Rust,corn_Common_Rust,Corn_Common_Rust (757).JPG,13229,7
leaf workshop/MANGO/Rotten Mango/20230305_062102336_iOS_jpg.rf.968fe5fb265460fbf9af106441e19594.jpg,mango,Rotten Mango,mango_Rotten Mango,20230305_062102336_iOS_jpg.rf.968fe5fb265460fbf9af106441e19594.jpg,23935,11
leaf workshop/corn_dataset/Healthy/Corn_Health (713).jpg,corn,Healthy,corn_Healthy,Corn_Health (713).jpg,16302,9
leaf workshop/MANGO/Rotten Mango/20230305_061243438_iOS_jpg.rf.a4b547a948ea6d9a96591caca474090d.jpg,mango,Rotten Mango,mango_Rotten Mango,20230305_061243438_iOS_jpg.rf.a4b547a948ea6d9a96591caca474090d.jpg,19645,11
leaf workshop/corn_dataset/Gray_Leaf_Spot/Corn_Gray_Spot (253).JPG,corn,Gray_Leaf_Spot,corn_Gray_Leaf_Spot,Corn_Gray_Spot (253).JPG,14521,8
leaf workshop/corn_dataset/Blight/Corn_Blight (1082).jpg,corn,Blight,corn_Blight,Corn_Blight (1082).jpg,16068,6
leaf workshop/corn_dataset/Gray_Leaf_Spot/Corn_Gray_Spot (10).jpg,corn,Gray_Leaf_Spot,corn_Gray_Leaf_Spot,Corn_Gray_Spot (10).jpg,287316,8
leaf workshop/corn_dataset/Common_Rust/Corn_Common_Rust (28).jpg,corn,Common_Rust,corn_Common_Rust,Corn_Common_Rust (28).jpg,520434,7
leaf workshop/corn_dataset/Healthy/Corn_Health (198).jpg,corn,Healthy,corn_Healthy,Corn_Health (198).jpg,17176,9
leaf workshop/corn_dataset/Blight/Corn_Blight (582).jpg,corn,Blight,corn_Blight,Corn_Blight (582).jpg,17895,6
leaf workshop/corn_dataset/Blight/Corn_Blight (327).JPG,corn,Blight,corn_Blight,Corn_Blight (327).JPG,14931,6
leaf workshop/MANGO/Yellow mango/image-1580269828593_jpg.rf.460e7535415f171d257ba0c66aef8645.jpg,mango,Yellow mango,mango_Yellow mango,image-1580269828593_jpg.rf.460e7535415f171d257ba0c66aef8645.jpg,9710,12
leaf workshop/corn_dataset/Healthy/Corn_Health (545).jpg,corn,Healthy,corn_Healthy,Corn_Health (545).jpg,7943,9
leaf workshop/corn_dataset/Healthy/Corn_Health (1023).jpg,corn,Healthy,corn_Healthy,Corn_Health (1023).jpg,9188,9
leaf workshop/corn_dataset/Common_Rust/Corn_Common_Rust (748).JPG,corn,Common_Rust,corn_Common_Rust,Corn_Common_Rust (748).JPG,16441,7
leaf workshop/BANANA/Rotten banana/translation_Screen-Shot-2018-06-12-at-9_27_35-PM_png.rf.137d53de7f0b8e7542e1abcb0bb86aa2.jpg,banana,Rotten banana,banana_Rotten banana,translation_Screen-Shot-2018-06-12-at-9_27_35-PM_png.rf.137d53de7f0b8e7542e1abcb0bb86aa2.jpg,16295,1
leaf workshop/corn_dataset/Common_Rust/Corn_Common_Rust (520).JPG,corn,Common_Rust,corn_Common_Rust,Corn_Common_Rust (520).JPG,12818,7
leaf workshop/BANANA/Rotten banana/vertical_flip_Screen-Shot-2018-06-12-at-8_50_15-PM_png.rf.0b55fc289554b260cc144d6cbc6d87d3.jpg,banana,Rotten banana,banana_Rotten banana,vertical_flip_Screen-Shot-2018-06-12-at-8_50_15-PM_png.rf.0b55fc289554b260cc144d6cbc6d87d3.jpg,20234,1
leaf workshop/corn_dataset/Common_Rust/Corn_Common_Rust (138).JPG,corn,Common_Rust,corn_Common_Rust,Corn_Common_Rust (138).JPG,15080,7
leaf workshop/potato_dataset/Potato___healthy/Potato_healthy-141-_0_669.jpg,potato,Potato___healthy,potato_Potato___healthy,Potato_healthy-141-_0_669.jpg,18572,17
leaf workshop/potato_dataset/Potato___Late_blight/bd70c718-5846-42a1-8b05-22792ec98738___RS_LB 4992.JPG,potato,Potato___Late_blight,potato_Potato___Late_blight,bd70c718-5846-42a1-8b05-22792ec98738___RS_LB 4992.JPG,20396,16
leaf workshop/corn_dataset/Common_Rust/Corn_Common_Rust (343).JPG,corn,Common_Rust,corn_Common_Rust,Corn_Common_Rust (343).JPG,12375,7
leaf workshop/corn_dataset/Healthy/Corn_Health (144).jpg,corn,Healthy,corn_Healthy,Corn_Health (144).jpg,7684,9
leaf workshop/corn_dataset/Common_Rust/Corn_Common_Rust (1245).JPG,corn,Common_Rust,corn_Common_Rust,Corn_Common_Rust (1245).JPG,15668,7
leaf workshop/corn_dataset/Common_Rust/Corn_Common_Rust (1020).JPG,corn,Common_Rust,corn_Common_Rust,Corn_Common_Rust (1020).JPG,14150,7
leaf workshop/corn_dataset/Common_Rust/Corn_Common_Rust (603).JPG,corn,Common_Rust,corn_Common_Rust,Corn_Common_Rust (603).JPG,14017,7
leaf workshop/MANGO/Rotten Mango/13-10-Copy-2-_jpg.rf.079ed829cd322d8c3aaefcbb9c2dc051.jpg,mango,Rotten Mango,mango_Rotten Mango,13-10-Copy-2-_jpg.rf.079ed829cd322d8c3aaefcbb9c2dc051.jpg,16667,11
leaf workshop/corn_dataset/Healthy/Corn_Health (946).jpg,corn,Healthy,corn_Healthy,Corn_Health (946).jpg,8592,9
leaf workshop/corn_dataset/Blight/Corn_Blight (1032).JPG,corn,Blight,corn_Blight,Corn_Blight (1032).JPG,13835,6
leaf workshop/coffee_dataset/phoma/277.jpg,coffee,phoma,coffee_phoma,277.jpg,111037,5
leaf workshop/corn_dataset/Common_Rust/Corn_Common_Rust (648).JPG,corn,Common_Rust,corn_Common_Rust,Corn_Common_Rust (648).JPG,17992,7
leaf workshop/BANANA/Green banana/134_jpg.rf.199b0969dd004678938f91ae836c10a6.jpg,banana,Green banana,banana_Green banana,134_jpg.rf.199b0969dd004678938f91ae836c10a6.jpg,19048,0
leaf workshop/potato_dataset/Potato___Late_blight/f528e881-b237-4797-ab54-0152eb901f53___RS_LB 3854.JPG,potato,Potato___Late_blight,potato_Potato___Late_blight,f528e881-b237-4797-ab54-0152eb901f53___RS_LB 3854.JPG,14272,16
leaf workshop/BANANA/Rotten banana/vertical_flip_Screen-Shot-2018-06-12-at-9_05_08-PM_png.rf.d03bbcea863f7e90e9c3ccfe6a2fbdf1.jpg,banana,Rotten banana,banana_Rotten banana,vertical_flip_Screen-Shot-2018-06-12-at-9_05_08-PM_png.rf.d03bbcea863f7e90e9c3ccfe6a2fbdf1.jpg,19742,1
leaf workshop/ORANGE/Ripe orange/96_jpg.rf.f18f70d8a5237e58602e9ba71a8e8862.jpg,orange,Ripe orange,orange_Ripe orange,96_jpg.rf.f18f70d8a5237e58602e9ba71a8e8862.jpg,24270,13
leaf workshop/corn_dataset/Common_Rust/Corn_Common_Rust (192).JPG,corn,Common_Rust,corn_Common_Rust,Corn_Common_Rust (192).JPG,10893,7
leaf workshop/potato_dataset/Potato___Late_blight/fe72d959-6788-4b19-9285-e0b2919dc718___RS_LB 2516.JPG,potato,Potato___Late_blight,potato_Potato___Late_blight,fe72d959-6788-4b19-9285-e0b2919dc718___RS_LB 2516.JPG,16069,16
leaf workshop/potato_dataset/Potato___Late_blight/c4aec622-2e7b-49f6-bab3-6c4dce29f155___RS_LB 3118.JPG,potato,Potato___Late_blight,potato_Potato___Late_blight,c4aec622-2e7b-49f6-bab3-6c4dce29f155___RS_LB 3118.JPG,17499,16
leaf workshop/potato_dataset/Potato___Early_blight/e6d7262c-803d-4346-a36d-4f384196e21c___RS_Early.B 6893.JPG,potato,Potato___Early_blight,potato_Potato___Early_blight,e6d7262c-803d-4346-a36d-4f384196e21c___RS_Early.B 6893.JPG,20982,15
leaf workshop/corn_dataset/Healthy/Corn_Health (1141).jpg,corn,Healthy,corn_Healthy,Corn_Health (1141).jpg,17865,9
leaf workshop/corn_dataset/Blight/Corn_Blight (755).JPG,corn,Blight,corn_Blight,Corn_Blight (755).JPG,14681,6
leaf workshop/corn_dataset/Healthy/Corn_Health (62).jpg,corn,Healthy,corn_Healthy,Corn_Health (62).jpg,15402,9
leaf workshop/corn_dataset/Common_Rust/Corn_Common_Rust (1246).JPG,corn,Common_Rust,corn_Common_Rust,Corn_Common_Rust (1246).JPG,15185,7
leaf workshop/corn_dataset/Blight/Corn_Blight (859).JPG,corn,Blight,corn_Blight,Corn_Blight (859).JPG,11495,6
leaf workshop/corn_dataset/Healthy/Corn_Health (445).jpg,corn,Healthy,corn_Healthy,Corn_Health (445).jpg,8520,9
leaf workshop/BANANA/Rotten banana/vertical_flip_Screen-Shot-2018-06-12-at-9_06_05-PM_png.rf.9c0292b2002546bedb4a1cd5311fb500.jpg,banana,Rotten banana,banana_Rotten banana,vertical_flip_Screen-Shot-2018-06-12-at-9_06_05-PM_png.rf.9c0292b2002546bedb4a1cd5311fb500.jpg,13650,1
leaf workshop/corn_dataset/Healthy/Corn_Health (642).jpg,corn,Healthy,corn_Healthy,Corn_Health (642).jpg,7510,9
leaf workshop/potato_dataset/Potato___Early_blight/faac446b-34ac-414a-9f0e-148d6ee87bfa___RS_Early.B 8934.JPG,potato,Potato___Early_blight,potato_Potato___Early_blight,faac446b-34ac-414a-9f0e-148d6ee87bfa___RS_Early.B 8934.JPG,20217,15
leaf workshop/corn_dataset/Blight/Corn_Blight (971).JPG,corn,Blight,corn_Blight,Corn_Blight (971).JPG,15129,6
leaf workshop/corn_dataset/Blight/Corn_Blight (677).jpg,corn,Blight,corn_Blight,Corn_Blight (677).jpg,14849,6
leaf workshop/corn_dataset/Blight/Corn_Blight (465).JPG,corn,Blight,corn_Blight,Corn_Blight (465).JPG,13668,6
leaf workshop/corn_dataset/Gray_Leaf_Spot/Corn_Gray_Spot (101).JPG,corn,Gray_Leaf_Spot,corn_Gray_Leaf_Spot,Corn_Gray_Spot (101).JPG,17461,8
leaf workshop/corn_dataset/Gray_Leaf_Spot/Corn_Gray_Spot (282).JPG,corn,Gray_Leaf_Spot,corn_Gray_Leaf_Spot,Corn_Gray_Spot (282).JPG,14728,8
leaf workshop/coffee_dataset/healthy/7.jpg,coffee,healthy,coffee_healthy,7.jpg,159802,3
leaf workshop/corn_dataset/Healthy/Corn_Health (1142).jpg,corn,Healthy,corn_Healthy,Corn_Health (1142).jpg,19001,9
leaf workshop/coffee_dataset/leaf_rust/160.jpg,coffee,leaf_rust,coffee_leaf_rust,160.jpg,152985,4
leaf workshop/corn_dataset/Gray_Leaf_Spot/Corn_Gray_Spot (312).JPG,corn,Gray_Leaf_Spot,corn_Gray_Leaf_Spot,Corn_Gray_Spot (312).JPG,17711,8
leaf workshop/corn_dataset/Common_Rust/Corn_Common_Rust (327).JPG,corn,Common_Rust,corn_Common_Rust,Corn_Common_Rust (327).JPG,11832,7
leaf workshop/corn_dataset/Common_Rust/Corn_Common_Rust (1212).JPG,corn,Common_Rust,corn_Common_Rust,Corn_Common_Rust (1212).JPG,12661,7
leaf workshop/potato_dataset/Potato___Late_blight/de282779-9d54-4b8f-8292-e06c3e020e16___RS_LB 3971.JPG,potato,Potato___Late_blight,potato_Potato___Late_blight,de282779-9d54-4b8f-8292-e06c3e020e16___RS_LB 3971.JPG,15551,16
leaf workshop/corn_dataset/Common_Rust/Corn_Common_Rust (527).JPG,corn,Common_Rust,corn_Common_Rust,Corn_Common_Rust (527).JPG,14458,7
leaf workshop/corn_dataset/Blight/Corn_Blight (805).JPG,corn,Blight,corn_Blight,Corn_Blight (805).JPG,16833,6
leaf workshop/potato_dataset/Potato___healthy/Potato_healthy-109-_0_1825.jpg,potato,Potato___healthy,potato_Potato___healthy,Potato_healthy-109-_0_1825.jpg,17304,17
leaf workshop/corn_dataset/Blight/Corn_Blight (186).JPG,corn,Blight,corn_Blight,Corn_Blight (186).JPG,12855,6
leaf workshop/ORANGE/Ripe orange/26_jpg.rf.699ca898210299499d5f847ae85037ba.jpg,orange,Ripe orange,orange_Ripe orange,26_jpg.rf.699ca898210299499d5f847ae85037ba.jpg,25018,13
leaf workshop/corn_dataset/Blight/Corn_Blight (1090).JPG,corn,Blight,corn_Blight,Corn_Blight (1090).JPG,14828,6
leaf workshop/corn_dataset/Common_Rust/Corn_Common_Rust (1128).JPG,corn,Common_Rust,corn_Common_Rust,Corn_Common_Rust (1128).JPG,11714,7
leaf workshop/corn_dataset/Healthy/Corn_Health (749).jpg,corn,Healthy,corn_Healthy,Corn_Health (749).jpg,10409,9
leaf workshop/corn_dataset/Blight/Corn_Blight (794).JPG,corn,Blight,corn_Blight,Corn_Blight (794).JPG,17038,6
leaf workshop/potato_dataset/Potato___healthy/Potato_healthy-148-_0_525.jpg,potato,Potato___healthy,potato_Potato___healthy,Potato_healthy-148-_0_525.jpg,14572,17
leaf workshop/corn_dataset/Healthy/Corn_Health (1148).jpg,corn,Healthy,corn_Healthy,Corn_Health (1148).jpg,15300,9
leaf workshop/potato_dataset/Potato___Early_blight/de1ff62e-87aa-420a-9eeb-cb0e3475e84d___RS_Early.B 6918.JPG,potato,Potato___Early_blight,potato_Potato___Early_blight,de1ff62e-87aa-420a-9eeb-cb0e3475e84d___RS_Early.B 6918.JPG,20108,15
leaf workshop/corn_dataset/Blight/Corn_Blight (788).JPG,corn,Blight,corn_Blight,Corn_Blight (788).JPG,14313,6
leaf workshop/corn_dataset/Blight/Corn_Blight (213).JPG,corn,Blight,corn_Blight,Corn_Blight (213).JPG,16450,6
leaf workshop/corn_dataset/Healthy/Corn_Health (139).jpg,corn,Healthy,corn_Healthy,Corn_Health (139).jpg,17152,9
leaf workshop/coffee_dataset/phoma/17.jpg,coffee,phoma,coffee_phoma,17.jpg,154859,5
leaf workshop/corn_dataset/Healthy/Corn_Health (130).jpg,corn,Healthy,corn_Healthy,Corn_Health (130).jpg,13837,9
leaf workshop/corn_dataset/Blight/Corn_Blight (34).jpg,corn,Blight,corn_Blight,Corn_Blight (34).jpg,262582,6
leaf workshop/ORANGE/orange/images157_jpg.rf.fabcf0821525b2fdb4977c9ac02012a0.jpg,orange,orange,orange_orange,images157_jpg.rf.fabcf0821525b2fdb4977c9ac02012a0.jpg,37822,14
leaf workshop/corn_dataset/Healthy/Corn_Health (857).jpg,corn,Healthy,corn_Healthy,Corn_Health (857).jpg,10945,9
leaf workshop/corn_dataset/Blight/Corn_Blight (142).JPG,corn,Blight,corn_Blight,Corn_Blight (142).JPG,15445,6
leaf workshop/corn_dataset/Blight/Corn_Blight (319).JPG,corn,Blight,corn_Blight,Corn_Blight (319).JPG,15193,6
leaf workshop/potato_dataset/Potato___healthy/Potato_healthy-120-_0_3327.jpg,potato,Potato___healthy,potato_Potato___healthy,Potato_healthy-120-_0_3327.jpg,16703,17
leaf workshop/potato_dataset/Potato___Late_blight/dcf61d08-eda8-41c1-9293-43895d68b426___RS_LB 4372.JPG,potato,Potato___Late_blight,potato_Potato___Late_blight,dcf61d08-eda8-41c1-9293-43895d68b426___RS_LB 4372.JPG,14329,16
leaf workshop/MANGO/Rotten Mango/14-10-Copy_png_jpg.rf.07b76407a9328a7beb16d94d1932063c.jpg,mango,Rotten Mango,mango_Rotten Mango,14-10-Copy_png_jpg.rf.07b76407a9328a7beb16d94d1932063c.jpg,18661,11
leaf workshop/ORANGE/Ripe orange/97_jpg.rf.87cd6039f912a213b8788eb00cbfe8aa.jpg,orange,Ripe orange,orange_Ripe orange,97_jpg.rf.87cd6039f912a213b8788eb00cbfe8aa.jpg,23361,13
leaf workshop/corn_dataset/Healthy/Corn_Health (793).jpg,corn,Healthy,corn_Healthy,Corn_Health (793).jpg,7309,9
leaf workshop/MANGO/Green mango/WIN_20230323_14_21_00_Pro_jpg.rf.6db3a647378487d3eb9f10a11f999320.jpg,mango,Green mango,mango_Green mango,WIN_20230323_14_21_00_Pro_jpg.rf.6db3a647378487d3eb9f10a11f999320.jpg,21123,10
leaf workshop/corn_dataset/Blight/Corn_Blight (1109).jpg,corn,Blight,corn_Blight,Corn_Blight (1109).jpg,31826,6
leaf workshop/corn_dataset/Common_Rust/Corn_Common_Rust (1150).JPG,corn,Common_Rust,corn_Common_Rust,Corn_Common_Rust (1150).JPG,12986,7
leaf workshop/corn_dataset/Blight/Corn_Blight (1057).JPG,corn,Blight,corn_Blight,Corn_Blight (1057).JPG,12588,6
leaf workshop/corn_dataset/Blight/Corn_Blight (609).JPG,corn,Blight,corn_Blight,Corn_Blight (609).JPG,15839,6
leaf workshop/potato_dataset/Potato___Early_blight/d0221e13-4d76-45e5-9cd1-7cac63833f52___RS_Early.B 7191.JPG,potato,Potato___Early_blight,potato_Potato___Early_blight,d0221e13-4d76-45e5-9cd1-7cac63833f52___RS_Early.B 7191.JPG,19881,15
leaf workshop/corn_dataset/Healthy/Corn_Health (1151).jpg,corn,Healthy,corn_Healthy,Corn_Health (1151).jpg,13188,9
leaf workshop/MANGO/Yellow mango/20230305_052208801_iOS_jpg.rf.16281be3040de8d37096264f578fa8d0.jpg,mango,Yellow mango,mango_Yellow mango,20230305_052208801_iOS_jpg.rf.16281be3040de8d37096264f578fa8d0.jpg,22390,12
leaf workshop/corn_dataset/Blight/Corn_Blight (991).JPG,corn,Blight,corn_Blight,Corn_Blight (991).JPG,11785,6
leaf workshop/corn_dataset/Healthy/Corn_Health (681).jpg,corn,Healthy,corn_Healthy,Corn_Health (681).jpg,11857,9
leaf workshop/corn_dataset/Blight/Corn_Blight (203).JPG,corn,Blight,corn_Blight,Corn_Blight (203).JPG,16168,6
leaf workshop/corn_dataset/Gray_Leaf_Spot/Corn_Gray_Spot (433).JPG,corn,Gray_Leaf_Spot,corn_Gray_Leaf_Spot,Corn_Gray_Spot (433).JPG,19119,8
leaf workshop/BANANA/Yellow banana/40_JPG_jpg.rf.20aeebcc47b2a603711695ab15b6f4c5.jpg,banana,Yellow banana,banana_Yellow banana,40_JPG_jpg.rf.20aeebcc47b2a603711695ab15b6f4c5.jpg,12688,2
leaf workshop/MANGO/Green mango/WIN_20230323_14_08_21_Pro_jpg.rf.be5528fdba0012b718168ce555da4120.jpg,mango,Green mango,mango_Green mango,WIN_20230323_14_08_21_Pro_jpg.rf.be5528fdba0012b718168ce555da4120.jpg,21256,10
leaf workshop/corn_dataset/Common_Rust/Corn_Common_Rust (1225).JPG,corn,Common_Rust,corn_Common_Rust,Corn_Common_Rust (1225).JPG,12237,7
leaf workshop/corn_dataset/Common_Rust/Corn_Common_Rust (1094).JPG,corn,Common_Rust,corn_Common_Rust,Corn_Common_Rust (1094).JPG,12676,7
leaf workshop/corn_dataset/Blight/Corn_Blight (936).JPG,corn,Blight,corn_Blight,Corn_Blight (936).JPG,10089,6
leaf workshop/potato_dataset/Potato___Late_blight/cf83a586-2f2a-423b-8e1c-f7c284a20ec1___RS_LB 2785.JPG,potato,Potato___Late_blight,potato_Potato___Late_blight,cf83a586-2f2a-423b-8e1c-f7c284a20ec1___RS_LB 2785.JPG,19039,16
leaf workshop/corn_dataset/Blight/Corn_Blight (955).JPG,corn,Blight,corn_Blight,Corn_Blight (955).JPG,13082,6
leaf workshop/corn_dataset/Healthy/Corn_Health (936).jpg,corn,Healthy,corn_Healthy,Corn_Health (936).jpg,14158,9
leaf workshop/corn_dataset/Common_Rust/Corn_Common_Rust (624).JPG,corn,Common_Rust,corn_Common_Rust,Corn_Common_Rust (624).JPG,14782,7
leaf workshop/coffee_dataset/phoma/252.jpg,coffee,phoma,coffee_phoma,252.jpg,86448,5
leaf workshop/corn_dataset/Blight/Corn_Blight (386).JPG,corn,Blight,corn_Blight,Corn_Blight (386).JPG,14494,6
leaf workshop/MANGO/Green mango/IMG_102_jpg.rf.8a8bacc84051d134bdf6cc7199dd2bde.jpg,mango,Green mango,mango_Green mango,IMG_102_jpg.rf.8a8bacc84051d134bdf6cc7199dd2bde.jpg,16541,10
leaf workshop/corn_dataset/Gray_Leaf_Spot/Corn_Gray_Spot (527).JPG,corn,Gray_Leaf_Spot,corn_Gray_Leaf_Spot,Corn_Gray_Spot (527).JPG,16560,8
leaf workshop/ORANGE/orange/img_51_jpeg.rf.4c2b203903851581fdffd3a3e601e5fc.jpg,orange,orange,orange_orange,img_51_jpeg.rf.4c2b203903851581fdffd3a3e601e5fc.jpg,25664,14
leaf workshop/potato_dataset/Potato___Late_blight/ff03a125-445b-40e1-a7ed-0bb9b155dfd8___RS_LB 5039.JPG,potato,Potato___Late_blight,potato_Potato___Late_blight,ff03a125-445b-40e1-a7ed-0bb9b155dfd8___RS_LB 5039.JPG,16952,16
leaf workshop/corn_dataset/Blight/Corn_Blight (686).JPG,corn,Blight,corn_Blight,Corn_Blight (686).JPG,10457,6
leaf workshop/coffee_dataset/leaf_rust/161.jpg,coffee,leaf_rust,coffee_leaf_rust,161.jpg,152945,4
leaf workshop/potato_dataset/Potato___Early_blight/fe772b3d-351c-4d18-9dcb-26feb90afa0d___RS_Early.B 7456.JPG,potato,Potato___Early_blight,potato_Potato___Early_blight,fe772b3d-351c-4d18-9dcb-26feb90afa0d___RS_Early.B 7456.JPG,18743,15
leaf workshop/corn_dataset/Gray_Leaf_Spot/Corn_Gray_Spot (413).JPG,corn,Gray_Leaf_Spot,corn_Gray_Leaf_Spot,Corn_Gray_Spot (413).JPG,16247,8
leaf workshop/corn_dataset/Healthy/Corn_Health (1073).jpg,corn,Healthy,corn_Healthy,Corn_Health (1073).jpg,10757,9
leaf workshop/corn_dataset/Healthy/Corn_Health (133).jpg,corn,Healthy,corn_Healthy,Corn_Health (133).jpg,8072,9
leaf workshop/corn_dataset/Healthy/Corn_Health (430).jpg,corn,Healthy,corn_Healthy,Corn_Health (430).jpg,7872,9
leaf workshop/ORANGE/Ripe orange/29_jpg.rf.67371fde02aa485f05046830211509da.jpg,orange,Ripe orange,orange_Ripe orange,29_jpg.rf.67371fde02aa485f05046830211509da.jpg,27283,13
leaf workshop/corn_dataset/Healthy/Corn_Health (919).jpg,corn,Healthy,corn_Healthy,Corn_Health (919).jpg,6676,9
leaf workshop/corn_dataset/Blight/Corn_Blight (128).JPG,corn,Blight,corn_Blight,Corn_Blight (128).JPG,16558,6
leaf workshop/ORANGE/orange/img_51_jpeg.rf.9a69282bce2a1cdab6a8177dd9224f40.jpg,orange,orange,orange_orange,img_51_jpeg.rf.9a69282bce2a1cdab6a8177dd9224f40.jpg,25666,14
leaf workshop/BANANA/Rotten banana/translation_Screen-Shot-2018-06-12-at-9_10_27-PM_png.rf.56f624d70e718dc87d583edf8e1d8a4b.jpg,banana,Rotten banana,banana_Rotten banana,translation_Screen-Shot-2018-06-12-at-9_10_27-PM_png.rf.56f624d70e718dc87d583edf8e1d8a4b.jpg,18531,1
leaf workshop/corn_dataset/Blight/Corn_Blight (221).JPG,corn,Blight,corn_Blight,Corn_Blight (221).JPG,13758,6
leaf workshop/corn_dataset/Common_Rust/Corn_Common_Rust (409).JPG,corn,Common_Rust,corn_Common_Rust,Corn_Common_Rust (409).JPG,12965,7
leaf workshop/corn_dataset/Healthy/Corn_Health (522).jpg,corn,Healthy,corn_Healthy,Corn_Health (522).jpg,11673,9
leaf workshop/corn_dataset/Common_Rust/Corn_Common_Rust (324).JPG,corn,Common_Rust,corn_Common_Rust,Corn_Common_Rust (324).JPG,11893,7
leaf workshop/corn_dataset/Blight/Corn_Blight (565).JPG,corn,Blight,corn_Blight,Corn_Blight (565).JPG,15072,6
leaf workshop/corn_dataset/Healthy/Corn_Health (362).jpg,corn,Healthy,corn_Healthy,Corn_Health (362).jpg,10151,9
leaf workshop/corn_dataset/Common_Rust/Corn_Common_Rust (727).JPG,corn,Common_Rust,corn_Common_Rust,Corn_Common_Rust (727).JPG,18073,7
leaf workshop/corn_dataset/Gray_Leaf_Spot/Corn_Gray_Spot (91).JPG,corn,Gray_Leaf_Spot,corn_Gray_Leaf_Spot,Corn_Gray_Spot (91).JPG,14375,8
leaf workshop/corn_dataset/Blight/Corn_Blight (151).JPG,corn,Blight,corn_Blight,Corn_Blight (151).JPG,11636,6
leaf workshop/corn_dataset/Healthy/Corn_Health (18).jpg,corn,Healthy,corn_Healthy,Corn_Health (18).jpg,11630,9
leaf workshop/coffee_dataset/leaf_rust/129.jpg,coffee,leaf_rust,coffee_leaf_rust,129.jpg,200788,4
leaf workshop/BANANA/Yellow banana/18_JPG_jpg.rf.2ab39e4699dc02714b0a9d339cbc81a5.jpg,banana,Yellow banana,banana_Yellow banana,18_JPG_jpg.rf.2ab39e4699dc02714b0a9d339cbc81a5.jpg,13941,2
leaf workshop/corn_dataset/Healthy/Corn_Health (1062).jpg,corn,Healthy,corn_Healthy,Corn_Health (1062).jpg,11166,9
leaf workshop/corn_dataset/Healthy/Corn_Health (644).jpg,corn,Healthy,corn_Healthy,Corn_Health (644).jpg,19563,9
leaf workshop/ORANGE/orange/image29_jpeg_jpg.rf.3f234a54b749e07ed07aabd66711a227.jpg,orange,orange,orange_orange,image29_jpeg_jpg.rf.3f234a54b749e07ed07aabd66711a227.jpg,32219,14
leaf workshop/corn_dataset/Healthy/Corn_Health (298).jpg,corn,Healthy,corn_Healthy,Corn_Health (298).jpg,8900,9
leaf workshop/corn_dataset/Blight/Corn_Blight (630).JPG,corn,Blight,corn_Blight,Corn_Blight (630).JPG,14828,6
leaf workshop/corn_dataset/Blight/Corn_Blight (531).JPG,corn,Blight,corn_Blight,Corn_Blight (531).JPG,13197,6
leaf workshop/corn_dataset/Blight/Corn_Blight (374).JPG,corn,Blight,corn_Blight,Corn_Blight (374).JPG,15163,6
leaf workshop/corn_dataset/Common_Rust/Corn_Common_Rust (165).JPG,corn,Common_Rust,corn_Common_Rust,Corn_Common_Rust (165).JPG,12247,7
leaf workshop/corn_dataset/Healthy/Corn_Health (666).jpg,corn,Healthy,corn_Healthy,Corn_Health (666).jpg,14137,9
leaf workshop/corn_dataset/Healthy/Corn_Health (227).jpg,corn,Healthy,corn_Healthy,Corn_Health (227).jpg,10499,9
leaf workshop/corn_dataset/Healthy/Corn_Health (631).jpg,corn,Healthy,corn_Healthy,Corn_Health (631).jpg,8140,9
leaf workshop/ORANGE/orange/05795a16b647118ffb6629390e995adb_jpg.rf.25ed66ba04281d1430388b3630961980.jpg,orange,orange,orange_orange,05795a16b647118ffb6629390e995adb_jpg.rf.25ed66ba04281d1430388b3630961980.jpg,20870,14
leaf workshop/corn_dataset/Healthy/Corn_Health (251).jpg,corn,Healthy,corn_Healthy,Corn_Health (251).jpg,5393,9
leaf workshop/potato_dataset/Potato___Early_blight/b6220993-c51f-48fa-bee9-fb5cb89cc0c4___RS_Early.B 7467.JPG,potato,Potato___Early_blight,potato_Potato___Early_blight,b6220993-c51f-48fa-bee9-fb5cb89cc0c4___RS_Early.B 7467.JPG,17482,15
leaf workshop/ORANGE/Ripe orange/53_jpg.rf.e17e7646828f8a2640e14885f314ce32.jpg,orange,Ripe orange,orange_Ripe orange,53_jpg.rf.e17e7646828f8a2640e14885f314ce32.jpg,20157,13
leaf workshop/potato_dataset/Potato___Early_blight/c10f959b-1f3d-4581-8299-640e87b1b653___RS_Early.B 7949.JPG,potato,Potato___Early_blight,potato_Potato___Early_blight,c10f959b-1f3d-4581-8299-640e87b1b653___RS_Early.B 7949.JPG,21595,15
leaf workshop/potato_dataset/Potato___Early_blight/e6d543a1-8e5e-4709-9329-b93d63f52edf___RS_Early.B 8324.JPG,potato,Potato___Early_blight,potato_Potato___Early_blight,e6d543a1-8e5e-4709-9329-b93d63f52edf___RS_Early.B 8324.JPG,19789,15
leaf workshop/MANGO/Green mango/WIN_20230323_14_08_28_Pro_jpg.rf.e61b4d87f7a0538521df75b0743de18d.jpg,mango,Green mango,mango_Green mango,WIN_20230323_14_08_28_Pro_jpg.rf.e61b4d87f7a0538521df75b0743de18d.jpg,23736,10
leaf workshop/corn_dataset/Healthy/Corn_Health (985).jpg,corn,Healthy,corn_Healthy,Corn_Health (985).jpg,13971,9
leaf workshop/ORANGE/orange/1000_F_71173863_swz4e5OdugN7nmoVy7408GBlkXp51RQj_jpg.rf.77a5c0a435b843023a427773c1b14e3c.jpg,orange,orange,orange_orange,1000_F_71173863_swz4e5OdugN7nmoVy7408GBlkXp51RQj_jpg.rf.77a5c0a435b843023a427773c1b14e3c.jpg,29413,14
leaf workshop/coffee_dataset/phoma/266.jpg,coffee,phoma,coffee_phoma,266.jpg,78313,5
leaf workshop/corn_dataset/Blight/Corn_Blight (397).JPG,corn,Blight,corn_Blight,Corn_Blight (397).JPG,16820,6
leaf workshop/ORANGE/orange/272782_2200-1200x628_jpg.rf.c3382437d135f763d5ae5eaddf497274.jpg,orange,orange,orange_orange,272782_2200-1200x628_jpg.rf.c3382437d135f763d5ae5eaddf497274.jpg,29652,14
leaf workshop/corn_dataset/Common_Rust/Corn_Common_Rust (1155).JPG,corn,Common_Rust,corn_Common_Rust,Corn_Common_Rust (1155).JPG,16215,7
leaf workshop/corn_dataset/Healthy/Corn_Health (925).jpg,corn,Healthy,corn_Healthy,Corn_Health (925).jpg,8730,9
leaf workshop/corn_dataset/Healthy/Corn_Health (891).jpg,corn,Healthy,corn_Healthy,Corn_Health (891).jpg,14270,9
leaf workshop/corn_dataset/Common_Rust/Corn_Common_Rust (1221).JPG,corn,Common_Rust,corn_Common_Rust,Corn_Common_Rust (1221).JPG,14643,7
leaf workshop/potato_dataset/Potato___healthy/Potato_healthy-92-_0_8402.jpg,potato,Potato___healthy,potato_Potato___healthy,Potato_healthy-92-_0_8402.jpg,16624,17
leaf workshop/BANANA/Green banana/28_jpg.rf.7ffcaf57f10dbf72a1e9fed92c389a1f.jpg,banana,Green banana,banana_Green banana,28_jpg.rf.7ffcaf57f10dbf72a1e9fed92c389a1f.jpg,20516,0
leaf workshop/corn_dataset/Gray_Leaf_Spot/Corn_Gray_Spot (375).JPG,corn,Gray_Leaf_Spot,corn_Gray_Leaf_Spot,Corn_Gray_Spot (375).JPG,16126,8
leaf workshop/corn_dataset/Blight/Corn_Blight (446).JPG,corn,Blight,corn_Blight,Corn_Blight (446).JPG,14809,6
leaf workshop/corn_dataset/Gray_Leaf_Spot/Corn_Gray_Spot (164).JPG,corn,Gray_Leaf_Spot,corn_Gray_Leaf_Spot,Corn_Gray_Spot (164).JPG,14521,8
leaf workshop/corn_dataset/Common_Rust/Corn_Common_Rust (103).JPG,corn,Common_Rust,corn_Common_Rust,Corn_Common_Rust (103).JPG,17641,7
leaf workshop/potato_dataset/Potato___healthy/Potato_healthy-102-_0_1242.jpg,potato,Potato___healthy,potato_Potato___healthy,Potato_healthy-102-_0_1242.jpg,18392,17
leaf workshop/corn_dataset/Blight/Corn_Blight (885).JPG,corn,Blight,corn_Blight,Corn_Blight (885).JPG,14294,6
leaf workshop/corn_dataset/Common_Rust/Corn_Common_Rust (50).jpg,corn,Common_Rust,corn_Common_Rust,Corn_Common_Rust (50).jpg,52293,7
leaf workshop/MANGO/Rotten Mango/mango-fruit-disease-post-harvest-damage-fungi-89134149_jpg.rf.2a2f88ae2aae2a1870368cb13fac81b7.jpg,mango,Rotten Mango,mango_Rotten Mango,mango-fruit-disease-post-harvest-damage-fungi-89134149_jpg.rf.2a2f88ae2aae2a1870368cb13fac81b7.jpg,30721,11
leaf workshop/corn_dataset/Blight/Corn_Blight (839).JPG,corn,Blight,corn_Blight,Corn_Blight (839).JPG,19792,6
leaf workshop/corn_dataset/Common_Rust/Corn_Common_Rust (471).JPG,corn,Common_Rust,corn_Common_Rust,Corn_Common_Rust (471).JPG,13941,7
leaf workshop/corn_dataset/Blight/Corn_Blight (42).jpg,corn,Blight,corn_Blight,Corn_Blight (42).jpg,54941,6
leaf workshop/corn_dataset/Common_Rust/Corn_Common_Rust (283).JPG,corn,Common_Rust,corn_Common_Rust,Corn_Common_Rust (283).JPG,12130,7
leaf workshop/corn_dataset/Healthy/Corn_Health (1016).jpg,corn,Healthy,corn_Healthy,Corn_Health (1016).jpg,11354,9
leaf workshop/corn_dataset/Healthy/Corn_Health (405).JPG,corn,Healthy,corn_Healthy,Corn_Health (405).JPG,16728,9
leaf workshop/potato_dataset/Potato___healthy/Potato_healthy-86-_0_9540.jpg,potato,Potato___healthy,potato_Potato___healthy,Potato_healthy-86-_0_9540.jpg,15352,17
leaf workshop/corn_dataset/Common_Rust/Corn_Common_Rust (1272).jpg,corn,Common_Rust,corn_Common_Rust,Corn_Common_Rust (1272).jpg,254238,7
leaf workshop/corn_dataset/Healthy/Corn_Health (361).jpg,corn,Healthy,corn_Healthy,Corn_Health (361).jpg,7542,9
leaf workshop/corn_dataset/Healthy/Corn_Health (323).jpg,corn,Healthy,corn_Healthy,Corn_Health (323).jpg,10016,9
leaf workshop/corn_dataset/Blight/Corn_Blight (951).JPG,corn,Blight,corn_Blight,Corn_Blight (951).JPG,14088,6
leaf workshop/potato_dataset/Potato___healthy/Potato_healthy-129-_0_3498.jpg,potato,Potato___healthy,potato_Potato___healthy,Potato_healthy-129-_0_3498.jpg,17171,17
leaf workshop/corn_dataset/Blight/Corn_Blight (160).JPG,corn,Blight,corn_Blight,Corn_Blight (160).JPG,12122,6
leaf workshop/corn_dataset/Blight/Corn_Blight (532).JPG,corn,Blight,corn_Blight,Corn_Blight (532).JPG,19676,6
leaf workshop/corn_dataset/Gray_Leaf_Spot/Corn_Gray_Spot (141).JPG,corn,Gray_Leaf_Spot,corn_Gray_Leaf_Spot,Corn_Gray_Spot (141).JPG,15286,8
leaf workshop/corn_dataset/Common_Rust/Corn_Common_Rust (110).JPG,corn,Common_Rust,corn_Common_Rust,Corn_Common_Rust (110).JPG,14003,7
leaf workshop/corn_dataset/Blight/Corn_Blight (357).JPG,corn,Blight,corn_Blight,Corn_Blight (357).JPG,11490,6
leaf workshop/MANGO/Green mango/WIN_20230323_14_00_29_Pro_jpg.rf.5eeb46ade5838c6fe4a9a00c9c3ef00a.jpg,mango,Green mango,mango_Green mango,WIN_20230323_14_00_29_Pro_jpg.rf.5eeb46ade5838c6fe4a9a00c9c3ef00a.jpg,23378,10
leaf workshop/corn_dataset/Healthy/Corn_Health (341).jpg,corn,Healthy,corn_Healthy,Corn_Health (341).jpg,10273,9
leaf workshop/corn_dataset/Common_Rust/Corn_Common_Rust (141).JPG,corn,Common_Rust,corn_Common_Rust,Corn_Common_Rust (141).JPG,12340,7
leaf workshop/MANGO/Rotten Mango/mango-fruit-disease-post-harvest-damage-fungi-89134149_jpg.rf.a40156fafa8332d589339e07009506a1.jpg,mango,Rotten Mango,mango_Rotten Mango,mango-fruit-disease-post-harvest-damage-fungi-89134149_jpg.rf.a40156fafa8332d589339e07009506a1.jpg,27181,11
leaf workshop/corn_dataset/Healthy/Corn_Health (524).jpg,corn,Healthy,corn_Healthy,Corn_Health (524).jpg,11238,9
leaf workshop/corn_dataset/Blight/Corn_Blight (1031).JPG,corn,Blight,corn_Blight,Corn_Blight (1031).JPG,18856,6
leaf workshop/corn_dataset/Common_Rust/Corn_Common_Rust (685).JPG,corn,Common_Rust,corn_Common_Rust,Corn_Common_Rust (685).JPG,12524,7
leaf workshop/corn_dataset/Common_Rust/Corn_Common_Rust (568).JPG,corn,Common_Rust,corn_Common_Rust,Corn_Common_Rust (568).JPG,10829,7
leaf workshop/corn_dataset/Gray_Leaf_Spot/Corn_Gray_Spot (104).JPG,corn,Gray_Leaf_Spot,corn_Gray_Leaf_Spot,Corn_Gray_Spot (104).JPG,14615,8
leaf workshop/corn_dataset/Common_Rust/Corn_Common_Rust (575).JPG,corn,Common_Rust,corn_Common_Rust,Corn_Common_Rust (575).JPG,16967,7
leaf workshop/MANGO/Yellow mango/20230305_052117770_iOS_jpg.rf.1a0b45bdd33effd8068e0f0f9f4941b9.jpg,mango,Yellow mango,mango_Yellow mango,20230305_052117770_iOS_jpg.rf.1a0b45bdd33effd8068e0f0f9f4941b9.jpg,20058,12
leaf workshop/potato_dataset/Potato___Late_blight/ef48ec23-0655-43d7-9475-8e73086033a2___RS_LB 5219.JPG,potato,Potato___Late_blight,potato_Potato___Late_blight,ef48ec23-0655-43d7-9475-8e73086033a2___RS_LB 5219.JPG,13227,16
leaf workshop/corn_dataset/Common_Rust/Corn_Common_Rust (441).JPG,corn,Common_Rust,corn_Common_Rust,Corn_Common_Rust (441).JPG,12052,7
leaf workshop/BANANA/Green banana/9_jpg.rf.bad14fc5d3c5ab29f09cf86bbe4384cc.jpg,banana,Green banana,banana_Green banana,9_jpg.rf.bad14fc5d3c5ab29f09cf86bbe4384cc.jpg,18868,0
leaf workshop/MANGO/Yellow mango/cfb579f83ca702892a0c3d83ad9f06da_jpg.rf.9cb915b9353c2483f581ffbf34fdb9a7.jpg,mango,Yellow mango,mango_Yellow mango,cfb579f83ca702892a0c3d83ad9f06da_jpg.rf.9cb915b9353c2483f581ffbf34fdb9a7.jpg,10391,12
leaf workshop/BANANA/Rotten banana/vertical_flip_Screen-Shot-2018-06-12-at-9_19_28-PM_png.rf.082568fd9852868ef240aaad833479f6.jpg,banana,Rotten banana,banana_Rotten banana,vertical_flip_Screen-Shot-2018-06-12-at-9_19_28-PM_png.rf.082568fd9852868ef240aaad833479f6.jpg,27376,1
leaf workshop/potato_dataset/Potato___Late_blight/d42061d8-9da0-4190-8dd0-d3629f0cfa53___RS_LB 3954.JPG,potato,Potato___Late_blight,potato_Potato___Late_blight,d42061d8-9da0-4190-8dd0-d3629f0cfa53___RS_LB 3954.JPG,15094,16
leaf workshop/corn_dataset/Gray_Leaf_Spot/Corn_Gray_Spot (534).JPG,corn,Gray_Leaf_Spot,corn_Gray_Leaf_Spot,Corn_Gray_Spot (534).JPG,15621,8
leaf workshop/corn_dataset/Healthy/Corn_Health (1123).jpg,corn,Healthy,corn_Healthy,Corn_Health (1123).jpg,14396,9
leaf workshop/corn_dataset/Gray_Leaf_Spot/Corn_Gray_Spot (321).JPG,corn,Gray_Leaf_Spot,corn_Gray_Leaf_Spot,Corn_Gray_Spot (321).JPG,18700,8
leaf workshop/corn_dataset/Healthy/Corn_Health (721).jpg,corn,Healthy,corn_Healthy,Corn_Health (721).jpg,7998,9
leaf workshop/corn_dataset/Blight/Corn_Blight (394).JPG,corn,Blight,corn_Blight,Corn_Blight (394).JPG,15298,6
leaf workshop/corn_dataset/Healthy/Corn_Health (263).jpg,corn,Healthy,corn_Healthy,Corn_Health (263).jpg,10303,9
leaf workshop/corn_dataset/Common_Rust/Corn_Common_Rust (676).JPG,corn,Common_Rust,corn_Common_Rust,Corn_Common_Rust (676).JPG,14052,7
leaf workshop/corn_dataset/Common_Rust/Corn_Common_Rust (382).JPG,corn,Common_Rust,corn_Common_Rust,Corn_Common_Rust (382).JPG,16294,7
leaf workshop/MANGO/Green mango/WIN_20230323_14_59_03_Pro_jpg.rf.3b8e1a9f77749ad2424f2bd434c65ffd.jpg,mango,Green mango,mango_Green mango,WIN_20230323_14_59_03_Pro_jpg.rf.3b8e1a9f77749ad2424f2bd434c65ffd.jpg,23365,10
leaf workshop/potato_dataset/Potato___Late_blight/f87fce12-78df-4a8c-92ff-8c0b83cc82b9___RS_LB 3025.JPG,potato,Potato___Late_blight,potato_Potato___Late_blight,f87fce12-78df-4a8c-92ff-8c0b83cc82b9___RS_LB 3025.JPG,14815,16
leaf workshop/ORANGE/Ripe orange/99_jpg.rf.0951d7963f287c4935fcc20e1468f05b.jpg,orange,Ripe orange,orange_Ripe orange,99_jpg.rf.0951d7963f287c4935fcc20e1468f05b.jpg,28858,13
leaf workshop/corn_dataset/Blight/Corn_Blight (500).JPG,corn,Blight,corn_Blight,Corn_Blight (500).JPG,15934,6
leaf workshop/corn_dataset/Healthy/Corn_Health (630).jpg,corn,Healthy,corn_Healthy,Corn_Health (630).jpg,15752,9
leaf workshop/corn_dataset/Common_Rust/Corn_Common_Rust (390).JPG,corn,Common_Rust,corn_Common_Rust,Corn_Common_Rust (390).JPG,15029,7
leaf workshop/corn_dataset/Blight/Corn_Blight (506).JPG,corn,Blight,corn_Blight,Corn_Blight (506).JPG,11286,6
leaf workshop/corn_dataset/Blight/Corn_Blight (300).JPG,corn,Blight,corn_Blight,Corn_Blight (300).JPG,12910,6
leaf workshop/potato_dataset/Potato___healthy/Potato_healthy-150-_0_988.jpg,potato,Potato___healthy,potato_Potato___healthy,Potato_healthy-150-_0_988.jpg,17880,17
leaf workshop/coffee_dataset/leaf_rust/138.jpg,coffee,leaf_rust,coffee_leaf_rust,138.jpg,175211,4
leaf workshop/BANANA/Yellow banana/lakatan-163-_jpg.rf.215a30a2d409678aee3a038c8fceac09.jpg,banana,Yellow banana,banana_Yellow banana,lakatan-163-_jpg.rf.215a30a2d409678aee3a038c8fceac09.jpg,8086,2
leaf workshop/corn_dataset/Healthy/Corn_Health (983).jpg,corn,Healthy,corn_Healthy,Corn_Health (983).jpg,17733,9
leaf workshop/corn_dataset/Blight/Corn_Blight (463).JPG,corn,Blight,corn_Blight,Corn_Blight (463).JPG,12528,6
leaf workshop/corn_dataset/Healthy/Corn_Health (399).jpg,corn,Healthy,corn_Healthy,Corn_Health (399).jpg,17016,9
leaf workshop/corn_dataset/Blight/Corn_Blight (73).jpg,corn,Blight,corn_Blight,Corn_Blight (73).jpg,364626,6
leaf workshop/potato_dataset/Potato___healthy/Potato_healthy-133-_0_649.jpg,potato,Potato___healthy,potato_Potato___healthy,Potato_healthy-133-_0_649.jpg,14664,17
leaf workshop/corn_dataset/Healthy/Corn_Health (743).jpg,corn,Healthy,corn_Healthy,Corn_Health (743).jpg,8552,9
leaf workshop/corn_dataset/Gray_Leaf_Spot/Corn_Gray_Spot (187).JPG,corn,Gray_Leaf_Spot,corn_Gray_Leaf_Spot,Corn_Gray_Spot (187).JPG,12442,8
leaf workshop/corn_dataset/Healthy/Corn_Health (80).jpg,corn,Healthy,corn_Healthy,Corn_Health (80).jpg,15548,9
leaf workshop/corn_dataset/Blight/Corn_Blight (705).JPG,corn,Blight,corn_Blight,Corn_Blight (705).JPG,11295,6
leaf workshop/ORANGE/orange/img_981_jpeg.rf.9ba40a14fc5951878063e1e0ed6c66c3.jpg,orange,orange,orange_orange,img_981_jpeg.rf.9ba40a14fc5951878063e1e0ed6c66c3.jpg,32455,14
leaf workshop/corn_dataset/Blight/Corn_Blight (757).JPG,corn,Blight,corn_Blight,Corn_Blight (757).JPG,16114,6
leaf workshop/potato_dataset/Potato___Late_blight/fabf3179-8fba-4551-93fe-28e7f6c0efc3___RS_LB 3269.JPG,potato,Potato___Late_blight,potato_Potato___Late_blight,fabf3179-8fba-4551-93fe-28e7f6c0efc3___RS_LB 3269.JPG,20977,16
leaf workshop/corn_dataset/Blight/Corn_Blight (684).JPG,corn,Blight,corn_Blight,Corn_Blight (684).JPG,16686,6
leaf workshop/MANGO/Yellow mango/cfb579f83ca702892a0c3d83ad9f06da_jpg.rf.fafca5439a38238ede1a42e85f01f5ed.jpg,mango,Yellow mango,mango_Yellow mango,cfb579f83ca702892a0c3d83ad9f06da_jpg.rf.fafca5439a38238ede1a42e85f01f5ed.jpg,10990,12
leaf workshop/corn_dataset/Blight/Corn_Blight (485).JPG,corn,Blight,corn_Blight,Corn_Blight (485).JPG,15175,6
leaf workshop/corn_dataset/Healthy/Corn_Health (753).jpg,corn,Healthy,corn_Healthy,Corn_Health (753).jpg,8376,9
leaf workshop/corn_dataset/Common_Rust/Corn_Common_Rust (1101).JPG,corn,Common_Rust,corn_Common_Rust,Corn_Common_Rust (1101).JPG,11280,7
leaf workshop/corn_dataset/Blight/Corn_Blight (1138).jpg,corn,Blight,corn_Blight,Corn_Blight (1138).jpg,3872282,6
leaf workshop/corn_dataset/Common_Rust/Corn_Common_Rust (464).JPG,corn,Common_Rust,corn_Common_Rust,Corn_Common_Rust (464).JPG,14915,7
leaf workshop/corn_dataset/Blight/Corn_Blight (412).JPG,corn,Blight,corn_Blight,Corn_Blight (412).JPG,13891,6
leaf workshop/potato_dataset/Potato___healthy/Potato_healthy-134-_0_2152.jpg,potato,Potato___healthy,potato_Potato___healthy,Potato_healthy-134-_0_2152.jpg,17579,17
leaf workshop/corn_dataset/Gray_Leaf_Spot/Corn_Gray_Spot (35).jpg,corn,Gray_Leaf_Spot,corn_Gray_Leaf_Spot,Corn_Gray_Spot (35).jpg,96203,8
leaf workshop/corn_dataset/Blight/Corn_Blight (1075).JPG,corn,Blight,corn_Blight,Corn_Blight (1075).JPG,11902,6
leaf workshop/corn_dataset/Blight/Corn_Blight (1012).JPG,corn,Blight,corn_Blight,Corn_Blight (1012).JPG,16119,6
leaf workshop/corn_dataset/Gray_Leaf_Spot/Corn_Gray_Spot (507).JPG,corn,Gray_Leaf_Spot,corn_Gray_Leaf_Spot,Corn_Gray_Spot (507).JPG,21459,8
leaf workshop/ORANGE/orange/images417_jpg.rf.bed43e28ec47cf5ece0169c7fa06960a.jpg,orange,orange,orange_orange,images417_jpg.rf.bed43e28ec47cf5ece0169c7fa06960a.jpg,29134,14
leaf workshop/corn_dataset/Healthy/Corn_Health (798).jpg,corn,Healthy,corn_Healthy,Corn_Health (798).jpg,8135,9
leaf workshop/corn_dataset/Healthy/Corn_Health (870).jpg,corn,Healthy,corn_Healthy,Corn_Health (870).jpg,16640,9
leaf workshop/corn_dataset/Blight/Corn_Blight (440).JPG,corn,Blight,corn_Blight,Corn_Blight (440).JPG,14877,6
leaf workshop/ORANGE/orange/images373_jpg.rf.c2ed0ef275d00748c1f48b497838a962.jpg,orange,orange,orange_orange,images373_jpg.rf.c2ed0ef275d00748c1f48b497838a962.jpg,26192,14
leaf workshop/BANANA/Green banana/40_jpg.rf.ad17c4fd481b9a361c7185a1ea06bf8b.jpg,banana,Green banana,banana_Green banana,40_jpg.rf.ad17c4fd481b9a361c7185a1ea06bf8b.jpg,35636,0
leaf workshop/corn_dataset/Common_Rust/Corn_Common_Rust (302).JPG,corn,Common_Rust,corn_Common_Rust,Corn_Common_Rust (302).JPG,12516,7
leaf workshop/corn_dataset/Healthy/Corn_Health (1137).jpg,corn,Healthy,corn_Healthy,Corn_Health (1137).jpg,12300,9
leaf workshop/corn_dataset/Gray_Leaf_Spot/Corn_Gray_Spot (71).JPG,corn,Gray_Leaf_Spot,corn_Gray_Leaf_Spot,Corn_Gray_Spot (71).JPG,12161,8
leaf workshop/potato_dataset/Potato___Late_blight/d43fa915-e947-4316-b0f5-0f925c5d9625___RS_LB 3969.JPG,potato,Potato___Late_blight,potato_Potato___Late_blight,d43fa915-e947-4316-b0f5-0f925c5d9625___RS_LB 3969.JPG,15581,16
leaf workshop/BANANA/Yellow banana/114_JPG_jpg.rf.146a027914af567ac522d28103c9652d.jpg,banana,Yellow banana,banana_Yellow banana,114_JPG_jpg.rf.146a027914af567ac522d28103c9652d.jpg,29539,2
leaf workshop/corn_dataset/Common_Rust/Corn_Common_Rust (321).JPG,corn,Common_Rust,corn_Common_Rust,Corn_Common_Rust (321).JPG,13223,7
leaf workshop/ORANGE/orange/image21_jpeg_jpg.rf.76247f1cfdc3b97744ab1c20c04024af.jpg,orange,orange,orange_orange,image21_jpeg_jpg.rf.76247f1cfdc3b97744ab1c20c04024af.jpg,32010,14
leaf workshop/ORANGE/orange/images10_jpg.rf.1d4ce280843b1f457f0121b81fe1b7c2.jpg,orange,orange,orange_orange,images10_jpg.rf.1d4ce280843b1f457f0121b81fe1b7c2.jpg,34887,14
leaf workshop/corn_dataset/Gray_Leaf_Spot/Corn_Gray_Spot (63).JPG,corn,Gray_Leaf_Spot,corn_Gray_Leaf_Spot,Corn_Gray_Spot (63).JPG,15990,8
leaf workshop/corn_dataset/Gray_Leaf_Spot/Corn_Gray_Spot (555).JPG,corn,Gray_Leaf_Spot,corn_Gray_Leaf_Spot,Corn_Gray_Spot (555).JPG,16795,8
leaf workshop/corn_dataset/Healthy/Corn_Health (320).jpg,corn,Healthy,corn_Healthy,Corn_Health (320).jpg,12915,9
leaf workshop/potato_dataset/Potato___healthy/Potato_healthy-119-_0_3520.jpg,potato,Potato___healthy,potato_Potato___healthy,Potato_healthy-119-_0_3520.jpg,12399,17
leaf workshop/corn_dataset/Healthy/Corn_Health (11).jpg,corn,Healthy,corn_Healthy,Corn_Health (11).jpg,10647,9
leaf workshop/ORANGE/Ripe orange/80_jpg.rf.1b4496d7c228b148bdebb2bce74223b7.jpg,orange,Ripe orange,orange_Ripe orange,80_jpg.rf.1b4496d7c228b148bdebb2bce74223b7.jpg,33749,13
leaf workshop/corn_dataset/Blight/Corn_Blight (196).JPG,corn,Blight,corn_Blight,Corn_Blight (196).JPG,13318,6
leaf workshop/potato_dataset/Potato___Late_blight/cd38f533-9b7d-4afd-bbd9-9ee5ab2aa3e8___RS_LB 2680.JPG,potato,Potato___Late_blight,potato_Potato___Late_blight,cd38f533-9b7d-4afd-bbd9-9ee5ab2aa3e8___RS_LB 2680.JPG,20373,16
leaf workshop/corn_dataset/Gray_Leaf_Spot/Corn_Gray_Spot (337).jpg,corn,Gray_Leaf_Spot,corn_Gray_Leaf_Spot,Corn_Gray_Spot (337).jpg,14153,8
leaf workshop/corn_dataset/Common_Rust/Corn_Common_Rust (1251).JPG,corn,Common_Rust,corn_Common_Rust,Corn_Common_Rust (1251).JPG,18269,7
leaf workshop/corn_dataset/Gray_Leaf_Spot/Corn_Gray_Spot (194).JPG,corn,Gray_Leaf_Spot,corn_Gray_Leaf_Spot,Corn_Gray_Spot (194).JPG,12940,8
leaf workshop/BANANA/Rotten banana/translation_Screen-Shot-2018-06-12-at-9_17_27-PM_png.rf.4b1eb976188d5eab8d90974fb41c3ef2.jpg,banana,Rotten banana,banana_Rotten banana,translation_Screen-Shot-2018-06-12-at-9_17_27-PM_png.rf.4b1eb976188d5eab8d90974fb41c3ef2.jpg,15329,1
leaf workshop/corn_dataset/Common_Rust/Corn_Common_Rust (1054).JPG,corn,Common_Rust,corn_Common_Rust,Corn_Common_Rust (1054).JPG,13174,7
leaf workshop/potato_dataset/Potato___Late_blight/e8040f51-18ed-43ec-9fa3-b5eb972f4fec___RS_LB 2527.JPG,potato,Potato___Late_blight,potato_Potato___Late_blight,e8040f51-18ed-43ec-9fa3-b5eb972f4fec___RS_LB 2527.JPG,17744,16
leaf workshop/corn_dataset/Common_Rust/Corn_Common_Rust (237).JPG,corn,Common_Rust,corn_Common_Rust,Corn_Common_Rust (237).JPG,14684,7
leaf workshop/potato_dataset/Potato___healthy/Potato_healthy-92-_0_6872.jpg,potato,Potato___healthy,potato_Potato___healthy,Potato_healthy-92-_0_6872.jpg,15914,17
leaf workshop/coffee_dataset/phoma/284.jpg,coffee,phoma,coffee_phoma,284.jpg,109951,5
leaf workshop/corn_dataset/Common_Rust/Corn_Common_Rust (1070).JPG,corn,Common_Rust,corn_Common_Rust,Corn_Common_Rust (1070).JPG,12747,7
leaf workshop/corn_dataset/Healthy/Corn_Health (924).jpg,corn,Healthy,corn_Healthy,Corn_Health (924).jpg,9570,9
leaf workshop/ORANGE/Ripe orange/77_jpg.rf.9d87b6b5e70d5a105d18fd984e2d905f.jpg,orange,Ripe orange,orange_Ripe orange,77_jpg.rf.9d87b6b5e70d5a105d18fd984e2d905f.jpg,21329,13
leaf workshop/ORANGE/Ripe orange/84_jpg.rf.1fd2be51cf2538c7f22b99ee8956e906.jpg,orange,Ripe orange,orange_Ripe orange,84_jpg.rf.1fd2be51cf2538c7f22b99ee8956e906.jpg,30303,13
leaf workshop/corn_dataset/Gray_Leaf_Spot/Corn_Gray_Spot (415).JPG,corn,Gray_Leaf_Spot,corn_Gray_Leaf_Spot,Corn_Gray_Spot (415).JPG,10252,8
leaf workshop/corn_dataset/Healthy/Corn_Health (248).jpg,corn,Healthy,corn_Healthy,Corn_Health (248).jpg,10239,9
leaf workshop/BANANA/Rotten banana/vertical_flip_Screen-Shot-2018-06-12-at-8_52_21-PM_png.rf.3965c1c6a4e1c283cd4645f4310d09cf.jpg,banana,Rotten banana,banana_Rotten banana,vertical_flip_Screen-Shot-2018-06-12-at-8_52_21-PM_png.rf.3965c1c6a4e1c283cd4645f4310d09cf.jpg,18011,1
leaf workshop/corn_dataset/Common_Rust/Corn_Common_Rust (625).JPG,corn,Common_Rust,corn_Common_Rust,Corn_Common_Rust (625).JPG,12108,7
leaf workshop/corn_dataset/Healthy/Corn_Health (215).jpg,corn,Healthy,corn_Healthy,Corn_Health (215).jpg,11307,9
leaf workshop/potato_dataset/Potato___Early_blight/f0f41a0d-7679-4e56-85df-44934fe0cb3b___RS_Early.B 7054.JPG,potato,Potato___Early_blight,potato_Potato___Early_blight,f0f41a0d-7679-4e56-85df-44934fe0cb3b___RS_Early.B 7054.JPG,18798,15
leaf workshop/ORANGE/Ripe orange/38_jpg.rf.c0f8844f689054f9aaeb7b08624ecb86.jpg,orange,Ripe orange,orange_Ripe orange,38_jpg.rf.c0f8844f689054f9aaeb7b08624ecb86.jpg,44913,13
leaf workshop/corn_dataset/Blight/Corn_Blight (434).JPG,corn,Blight,corn_Blight,Corn_Blight (434).JPG,12245,6
leaf workshop/corn_dataset/Healthy/Corn_Health (151).jpg,corn,Healthy,corn_Healthy,Corn_Health (151).jpg,7390,9
leaf workshop/BANANA/Yellow banana/69_jpg.rf.e460e49df9948b8a23e72279f3d715ec.jpg,banana,Yellow banana,banana_Yellow banana,69_jpg.rf.e460e49df9948b8a23e72279f3d715ec.jpg,10958,2
leaf workshop/ORANGE/orange/images173_jpg.rf.56fba074688bfa539846c642b0599baf.jpg,orange,orange,orange_orange,images173_jpg.rf.56fba074688bfa539846c642b0599baf.jpg,33386,14
leaf workshop/corn_dataset/Healthy/Corn_Health (670).jpg,corn,Healthy,corn_Healthy,Corn_Health (670).jpg,12148,9
leaf workshop/corn_dataset/Blight/Corn_Blight (103).jpg,corn,Blight,corn_Blight,Corn_Blight (103).jpg,22912,6
leaf workshop/corn_dataset/Common_Rust/Corn_Common_Rust (1050).JPG,corn,Common_Rust,corn_Common_Rust,Corn_Common_Rust (1050).JPG,10731,7
leaf workshop/potato_dataset/Potato___Early_blight/d87f93fa-f6f8-49f1-b9e1-8f196f377df8___RS_Early.B 7244.JPG,potato,Potato___Early_blight,potato_Potato___Early_blight,d87f93fa-f6f8-49f1-b9e1-8f196f377df8___RS_Early.B 7244.JPG,18384,15
leaf workshop/corn_dataset/Blight/Corn_Blight (93).jpg,corn,Blight,corn_Blight,Corn_Blight (93).jpg,56239,6
leaf workshop/corn_dataset/Common_Rust/Corn_Common_Rust (623).JPG,corn,Common_Rust,corn_Common_Rust,Corn_Common_Rust (623).JPG,14705,7
leaf workshop/potato_dataset/Potato___healthy/Potato_healthy-148-_0_7740.jpg,potato,Potato___healthy,potato_Potato___healthy,Potato_healthy-148-_0_7740.jpg,14071,17
leaf workshop/corn_dataset/Blight/Corn_Blight (332).JPG,corn,Blight,corn_Blight,Corn_Blight (332).JPG,12562,6
leaf workshop/corn_dataset/Common_Rust/Corn_Common_Rust (524).JPG,corn,Common_Rust,corn_Common_Rust,Corn_Common_Rust (524).JPG,14204,7
leaf workshop/potato_dataset/Potato___Early_blight/e786a4fe-5aa1-4da2-a16f-4ee82c56e317___RS_Early.B 7245.JPG,potato,Potato___Early_blight,potato_Potato___Early_blight,e786a4fe-5aa1-4da2-a16f-4ee82c56e317___RS_Early.B 7245.JPG,18664,15
leaf workshop/corn_dataset/Blight/Corn_Blight (649).JPG,corn,Blight,corn_Blight,Corn_Blight (649).JPG,13614,6
leaf workshop/corn_dataset/Blight/Corn_Blight (177).JPG,corn,Blight,corn_Blight,Corn_Blight (177).JPG,12398,6
leaf workshop/corn_dataset/Healthy/Corn_Health (1082).jpg,corn,Healthy,corn_Healthy,Corn_Health (1082).jpg,15670,9
leaf workshop/potato_dataset/Potato___Early_blight/fdc691b0-2b15-4cb6-8f5d-c4e5654389e0___RS_Early.B 7935.JPG,potato,Potato___Early_blight,potato_Potato___Early_blight,fdc691b0-2b15-4cb6-8f5d-c4e5654389e0___RS_Early.B 7935.JPG,18506,15
leaf workshop/corn_dataset/Common_Rust/Corn_Common_Rust (338).JPG,corn,Common_Rust,corn_Common_Rust,Corn_Common_Rust (338).JPG,17143,7
leaf workshop/corn_dataset/Healthy/Corn_Health (790).jpg,corn,Healthy,corn_Healthy,Corn_Health (790).jpg,9568,9
leaf workshop/corn_dataset/Blight/Corn_Blight (580).jpg,corn,Blight,corn_Blight,Corn_Blight (580).jpg,14758,6
leaf workshop/corn_dataset/Common_Rust/Corn_Common_Rust (755).JPG,corn,Common_Rust,corn_Common_Rust,Corn_Common_Rust (755).JPG,14197,7
leaf workshop/corn_dataset/Blight/Corn_Blight (348).jpg,corn,Blight,corn_Blight,Corn_Blight (348).jpg,16930,6
leaf workshop/corn_dataset/Healthy/Corn_Health (478).jpg,corn,Healthy,corn_Healthy,Corn_Health (478).jpg,8324,9
leaf workshop/corn_dataset/Common_Rust/Corn_Common_Rust (307).JPG,corn,Common_Rust,corn_Common_Rust,Corn_Common_Rust (307).JPG,15858,7
leaf workshop/potato_dataset/Potato___Late_blight/dc289122-aa0d-454b-b617-16824440fce4___RS_LB 2959.JPG,potato,Potato___Late_blight,potato_Potato___Late_blight,dc289122-aa0d-454b-b617-16824440fce4___RS_LB 2959.JPG,17170,16
leaf workshop/corn_dataset/Blight/Corn_Blight (74).jpg,corn,Blight,corn_Blight,Corn_Blight (74).jpg,902633,6
leaf workshop/MANGO/Rotten Mango/20230305_062055869_iOS_jpg.rf.d3af236cf80a9c11c465736e4a1e3791.jpg,mango,Rotten Mango,mango_Rotten Mango,20230305_062055869_iOS_jpg.rf.d3af236cf80a9c11c465736e4a1e3791.jpg,22217,11
leaf workshop/corn_dataset/Healthy/Corn_Health (481).JPG,corn,Healthy,corn_Healthy,Corn_Health (481).JPG,20601,9
leaf workshop/corn_dataset/Blight/Corn_Blight (926).jpg,corn,Blight,corn_Blight,Corn_Blight (926).jpg,12095,6
leaf workshop/potato_dataset/Potato___Late_blight/e48ffe4c-d920-4559-83ab-62d9d881d787___RS_LB 4129.JPG,potato,Potato___Late_blight,potato_Potato___Late_blight,e48ffe4c-d920-4559-83ab-62d9d881d787___RS_LB 4129.JPG,12226,16
leaf workshop/corn_dataset/Blight/Corn_Blight (503).JPG,corn,Blight,corn_Blight,Corn_Blight (503).JPG,14632,6
leaf workshop/corn_dataset/Healthy/Corn_Health (512).jpg,corn,Healthy,corn_Healthy,Corn_Health (512).jpg,11432,9
leaf workshop/potato_dataset/Potato___healthy/Potato_healthy-127-_0_4699.jpg,potato,Potato___healthy,potato_Potato___healthy,Potato_healthy-127-_0_4699.jpg,15068,17
leaf workshop/MANGO/Rotten Mango/20230305_062047379_iOS_jpg.rf.5ed0b762d2bfe66b44b39125ffad95bf.jpg,mango,Rotten Mango,mango_Rotten Mango,20230305_062047379_iOS_jpg.rf.5ed0b762d2bfe66b44b39125ffad95bf.jpg,23162,11
leaf workshop/corn_dataset/Blight/Corn_Blight (236).JPG,corn,Blight,corn_Blight,Corn_Blight (236).JPG,11431,6
leaf workshop/potato_dataset/Potato___healthy/Potato_healthy-116-_0_7408.jpg,potato,Potato___healthy,potato_Potato___healthy,Potato_healthy-116-_0_7408.jpg,14169,17
leaf workshop/ORANGE/orange/naranjas-lane-late_jpg.rf.8fcc8910812413dd3349b9a42b3847ee.jpg,orange,orange,orange_orange,naranjas-lane-late_jpg.rf.8fcc8910812413dd3349b9a42b3847ee.jpg,25913,14
leaf workshop/coffee_dataset/phoma/243.jpg,coffee,phoma,coffee_phoma,243.jpg,82351,5
leaf workshop/corn_dataset/Common_Rust/Corn_Common_Rust (506).JPG,corn,Common_Rust,corn_Common_Rust,Corn_Common_Rust (506).JPG,11297,7
leaf workshop/ORANGE/Ripe orange/63_jpg.rf.6028926b4ffd07cdea651e3380a988c3.jpg,orange,Ripe orange,orange_Ripe orange,63_jpg.rf.6028926b4ffd07cdea651e3380a988c3.jpg,28028,13
leaf workshop/ORANGE/Ripe orange/99_jpg.rf.2aad616574ff8a35bcb0d36a9f304465.jpg,orange,Ripe orange,orange_Ripe orange,99_jpg.rf.2aad616574ff8a35bcb0d36a9f304465.jpg,28874,13
leaf workshop/corn_dataset/Common_Rust/Corn_Common_Rust (184).JPG,corn,Common_Rust,corn_Common_Rust,Corn_Common_Rust (184).JPG,13730,7
leaf workshop/potato_dataset/Potato___Early_blight/f0cdbf74-8401-48d1-b1cc-94862e1a4452___RS_Early.B 7447.JPG,potato,Potato___Early_blight,potato_Potato___Early_blight,f0cdbf74-8401-48d1-b1cc-94862e1a4452___RS_Early.B 7447.JPG,18263,15
leaf workshop/corn_dataset/Blight/Corn_Blight (256).JPG,corn,Blight,corn_Blight,Corn_Blight (256).JPG,12183,6
leaf workshop/corn_dataset/Blight/Corn_Blight (981).JPG,corn,Blight,corn_Blight,Corn_Blight (981).JPG,11491,6
leaf workshop/corn_dataset/Blight/Corn_Blight (48).jpg,corn,Blight,corn_Blight,Corn_Blight (48).jpg,20908,6
leaf workshop/corn_dataset/Common_Rust/Corn_Common_Rust (438).JPG,corn,Common_Rust,corn_Common_Rust,Corn_Common_Rust (438).JPG,14052,7
leaf workshop/corn_dataset/Gray_Leaf_Spot/Corn_Gray_Spot (53).JPG,corn,Gray_Leaf_Spot,corn_Gray_Leaf_Spot,Corn_Gray_Spot (53).JPG,15487,8
leaf workshop/corn_dataset/Blight/Corn_Blight (585).JPG,corn,Blight,corn_Blight,Corn_Blight (585).JPG,10947,6
leaf workshop/corn_dataset/Healthy/Corn_Health (822).jpg,corn,Healthy,corn_Healthy,Corn_Health (822).jpg,10638,9
leaf workshop/potato_dataset/Potato___Late_blight/fb61ea12-3f1a-4ea3-911b-d830eeb74717___RS_LB 2914.JPG,potato,Potato___Late_blight,potato_Potato___Late_blight,fb61ea12-3f1a-4ea3-911b-d830eeb74717___RS_LB 2914.JPG,16211,16
leaf workshop/corn_dataset/Gray_Leaf_Spot/Corn_Gray_Spot (189).JPG,corn,Gray_Leaf_Spot,corn_Gray_Leaf_Spot,Corn_Gray_Spot (189).JPG,18798,8
leaf workshop/corn_dataset/Blight/Corn_Blight (210).JPG,corn,Blight,corn_Blight,Corn_Blight (210).JPG,13709,6
leaf workshop/corn_dataset/Gray_Leaf_Spot/Corn_Gray_Spot (118).JPG,corn,Gray_Leaf_Spot,corn_Gray_Leaf_Spot,Corn_Gray_Spot (118).JPG,15529,8
leaf workshop/potato_dataset/Potato___Late_blight/eb5ff6de-b988-42d7-87bf-374a4b938af9___RS_LB 4234.JPG,potato,Potato___Late_blight,potato_Potato___Late_blight,eb5ff6de-b988-42d7-87bf-374a4b938af9___RS_LB 4234.JPG,19492,16
leaf workshop/corn_dataset/Blight/Corn_Blight (323).jpg,corn,Blight,corn_Blight,Corn_Blight (323).jpg,15792,6
leaf workshop/corn_dataset/Blight/Corn_Blight (459).JPG,corn,Blight,corn_Blight,Corn_Blight (459).JPG,14908,6
leaf workshop/ORANGE/Ripe orange/95_jpg.rf.27fcac5f175c4f450c1efd348555be66.jpg,orange,Ripe orange,orange_Ripe orange,95_jpg.rf.27fcac5f175c4f450c1efd348555be66.jpg,32749,13
leaf workshop/ORANGE/orange/image3_jpeg_jpg.rf.3a5acda48fd2f04a56eb98a1e3a532ef.jpg,orange,orange,orange_orange,image3_jpeg_jpg.rf.3a5acda48fd2f04a56eb98a1e3a532ef.jpg,18102,14
leaf workshop/potato_dataset/Potato___Late_blight/cbb653f7-72fd-4499-9d90-efdcd8c30077___RS_LB 2764.JPG,potato,Potato___Late_blight,potato_Potato___Late_blight,cbb653f7-72fd-4499-9d90-efdcd8c30077___RS_LB 2764.JPG,16956,16
leaf workshop/corn_dataset/Healthy/Corn_Health (37).jpg,corn,Healthy,corn_Healthy,Corn_Health (37).jpg,8586,9
leaf workshop/corn_dataset/Common_Rust/Corn_Common_Rust (316).JPG,corn,Common_Rust,corn_Common_Rust,Corn_Common_Rust (316).JPG,12231,7
leaf workshop/potato_dataset/Potato___healthy/Potato_healthy-82-_0_9977.jpg,potato,Potato___healthy,potato_Potato___healthy,Potato_healthy-82-_0_9977.jpg,18640,17
leaf workshop/potato_dataset/Potato___healthy/Potato_healthy-142-_0_7619.jpg,potato,Potato___healthy,potato_Potato___healthy,Potato_healthy-142-_0_7619.jpg,14683,17
leaf workshop/corn_dataset/Healthy/Corn_Health (1075).jpg,corn,Healthy,corn_Healthy,Corn_Health (1075).jpg,8532,9
leaf workshop/corn_dataset/Gray_Leaf_Spot/Corn_Gray_Spot (553).JPG,corn,Gray_Leaf_Spot,corn_Gray_Leaf_Spot,Corn_Gray_Spot (553).JPG,16676,8
leaf workshop/corn_dataset/Gray_Leaf_Spot/Corn_Gray_Spot (497).jpg,corn,Gray_Leaf_Spot,corn_Gray_Leaf_Spot,Corn_Gray_Spot (497).jpg,14551,8
leaf workshop/corn_dataset/Healthy/Corn_Health (723).jpg,corn,Healthy,corn_Healthy,Corn_Health (723).jpg,14346,9
leaf workshop/corn_dataset/Blight/Corn_Blight (395).JPG,corn,Blight,corn_Blight,Corn_Blight (395).JPG,14203,6
leaf workshop/corn_dataset/Healthy/Corn_Health (780).jpg,corn,Healthy,corn_Healthy,Corn_Health (780).jpg,6713,9
leaf workshop/MANGO/Rotten Mango/122_jpg.rf.f5000546aff360d84fac059dcf53517f.jpg,mango,Rotten Mango,mango_Rotten Mango,122_jpg.rf.f5000546aff360d84fac059dcf53517f.jpg,11095,11
leaf workshop/corn_dataset/Healthy/Corn_Health (345).jpg,corn,Healthy,corn_Healthy,Corn_Health (345).jpg,17318,9
leaf workshop/corn_dataset/Blight/Corn_Blight (613).JPG,corn,Blight,corn_Blight,Corn_Blight (613).JPG,11813,6
leaf workshop/potato_dataset/Potato___Late_blight/dae7db93-d197-4616-a16b-5dcc59058bc2___RS_LB 3178.JPG,potato,Potato___Late_blight,potato_Potato___Late_blight,dae7db93-d197-4616-a16b-5dcc59058bc2___RS_LB 3178.JPG,19279,16
leaf workshop/coffee_dataset/leaf_rust/155.jpg,coffee,leaf_rust,coffee_leaf_rust,155.jpg,167640,4
leaf workshop/potato_dataset/Potato___Early_blight/d472b6e3-a00c-4b4e-b13a-cdababff9d24___RS_Early.B 7699.JPG,potato,Potato___Early_blight,potato_Potato___Early_blight,d472b6e3-a00c-4b4e-b13a-cdababff9d24___RS_Early.B 7699.JPG,19586,15
leaf workshop/potato_dataset/Potato___healthy/Potato_healthy-98-_0_6820.jpg,potato,Potato___healthy,potato_Potato___healthy,Potato_healthy-98-_0_6820.jpg,15102,17
leaf workshop/corn_dataset/Blight/Corn_Blight (1125).jpg,corn,Blight,corn_Blight,Corn_Blight (1125).jpg,14226,6
leaf workshop/corn_dataset/Healthy/Corn_Health (784).jpg,corn,Healthy,corn_Healthy,Corn_Health (784).jpg,9713,9
leaf workshop/corn_dataset/Blight/Corn_Blight (557).jpg,corn,Blight,corn_Blight,Corn_Blight (557).jpg,12267,6
leaf workshop/corn_dataset/Healthy/Corn_Health (346).jpg,corn,Healthy,corn_Healthy,Corn_Health (346).jpg,14052,9
leaf workshop/corn_dataset/Healthy/Corn_Health (413).jpg,corn,Healthy,corn_Healthy,Corn_Health (413).jpg,12772,9
leaf workshop/corn_dataset/Healthy/Corn_Health (979).jpg,corn,Healthy,corn_Healthy,Corn_Health (979).jpg,12620,9
leaf workshop/corn_dataset/Gray_Leaf_Spot/Corn_Gray_Spot (255).jpg,corn,Gray_Leaf_Spot,corn_Gray_Leaf_Spot,Corn_Gray_Spot (255).jpg,10645,8
leaf workshop/corn_dataset/Gray_Leaf_Spot/Corn_Gray_Spot (213).jpg,corn,Gray_Leaf_Spot,corn_Gray_Leaf_Spot,Corn_Gray_Spot (213).jpg,14781,8
leaf workshop/potato_dataset/Potato___Late_blight/bb19c5f3-2937-4c87-b964-d922088f4b19___RS_LB 4950.JPG,potato,Potato___Late_blight,potato_Potato___Late_blight,bb19c5f3-2937-4c87-b964-d922088f4b19___RS_LB 4950.JPG,17195,16
leaf workshop/corn_dataset/Common_Rust/Corn_Common_Rust (354).JPG,corn,Common_Rust,corn_Common_Rust,Corn_Common_Rust (354).JPG,11476,7
leaf workshop/corn_dataset/Common_Rust/Corn_Common_Rust (642).JPG,corn,Common_Rust,corn_Common_Rust,Corn_Common_Rust (642).JPG,11521,7
leaf workshop/potato_dataset/Potato___healthy/Potato_healthy-105-_0_1247.jpg,potato,Potato___healthy,potato_Potato___healthy,Potato_healthy-105-_0_1247.jpg,14444,17
leaf workshop/BANANA/Yellow banana/81_jpg.rf.b0cd8dedc003a323e41161ec5bfa429a.jpg,banana,Yellow banana,banana_Yellow banana,81_jpg.rf.b0cd8dedc003a323e41161ec5bfa429a.jpg,12996,2
leaf workshop/coffee_dataset/leaf_rust/140.jpg,coffee,leaf_rust,coffee_leaf_rust,140.jpg,161733,4
leaf workshop/corn_dataset/Blight/Corn_Blight (842).JPG,corn,Blight,corn_Blight,Corn_Blight (842).JPG,10948,6
leaf workshop/corn_dataset/Blight/Corn_Blight (340).JPG,corn,Blight,corn_Blight,Corn_Blight (340).JPG,11196,6
leaf workshop/ORANGE/orange/fotonoticia_20180508110600_1200_jpg.rf.dc17693d45b1b775af5804f1a3f0d4f2.jpg,orange,orange,orange_orange,fotonoticia_20180508110600_1200_jpg.rf.dc17693d45b1b775af5804f1a3f0d4f2.jpg,47212,14
leaf workshop/corn_dataset/Gray_Leaf_Spot/Corn_Gray_Spot (2).jpg,corn,Gray_Leaf_Spot,corn_Gray_Leaf_Spot,Corn_Gray_Spot (2).jpg,68561,8
leaf workshop/corn_dataset/Common_Rust/Corn_Common_Rust (265).JPG,corn,Common_Rust,corn_Common_Rust,Corn_Common_Rust (265).JPG,17213,7
leaf workshop/coffee_dataset/phoma/248.jpg,coffee,phoma,coffee_phoma,248.jpg,112827,5
leaf workshop/corn_dataset/Common_Rust/Corn_Common_Rust (244).JPG,corn,Common_Rust,corn_Common_Rust,Corn_Common_Rust (244).JPG,11539,7
leaf workshop/ORANGE/Ripe orange/74_jpg.rf.489c4dc29db82b25096922111bbfdf36.jpg,orange,Ripe orange,orange_Ripe orange,74_jpg.rf.489c4dc29db82b25096922111bbfdf36.jpg,41308,13
leaf workshop/corn_dataset/Healthy/Corn_Health (577).jpg,corn,Healthy,corn_Healthy,Corn_Health (577).jpg,12695,9
leaf workshop/BANANA/Rotten banana/translation_Screen-Shot-2018-06-12-at-9_14_43-PM_png.rf.9d57e8b527db97f9227327bedc99f031.jpg,banana,Rotten banana,banana_Rotten banana,translation_Screen-Shot-2018-06-12-at-9_14_43-PM_png.rf.9d57e8b527db97f9227327bedc99f031.jpg,22695,1
leaf workshop/corn_dataset/Common_Rust/Corn_Common_Rust (1120).JPG,corn,Common_Rust,corn_Common_Rust,Corn_Common_Rust (1120).JPG,13099,7
leaf workshop/corn_dataset/Common_Rust/Corn_Common_Rust (124).JPG,corn,Common_Rust,corn_Common_Rust,Corn_Common_Rust (124).JPG,14951,7
leaf workshop/ORANGE/orange/1000_F_340612242_riUaoYn7qOdaAJ66sjGBBcWM9eBC3KJk_jpg.rf.f6d1c81edabe2791331e425ed02afa13.jpg,orange,orange,orange_orange,1000_F_340612242_riUaoYn7qOdaAJ66sjGBBcWM9eBC3KJk_jpg.rf.f6d1c81edabe2791331e425ed02afa13.jpg,27919,14
leaf workshop/corn_dataset/Healthy/Corn_Health (578).jpg,corn,Healthy,corn_Healthy,Corn_Health (578).jpg,7341,9
leaf workshop/ORANGE/orange/oranges__04898-1484393649-1280-1280_jpg.rf.3a0960ca4e893f4a6833118644123c58.jpg,orange,orange,orange_orange,oranges__04898-1484393649-1280-1280_jpg.rf.3a0960ca4e893f4a6833118644123c58.jpg,25995,14
leaf workshop/corn_dataset/Common_Rust/Corn_Common_Rust (1068).JPG,corn,Common_Rust,corn_Common_Rust,Corn_Common_Rust (1068).JPG,15080,7
leaf workshop/corn_dataset/Healthy/Corn_Health (476).jpg,corn,Healthy,corn_Healthy,Corn_Health (476).jpg,13818,9
leaf workshop/corn_dataset/Gray_Leaf_Spot/Corn_Gray_Spot (406).JPG,corn,Gray_Leaf_Spot,corn_Gray_Leaf_Spot,Corn_Gray_Spot (406).JPG,14201,8
leaf workshop/corn_dataset/Common_Rust/Corn_Common_Rust (122).JPG,corn,Common_Rust,corn_Common_Rust,Corn_Common_Rust (122).JPG,17037,7
leaf workshop/corn_dataset/Healthy/Corn_Health (402).jpg,corn,Healthy,corn_Healthy,Corn_Health (402).jpg,8142,9
leaf workshop/corn_dataset/Healthy/Corn_Health (127).jpg,corn,Healthy,corn_Healthy,Corn_Health (127).jpg,15410,9
leaf workshop/ORANGE/orange/naranjas-naturales-sin-tratar_jpg.rf.53951b5297a3f27c4e2f5c1e0d058801.jpg,orange,orange,orange_orange,naranjas-naturales-sin-tratar_jpg.rf.53951b5297a3f27c4e2f5c1e0d058801.jpg,26326,14
leaf workshop/corn_dataset/Gray_Leaf_Spot/Corn_Gray_Spot (371).JPG,corn,Gray_Leaf_Spot,corn_Gray_Leaf_Spot,Corn_Gray_Spot (371).JPG,13752,8
leaf workshop/corn_dataset/Common_Rust/Corn_Common_Rust (450).JPG,corn,Common_Rust,corn_Common_Rust,Corn_Common_Rust (450).JPG,11508,7
leaf workshop/corn_dataset/Healthy/Corn_Health (560).jpg,corn,Healthy,corn_Healthy,Corn_Health (560).jpg,9797,9
leaf workshop/corn_dataset/Common_Rust/Corn_Common_Rust (462).JPG,corn,Common_Rust,corn_Common_Rust,Corn_Common_Rust (462).JPG,12972,7
leaf workshop/corn_dataset/Gray_Leaf_Spot/Corn_Gray_Spot (382).JPG,corn,Gray_Leaf_Spot,corn_Gray_Leaf_Spot,Corn_Gray_Spot (382).JPG,15359,8
leaf workshop/corn_dataset/Blight/Corn_Blight (721).JPG,corn,Blight,corn_Blight,Corn_Blight (721).JPG,17246,6
leaf workshop/corn_dataset/Healthy/Corn_Health (113).jpg,corn,Healthy,corn_Healthy,Corn_Health (113).jpg,11014,9
leaf workshop/corn_dataset/Healthy/Corn_Health (897).jpg,corn,Healthy,corn_Healthy,Corn_Health (897).jpg,13634,9
leaf workshop/potato_dataset/Potato___Late_blight/dac19eb9-e4e3-4ca1-8183-268b839901c4___RS_LB 5208.JPG,potato,Potato___Late_blight,potato_Potato___Late_blight,dac19eb9-e4e3-4ca1-8183-268b839901c4___RS_LB 5208.JPG,14870,16
leaf workshop/MANGO/Yellow mango/20230305_052147105_iOS_jpg.rf.1ea52ae09214bb8889b45fd324f2107a.jpg,mango,Yellow mango,mango_Yellow mango,20230305_052147105_iOS_jpg.rf.1ea52ae09214bb8889b45fd324f2107a.jpg,19398,12
leaf workshop/potato_dataset/Potato___Late_blight/f083d357-23f8-45e6-9fac-87e5d0ab9cac___RS_LB 3317.JPG,potato,Potato___Late_blight,potato_Potato___Late_blight,f083d357-23f8-45e6-9fac-87e5d0ab9cac___RS_LB 3317.JPG,20189,16
leaf workshop/ORANGE/Ripe orange/86_jpg.rf.88dba8998bb151f1478c015c39cd0bdf.jpg,orange,Ripe orange,orange_Ripe orange,86_jpg.rf.88dba8998bb151f1478c015c39cd0bdf.jpg,26077,13
leaf workshop/corn_dataset/Gray_Leaf_Spot/Corn_Gray_Spot (204).JPG,corn,Gray_Leaf_Spot,corn_Gray_Leaf_Spot,Corn_Gray_Spot (204).JPG,19407,8
leaf workshop/corn_dataset/Blight/Corn_Blight (52).jpg,corn,Blight,corn_Blight,Corn_Blight (52).jpg,137946,6
leaf workshop/potato_dataset/Potato___healthy/Potato_healthy-115-_0_4188.jpg,potato,Potato___healthy,potato_Potato___healthy,Potato_healthy-115-_0_4188.jpg,17085,17
leaf workshop/corn_dataset/Common_Rust/Corn_Common_Rust (161).JPG,corn,Common_Rust,corn_Common_Rust,Corn_Common_Rust (161).JPG,18084,7
leaf workshop/corn_dataset/Common_Rust/Corn_Common_Rust (270).JPG,corn,Common_Rust,corn_Common_Rust,Corn_Common_Rust (270).JPG,15676,7
leaf workshop/corn_dataset/Blight/Corn_Blight (152).JPG,corn,Blight,corn_Blight,Corn_Blight (152).JPG,13646,6
leaf workshop/MANGO/Yellow mango/20230305_052144199_iOS_jpg.rf.03f57bcd507d0f416f2d398138d7eb5d.jpg,mango,Yellow mango,mango_Yellow mango,20230305_052144199_iOS_jpg.rf.03f57bcd507d0f416f2d398138d7eb5d.jpg,20093,12
leaf workshop/corn_dataset/Common_Rust/Corn_Common_Rust (151).JPG,corn,Common_Rust,corn_Common_Rust,Corn_Common_Rust (151).JPG,15953,7
leaf workshop/corn_dataset/Healthy/Corn_Health (1029).jpg,corn,Healthy,corn_Healthy,Corn_Health (1029).jpg,6339,9
leaf workshop/BANANA/Rotten banana/vertical_flip_Screen-Shot-2018-06-12-at-9_00_17-PM_png.rf.18fad2c2f1c2de5e69e7691c4f5e971a.jpg,banana,Rotten banana,banana_Rotten banana,vertical_flip_Screen-Shot-2018-06-12-at-9_00_17-PM_png.rf.18fad2c2f1c2de5e69e7691c4f5e971a.jpg,16163,1
leaf workshop/corn_dataset/Common_Rust/Corn_Common_Rust (597).JPG,corn,Common_Rust,corn_Common_Rust,Corn_Common_Rust (597).JPG,15835,7
leaf workshop/corn_dataset/Common_Rust/Corn_Common_Rust (380).JPG,corn,Common_Rust,corn_Common_Rust,Corn_Common_Rust (380).JPG,13167,7
leaf workshop/corn_dataset/Blight/Corn_Blight (1074).JPG,corn,Blight,corn_Blight,Corn_Blight (1074).JPG,14639,6
leaf workshop/corn_dataset/Blight/Corn_Blight (798).JPG,corn,Blight,corn_Blight,Corn_Blight (798).JPG,14319,6
leaf workshop/potato_dataset/Potato___healthy/Potato_healthy-139-_0_7450.jpg,potato,Potato___healthy,potato_Potato___healthy,Potato_healthy-139-_0_7450.jpg,13358,17
leaf workshop/ORANGE/orange/img_491_jpeg.rf.9cc1e2857961c3b2f08095409facfa8d.jpg,orange,orange,orange_orange,img_491_jpeg.rf.9cc1e2857961c3b2f08095409facfa8d.jpg,39717,14
leaf workshop/corn_dataset/Healthy/Corn_Health (498).jpg,corn,Healthy,corn_Healthy,Corn_Health (498).jpg,12446,9
leaf workshop/BANANA/Rotten banana/vertical_flip_Screen-Shot-2018-06-12-at-9_07_08-PM_png.rf.d5ed5a68f0b8471524ef7f11372382a2.jpg,banana,Rotten banana,banana_Rotten banana,vertical_flip_Screen-Shot-2018-06-12-at-9_07_08-PM_png.rf.d5ed5a68f0b8471524ef7f11372382a2.jpg,14490,1
leaf workshop/corn_dataset/Healthy/Corn_Health (966).jpg,corn,Healthy,corn_Healthy,Corn_Health (966).jpg,16585,9
leaf workshop/corn_dataset/Healthy/Corn_Health (703).jpg,corn,Healthy,corn_Healthy,Corn_Health (703).jpg,15161,9
leaf workshop/MANGO/Green mango/WIN_20230323_14_44_13_Pro_jpg.rf.4555bb5b4a5dfb68e9e20b13c88a6940.jpg,mango,Green mango,mango_Green mango,WIN_20230323_14_44_13_Pro_jpg.rf.4555bb5b4a5dfb68e9e20b13c88a6940.jpg,23415,10
leaf workshop/corn_dataset/Common_Rust/Corn_Common_Rust (698).JPG,corn,Common_Rust,corn_Common_Rust,Corn_Common_Rust (698).JPG,13703,7
leaf workshop/potato_dataset/Potato___healthy/Potato_healthy-120-_0_9822.jpg,potato,Potato___healthy,potato_Potato___healthy,Potato_healthy-120-_0_9822.jpg,16002,17
leaf workshop/potato_dataset/Potato___Early_blight/dd875158-7897-4f5d-ada1-46e7e382ea96___RS_Early.B 7912.JPG,potato,Potato___Early_blight,potato_Potato___Early_blight,dd875158-7897-4f5d-ada1-46e7e382ea96___RS_Early.B 7912.JPG,21414,15
leaf workshop/corn_dataset/Blight/Corn_Blight (456).JPG,corn,Blight,corn_Blight,Corn_Blight (456).JPG,11197,6
leaf workshop/corn_dataset/Blight/Corn_Blight (161).JPG,corn,Blight,corn_Blight,Corn_Blight (161).JPG,13001,6
leaf workshop/corn_dataset/Healthy/Corn_Health (233).jpg,corn,Healthy,corn_Healthy,Corn_Health (233).jpg,9168,9
leaf workshop/ORANGE/orange/image10_jpeg_jpg.rf.3389673a3285d4f22c7e8c44d9877a60.jpg,orange,orange,orange_orange,image10_jpeg_jpg.rf.3389673a3285d4f22c7e8c44d9877a60.jpg,21137,14
leaf workshop/corn_dataset/Healthy/Corn_Health (396).jpg,corn,Healthy,corn_Healthy,Corn_Health (396).jpg,15390,9
leaf workshop/potato_dataset/Potato___Late_blight/e25a378e-0aa3-4ac6-b0b1-281a500b9502___RS_LB 4835.JPG,potato,Potato___Late_blight,potato_Potato___Late_blight,e25a378e-0aa3-4ac6-b0b1-281a500b9502___RS_LB 4835.JPG,18529,16
leaf workshop/corn_dataset/Healthy/Corn_Health (313).jpg,corn,Healthy,corn_Healthy,Corn_Health (313).jpg,12907,9
leaf workshop/corn_dataset/Common_Rust/Corn_Common_Rust (273).JPG,corn,Common_Rust,corn_Common_Rust,Corn_Common_Rust (273).JPG,14603,7
leaf workshop/corn_dataset/Gray_Leaf_Spot/Corn_Gray_Spot (386).JPG,corn,Gray_Leaf_Spot,corn_Gray_Leaf_Spot,Corn_Gray_Spot (386).JPG,16971,8
leaf workshop/corn_dataset/Healthy/Corn_Health (813).jpg,corn,Healthy,corn_Healthy,Corn_Health (813).jpg,10652,9
leaf workshop/ORANGE/orange/img_291_jpeg.rf.a00cc83668c7f6366d7b8ed10428176f.jpg,orange,orange,orange_orange,img_291_jpeg.rf.a00cc83668c7f6366d7b8ed10428176f.jpg,26384,14
leaf workshop/corn_dataset/Blight/Corn_Blight (679).JPG,corn,Blight,corn_Blight,Corn_Blight (679).JPG,17455,6
leaf workshop/corn_dataset/Healthy/Corn_Health (1070).jpg,corn,Healthy,corn_Healthy,Corn_Health (1070).jpg,15307,9
leaf workshop/corn_dataset/Common_Rust/Corn_Common_Rust (1242).JPG,corn,Common_Rust,corn_Common_Rust,Corn_Common_Rust (1242).JPG,14480,7
leaf workshop/corn_dataset/Gray_Leaf_Spot/Corn_Gray_Spot (539).JPG,corn,Gray_Leaf_Spot,corn_Gray_Leaf_Spot,Corn_Gray_Spot (539).JPG,18633,8
leaf workshop/corn_dataset/Common_Rust/Corn_Common_Rust (240).JPG,corn,Common_Rust,corn_Common_Rust,Corn_Common_Rust (240).JPG,12703,7
leaf workshop/corn_dataset/Blight/Corn_Blight (108).jpg,corn,Blight,corn_Blight,Corn_Blight (108).jpg,95892,6
leaf workshop/MANGO/Green mango/WIN_20230323_14_31_29_Pro_jpg.rf.f36229c5afd13fc860d42bac82475f3e.jpg,mango,Green mango,mango_Green mango,WIN_20230323_14_31_29_Pro_jpg.rf.f36229c5afd13fc860d42bac82475f3e.jpg,21010,10
leaf workshop/corn_dataset/Gray_Leaf_Spot/Corn_Gray_Spot (550).JPG,corn,Gray_Leaf_Spot,corn_Gray_Leaf_Spot,Corn_Gray_Spot (550).JPG,13828,8
leaf workshop/corn_dataset/Blight/Corn_Blight (460).JPG,corn,Blight,corn_Blight,Corn_Blight (460).JPG,16295,6
leaf workshop/corn_dataset/Healthy/Corn_Health (563).jpg,corn,Healthy,corn_Healthy,Corn_Health (563).jpg,15075,9
leaf workshop/coffee_dataset/healthy/194.jpg,coffee,healthy,coffee_healthy,194.jpg,133182,3
leaf workshop/corn_dataset/Healthy/Corn_Health (750).jpg,corn,Healthy,corn_Healthy,Corn_Health (750).jpg,12800,9
leaf workshop/corn_dataset/Gray_Leaf_Spot/Corn_Gray_Spot (220).JPG,corn,Gray_Leaf_Spot,corn_Gray_Leaf_Spot,Corn_Gray_Spot (220).JPG,17604,8
leaf workshop/MANGO/Yellow mango/20230305_052140346_iOS_jpg.rf.0fb299a18aef29d5ddb3a921b65cc652.jpg,mango,Yellow mango,mango_Yellow mango,20230305_052140346_iOS_jpg.rf.0fb299a18aef29d5ddb3a921b65cc652.jpg,21616,12
leaf workshop/corn_dataset/Blight/Corn_Blight (1111).jpg,corn,Blight,corn_Blight,Corn_Blight (1111).jpg,273780,6
leaf workshop/corn_dataset/Healthy/Corn_Health (621).jpg,corn,Healthy,corn_Healthy,Corn_Health (621).jpg,17427,9
leaf workshop/corn_dataset/Gray_Leaf_Spot/Corn_Gray_Spot (484).JPG,corn,Gray_Leaf_Spot,corn_Gray_Leaf_Spot,Corn_Gray_Spot (484).JPG,14146,8
leaf workshop/corn_dataset/Healthy/Corn_Health (930).jpg,corn,Healthy,corn_Healthy,Corn_Health (930).jpg,6832,9
leaf workshop/corn_dataset/Common_Rust/Corn_Common_Rust (323).JPG,corn,Common_Rust,corn_Common_Rust,Corn_Common_Rust (323).JPG,11384,7
leaf workshop/potato_dataset/Potato___healthy/Potato_healthy-131-_0_1918.jpg,potato,Potato___healthy,potato_Potato___healthy,Potato_healthy-131-_0_1918.jpg,16823,17
leaf workshop/corn_dataset/Healthy/Corn_Health (369).jpg,corn,Healthy,corn_Healthy,Corn_Health (369).jpg,15683,9
leaf workshop/BANANA/Yellow banana/200453_jpg.rf.ba9a19ec970b93ef5dec9001d4496a01.jpg,banana,Yellow banana,banana_Yellow banana,200453_jpg.rf.ba9a19ec970b93ef5dec9001d4496a01.jpg,51756,2
leaf workshop/coffee_dataset/healthy/689.jpg,coffee,healthy,coffee_healthy,689.jpg,149457,3
leaf workshop/corn_dataset/Common_Rust/Corn_Common_Rust (514).JPG,corn,Common_Rust,corn_Common_Rust,Corn_Common_Rust (514).JPG,14295,7
leaf workshop/corn_dataset/Blight/Corn_Blight (1010).JPG,corn,Blight,corn_Blight,Corn_Blight (1010).JPG,12844,6
leaf workshop/ORANGE/orange/images110_jpg.rf.0913bed0725b3c5cce4c878bf16d9722.jpg,orange,orange,orange_orange,images110_jpg.rf.0913bed0725b3c5cce4c878bf16d9722.jpg,14943,14
leaf workshop/corn_dataset/Gray_Leaf_Spot/Corn_Gray_Spot (99).JPG,corn,Gray_Leaf_Spot,corn_Gray_Leaf_Spot,Corn_Gray_Spot (99).JPG,18450,8
leaf workshop/corn_dataset/Healthy/Corn_Health (943).jpg,corn,Healthy,corn_Healthy,Corn_Health (943).jpg,9152,9
leaf workshop/corn_dataset/Blight/Corn_Blight (322).JPG,corn,Blight,corn_Blight,Corn_Blight (322).JPG,18538,6
leaf workshop/ORANGE/Ripe orange/78_jpg.rf.b89abb2ed219e36720a979c964f2d1e5.jpg,orange,Ripe orange,orange_Ripe orange,78_jpg.rf.b89abb2ed219e36720a979c964f2d1e5.jpg,27505,13
leaf workshop/corn_dataset/Blight/Corn_Blight (125).jpg,corn,Blight,corn_Blight,Corn_Blight (125).jpg,15062,6
leaf workshop/potato_dataset/Potato___healthy/Potato_healthy-111-_0_5138.jpg,potato,Potato___healthy,potato_Potato___healthy,Potato_healthy-111-_0_5138.jpg,19297,17
leaf workshop/corn_dataset/Healthy/Corn_Health (489).jpg,corn,Healthy,corn_Healthy,Corn_Health (489).jpg,15405,9
leaf workshop/corn_dataset/Gray_Leaf_Spot/Corn_Gray_Spot (102).JPG,corn,Gray_Leaf_Spot,corn_Gray_Leaf_Spot,Corn_Gray_Spot (102).JPG,11997,8
leaf workshop/potato_dataset/Potato___healthy/Potato_healthy-133-_0_1971.jpg,potato,Potato___healthy,potato_Potato___healthy,Potato_healthy-133-_0_1971.jpg,14248,17
leaf workshop/corn_dataset/Common_Rust/Corn_Common_Rust (400).JPG,corn,Common_Rust,corn_Common_Rust,Corn_Common_Rust (400).JPG,13833,7
leaf workshop/corn_dataset/Gray_Leaf_Spot/Corn_Gray_Spot (342).JPG,corn,Gray_Leaf_Spot,corn_Gray_Leaf_Spot,Corn_Gray_Spot (342).JPG,11745,8
leaf workshop/ORANGE/orange/00063_Naranja_amarga_jpg.rf.684afdc27eb2cbc66c6cb9ad22bd8801.jpg,orange,orange,orange_orange,00063_Naranja_amarga_jpg.rf.684afdc27eb2cbc66c6cb9ad22bd8801.jpg,32368,14
leaf workshop/ORANGE/Ripe orange/61_jpg.rf.41aa4b8cc8aba5d3295263117745fe0e.jpg,orange,Ripe orange,orange_Ripe orange,61_jpg.rf.41aa4b8cc8aba5d3295263117745fe0e.jpg,44110,13
leaf workshop/corn_dataset/Gray_Leaf_Spot/Corn_Gray_Spot (452).JPG,corn,Gray_Leaf_Spot,corn_Gray_Leaf_Spot,Corn_Gray_Spot (452).JPG,12836,8
leaf workshop/potato_dataset/Potato___healthy/Potato_healthy-149-_0_6348.jpg,potato,Potato___healthy,potato_Potato___healthy,Potato_healthy-149-_0_6348.jpg,17572,17
leaf workshop/ORANGE/Ripe orange/53_jpg.rf.ec061a9b46b46f6248135d73e0a6f418.jpg,orange,Ripe orange,orange_Ripe orange,53_jpg.rf.ec061a9b46b46f6248135d73e0a6f418.jpg,20195,13
leaf workshop/potato_dataset/Potato___Late_blight/fe3eb287-4bb0-4a6f-b50e-253370bd19dd___RS_LB 4073.JPG,potato,Potato___Late_blight,potato_Potato___Late_blight,fe3eb287-4bb0-4a6f-b50e-253370bd19dd___RS_LB 4073.JPG,11764,16
leaf workshop/potato_dataset/Potato___Late_blight/f37f6160-4f5b-447f-b497-cc6eb7662e3b___RS_LB 4951.JPG,potato,Potato___Late_blight,potato_Potato___Late_blight,f37f6160-4f5b-447f-b497-cc6eb7662e3b___RS_LB 4951.JPG,19271,16
leaf workshop/corn_dataset/Blight/Corn_Blight (297).JPG,corn,Blight,corn_Blight,Corn_Blight (297).JPG,13402,6
leaf workshop/ORANGE/orange/image20_jpeg_jpg.rf.a294f257ced343aaa9f754cd649f81e9.jpg,orange,orange,orange_orange,image20_jpeg_jpg.rf.a294f257ced343aaa9f754cd649f81e9.jpg,30584,14
leaf workshop/corn_dataset/Healthy/Corn_Health (256).jpg,corn,Healthy,corn_Healthy,Corn_Health (256).jpg,8979,9
leaf workshop/potato_dataset/Potato___healthy/Potato_healthy-128-_0_4595.jpg,potato,Potato___healthy,potato_Potato___healthy,Potato_healthy-128-_0_4595.jpg,14177,17
leaf workshop/MANGO/Rotten Mango/20230305_062113309_iOS_jpg.rf.d7a3763724c0c38fa9dfacad4f919710.jpg,mango,Rotten Mango,mango_Rotten Mango,20230305_062113309_iOS_jpg.rf.d7a3763724c0c38fa9dfacad4f919710.jpg,20967,11
leaf workshop/coffee_dataset/healthy/212.jpg,coffee,healthy,coffee_healthy,212.jpg,140827,3
leaf workshop/potato_dataset/Potato___Late_blight/de0ae213-3479-4f07-b7f8-d59607a2caa8___RS_LB 2528.JPG,potato,Potato___Late_blight,potato_Potato___Late_blight,de0ae213-3479-4f07-b7f8-d59607a2caa8___RS_LB 2528.JPG,17205,16
leaf workshop/corn_dataset/Blight/Corn_Blight (352).JPG,corn,Blight,corn_Blight,Corn_Blight (352).JPG,16679,6
leaf workshop/corn_dataset/Healthy/Corn_Health (692).jpg,corn,Healthy,corn_Healthy,Corn_Health (692).jpg,6689,9
leaf workshop/corn_dataset/Common_Rust/Corn_Common_Rust (135).JPG,corn,Common_Rust,corn_Common_Rust,Corn_Common_Rust (135).JPG,13397,7
leaf workshop/corn_dataset/Common_Rust/Corn_Common_Rust (246).JPG,corn,Common_Rust,corn_Common_Rust,Corn_Common_Rust (246).JPG,16369,7
leaf workshop/coffee_dataset/healthy/691.jpg,coffee,healthy,coffee_healthy,691.jpg,149322,3
leaf workshop/corn_dataset/Common_Rust/Corn_Common_Rust (304).JPG,corn,Common_Rust,corn_Common_Rust,Corn_Common_Rust (304).JPG,11091,7
leaf workshop/corn_dataset/Healthy/Corn_Health (384).jpg,corn,Healthy,corn_Healthy,Corn_Health (384).jpg,13180,9
leaf workshop/corn_dataset/Healthy/Corn_Health (548).jpg,corn,Healthy,corn_Healthy,Corn_Health (548).jpg,18659,9
leaf workshop/BANANA/Yellow banana/115_JPG_jpg.rf.74574f9a62fdf0e92c7cb207f0ca800e.jpg,banana,Yellow banana,banana_Yellow banana,115_JPG_jpg.rf.74574f9a62fdf0e92c7cb207f0ca800e.jpg,33223,2
leaf workshop/potato_dataset/Potato___Early_blight/ec6b34ed-69c6-466a-81a9-4ca18eb25275___RS_Early.B 7038.JPG,potato,Potato___Early_blight,potato_Potato___Early_blight,ec6b34ed-69c6-466a-81a9-4ca18eb25275___RS_Early.B 7038.JPG,18866,15
leaf workshop/corn_dataset/Healthy/Corn_Health (1067).jpg,corn,Healthy,corn_Healthy,Corn_Health (1067).jpg,6853,9
leaf workshop/corn_dataset/Common_Rust/Corn_Common_Rust (593).JPG,corn,Common_Rust,corn_Common_Rust,Corn_Common_Rust (593).JPG,14550,7
leaf workshop/corn_dataset/Gray_Leaf_Spot/Corn_Gray_Spot (489).JPG,corn,Gray_Leaf_Spot,corn_Gray_Leaf_Spot,Corn_Gray_Spot (489).JPG,14987,8
leaf workshop/potato_dataset/Potato___Late_blight/d6a4ae30-77a6-458c-99e4-c817e7234aa3___RS_LB 4706.JPG,potato,Potato___Late_blight,potato_Potato___Late_blight,d6a4ae30-77a6-458c-99e4-c817e7234aa3___RS_LB 4706.JPG,12735,16
leaf workshop/potato_dataset/Potato___Late_blight/d20fef22-7016-4115-9930-a66b32c718c6___RS_LB 4417.JPG,potato,Potato___Late_blight,potato_Potato___Late_blight,d20fef22-7016-4115-9930-a66b32c718c6___RS_LB 4417.JPG,14415,16
leaf workshop/corn_dataset/Blight/Corn_Blight (488).JPG,corn,Blight,corn_Blight,Corn_Blight (488).JPG,13941,6
leaf workshop/corn_dataset/Healthy/Corn_Health (374).jpg,corn,Healthy,corn_Healthy,Corn_Health (374).jpg,14332,9
leaf workshop/corn_dataset/Blight/Corn_Blight (450).JPG,corn,Blight,corn_Blight,Corn_Blight (450).JPG,12286,6
leaf workshop/corn_dataset/Healthy/Corn_Health (840).jpg,corn,Healthy,corn_Healthy,Corn_Health (840).jpg,8794,9
leaf workshop/corn_dataset/Blight/Corn_Blight (22).jpg,corn,Blight,corn_Blight,Corn_Blight (22).jpg,44595,6
leaf workshop/potato_dataset/Potato___healthy/Potato_healthy-149-_0_3442.jpg,potato,Potato___healthy,potato_Potato___healthy,Potato_healthy-149-_0_3442.jpg,16670,17
leaf workshop/corn_dataset/Blight/Corn_Blight (11).jpg,corn,Blight,corn_Blight,Corn_Blight (11).jpg,83607,6
leaf workshop/potato_dataset/Potato___Late_blight/d6fd274a-f184-482f-8043-b2fff10644ee___RS_LB 3962.JPG,potato,Potato___Late_blight,potato_Potato___Late_blight,d6fd274a-f184-482f-8043-b2fff10644ee___RS_LB 3962.JPG,15507,16
leaf workshop/BANANA/Green banana/129_jpg.rf.9d913f778fd8fc8fad0073d19ab30c36.jpg,banana,Green banana,banana_Green banana,129_jpg.rf.9d913f778fd8fc8fad0073d19ab30c36.jpg,25147,0
leaf workshop/potato_dataset/Potato___healthy/Potato_healthy-139-_0_5934.jpg,potato,Potato___healthy,potato_Potato___healthy,Potato_healthy-139-_0_5934.jpg,13171,17
leaf workshop/corn_dataset/Healthy/Corn_Health (849).jpg,corn,Healthy,corn_Healthy,Corn_Health (849).jpg,10924,9
leaf workshop/BANANA/Yellow banana/200265_jpg.rf.26fbbabd852ad37c2aee08e9f12239c9.jpg,banana,Yellow banana,banana_Yellow banana,200265_jpg.rf.26fbbabd852ad37c2aee08e9f12239c9.jpg,34129,2
leaf workshop/corn_dataset/Healthy/Corn_Health (779).jpg,corn,Healthy,corn_Healthy,Corn_Health (779).jpg,16593,9
leaf workshop/MANGO/Green mango/WIN_20230323_14_50_44_Pro_jpg.rf.9b48c18cec7efc5f6412969de5de8a71.jpg,mango,Green mango,mango_Green mango,WIN_20230323_14_50_44_Pro_jpg.rf.9b48c18cec7efc5f6412969de5de8a71.jpg,21835,10
leaf workshop/corn_dataset/Healthy/Corn_Health (316).jpg,corn,Healthy,corn_Healthy,Corn_Health (316).jpg,7350,9
leaf workshop/corn_dataset/Blight/Corn_Blight (1025).JPG,corn,Blight,corn_Blight,Corn_Blight (1025).JPG,14259,6
leaf workshop/corn_dataset/Blight/Corn_Blight (1076).jpg,corn,Blight,corn_Blight,Corn_Blight (1076).jpg,14839,6
leaf workshop/corn_dataset/Healthy/Corn_Health (373).jpg,corn,Healthy,corn_Healthy,Corn_Health (373).jpg,11378,9
leaf workshop/corn_dataset/Healthy/Corn_Health (913).jpg,corn,Healthy,corn_Healthy,Corn_Health (913).jpg,14727,9
leaf workshop/ORANGE/Ripe orange/35_jpg.rf.3569391f4458665c50dab00852e24d1e.jpg,orange,Ripe orange,orange_Ripe orange,35_jpg.rf.3569391f4458665c50dab00852e24d1e.jpg,41744,13
leaf workshop/corn_dataset/Gray_Leaf_Spot/Corn_Gray_Spot (336).JPG,corn,Gray_Leaf_Spot,corn_Gray_Leaf_Spot,Corn_Gray_Spot (336).JPG,13542,8
leaf workshop/corn_dataset/Blight/Corn_Blight (1107).jpg,corn,Blight,corn_Blight,Corn_Blight (1107).jpg,408822,6
leaf workshop/ORANGE/Ripe orange/56_jpg.rf.1a0ba98b7e3423c05049f5a614a6bb49.jpg,orange,Ripe orange,orange_Ripe orange,56_jpg.rf.1a0ba98b7e3423c05049f5a614a6bb49.jpg,21945,13
leaf workshop/corn_dataset/Common_Rust/Corn_Common_Rust (570).JPG,corn,Common_Rust,corn_Common_Rust,Corn_Common_Rust (570).JPG,14936,7
leaf workshop/corn_dataset/Blight/Corn_Blight (407).JPG,corn,Blight,corn_Blight,Corn_Blight (407).JPG,13929,6
leaf workshop/corn_dataset/Healthy/Corn_Health (947).jpg,corn,Healthy,corn_Healthy,Corn_Health (947).jpg,10545,9
leaf workshop/corn_dataset/Common_Rust/Corn_Common_Rust (1236).JPG,corn,Common_Rust,corn_Common_Rust,Corn_Common_Rust (1236).JPG,15067,7
leaf workshop/corn_dataset/Blight/Corn_Blight (924).JPG,corn,Blight,corn_Blight,Corn_Blight (924).JPG,13425,6
leaf workshop/corn_dataset/Blight/Corn_Blight (326).JPG,corn,Blight,corn_Blight,Corn_Blight (326).JPG,15492,6
leaf workshop/MANGO/Yellow mango/image-1580269828593_jpg.rf.f11a998ba7f2dd150af446960aa6ce17.jpg,mango,Yellow mango,mango_Yellow mango,image-1580269828593_jpg.rf.f11a998ba7f2dd150af446960aa6ce17.jpg,9180,12
leaf workshop/MANGO/Green mango/WIN_20230323_14_20_30_Pro_jpg.rf.62c8b74d8d12909d544893953bc579f9.jpg,mango,Green mango,mango_Green mango,WIN_20230323_14_20_30_Pro_jpg.rf.62c8b74d8d12909d544893953bc579f9.jpg,22713,10
leaf workshop/corn_dataset/Healthy/Corn_Health (909).jpg,corn,Healthy,corn_Healthy,Corn_Health (909).jpg,9780,9
leaf workshop/potato_dataset/Potato___healthy/Potato_healthy-111-_0_1596.jpg,potato,Potato___healthy,potato_Potato___healthy,Potato_healthy-111-_0_1596.jpg,18954,17
leaf workshop/BANANA/Rotten banana/translation_Screen-Shot-2018-06-12-at-9_14_01-PM_png.rf.18c07dccd3f263af1a7e3bf0496c78e9.jpg,banana,Rotten banana,banana_Rotten banana,translation_Screen-Shot-2018-06-12-at-9_14_01-PM_png.rf.18c07dccd3f263af1a7e3bf0496c78e9.jpg,26348,1
leaf workshop/potato_dataset/Potato___healthy/Potato_healthy-79-_0_8561.jpg,potato,Potato___healthy,potato_Potato___healthy,Potato_healthy-79-_0_8561.jpg,15432,17
leaf workshop/corn_dataset/Gray_Leaf_Spot/Corn_Gray_Spot (46).jpg,corn,Gray_Leaf_Spot,corn_Gray_Leaf_Spot,Corn_Gray_Spot (46).jpg,85715,8
leaf workshop/corn_dataset/Common_Rust/Corn_Common_Rust (45).jpg,corn,Common_Rust,corn_Common_Rust,Corn_Common_Rust (45).jpg,715371,7
leaf workshop/corn_dataset/Common_Rust/Corn_Common_Rust (1084).JPG,corn,Common_Rust,corn_Common_Rust,Corn_Common_Rust (1084).JPG,16038,7
leaf workshop/corn_dataset/Gray_Leaf_Spot/Corn_Gray_Spot (113).jpg,corn,Gray_Leaf_Spot,corn_Gray_Leaf_Spot,Corn_Gray_Spot (113).jpg,16675,8
leaf workshop/potato_dataset/Potato___healthy/Potato_healthy-121-_0_6987.jpg,potato,Potato___healthy,potato_Potato___healthy,Potato_healthy-121-_0_6987.jpg,16740,17
leaf workshop/corn_dataset/Blight/Corn_Blight (943).JPG,corn,Blight,corn_Blight,Corn_Blight (943).JPG,9047,6
leaf workshop/corn_dataset/Common_Rust/Corn_Common_Rust (715).JPG,corn,Common_Rust,corn_Common_Rust,Corn_Common_Rust (715).JPG,17355,7
leaf workshop/corn_dataset/Blight/Corn_Blight (89).jpg,corn,Blight,corn_Blight,Corn_Blight (89).jpg,57968,6
leaf workshop/potato_dataset/Potato___Late_blight/c7853012-d4e6-4c0d-a14d-1220a0a6d3b1___RS_LB 3871.JPG,potato,Potato___Late_blight,potato_Potato___Late_blight,c7853012-d4e6-4c0d-a14d-1220a0a6d3b1___RS_LB 3871.JPG,15618,16
leaf workshop/MANGO/Green mango/WIN_20230323_14_19_08_Pro_jpg.rf.5daa0846564ce52391298006ded1b14d.jpg,mango,Green mango,mango_Green mango,WIN_20230323_14_19_08_Pro_jpg.rf.5daa0846564ce52391298006ded1b14d.jpg,23303,10
leaf workshop/corn_dataset/Healthy/Corn_Health (455).jpg,corn,Healthy,corn_Healthy,Corn_Health (455).jpg,13424,9
leaf workshop/corn_dataset/Common_Rust/Corn_Common_Rust (407).JPG,corn,Common_Rust,corn_Common_Rust,Corn_Common_Rust (407).JPG,14098,7
leaf workshop/corn_dataset/Common_Rust/Corn_Common_Rust (346).JPG,corn,Common_Rust,corn_Common_Rust,Corn_Common_Rust (346).JPG,14708,7
leaf workshop/potato_dataset/Potato___Late_blight/c268fd1d-0a6d-46f1-bbcd-81b4e79894e6___RS_LB 2808.JPG,potato,Potato___Late_blight,potato_Potato___Late_blight,c268fd1d-0a6d-46f1-bbcd-81b4e79894e6___RS_LB 2808.JPG,19356,16
leaf workshop/potato_dataset/Potato___Early_blight/d0719ccc-a4c3-406e-bf73-94115fefde12___RS_Early.B 8569.JPG,potato,Potato___Early_blight,potato_Potato___Early_blight,d0719ccc-a4c3-406e-bf73-94115fefde12___RS_Early.B 8569.JPG,19051,15
leaf workshop/corn_dataset/Gray_Leaf_Spot/Corn_Gray_Spot (485).JPG,corn,Gray_Leaf_Spot,corn_Gray_Leaf_Spot,Corn_Gray_Spot (485).JPG,12493,8
leaf workshop/corn_dataset/Healthy/Corn_Health (375).jpg,corn,Healthy,corn_Healthy,Corn_Health (375).jpg,18554,9
leaf workshop/potato_dataset/Potato___Early_blight/c3356ff5-91b3-4673-b1d2-d47195b162cd___RS_Early.B 8352.JPG,potato,Potato___Early_blight,potato_Potato___Early_blight,c3356ff5-91b3-4673-b1d2-d47195b162cd___RS_Early.B 8352.JPG,18323,15
leaf workshop/corn_dataset/Gray_Leaf_Spot/Corn_Gray_Spot (379).JPG,corn,Gray_Leaf_Spot,corn_Gray_Leaf_Spot,Corn_Gray_Spot (379).JPG,11188,8
leaf workshop/corn_dataset/Healthy/Corn_Health (513).jpg,corn,Healthy,corn_Healthy,Corn_Health (513).jpg,12525,9
leaf workshop/corn_dataset/Healthy/Corn_Health (975).jpg,corn,Healthy,corn_Healthy,Corn_Health (975).jpg,12872,9
leaf workshop/corn_dataset/Healthy/Corn_Health (595).jpg,corn,Healthy,corn_Healthy,Corn_Health (595).jpg,12219,9
leaf workshop/corn_dataset/Healthy/Corn_Health (538).jpg,corn,Healthy,corn_Healthy,Corn_Health (538).jpg,12802,9
leaf workshop/ORANGE/Ripe orange/64_jpg.rf.ab1197d0021efa831b1fc4500bcdce3d.jpg,orange,Ripe orange,orange_Ripe orange,64_jpg.rf.ab1197d0021efa831b1fc4500bcdce3d.jpg,27454,13
leaf workshop/ORANGE/Ripe orange/26_jpg.rf.0cc87713dcbdb053b66c46ce77749358.jpg,orange,Ripe orange,orange_Ripe orange,26_jpg.rf.0cc87713dcbdb053b66c46ce77749358.jpg,25029,13
leaf workshop/corn_dataset/Healthy/Corn_Health (504).jpg,corn,Healthy,corn_Healthy,Corn_Health (504).jpg,6752,9
leaf workshop/potato_dataset/Potato___healthy/Potato_healthy-118-_0_343.jpg,potato,Potato___healthy,potato_Potato___healthy,Potato_healthy-118-_0_343.jpg,14207,17
leaf workshop/corn_dataset/Healthy/Corn_Health (858).jpg,corn,Healthy,corn_Healthy,Corn_Health (858).jpg,7369,9
leaf workshop/potato_dataset/Potato___Early_blight/d0be9a48-d0f6-4d34-9c80-3eb7631e2d8d___RS_Early.B 8143.JPG,potato,Potato___Early_blight,potato_Potato___Early_blight,d0be9a48-d0f6-4d34-9c80-3eb7631e2d8d___RS_Early.B 8143.JPG,21669,15
leaf workshop/corn_dataset/Common_Rust/Corn_Common_Rust (1269).jpg,corn,Common_Rust,corn_Common_Rust,Corn_Common_Rust (1269).jpg,211130,7
leaf workshop/corn_dataset/Blight/Corn_Blight (544).JPG,corn,Blight,corn_Blight,Corn_Blight (544).JPG,13747,6
leaf workshop/corn_dataset/Blight/Corn_Blight (382).JPG,corn,Blight,corn_Blight,Corn_Blight (382).JPG,12180,6
leaf workshop/ORANGE/Ripe orange/28_jpg.rf.b2015fe14e7ba36dd944c49f87ac845e.jpg,orange,Ripe orange,orange_Ripe orange,28_jpg.rf.b2015fe14e7ba36dd944c49f87ac845e.jpg,26235,13
leaf workshop/corn_dataset/Gray_Leaf_Spot/Corn_Gray_Spot (247).JPG,corn,Gray_Leaf_Spot,corn_Gray_Leaf_Spot,Corn_Gray_Spot (247).JPG,21961,8
leaf workshop/potato_dataset/Potato___Late_blight/d9817cc3-ef03-41e5-8892-1fddd27b7bcc___RS_LB 4878.JPG,potato,Potato___Late_blight,potato_Potato___Late_blight,d9817cc3-ef03-41e5-8892-1fddd27b7bcc___RS_LB 4878.JPG,16915,16
leaf workshop/coffee_dataset/leaf_rust/131.jpg,coffee,leaf_rust,coffee_leaf_rust,131.jpg,200773,4
leaf workshop/corn_dataset/Common_Rust/Corn_Common_Rust (745).JPG,corn,Common_Rust,corn_Common_Rust,Corn_Common_Rust (745).JPG,18812,7
leaf workshop/corn_dataset/Blight/Corn_Blight (180).JPG,corn,Blight,corn_Blight,Corn_Blight (180).JPG,11058,6
leaf workshop/corn_dataset/Blight/Corn_Blight (132).JPG,corn,Blight,corn_Blight,Corn_Blight (132).JPG,14986,6
leaf workshop/potato_dataset/Potato___Early_blight/ed78ac4f-ce50-4de8-b508-ad07b9d99176___RS_Early.B 7313.JPG,potato,Potato___Early_blight,potato_Potato___Early_blight,ed78ac4f-ce50-4de8-b508-ad07b9d99176___RS_Early.B 7313.JPG,17870,15
leaf workshop/corn_dataset/Blight/Corn_Blight (908).JPG,corn,Blight,corn_Blight,Corn_Blight (908).JPG,14589,6
leaf workshop/potato_dataset/Potato___healthy/Potato_healthy-130-_0_3286.jpg,potato,Potato___healthy,potato_Potato___healthy,Potato_healthy-130-_0_3286.jpg,15357,17
leaf workshop/potato_dataset/Potato___Early_blight/c5a12e34-99ea-443e-a67e-3f2651508773___RS_Early.B 7647.JPG,potato,Potato___Early_blight,potato_Potato___Early_blight,c5a12e34-99ea-443e-a67e-3f2651508773___RS_Early.B 7647.JPG,21318,15
leaf workshop/BANANA/Green banana/6_jpg.rf.68e8a703cca8df3f93105d80d46c1ce0.jpg,banana,Green banana,banana_Green banana,6_jpg.rf.68e8a703cca8df3f93105d80d46c1ce0.jpg,13792,0
leaf workshop/corn_dataset/Common_Rust/Corn_Common_Rust (181).JPG,corn,Common_Rust,corn_Common_Rust,Corn_Common_Rust (181).JPG,13513,7
leaf workshop/potato_dataset/Potato___healthy/Potato_healthy-140-_0_2131.jpg,potato,Potato___healthy,potato_Potato___healthy,Potato_healthy-140-_0_2131.jpg,16637,17
leaf workshop/corn_dataset/Healthy/Corn_Health (817).jpg,corn,Healthy,corn_Healthy,Corn_Health (817).jpg,9938,9
leaf workshop/corn_dataset/Common_Rust/Corn_Common_Rust (1117).JPG,corn,Common_Rust,corn_Common_Rust,Corn_Common_Rust (1117).JPG,13373,7
leaf workshop/corn_dataset/Healthy/Corn_Health (839).jpg,corn,Healthy,corn_Healthy,Corn_Health (839).jpg,18120,9
leaf workshop/corn_dataset/Common_Rust/Corn_Common_Rust (1202).JPG,corn,Common_Rust,corn_Common_Rust,Corn_Common_Rust (1202).JPG,11442,7
leaf workshop/corn_dataset/Gray_Leaf_Spot/Corn_Gray_Spot (103).JPG,corn,Gray_Leaf_Spot,corn_Gray_Leaf_Spot,Corn_Gray_Spot (103).JPG,17901,8
leaf workshop/potato_dataset/Potato___Late_blight/e9642678-b019-4ac2-a960-66fcccb2ccaa___RS_LB 2948.JPG,potato,Potato___Late_blight,potato_Potato___Late_blight,e9642678-b019-4ac2-a960-66fcccb2ccaa___RS_LB 2948.JPG,15959,16
leaf workshop/corn_dataset/Healthy/Corn_Health (173).jpg,corn,Healthy,corn_Healthy,Corn_Health (173).jpg,18400,9
leaf workshop/corn_dataset/Common_Rust/Corn_Common_Rust (664).JPG,corn,Common_Rust,corn_Common_Rust,Corn_Common_Rust (664).JPG,15392,7
leaf workshop/corn_dataset/Healthy/Corn_Health (257).jpg,corn,Healthy,corn_Healthy,Corn_Health (257).jpg,18064,9
leaf workshop/corn_dataset/Blight/Corn_Blight (119).JPG,corn,Blight,corn_Blight,Corn_Blight (119).JPG,12044,6
leaf workshop/corn_dataset/Blight/Corn_Blight (812).JPG,corn,Blight,corn_Blight,Corn_Blight (812).JPG,13256,6
leaf workshop/BANANA/Yellow banana/200632_jpg.rf.d331028eceec7ebdcd00e01c4684498b.jpg,banana,Yellow banana,banana_Yellow banana,200632_jpg.rf.d331028eceec7ebdcd00e01c4684498b.jpg,49983,2
leaf workshop/potato_dataset/Potato___Early_blight/fbbe7b93-e6da-4dc8-b1ee-ba5646a5e039___RS_Early.B 8216.JPG,potato,Potato___Early_blight,potato_Potato___Early_blight,fbbe7b93-e6da-4dc8-b1ee-ba5646a5e039___RS_Early.B 8216.JPG,20114,15
leaf workshop/corn_dataset/Healthy/Corn_Health (901).jpg,corn,Healthy,corn_Healthy,Corn_Health (901).jpg,12017,9
leaf workshop/corn_dataset/Common_Rust/Corn_Common_Rust (198).JPG,corn,Common_Rust,corn_Common_Rust,Corn_Common_Rust (198).JPG,12492,7
leaf workshop/corn_dataset/Gray_Leaf_Spot/Corn_Gray_Spot (284).JPG,corn,Gray_Leaf_Spot,corn_Gray_Leaf_Spot,Corn_Gray_Spot (284).JPG,21789,8
leaf workshop/potato_dataset/Potato___healthy/Potato_healthy-87-_0_4850.jpg,potato,Potato___healthy,potato_Potato___healthy,Potato_healthy-87-_0_4850.jpg,12885,17
leaf workshop/potato_dataset/Potato___Early_blight/be5f03e6-810f-4f22-9e5a-37a66826f7e5___RS_Early.B 6807.JPG,potato,Potato___Early_blight,potato_Potato___Early_blight,be5f03e6-810f-4f22-9e5a-37a66826f7e5___RS_Early.B 6807.JPG,21416,15
leaf workshop/corn_dataset/Common_Rust/Corn_Common_Rust (335).JPG,corn,Common_Rust,corn_Common_Rust,Corn_Common_Rust (335).JPG,11726,7
leaf workshop/BANANA/Yellow banana/121_JPG_jpg.rf.774ee012949bb74663b355c3a93b6d2c.jpg,banana,Yellow banana,banana_Yellow banana,121_JPG_jpg.rf.774ee012949bb74663b355c3a93b6d2c.jpg,18327,2
leaf workshop/corn_dataset/Healthy/Corn_Health (502).jpg,corn,Healthy,corn_Healthy,Corn_Health (502).jpg,9998,9
leaf workshop/potato_dataset/Potato___healthy/Potato_healthy-80-_0_7484.jpg,potato,Potato___healthy,potato_Potato___healthy,Potato_healthy-80-_0_7484.jpg,18641,17
leaf workshop/BANANA/Green banana/91_jpg.rf.8e0e581f8de768015e127dbd3a16bb4a.jpg,banana,Green banana,banana_Green banana,91_jpg.rf.8e0e581f8de768015e127dbd3a16bb4a.jpg,42807,0
leaf workshop/corn_dataset/Healthy/Corn_Health (379).jpg,corn,Healthy,corn_Healthy,Corn_Health (379).jpg,9097,9
leaf workshop/corn_dataset/Blight/Corn_Blight (383).JPG,corn,Blight,corn_Blight,Corn_Blight (383).JPG,18208,6
leaf workshop/corn_dataset/Blight/Corn_Blight (230).JPG,corn,Blight,corn_Blight,Corn_Blight (230).JPG,15847,6
leaf workshop/corn_dataset/Blight/Corn_Blight (62).jpg,corn,Blight,corn_Blight,Corn_Blight (62).jpg,76766,6
leaf workshop/corn_dataset/Healthy/Corn_Health (485).jpg,corn,Healthy,corn_Healthy,Corn_Health (485).jpg,17808,9
leaf workshop/corn_dataset/Common_Rust/Corn_Common_Rust (353).JPG,corn,Common_Rust,corn_Common_Rust,Corn_Common_Rust (353).JPG,13982,7
leaf workshop/corn_dataset/Healthy/Corn_Health (147).jpg,corn,Healthy,corn_Healthy,Corn_Health (147).jpg,7781,9
leaf workshop/corn_dataset/Blight/Corn_Blight (878).JPG,corn,Blight,corn_Blight,Corn_Blight (878).JPG,13561,6
leaf workshop/corn_dataset/Healthy/Corn_Health (158).jpg,corn,Healthy,corn_Healthy,Corn_Health (158).jpg,13943,9
leaf workshop/corn_dataset/Gray_Leaf_Spot/Corn_Gray_Spot (198).JPG,corn,Gray_Leaf_Spot,corn_Gray_Leaf_Spot,Corn_Gray_Spot (198).JPG,11478,8
leaf workshop/potato_dataset/Potato___healthy/Potato_healthy-150-_0_2107.jpg,potato,Potato___healthy,potato_Potato___healthy,Potato_healthy-150-_0_2107.jpg,17768,17
leaf workshop/corn_dataset/Healthy/Corn_Health (532).jpg,corn,Healthy,corn_Healthy,Corn_Health (532).jpg,11331,9
leaf workshop/corn_dataset/Blight/Corn_Blight (139).jpg,corn,Blight,corn_Blight,Corn_Blight (139).jpg,14474,6
leaf workshop/potato_dataset/Potato___Late_blight/e0460bd7-100c-411f-ae0b-f69bfe360313___RS_LB 5310.JPG,potato,Potato___Late_blight,potato_Potato___Late_blight,e0460bd7-100c-411f-ae0b-f69bfe360313___RS_LB 5310.JPG,16948,16
leaf workshop/corn_dataset/Common_Rust/Corn_Common_Rust (451).JPG,corn,Common_Rust,corn_Common_Rust,Corn_Common_Rust (451).JPG,11915,7
leaf workshop/corn_dataset/Blight/Corn_Blight (426).JPG,corn,Blight,corn_Blight,Corn_Blight (426).JPG,13981,6
leaf workshop/BANANA/Rotten banana/translation_Screen-Shot-2018-06-12-at-9_03_17-PM_png.rf.b6a9f9215f374406d17287e5b2a7b19f.jpg,banana,Rotten banana,banana_Rotten banana,translation_Screen-Shot-2018-06-12-at-9_03_17-PM_png.rf.b6a9f9215f374406d17287e5b2a7b19f.jpg,43247,1
leaf workshop/MANGO/Green mango/WIN_20230323_14_45_20_Pro_jpg.rf.7e9a96e59902d4975af00d391f370f0a.jpg,mango,Green mango,mango_Green mango,WIN_20230323_14_45_20_Pro_jpg.rf.7e9a96e59902d4975af00d391f370f0a.jpg,22777,10
leaf workshop/corn_dataset/Healthy/Corn_Health (1003).jpg,corn,Healthy,corn_Healthy,Corn_Health (1003).jpg,8872,9
leaf workshop/potato_dataset/Potato___Late_blight/e4d454e4-c1e4-4597-8e76-77a93465b41d___RS_LB 2868.JPG,potato,Potato___Late_blight,potato_Potato___Late_blight,e4d454e4-c1e4-4597-8e76-77a93465b41d___RS_LB 2868.JPG,15400,16
leaf workshop/corn_dataset/Common_Rust/Corn_Common_Rust (572).JPG,corn,Common_Rust,corn_Common_Rust,Corn_Common_Rust (572).JPG,13322,7
leaf workshop/potato_dataset/Potato___healthy/Potato_healthy-138-_0_817.jpg,potato,Potato___healthy,potato_Potato___healthy,Potato_healthy-138-_0_817.jpg,11337,17
leaf workshop/BANANA/Rotten banana/vertical_flip_Screen-Shot-2018-06-12-at-9_11_00-PM_png.rf.894430c2cedb2b152ee00a3870eb8691.jpg,banana,Rotten banana,banana_Rotten banana,vertical_flip_Screen-Shot-2018-06-12-at-9_11_00-PM_png.rf.894430c2cedb2b152ee00a3870eb8691.jpg,17250,1
leaf workshop/corn_dataset/Blight/Corn_Blight (491).jpg,corn,Blight,corn_Blight,Corn_Blight (491).jpg,16046,6
leaf workshop/ORANGE/Ripe orange/34_jpg.rf.467e6c1355317c4d7224ef648a543585.jpg,orange,Ripe orange,orange_Ripe orange,34_jpg.rf.467e6c1355317c4d7224ef648a543585.jpg,17594,13
leaf workshop/corn_dataset/Gray_Leaf_Spot/Corn_Gray_Spot (178).JPG,corn,Gray_Leaf_Spot,corn_Gray_Leaf_Spot,Corn_Gray_Spot (178).JPG,16037,8
leaf workshop/corn_dataset/Healthy/Corn_Health (1130).jpg,corn,Healthy,corn_Healthy,Corn_Health (1130).jpg,18309,9
leaf workshop/corn_dataset/Healthy/Corn_Health (456).jpg,corn,Healthy,corn_Healthy,Corn_Health (456).jpg,8401,9
leaf workshop/corn_dataset/Blight/Corn_Blight (1).jpeg,corn,Blight,corn_Blight,Corn_Blight (1).jpeg,493607,6
leaf workshop/ORANGE/orange/image19_jpeg_jpg.rf.fa56ec9bf434b3d6432654fcdbf0471e.jpg,orange,orange,orange_orange,image19_jpeg_jpg.rf.fa56ec9bf434b3d6432654fcdbf0471e.jpg,35391,14
leaf workshop/corn_dataset/Healthy/Corn_Health (950).jpg,corn,Healthy,corn_Healthy,Corn_Health (950).jpg,14477,9
leaf workshop/corn_dataset/Gray_Leaf_Spot/Corn_Gray_Spot (166).JPG,corn,Gray_Leaf_Spot,corn_Gray_Leaf_Spot,Corn_Gray_Spot (166).JPG,19657,8
leaf workshop/corn_dataset/Healthy/Corn_Health (934).jpg,corn,Healthy,corn_Healthy,Corn_Health (934).jpg,12728,9
leaf workshop/corn_dataset/Healthy/Corn_Health (463).jpg,corn,Healthy,corn_Healthy,Corn_Health (463).jpg,10843,9
leaf workshop/potato_dataset/Potato___healthy/Potato_healthy-85-_0_3834.jpg,potato,Potato___healthy,potato_Potato___healthy,Potato_healthy-85-_0_3834.jpg,16155,17
leaf workshop/corn_dataset/Healthy/Corn_Health (1019).jpg,corn,Healthy,corn_Healthy,Corn_Health (1019).jpg,10609,9
leaf workshop/corn_dataset/Gray_Leaf_Spot/Corn_Gray_Spot (129).JPG,corn,Gray_Leaf_Spot,corn_Gray_Leaf_Spot,Corn_Gray_Spot (129).JPG,9937,8
leaf workshop/ORANGE/Ripe orange/30_jpg.rf.51e8354eb7d84f6eb9dc17cd78c3ff4d.jpg,orange,Ripe orange,orange_Ripe orange,30_jpg.rf.51e8354eb7d84f6eb9dc17cd78c3ff4d.jpg,35088,13
leaf workshop/corn_dataset/Healthy/Corn_Health (1150).jpg,corn,Healthy,corn_Healthy,Corn_Health (1150).jpg,6098,9
leaf workshop/corn_dataset/Gray_Leaf_Spot/Corn_Gray_Spot (374).JPG,corn,Gray_Leaf_Spot,corn_Gray_Leaf_Spot,Corn_Gray_Spot (374).JPG,16899,8
leaf workshop/potato_dataset/Potato___healthy/Potato_healthy-79-_0_5464.jpg,potato,Potato___healthy,potato_Potato___healthy,Potato_healthy-79-_0_5464.jpg,15374,17
leaf workshop/corn_dataset/Common_Rust/Corn_Common_Rust (661).JPG,corn,Common_Rust,corn_Common_Rust,Corn_Common_Rust (661).JPG,17650,7
leaf workshop/corn_dataset/Common_Rust/Corn_Common_Rust (21).jpg,corn,Common_Rust,corn_Common_Rust,Corn_Common_Rust (21).jpg,605245,7
leaf workshop/corn_dataset/Blight/Corn_Blight (367).JPG,corn,Blight,corn_Blight,Corn_Blight (367).JPG,15683,6
leaf workshop/corn_dataset/Healthy/Corn_Health (623).jpg,corn,Healthy,corn_Healthy,Corn_Health (623).jpg,15771,9
leaf workshop/corn_dataset/Blight/Corn_Blight (7).jpg,corn,Blight,corn_Blight,Corn_Blight (7).jpg,22292,6
leaf workshop/corn_dataset/Common_Rust/Corn_Common_Rust (398).JPG,corn,Common_Rust,corn_Common_Rust,Corn_Common_Rust (398).JPG,10566,7
leaf workshop/potato_dataset/Potato___healthy/Potato_healthy-122-_0_3011.jpg,potato,Potato___healthy,potato_Potato___healthy,Potato_healthy-122-_0_3011.jpg,16475,17
leaf workshop/BANANA/Yellow banana/200235_jpg.rf.65f132292b1d4b3c9bf59a9df206d7ba.jpg,banana,Yellow banana,banana_Yellow banana,200235_jpg.rf.65f132292b1d4b3c9bf59a9df206d7ba.jpg,41823,2
leaf workshop/corn_dataset/Healthy/Corn_Health (686).jpg,corn,Healthy,corn_Healthy,Corn_Health (686).jpg,16305,9
leaf workshop/potato_dataset/Potato___Early_blight/c9bff7de-c589-4ed2-92fe-cd9ca2a1df16___RS_Early.B 7846.JPG,potato,Potato___Early_blight,potato_Potato___Early_blight,c9bff7de-c589-4ed2-92fe-cd9ca2a1df16___RS_Early.B 7846.JPG,22330,15
leaf workshop/corn_dataset/Common_Rust/Corn_Common_Rust (1049).JPG,corn,Common_Rust,corn_Common_Rust,Corn_Common_Rust (1049).JPG,11224,7
leaf workshop/corn_dataset/Gray_Leaf_Spot/Corn_Gray_Spot (196).JPG,corn,Gray_Leaf_Spot,corn_Gray_Leaf_Spot,Corn_Gray_Spot (196).JPG,17497,8
leaf workshop/corn_dataset/Healthy/Corn_Health (1120).jpg,corn,Healthy,corn_Healthy,Corn_Health (1120).jpg,6253,9
leaf workshop/corn_dataset/Healthy/Corn_Health (167).jpg,corn,Healthy,corn_Healthy,Corn_Health (167).jpg,15072,9
leaf workshop/corn_dataset/Healthy/Corn_Health (1065).jpg,corn,Healthy,corn_Healthy,Corn_Health (1065).jpg,11302,9
leaf workshop/potato_dataset/Potato___Late_blight/f9102bc2-7c64-4dd8-afe5-d31db2159899___RS_LB 4401.JPG,potato,Potato___Late_blight,potato_Potato___Late_blight,f9102bc2-7c64-4dd8-afe5-d31db2159899___RS_LB 4401.JPG,20246,16
leaf workshop/corn_dataset/Gray_Leaf_Spot/Corn_Gray_Spot (15).jpg,corn,Gray_Leaf_Spot,corn_Gray_Leaf_Spot,Corn_Gray_Spot (15).jpg,40107,8
leaf workshop/corn_dataset/Blight/Corn_Blight (424).JPG,corn,Blight,corn_Blight,Corn_Blight (424).JPG,11884,6
leaf workshop/corn_dataset/Blight/Corn_Blight (271).JPG,corn,Blight,corn_Blight,Corn_Blight (271).JPG,13979,6
leaf workshop/corn_dataset/Healthy/Corn_Health (646).jpg,corn,Healthy,corn_Healthy,Corn_Health (646).jpg,8221,9
leaf workshop/corn_dataset/Blight/Corn_Blight (453).JPG,corn,Blight,corn_Blight,Corn_Blight (453).JPG,15034,6
leaf workshop/ORANGE/orange/images118_jpg.rf.2549cc33f3828e1a1892eba078aef96e.jpg,orange,orange,orange_orange,images118_jpg.rf.2549cc33f3828e1a1892eba078aef96e.jpg,33840,14
leaf workshop/corn_dataset/Blight/Corn_Blight (15).jpg,corn,Blight,corn_Blight,Corn_Blight (15).jpg,38069,6
leaf workshop/corn_dataset/Blight/Corn_Blight (475).JPG,corn,Blight,corn_Blight,Corn_Blight (475).JPG,15818,6
leaf workshop/BANANA/Rotten banana/translation_Screen-Shot-2018-06-12-at-9_02_38-PM_png.rf.1ce91166817a1999c4b0e74d6a685aa1.jpg,banana,Rotten banana,banana_Rotten banana,translation_Screen-Shot-2018-06-12-at-9_02_38-PM_png.rf.1ce91166817a1999c4b0e74d6a685aa1.jpg,23525,1
leaf workshop/corn_dataset/Common_Rust/Corn_Common_Rust (440).JPG,corn,Common_Rust,corn_Common_Rust,Corn_Common_Rust (440).JPG,12240,7
leaf workshop/corn_dataset/Blight/Corn_Blight (301).JPG,corn,Blight,corn_Blight,Corn_Blight (301).JPG,12533,6
leaf workshop/coffee_dataset/phoma/19.jpg,coffee,phoma,coffee_phoma,19.jpg,155058,5
leaf workshop/corn_dataset/Blight/Corn_Blight (1003).JPG,corn,Blight,corn_Blight,Corn_Blight (1003).JPG,15404,6
leaf workshop/corn_dataset/Common_Rust/Corn_Common_Rust (284).JPG,corn,Common_Rust,corn_Common_Rust,Corn_Common_Rust (284).JPG,16755,7
leaf workshop/potato_dataset/Potato___Late_blight/c6842cfb-6996-4a51-bc0a-7e2f89a903f0___RS_LB 3911.JPG,potato,Potato___Late_blight,potato_Potato___Late_blight,c6842cfb-6996-4a51-bc0a-7e2f89a903f0___RS_LB 3911.JPG,16752,16
leaf workshop/corn_dataset/Healthy/Corn_Health (1090).jpg,corn,Healthy,corn_Healthy,Corn_Health (1090).jpg,10244,9
leaf workshop/corn_dataset/Healthy/Corn_Health (665).jpg,corn,Healthy,corn_Healthy,Corn_Health (665).jpg,11104,9
leaf workshop/corn_dataset/Gray_Leaf_Spot/Corn_Gray_Spot (463).JPG,corn,Gray_Leaf_Spot,corn_Gray_Leaf_Spot,Corn_Gray_Spot (463).JPG,13299,8
leaf workshop/corn_dataset/Common_Rust/Corn_Common_Rust (437).JPG,corn,Common_Rust,corn_Common_Rust,Corn_Common_Rust (437).JPG,11553,7
leaf workshop/potato_dataset/Potato___Late_blight/df0f75cf-febd-4fde-84a0-7c4da9f97fd2___RS_LB 2534.JPG,potato,Potato___Late_blight,potato_Potato___Late_blight,df0f75cf-febd-4fde-84a0-7c4da9f97fd2___RS_LB 2534.JPG,19146,16
leaf workshop/corn_dataset/Healthy/Corn_Health (720).jpg,corn,Healthy,corn_Healthy,Corn_Health (720).jpg,15317,9
leaf workshop/potato_dataset/Potato___Late_blight/cd0b4621-eccd-434a-8bc1-d3a6d24a2f05___RS_LB 5250.JPG,potato,Potato___Late_blight,potato_Potato___Late_blight,cd0b4621-eccd-434a-8bc1-d3a6d24a2f05___RS_LB 5250.JPG,13857,16
leaf workshop/corn_dataset/Healthy/Corn_Health (868).jpg,corn,Healthy,corn_Healthy,Corn_Health (868).jpg,14235,9
leaf workshop/corn_dataset/Healthy/Corn_Health (184).jpg,corn,Healthy,corn_Healthy,Corn_Health (184).jpg,14904,9
leaf workshop/corn_dataset/Gray_Leaf_Spot/Corn_Gray_Spot (523).jpg,corn,Gray_Leaf_Spot,corn_Gray_Leaf_Spot,Corn_Gray_Spot (523).jpg,15792,8
leaf workshop/corn_dataset/Healthy/Corn_Health (1094).jpg,corn,Healthy,corn_Healthy,Corn_Health (1094).jpg,9368,9
leaf workshop/corn_dataset/Healthy/Corn_Health (814).jpg,corn,Healthy,corn_Healthy,Corn_Health (814).jpg,13780,9
leaf workshop/BANANA/Rotten banana/vertical_flip_Screen-Shot-2018-06-12-at-9_02_09-PM_png.rf.ccb5cc3a1d4622b1abbb4d1bc57d229a.jpg,banana,Rotten banana,banana_Rotten banana,vertical_flip_Screen-Shot-2018-06-12-at-9_02_09-PM_png.rf.ccb5cc3a1d4622b1abbb4d1bc57d229a.jpg,25058,1
leaf workshop/corn_dataset/Healthy/Corn_Health (969).jpg,corn,Healthy,corn_Healthy,Corn_Health (969).jpg,11592,9
leaf workshop/corn_dataset/Common_Rust/Corn_Common_Rust (533).JPG,corn,Common_Rust,corn_Common_Rust,Corn_Common_Rust (533).JPG,9250,7
leaf workshop/coffee_dataset/leaf_rust/158.jpg,coffee,leaf_rust,coffee_leaf_rust,158.jpg,170556,4
leaf workshop/corn_dataset/Blight/Corn_Blight (538).JPG,corn,Blight,corn_Blight,Corn_Blight (538).JPG,11941,6
leaf workshop/corn_dataset/Healthy/Corn_Health (873).jpg,corn,Healthy,corn_Healthy,Corn_Health (873).jpg,5608,9
leaf workshop/corn_dataset/Common_Rust/Corn_Common_Rust (121).JPG,corn,Common_Rust,corn_Common_Rust,Corn_Common_Rust (121).JPG,16539,7
leaf workshop/corn_dataset/Common_Rust/Corn_Common_Rust (1051).JPG,corn,Common_Rust,corn_Common_Rust,Corn_Common_Rust (1051).JPG,13169,7
leaf workshop/potato_dataset/Potato___Early_blight/dd9c3ad3-aa94-4d00-88c8-8e4618e8832e___RS_Early.B 7633.JPG,potato,Potato___Early_blight,potato_Potato___Early_blight,dd9c3ad3-aa94-4d00-88c8-8e4618e8832e___RS_Early.B 7633.JPG,19253,15
leaf workshop/corn_dataset/Healthy/Corn_Health (1036).jpg,corn,Healthy,corn_Healthy,Corn_Health (1036).jpg,12543,9
leaf workshop/potato_dataset/Potato___healthy/Potato_healthy-147-_0_547.jpg,potato,Potato___healthy,potato_Potato___healthy,Potato_healthy-147-_0_547.jpg,18445,17
leaf workshop/corn_dataset/Gray_Leaf_Spot/Corn_Gray_Spot (512).JPG,corn,Gray_Leaf_Spot,corn_Gray_Leaf_Spot,Corn_Gray_Spot (512).JPG,18875,8
leaf workshop/corn_dataset/Blight/Corn_Blight (264).jpg,corn,Blight,corn_Blight,Corn_Blight (264).jpg,14523,6
leaf workshop/corn_dataset/Blight/Corn_Blight (606).JPG,corn,Blight,corn_Blight,Corn_Blight (606).JPG,14926,6
leaf workshop/corn_dataset/Healthy/Corn_Health (491).jpg,corn,Healthy,corn_Healthy,Corn_Health (491).jpg,8001,9
leaf workshop/corn_dataset/Gray_Leaf_Spot/Corn_Gray_Spot (33).jpg,corn,Gray_Leaf_Spot,corn_Gray_Leaf_Spot,Corn_Gray_Spot (33).jpg,173931,8
leaf workshop/corn_dataset/Blight/Corn_Blight (480).JPG,corn,Blight,corn_Blight,Corn_Blight (480).JPG,9747,6
leaf workshop/potato_dataset/Potato___Early_blight/c5dc57d8-9a0d-4046-9eb4-b9db2f720a47___RS_Early.B 7047.JPG,potato,Potato___Early_blight,potato_Potato___Early_blight,c5dc57d8-9a0d-4046-9eb4-b9db2f720a47___RS_Early.B 7047.JPG,20006,15
leaf workshop/potato_dataset/Potato___Late_blight/bd94e2a1-d503-417b-8552-f252a5665476___RS_LB 4006.JPG,potato,Potato___Late_blight,potato_Potato___Late_blight,bd94e2a1-d503-417b-8552-f252a5665476___RS_LB 4006.JPG,15792,16
leaf workshop/corn_dataset/Common_Rust/Corn_Common_Rust (280).JPG,corn,Common_Rust,corn_Common_Rust,Corn_Common_Rust (280).JPG,13098,7
leaf workshop/corn_dataset/Blight/Corn_Blight (169).JPG,corn,Blight,corn_Blight,Corn_Blight (169).JPG,16592,6
leaf workshop/corn_dataset/Blight/Corn_Blight (577).JPG,corn,Blight,corn_Blight,Corn_Blight (577).JPG,12741,6
leaf workshop/coffee_dataset/leaf_rust/165.jpg,coffee,leaf_rust,coffee_leaf_rust,165.jpg,167875,4
leaf workshop/corn_dataset/Blight/Corn_Blight (748).JPG,corn,Blight,corn_Blight,Corn_Blight (748).JPG,13431,6
leaf workshop/coffee_dataset/healthy/193.jpg,coffee,healthy,coffee_healthy,193.jpg,133179,3
leaf workshop/coffee_dataset/phoma/258.jpg,coffee,phoma,coffee_phoma,258.jpg,85945,5
leaf workshop/potato_dataset/Potato___Late_blight/c7adbae8-04db-489d-b9e6-c12de387d25c___RS_LB 2697.JPG,potato,Potato___Late_blight,potato_Potato___Late_blight,c7adbae8-04db-489d-b9e6-c12de387d25c___RS_LB 2697.JPG,16894,16
leaf workshop/potato_dataset/Potato___Late_blight/f964b423-2146-4523-9f71-d7937c475bf0___RS_LB 3842.JPG,potato,Potato___Late_blight,potato_Potato___Late_blight,f964b423-2146-4523-9f71-d7937c475bf0___RS_LB 3842.JPG,11650,16
leaf workshop/corn_dataset/Healthy/Corn_Health (43).jpg,corn,Healthy,corn_Healthy,Corn_Health (43).jpg,9448,9
leaf workshop/corn_dataset/Blight/Corn_Blight (167).JPG,corn,Blight,corn_Blight,Corn_Blight (167).JPG,14796,6
leaf workshop/corn_dataset/Gray_Leaf_Spot/Corn_Gray_Spot (430).jpg,corn,Gray_Leaf_Spot,corn_Gray_Leaf_Spot,Corn_Gray_Spot (430).jpg,12021,8
leaf workshop/ORANGE/Ripe orange/85_jpg.rf.f4629d68f1bba8a38f1c7e1f2832750f.jpg,orange,Ripe orange,orange_Ripe orange,85_jpg.rf.f4629d68f1bba8a38f1c7e1f2832750f.jpg,27396,13
leaf workshop/potato_dataset/Potato___Late_blight/d99f0d05-6ee3-440c-9dc6-48f7ba2bfc24___RS_LB 2654.JPG,potato,Potato___Late_blight,potato_Potato___Late_blight,d99f0d05-6ee3-440c-9dc6-48f7ba2bfc24___RS_LB 2654.JPG,20182,16
leaf workshop/corn_dataset/Blight/Corn_Blight (170).JPG,corn,Blight,corn_Blight,Corn_Blight (170).JPG,10651,6
leaf workshop/corn_dataset/Healthy/Corn_Health (933).jpg,corn,Healthy,corn_Healthy,Corn_Health (933).jpg,13825,9
leaf workshop/corn_dataset/Gray_Leaf_Spot/Corn_Gray_Spot (393).jpg,corn,Gray_Leaf_Spot,corn_Gray_Leaf_Spot,Corn_Gray_Spot (393).jpg,14737,8
leaf workshop/corn_dataset/Common_Rust/Corn_Common_Rust (1063).JPG,corn,Common_Rust,corn_Common_Rust,Corn_Common_Rust (1063).JPG,13633,7
leaf workshop/corn_dataset/Blight/Corn_Blight (854).JPG,corn,Blight,corn_Blight,Corn_Blight (854).JPG,13115,6
leaf workshop/corn_dataset/Common_Rust/Corn_Common_Rust (356).JPG,corn,Common_Rust,corn_Common_Rust,Corn_Common_Rust (356).JPG,13678,7
leaf workshop/corn_dataset/Healthy/Corn_Health (537).jpg,corn,Healthy,corn_Healthy,Corn_Health (537).jpg,10322,9
leaf workshop/coffee_dataset/phoma/268.jpg,coffee,phoma,coffee_phoma,268.jpg,106361,5
leaf workshop/corn_dataset/Common_Rust/Corn_Common_Rust (312).JPG,corn,Common_Rust,corn_Common_Rust,Corn_Common_Rust (312).JPG,12814,7
leaf workshop/corn_dataset/Gray_Leaf_Spot/Corn_Gray_Spot (460).JPG,corn,Gray_Leaf_Spot,corn_Gray_Leaf_Spot,Corn_Gray_Spot (460).JPG,19974,8
leaf workshop/corn_dataset/Healthy/Corn_Health (668).jpg,corn,Healthy,corn_Healthy,Corn_Health (668).jpg,7588,9
leaf workshop/corn_dataset/Healthy/Corn_Health (655).jpg,corn,Healthy,corn_Healthy,Corn_Health (655).jpg,12049,9
leaf workshop/potato_dataset/Potato___healthy/Potato_healthy-147-_0_7690.jpg,potato,Potato___healthy,potato_Potato___healthy,Potato_healthy-147-_0_7690.jpg,18647,17
leaf workshop/corn_dataset/Gray_Leaf_Spot/Corn_Gray_Spot (397).jpg,corn,Gray_Leaf_Spot,corn_Gray_Leaf_Spot,Corn_Gray_Spot (397).jpg,13576,8
leaf workshop/potato_dataset/Potato___healthy/Potato_healthy-120-_0_7741.jpg,potato,Potato___healthy,potato_Potato___healthy,Potato_healthy-120-_0_7741.jpg,15649,17
leaf workshop/MANGO/Yellow mango/20230305_052144199_iOS_jpg.rf.b280df86ad62739199002b7d2441f5ee.jpg,mango,Yellow mango,mango_Yellow mango,20230305_052144199_iOS_jpg.rf.b280df86ad62739199002b7d2441f5ee.jpg,21858,12
leaf workshop/corn_dataset/Gray_Leaf_Spot/Corn_Gray_Spot (564).jpg,corn,Gray_Leaf_Spot,corn_Gray_Leaf_Spot,Corn_Gray_Spot (564).jpg,1577792,8
leaf workshop/coffee_dataset/phoma/255.jpg,coffee,phoma,coffee_phoma,255.jpg,86459,5
leaf workshop/corn_dataset/Blight/Corn_Blight (682).JPG,corn,Blight,corn_Blight,Corn_Blight (682).JPG,14567,6
leaf workshop/corn_dataset/Gray_Leaf_Spot/Corn_Gray_Spot (425).JPG,corn,Gray_Leaf_Spot,corn_Gray_Leaf_Spot,Corn_Gray_Spot (425).JPG,15558,8
leaf workshop/corn_dataset/Blight/Corn_Blight (539).JPG,corn,Blight,corn_Blight,Corn_Blight (539).JPG,15710,6
leaf workshop/MANGO/Green mango/WIN_20230323_14_10_25_Pro_jpg.rf.4675e4fd83b6c6418401bf98d4fa8f92.jpg,mango,Green mango,mango_Green mango,WIN_20230323_14_10_25_Pro_jpg.rf.4675e4fd83b6c6418401bf98d4fa8f92.jpg,24075,10
leaf workshop/potato_dataset/Potato___Late_blight/ec5974a3-4c73-4129-a372-8ddec73eb246___RS_LB 3034.JPG,potato,Potato___Late_blight,potato_Potato___Late_blight,ec5974a3-4c73-4129-a372-8ddec73eb246___RS_LB 3034.JPG,16601,16
leaf workshop/corn_dataset/Healthy/Corn_Health (927).jpg,corn,Healthy,corn_Healthy,Corn_Health (927).jpg,7155,9
leaf workshop/corn_dataset/Common_Rust/Corn_Common_Rust (4).jpg,corn,Common_Rust,corn_Common_Rust,Corn_Common_Rust (4).jpg,33671,7
leaf workshop/corn_dataset/Healthy/Corn_Health (285).jpg,corn,Healthy,corn_Healthy,Corn_Health (285).jpg,13026,9
leaf workshop/corn_dataset/Healthy/Corn_Health (347).jpg,corn,Healthy,corn_Healthy,Corn_Health (347).jpg,10117,9
leaf workshop/corn_dataset/Common_Rust/Corn_Common_Rust (1263).JPG,corn,Common_Rust,corn_Common_Rust,Corn_Common_Rust (1263).JPG,13648,7
leaf workshop/coffee_dataset/healthy/210.jpg,coffee,healthy,coffee_healthy,210.jpg,130641,3
leaf workshop/ORANGE/orange/img_121_jpeg.rf.2e4293da9259cb74227360c259c6dceb.jpg,orange,orange,orange_orange,img_121_jpeg.rf.2e4293da9259cb74227360c259c6dceb.jpg,25913,14
leaf workshop/corn_dataset/Healthy/Corn_Health (905).jpg,corn,Healthy,corn_Healthy,Corn_Health (905).jpg,8184,9
leaf workshop/corn_dataset/Healthy/Corn_Health (404).jpg,corn,Healthy,corn_Healthy,Corn_Health (404).jpg,14112,9
leaf workshop/corn_dataset/Healthy/Corn_Health (146).jpg,corn,Healthy,corn_Healthy,Corn_Health (146).jpg,9949,9
leaf workshop/potato_dataset/Potato___Late_blight/d66ee513-26cc-4676-8aeb-9902e0969d2b___RS_LB 3999.JPG,potato,Potato___Late_blight,potato_Potato___Late_blight,d66ee513-26cc-4676-8aeb-9902e0969d2b___RS_LB 3999.JPG,12164,16
leaf workshop/corn_dataset/Gray_Leaf_Spot/Corn_Gray_Spot (154).JPG,corn,Gray_Leaf_Spot,corn_Gray_Leaf_Spot,Corn_Gray_Spot (154).JPG,17398,8
leaf workshop/potato_dataset/Potato___Late_blight/fd35fb86-6558-40f2-b8ac-6922e2107af5___RS_LB 4095.JPG,potato,Potato___Late_blight,potato_Potato___Late_blight,fd35fb86-6558-40f2-b8ac-6922e2107af5___RS_LB 4095.JPG,15404,16
leaf workshop/corn_dataset/Healthy/Corn_Health (679).jpg,corn,Healthy,corn_Healthy,Corn_Health (679).jpg,9123,9
leaf workshop/corn_dataset/Common_Rust/Corn_Common_Rust (7).jpg,corn,Common_Rust,corn_Common_Rust,Corn_Common_Rust (7).jpg,23587,7
leaf workshop/potato_dataset/Potato___Early_blight/d9a1cd5f-e2f2-49f7-b5f1-22cf02eb5ba4___RS_Early.B 8891.JPG,potato,Potato___Early_blight,potato_Potato___Early_blight,d9a1cd5f-e2f2-49f7-b5f1-22cf02eb5ba4___RS_Early.B 8891.JPG,18520,15
leaf workshop/corn_dataset/Common_Rust/Corn_Common_Rust (584).JPG,corn,Common_Rust,corn_Common_Rust,Corn_Common_Rust (584).JPG,14263,7
leaf workshop/corn_dataset/Healthy/Corn_Health (1095).jpg,corn,Healthy,corn_Healthy,Corn_Health (1095).jpg,6021,9
leaf workshop/corn_dataset/Common_Rust/Corn_Common_Rust (63).jpg,corn,Common_Rust,corn_Common_Rust,Corn_Common_Rust (63).jpg,249753,7
leaf workshop/corn_dataset/Healthy/Corn_Health (706).jpg,corn,Healthy,corn_Healthy,Corn_Health (706).jpg,16809,9
leaf workshop/MANGO/Yellow mango/20230305_052126707_iOS_jpg.rf.af6c0eee3f67661b38c77a9660797046.jpg,mango,Yellow mango,mango_Yellow mango,20230305_052126707_iOS_jpg.rf.af6c0eee3f67661b38c77a9660797046.jpg,19552,12
leaf workshop/corn_dataset/Healthy/Corn_Health (904).jpg,corn,Healthy,corn_Healthy,Corn_Health (904).jpg,20048,9
leaf workshop/potato_dataset/Potato___Late_blight/ce5ec29b-599c-4c69-ba4d-04df7ab1c46f___RS_LB 4945.JPG,potato,Potato___Late_blight,potato_Potato___Late_blight,ce5ec29b-599c-4c69-ba4d-04df7ab1c46f___RS_LB 4945.JPG,19693,16
leaf workshop/corn_dataset/Healthy/Corn_Health (340).jpg,corn,Healthy,corn_Healthy,Corn_Health (340).jpg,13296,9
leaf workshop/potato_dataset/Potato___healthy/Potato_healthy-104-_0_4971.jpg,potato,Potato___healthy,potato_Potato___healthy,Potato_healthy-104-_0_4971.jpg,14342,17
leaf workshop/corn_dataset/Common_Rust/Corn_Common_Rust (622).JPG,corn,Common_Rust,corn_Common_Rust,Corn_Common_Rust (622).JPG,14907,7
leaf workshop/corn_dataset/Gray_Leaf_Spot/Corn_Gray_Spot (249).JPG,corn,Gray_Leaf_Spot,corn_Gray_Leaf_Spot,Corn_Gray_Spot (249).JPG,12336,8
leaf workshop/potato_dataset/Potato___Late_blight/ea5fc080-37a7-4954-ba8c-a5d67b6a0962___RS_LB 2888.JPG,potato,Potato___Late_blight,potato_Potato___Late_blight,ea5fc080-37a7-4954-ba8c-a5d67b6a0962___RS_LB 2888.JPG,15328,16
leaf workshop/ORANGE/Ripe orange/58_jpg.rf.ecac8864933c0f1f190eb264d0a3c7d4.jpg,orange,Ripe orange,orange_Ripe orange,58_jpg.rf.ecac8864933c0f1f190eb264d0a3c7d4.jpg,24566,13
leaf workshop/BANANA/Yellow banana/latundan-33-_jpg.rf.650b343950e799ed7ded8173b94bb1fc.jpg,banana,Yellow banana,banana_Yellow banana,latundan-33-_jpg.rf.650b343950e799ed7ded8173b94bb1fc.jpg,7661,2
leaf workshop/potato_dataset/Potato___Late_blight/ff7160f9-f8d7-4576-82b8-009bf1b63b3b___RS_LB 4974.JPG,potato,Potato___Late_blight,potato_Potato___Late_blight,ff7160f9-f8d7-4576-82b8-009bf1b63b3b___RS_LB 4974.JPG,18320,16
leaf workshop/potato_dataset/Potato___healthy/Potato_healthy-97-_0_4243.jpg,potato,Potato___healthy,potato_Potato___healthy,Potato_healthy-97-_0_4243.jpg,15760,17
leaf workshop/corn_dataset/Blight/Corn_Blight (620).JPG,corn,Blight,corn_Blight,Corn_Blight (620).JPG,15534,6
leaf workshop/corn_dataset/Blight/Corn_Blight (94).jpg,corn,Blight,corn_Blight,Corn_Blight (94).jpg,2408575,6
leaf workshop/corn_dataset/Healthy/Corn_Health (836).jpg,corn,Healthy,corn_Healthy,Corn_Health (836).jpg,7363,9
leaf workshop/ORANGE/Ripe orange/59_jpg.rf.e5f249691881dcb38da7d5a765f8401c.jpg,orange,Ripe orange,orange_Ripe orange,59_jpg.rf.e5f249691881dcb38da7d5a765f8401c.jpg,23982,13
leaf workshop/corn_dataset/Healthy/Corn_Health (885).jpg,corn,Healthy,corn_Healthy,Corn_Health (885).jpg,10938,9
leaf workshop/corn_dataset/Healthy/Corn_Health (963).jpg,corn,Healthy,corn_Healthy,Corn_Health (963).jpg,11958,9
leaf workshop/corn_dataset/Healthy/Corn_Health (638).jpg,corn,Healthy,corn_Healthy,Corn_Health (638).jpg,11179,9
leaf workshop/corn_dataset/Blight/Corn_Blight (631).JPG,corn,Blight,corn_Blight,Corn_Blight (631).JPG,15739,6
leaf workshop/corn_dataset/Blight/Corn_Blight (1028).JPG,corn,Blight,corn_Blight,Corn_Blight (1028).JPG,16417,6
leaf workshop/corn_dataset/Healthy/Corn_Health (242).jpg,corn,Healthy,corn_Healthy,Corn_Health (242).jpg,10631,9
leaf workshop/potato_dataset/Potato___Late_blight/f1b1a037-34e4-4016-a0bc-703059820f24___RS_LB 4343.JPG,potato,Potato___Late_blight,potato_Potato___Late_blight,f1b1a037-34e4-4016-a0bc-703059820f24___RS_LB 4343.JPG,16645,16
leaf workshop/potato_dataset/Potato___healthy/Potato_healthy-131-_0_9663.jpg,potato,Potato___healthy,potato_Potato___healthy,Potato_healthy-131-_0_9663.jpg,16994,17
leaf workshop/ORANGE/Ripe orange/88_jpg.rf.c9a8cd9557f40eace8b25fff863b343c.jpg,orange,Ripe orange,orange_Ripe orange,88_jpg.rf.c9a8cd9557f40eace8b25fff863b343c.jpg,20114,13
leaf workshop/corn_dataset/Blight/Corn_Blight (739).JPG,corn,Blight,corn_Blight,Corn_Blight (739).JPG,12082,6
leaf workshop/potato_dataset/Potato___healthy/Potato_healthy-144-_0_8422.jpg,potato,Potato___healthy,potato_Potato___healthy,Potato_healthy-144-_0_8422.jpg,18962,17
leaf workshop/corn_dataset/Healthy/Corn_Health (645).jpg,corn,Healthy,corn_Healthy,Corn_Health (645).jpg,14926,9
leaf workshop/potato_dataset/Potato___Early_blight/fc87399a-b45c-4b0f-a6c9-54f0e4f9d3c5___RS_Early.B 7277.JPG,potato,Potato___Early_blight,potato_Potato___Early_blight,fc87399a-b45c-4b0f-a6c9-54f0e4f9d3c5___RS_Early.B 7277.JPG,19391,15
leaf workshop/corn_dataset/Blight/Corn_Blight (208).jpg,corn,Blight,corn_Blight,Corn_Blight (208).jpg,10425,6
leaf workshop/corn_dataset/Gray_Leaf_Spot/Corn_Gray_Spot (392).JPG,corn,Gray_Leaf_Spot,corn_Gray_Leaf_Spot,Corn_Gray_Spot (392).JPG,10685,8
leaf workshop/corn_dataset/Blight/Corn_Blight (884).JPG,corn,Blight,corn_Blight,Corn_Blight (884).JPG,11659,6
leaf workshop/potato_dataset/Potato___healthy/Potato_healthy-105-_0_3215.jpg,potato,Potato___healthy,potato_Potato___healthy,Potato_healthy-105-_0_3215.jpg,14653,17
leaf workshop/corn_dataset/Healthy/Corn_Health (325).jpg,corn,Healthy,corn_Healthy,Corn_Health (325).jpg,8556,9
leaf workshop/corn_dataset/Common_Rust/Corn_Common_Rust (1071).JPG,corn,Common_Rust,corn_Common_Rust,Corn_Common_Rust (1071).JPG,10776,7
leaf workshop/corn_dataset/Gray_Leaf_Spot/Corn_Gray_Spot (295).JPG,corn,Gray_Leaf_Spot,corn_Gray_Leaf_Spot,Corn_Gray_Spot (295).JPG,14979,8
leaf workshop/corn_dataset/Healthy/Corn_Health (319).jpg,corn,Healthy,corn_Healthy,Corn_Health (319).jpg,11146,9
leaf workshop/corn_dataset/Common_Rust/Corn_Common_Rust (1080).JPG,corn,Common_Rust,corn_Common_Rust,Corn_Common_Rust (1080).JPG,14229,7
leaf workshop/ORANGE/Ripe orange/57_jpg.rf.a72ef4b7bb1a78b45a2cc7329f17eaba.jpg,orange,Ripe orange,orange_Ripe orange,57_jpg.rf.a72ef4b7bb1a78b45a2cc7329f17eaba.jpg,27102,13
leaf workshop/corn_dataset/Blight/Corn_Blight (1092).jpg,corn,Blight,corn_Blight,Corn_Blight (1092).jpg,14872,6
leaf workshop/potato_dataset/Potato___Late_blight/e439b96c-2ff6-4d53-b8f0-1ed720536b0c___RS_LB 4449.JPG,potato,Potato___Late_blight,potato_Potato___Late_blight,e439b96c-2ff6-4d53-b8f0-1ed720536b0c___RS_LB 4449.JPG,16241,16
leaf workshop/corn_dataset/Common_Rust/Corn_Common_Rust (633).JPG,corn,Common_Rust,corn_Common_Rust,Corn_Common_Rust (633).JPG,16058,7
leaf workshop/BANANA/Rotten banana/vertical_flip_Screen-Shot-2018-06-12-at-9_06_27-PM_png.rf.e40233814e49e8c86a32037b22bd42db.jpg,banana,Rotten banana,banana_Rotten banana,vertical_flip_Screen-Shot-2018-06-12-at-9_06_27-PM_png.rf.e40233814e49e8c86a32037b22bd42db.jpg,29313,1
leaf workshop/ORANGE/orange/img_181_jpeg.rf.a6544caf692a7b4cb637b7e1876806ce.jpg,orange,orange,orange_orange,img_181_jpeg.rf.a6544caf692a7b4cb637b7e1876806ce.jpg,25213,14
leaf workshop/corn_dataset/Blight/Corn_Blight (417).JPG,corn,Blight,corn_Blight,Corn_Blight (417).JPG,13647,6
leaf workshop/corn_dataset/Blight/Corn_Blight (622).JPG,corn,Blight,corn_Blight,Corn_Blight (622).JPG,14316,6
leaf workshop/corn_dataset/Healthy/Corn_Health (274).jpg,corn,Healthy,corn_Healthy,Corn_Health (274).jpg,12690,9
leaf workshop/corn_dataset/Blight/Corn_Blight (729).JPG,corn,Blight,corn_Blight,Corn_Blight (729).JPG,13176,6
leaf workshop/potato_dataset/Potato___Early_blight/ca1bc7af-3220-4b45-b76d-8f950128c489___RS_Early.B 7266.JPG,potato,Potato___Early_blight,potato_Potato___Early_blight,ca1bc7af-3220-4b45-b76d-8f950128c489___RS_Early.B 7266.JPG,19719,15
leaf workshop/corn_dataset/Common_Rust/Corn_Common_Rust (650).JPG,corn,Common_Rust,corn_Common_Rust,Corn_Common_Rust (650).JPG,15634,7
leaf workshop/corn_dataset/Gray_Leaf_Spot/Corn_Gray_Spot (208).JPG,corn,Gray_Leaf_Spot,corn_Gray_Leaf_Spot,Corn_Gray_Spot (208).JPG,21607,8
leaf workshop/corn_dataset/Common_Rust/Corn_Common_Rust (1147).JPG,corn,Common_Rust,corn_Common_Rust,Corn_Common_Rust (1147).JPG,10920,7
leaf workshop/corn_dataset/Blight/Corn_Blight (647).JPG,corn,Blight,corn_Blight,Corn_Blight (647).JPG,12784,6
leaf workshop/corn_dataset/Common_Rust/Corn_Common_Rust (448).JPG,corn,Common_Rust,corn_Common_Rust,Corn_Common_Rust (448).JPG,12913,7
leaf workshop/corn_dataset/Blight/Corn_Blight (43).jpg,corn,Blight,corn_Blight,Corn_Blight (43).jpg,46983,6
leaf workshop/corn_dataset/Common_Rust/Corn_Common_Rust (25).jpg,corn,Common_Rust,corn_Common_Rust,Corn_Common_Rust (25).jpg,49720,7
leaf workshop/ORANGE/orange/219_jpg.rf.bb2341304cf0247b7acb0c0b914a134d.jpg,orange,orange,orange_orange,219_jpg.rf.bb2341304cf0247b7acb0c0b914a134d.jpg,24437,14
leaf workshop/corn_dataset/Healthy/Corn_Health (205).jpg,corn,Healthy,corn_Healthy,Corn_Health (205).jpg,15008,9
leaf workshop/corn_dataset/Blight/Corn_Blight (667).JPG,corn,Blight,corn_Blight,Corn_Blight (667).JPG,12476,6
leaf workshop/potato_dataset/Potato___Early_blight/e11d63b8-93fa-41ba-b826-99811ee4c232___RS_Early.B 7387.JPG,potato,Potato___Early_blight,potato_Potato___Early_blight,e11d63b8-93fa-41ba-b826-99811ee4c232___RS_Early.B 7387.JPG,18113,15
leaf workshop/potato_dataset/Potato___Early_blight/db60c4cf-30f1-460c-a345-3045f192f725___RS_Early.B 6722.JPG,potato,Potato___Early_blight,potato_Potato___Early_blight,db60c4cf-30f1-460c-a345-3045f192f725___RS_Early.B 6722.JPG,22375,15
leaf workshop/corn_dataset/Healthy/Corn_Health (315).jpg,corn,Healthy,corn_Healthy,Corn_Health (315).jpg,12712,9
leaf workshop/corn_dataset/Blight/Corn_Blight (204).jpg,corn,Blight,corn_Blight,Corn_Blight (204).jpg,9368,6
leaf workshop/corn_dataset/Healthy/Corn_Health (249).jpg,corn,Healthy,corn_Healthy,Corn_Health (249).jpg,12163,9
leaf workshop/MANGO/Rotten Mango/20230305_062102336_iOS_jpg.rf.dc5bbcd6fa43f0920e61bd197526b89a.jpg,mango,Rotten Mango,mango_Rotten Mango,20230305_062102336_iOS_jpg.rf.dc5bbcd6fa43f0920e61bd197526b89a.jpg,23365,11
leaf workshop/ORANGE/orange/image22_jpeg_jpg.rf.da34fd8ef80c0c1528a37ff33a27de6f.jpg,orange,orange,orange_orange,image22_jpeg_jpg.rf.da34fd8ef80c0c1528a37ff33a27de6f.jpg,24106,14
leaf workshop/MANGO/Yellow mango/20230305_052206241_iOS_jpg.rf.ef045ab38e55f74c7c7862dd6a44aa17.jpg,mango,Yellow mango,mango_Yellow mango,20230305_052206241_iOS_jpg.rf.ef045ab38e55f74c7c7862dd6a44aa17.jpg,21832,12
leaf workshop/corn_dataset/Common_Rust/Corn_Common_Rust (167).JPG,corn,Common_Rust,corn_Common_Rust,Corn_Common_Rust (167).JPG,17406,7
leaf workshop/corn_dataset/Blight/Corn_Blight (1124).jpg,corn,Blight,corn_Blight,Corn_Blight (1124).jpg,99256,6
leaf workshop/potato_dataset/Potato___Early_blight/ede5199d-4bf1-4bd0-a460-2168350ed05a___RS_Early.B 8773.JPG,potato,Potato___Early_blight,potato_Potato___Early_blight,ede5199d-4bf1-4bd0-a460-2168350ed05a___RS_Early.B 8773.JPG,18718,15
leaf workshop/potato_dataset/Potato___Late_blight/d3e6cc68-6d84-406f-9e02-b81f8051ecb3___RS_LB 3992.JPG,potato,Potato___Late_blight,potato_Potato___Late_blight,d3e6cc68-6d84-406f-9e02-b81f8051ecb3___RS_LB 3992.JPG,17184,16
leaf workshop/corn_dataset/Healthy/Corn_Health (440).jpg,corn,Healthy,corn_Healthy,Corn_Health (440).jpg,11009,9
leaf workshop/corn_dataset/Blight/Corn_Blight (218).JPG,corn,Blight,corn_Blight,Corn_Blight (218).JPG,13433,6
leaf workshop/corn_dataset/Healthy/Corn_Health (624).jpg,corn,Healthy,corn_Healthy,Corn_Health (624).jpg,9614,9
leaf workshop/corn_dataset/Gray_Leaf_Spot/Corn_Gray_Spot (289).JPG,corn,Gray_Leaf_Spot,corn_Gray_Leaf_Spot,Corn_Gray_Spot (289).JPG,16297,8
leaf workshop/ORANGE/Ripe orange/7_jpg.rf.3fd87b01a9d0457e72d6f3543c8d5645.jpg,orange,Ripe orange,orange_Ripe orange,7_jpg.rf.3fd87b01a9d0457e72d6f3543c8d5645.jpg,28485,13
leaf workshop/corn_dataset/Blight/Corn_Blight (669).JPG,corn,Blight,corn_Blight,Corn_Blight (669).JPG,12313,6
leaf workshop/corn_dataset/Common_Rust/Corn_Common_Rust (314).JPG,corn,Common_Rust,corn_Common_Rust,Corn_Common_Rust (314).JPG,13748,7
leaf workshop/potato_dataset/Potato___Late_blight/b5442887-db0b-4b94-a6f1-18505731a599___RS_LB 4969.JPG,potato,Potato___Late_blight,potato_Potato___Late_blight,b5442887-db0b-4b94-a6f1-18505731a599___RS_LB 4969.JPG,17504,16
leaf workshop/corn_dataset/Blight/Corn_Blight (733).JPG,corn,Blight,corn_Blight,Corn_Blight (733).JPG,12975,6
leaf workshop/BANANA/Yellow banana/92_jpg.rf.88bfd9f4c3b430bb17822ae9f55105c0.jpg,banana,Yellow banana,banana_Yellow banana,92_jpg.rf.88bfd9f4c3b430bb17822ae9f55105c0.jpg,13011,2
leaf workshop/corn_dataset/Blight/Corn_Blight (471).JPG,corn,Blight,corn_Blight,Corn_Blight (471).JPG,11867,6
leaf workshop/corn_dataset/Common_Rust/Corn_Common_Rust (429).JPG,corn,Common_Rust,corn_Common_Rust,Corn_Common_Rust (429).JPG,11508,7
leaf workshop/corn_dataset/Common_Rust/Corn_Common_Rust (40).jpg,corn,Common_Rust,corn_Common_Rust,Corn_Common_Rust (40).jpg,55375,7
leaf workshop/corn_dataset/Blight/Corn_Blight (47).jpg,corn,Blight,corn_Blight,Corn_Blight (47).jpg,88248,6
leaf workshop/corn_dataset/Gray_Leaf_Spot/Corn_Gray_Spot (65).JPG,corn,Gray_Leaf_Spot,corn_Gray_Leaf_Spot,Corn_Gray_Spot (65).JPG,13996,8
leaf workshop/corn_dataset/Healthy/Corn_Health (698).jpg,corn,Healthy,corn_Healthy,Corn_Health (698).jpg,15998,9
leaf workshop/corn_dataset/Common_Rust/Corn_Common_Rust (632).JPG,corn,Common_Rust,corn_Common_Rust,Corn_Common_Rust (632).JPG,9965,7
leaf workshop/corn_dataset/Common_Rust/Corn_Common_Rust (558).JPG,corn,Common_Rust,corn_Common_Rust,Corn_Common_Rust (558).JPG,11946,7
leaf workshop/corn_dataset/Healthy/Corn_Health (442).jpg,corn,Healthy,corn_Healthy,Corn_Health (442).jpg,8119,9
leaf workshop/potato_dataset/Potato___Late_blight/bb81b8a0-3d1e-4cef-aeb5-31ac32f1761a___RS_LB 5268.JPG,potato,Potato___Late_blight,potato_Potato___Late_blight,bb81b8a0-3d1e-4cef-aeb5-31ac32f1761a___RS_LB 5268.JPG,18890,16
leaf workshop/corn_dataset/Common_Rust/Corn_Common_Rust (113).JPG,corn,Common_Rust,corn_Common_Rust,Corn_Common_Rust (113).JPG,16629,7
leaf workshop/potato_dataset/Potato___healthy/Potato_healthy-148-_0_9372.jpg,potato,Potato___healthy,potato_Potato___healthy,Potato_healthy-148-_0_9372.jpg,13895,17
leaf workshop/corn_dataset/Healthy/Corn_Health (981).jpg,corn,Healthy,corn_Healthy,Corn_Health (981).jpg,12271,9
leaf workshop/corn_dataset/Common_Rust/Corn_Common_Rust (1073).JPG,corn,Common_Rust,corn_Common_Rust,Corn_Common_Rust (1073).JPG,12587,7
leaf workshop/corn_dataset/Healthy/Corn_Health (636).jpg,corn,Healthy,corn_Healthy,Corn_Health (636).jpg,9023,9
leaf workshop/corn_dataset/Blight/Corn_Blight (86).jpg,corn,Blight,corn_Blight,Corn_Blight (86).jpg,115666,6
leaf workshop/corn_dataset/Gray_Leaf_Spot/Corn_Gray_Spot (223).jpg,corn,Gray_Leaf_Spot,corn_Gray_Leaf_Spot,Corn_Gray_Spot (223).jpg,13830,8
leaf workshop/corn_dataset/Common_Rust/Corn_Common_Rust (1017).JPG,corn,Common_Rust,corn_Common_Rust,Corn_Common_Rust (1017).JPG,13857,7
leaf workshop/corn_dataset/Blight/Corn_Blight (298).JPG,corn,Blight,corn_Blight,Corn_Blight (298).JPG,13763,6
leaf workshop/corn_dataset/Common_Rust/Corn_Common_Rust (446).JPG,corn,Common_Rust,corn_Common_Rust,Corn_Common_Rust (446).JPG,13478,7
leaf workshop/potato_dataset/Potato___healthy/Potato_healthy-115-_0_5870.jpg,potato,Potato___healthy,potato_Potato___healthy,Potato_healthy-115-_0_5870.jpg,17171,17
leaf workshop/potato_dataset/Potato___healthy/Potato_healthy-124-_0_2846.jpg,potato,Potato___healthy,potato_Potato___healthy,Potato_healthy-124-_0_2846.jpg,15810,17
leaf workshop/corn_dataset/Blight/Corn_Blight (1115).jpg,corn,Blight,corn_Blight,Corn_Blight (1115).jpg,1080386,6
leaf workshop/ORANGE/orange/image27_jpeg_jpg.rf.7c097b8234fb0c1ca57a70182099ad81.jpg,orange,orange,orange_orange,image27_jpeg_jpg.rf.7c097b8234fb0c1ca57a70182099ad81.jpg,17203,14
leaf workshop/corn_dataset/Blight/Corn_Blight (996).JPG,corn,Blight,corn_Blight,Corn_Blight (996).JPG,15378,6
leaf workshop/corn_dataset/Common_Rust/Corn_Common_Rust (560).JPG,corn,Common_Rust,corn_Common_Rust,Corn_Common_Rust (560).JPG,13761,7
leaf workshop/potato_dataset/Potato___Early_blight/b8578828-0e34-4511-9739-9ef0170774b2___RS_Early.B 7416.JPG,potato,Potato___Early_blight,potato_Potato___Early_blight,b8578828-0e34-4511-9739-9ef0170774b2___RS_Early.B 7416.JPG,18039,15
leaf workshop/corn_dataset/Healthy/Corn_Health (1139).jpg,corn,Healthy,corn_Healthy,Corn_Health (1139).jpg,9448,9
leaf workshop/corn_dataset/Common_Rust/Corn_Common_Rust (134).JPG,corn,Common_Rust,corn_Common_Rust,Corn_Common_Rust (134).JPG,16567,7
leaf workshop/corn_dataset/Blight/Corn_Blight (398).JPG,corn,Blight,corn_Blight,Corn_Blight (398).JPG,11344,6
leaf workshop/corn_dataset/Healthy/Corn_Health (938).jpg,corn,Healthy,corn_Healthy,Corn_Health (938).jpg,10647,9
leaf workshop/corn_dataset/Blight/Corn_Blight (29)(1).jpg,corn,Blight,corn_Blight,Corn_Blight (29)(1).jpg,106355,6
leaf workshop/corn_dataset/Blight/Corn_Blight (1129).jpg,corn,Blight,corn_Blight,Corn_Blight (1129).jpg,35427,6
leaf workshop/MANGO/Rotten Mango/d2ad59239a7f2e38da17b66c7c99dda22cbecd9d_jpeg_jpg.rf.0df66a1019bc53eea6d499d38f27cd13.jpg,mango,Rotten Mango,mango_Rotten Mango,d2ad59239a7f2e38da17b66c7c99dda22cbecd9d_jpeg_jpg.rf.0df66a1019bc53eea6d499d38f27cd13.jpg,29287,11
leaf workshop/corn_dataset/Blight/Corn_Blight (870).JPG,corn,Blight,corn_Blight,Corn_Blight (870).JPG,13564,6
leaf workshop/corn_dataset/Common_Rust/Corn_Common_Rust (631).JPG,corn,Common_Rust,corn_Common_Rust,Corn_Common_Rust (631).JPG,13905,7
leaf workshop/corn_dataset/Common_Rust/Corn_Common_Rust (607).JPG,corn,Common_Rust,corn_Common_Rust,Corn_Common_Rust (607).JPG,14715,7
leaf workshop/potato_dataset/Potato___Early_blight/d44a363d-c186-416e-8fad-1a456699bba2___RS_Early.B 7229.JPG,potato,Potato___Early_blight,potato_Potato___Early_blight,d44a363d-c186-416e-8fad-1a456699bba2___RS_Early.B 7229.JPG,20169,15
leaf workshop/corn_dataset/Healthy/Corn_Health (707).jpg,corn,Healthy,corn_Healthy,Corn_Health (707).jpg,11228,9
leaf workshop/corn_dataset/Common_Rust/Corn_Common_Rust (296).JPG,corn,Common_Rust,corn_Common_Rust,Corn_Common_Rust (296).JPG,11855,7
leaf workshop/corn_dataset/Healthy/Corn_Health (283).JPG,corn,Healthy,corn_Healthy,Corn_Health (283).JPG,21581,9
leaf workshop/corn_dataset/Common_Rust/Corn_Common_Rust (1274).jpg,corn,Common_Rust,corn_Common_Rust,Corn_Common_Rust (1274).jpg,78627,7
leaf workshop/corn_dataset/Common_Rust/Corn_Common_Rust (1052).JPG,corn,Common_Rust,corn_Common_Rust,Corn_Common_Rust (1052).JPG,12038,7
leaf workshop/ORANGE/Ripe orange/43_jpg.rf.81d88184cdcf24c1c6516438382f7f3d.jpg,orange,Ripe orange,orange_Ripe orange,43_jpg.rf.81d88184cdcf24c1c6516438382f7f3d.jpg,29896,13
leaf workshop/corn_dataset/Gray_Leaf_Spot/Corn_Gray_Spot (483).JPG,corn,Gray_Leaf_Spot,corn_Gray_Leaf_Spot,Corn_Gray_Spot (483).JPG,14118,8
leaf workshop/potato_dataset/Potato___Late_blight/f7438ce7-c12a-40df-83a1-1ab0cde13bb0___RS_LB 3847.JPG,potato,Potato___Late_blight,potato_Potato___Late_blight,f7438ce7-c12a-40df-83a1-1ab0cde13bb0___RS_LB 3847.JPG,12839,16
leaf workshop/corn_dataset/Common_Rust/Corn_Common_Rust (671).JPG,corn,Common_Rust,corn_Common_Rust,Corn_Common_Rust (671).JPG,14665,7
leaf workshop/corn_dataset/Blight/Corn_Blight (87).jpg,corn,Blight,corn_Blight,Corn_Blight (87).jpg,2256589,6
leaf workshop/ORANGE/orange/depositphotos_19638723-stock-photo-fresh-orange-fruit-with-leaf_jpg.rf.333292502ea206bcf8367cfe59b128f7.jpg,orange,orange,orange_orange,depositphotos_19638723-stock-photo-fresh-orange-fruit-with-leaf_jpg.rf.333292502ea206bcf8367cfe59b128f7.jpg,19294,14
leaf workshop/corn_dataset/Gray_Leaf_Spot/Corn_Gray_Spot (451).jpg,corn,Gray_Leaf_Spot,corn_Gray_Leaf_Spot,Corn_Gray_Spot (451).jpg,12910,8
leaf workshop/corn_dataset/Common_Rust/Corn_Common_Rust (718).JPG,corn,Common_Rust,corn_Common_Rust,Corn_Common_Rust (718).JPG,11547,7
leaf workshop/corn_dataset/Blight/Corn_Blight (843).JPG,corn,Blight,corn_Blight,Corn_Blight (843).JPG,16665,6
leaf workshop/potato_dataset/Potato___Late_blight/ec958877-f479-4c8c-a947-3686039f8921___RS_LB 2587.JPG,potato,Potato___Late_blight,potato_Potato___Late_blight,ec958877-f479-4c8c-a947-3686039f8921___RS_LB 2587.JPG,18352,16
leaf workshop/corn_dataset/Blight/Corn_Blight (740).JPG,corn,Blight,corn_Blight,Corn_Blight (740).JPG,12532,6
leaf workshop/corn_dataset/Healthy/Corn_Health (660).jpg,corn,Healthy,corn_Healthy,Corn_Health (660).jpg,15756,9
leaf workshop/corn_dataset/Gray_Leaf_Spot/Corn_Gray_Spot (487).JPG,corn,Gray_Leaf_Spot,corn_Gray_Leaf_Spot,Corn_Gray_Spot (487).JPG,13926,8
leaf workshop/corn_dataset/Common_Rust/Corn_Common_Rust (598).JPG,corn,Common_Rust,corn_Common_Rust,Corn_Common_Rust (598).JPG,15007,7
leaf workshop/corn_dataset/Common_Rust/Corn_Common_Rust (253).JPG,corn,Common_Rust,corn_Common_Rust,Corn_Common_Rust (253).JPG,11147,7
leaf workshop/potato_dataset/Potato___Early_blight/d8efc91f-6e85-4508-8d49-9c4a11c4c71a___RS_Early.B 7484.JPG,potato,Potato___Early_blight,potato_Potato___Early_blight,d8efc91f-6e85-4508-8d49-9c4a11c4c71a___RS_Early.B 7484.JPG,19165,15
leaf workshop/corn_dataset/Blight/Corn_Blight (901).jpg,corn,Blight,corn_Blight,Corn_Blight (901).jpg,15119,6
leaf workshop/corn_dataset/Common_Rust/Corn_Common_Rust (3).jpg,corn,Common_Rust,corn_Common_Rust,Corn_Common_Rust (3).jpg,33414,7
leaf workshop/corn_dataset/Healthy/Corn_Health (508).jpg,corn,Healthy,corn_Healthy,Corn_Health (508).jpg,11994,9
leaf workshop/ORANGE/Ripe orange/77_jpg.rf.03e3ec24051ffc68ff972c3a33ebf7c1.jpg,orange,Ripe orange,orange_Ripe orange,77_jpg.rf.03e3ec24051ffc68ff972c3a33ebf7c1.jpg,21334,13
leaf workshop/corn_dataset/Healthy/Corn_Health (368).jpg,corn,Healthy,corn_Healthy,Corn_Health (368).jpg,14051,9
leaf workshop/ORANGE/Ripe orange/22_jpg.rf.aa0d569a695f464e9f0a2633ddd4afc3.jpg,orange,Ripe orange,orange_Ripe orange,22_jpg.rf.aa0d569a695f464e9f0a2633ddd4afc3.jpg,26175,13
leaf workshop/corn_dataset/Healthy/Corn_Health (78).jpg,corn,Healthy,corn_Healthy,Corn_Health (78).jpg,10851,9
leaf workshop/potato_dataset/Potato___healthy/Potato_healthy-82-_0_9934.jpg,potato,Potato___healthy,potato_Potato___healthy,Potato_healthy-82-_0_9934.jpg,18845,17
leaf workshop/potato_dataset/Potato___Early_blight/e1710bad-79c1-4b36-bbd2-b257c50697a5___RS_Early.B 7426.JPG,potato,Potato___Early_blight,potato_Potato___Early_blight,e1710bad-79c1-4b36-bbd2-b257c50697a5___RS_Early.B 7426.JPG,20267,15
leaf workshop/potato_dataset/Potato___Early_blight/d8a8d6e5-d82d-4f7c-aac5-183e85549d9b___RS_Early.B 7799.JPG,potato,Potato___Early_blight,potato_Potato___Early_blight,d8a8d6e5-d82d-4f7c-aac5-183e85549d9b___RS_Early.B 7799.JPG,22204,15
leaf workshop/potato_dataset/Potato___Early_blight/d1072068-911c-4656-8bf2-e662982199e1___RS_Early.B 8141.JPG,potato,Potato___Early_blight,potato_Potato___Early_blight,d1072068-911c-4656-8bf2-e662982199e1___RS_Early.B 8141.JPG,21763,15
leaf workshop/corn_dataset/Healthy/Corn_Health (860).jpg,corn,Healthy,corn_Healthy,Corn_Health (860).jpg,11344,9
leaf workshop/potato_dataset/Potato___Early_blight/fa61b2e4-413c-4503-a2a2-cff2d8a11351___RS_Early.B 7370.JPG,potato,Potato___Early_blight,potato_Potato___Early_blight,fa61b2e4-413c-4503-a2a2-cff2d8a11351___RS_Early.B 7370.JPG,17460,15
leaf workshop/corn_dataset/Healthy/Corn_Health (86).jpg,corn,Healthy,corn_Healthy,Corn_Health (86).jpg,11005,9
leaf workshop/corn_dataset/Blight/Corn_Blight (813).JPG,corn,Blight,corn_Blight,Corn_Blight (813).JPG,14448,6
leaf workshop/corn_dataset/Blight/Corn_Blight (331).JPG,corn,Blight,corn_Blight,Corn_Blight (331).JPG,18282,6
leaf workshop/corn_dataset/Healthy/Corn_Health (542).jpg,corn,Healthy,corn_Healthy,Corn_Health (542).jpg,9718,9
leaf workshop/corn_dataset/Healthy/Corn_Health (407).jpg,corn,Healthy,corn_Healthy,Corn_Health (407).jpg,10332,9
leaf workshop/ORANGE/Ripe orange/20_jpg.rf.d12581b768399f5172f7a7b6c09c92ea.jpg,orange,Ripe orange,orange_Ripe orange,20_jpg.rf.d12581b768399f5172f7a7b6c09c92ea.jpg,27544,13
leaf workshop/corn_dataset/Blight/Corn_Blight (655).jpg,corn,Blight,corn_Blight,Corn_Blight (655).jpg,13368,6
leaf workshop/corn_dataset/Blight/Corn_Blight (780).JPG,corn,Blight,corn_Blight,Corn_Blight (780).JPG,13762,6
leaf workshop/corn_dataset/Healthy/Corn_Health (812).jpg,corn,Healthy,corn_Healthy,Corn_Health (812).jpg,18732,9
leaf workshop/corn_dataset/Common_Rust/Corn_Common_Rust (1008).JPG,corn,Common_Rust,corn_Common_Rust,Corn_Common_Rust (1008).JPG,14536,7
leaf workshop/potato_dataset/Potato___Late_blight/dbad8fb5-90a0-4bcc-902e-7b7b632d0233___RS_LB 4036.JPG,potato,Potato___Late_blight,potato_Potato___Late_blight,dbad8fb5-90a0-4bcc-902e-7b7b632d0233___RS_LB 4036.JPG,12358,16
leaf workshop/corn_dataset/Healthy/Corn_Health (653).jpg,corn,Healthy,corn_Healthy,Corn_Health (653).jpg,11200,9
leaf workshop/corn_dataset/Common_Rust/Corn_Common_Rust (241).JPG,corn,Common_Rust,corn_Common_Rust,Corn_Common_Rust (241).JPG,14001,7
leaf workshop/potato_dataset/Potato___Late_blight/b86630ca-89d0-4f83-9942-c1bfcce6b06c___RS_LB 4339.JPG,potato,Potato___Late_blight,potato_Potato___Late_blight,b86630ca-89d0-4f83-9942-c1bfcce6b06c___RS_LB 4339.JPG,16279,16
leaf workshop/coffee_dataset/phoma/256.jpg,coffee,phoma,coffee_phoma,256.jpg,86012,5
leaf workshop/corn_dataset/Blight/Corn_Blight (1011).jpg,corn,Blight,corn_Blight,Corn_Blight (1011).jpg,15640,6
leaf workshop/potato_dataset/Potato___Late_blight/e465af98-028c-4222-b300-d9688b613d89___RS_LB 5137.JPG,potato,Potato___Late_blight,potato_Potato___Late_blight,e465af98-028c-4222-b300-d9688b613d89___RS_LB 5137.JPG,15897,16
leaf workshop/corn_dataset/Common_Rust/Corn_Common_Rust (49).jpg,corn,Common_Rust,corn_Common_Rust,Corn_Common_Rust (49).jpg,1411249,7
leaf workshop/potato_dataset/Potato___healthy/Potato_healthy-109-_0_1222.jpg,potato,Potato___healthy,potato_Potato___healthy,Potato_healthy-109-_0_1222.jpg,16967,17
leaf workshop/corn_dataset/Healthy/Corn_Health (654).jpg,corn,Healthy,corn_Healthy,Corn_Health (654).jpg,11255,9
leaf workshop/corn_dataset/Common_Rust/Corn_Common_Rust (1034).JPG,corn,Common_Rust,corn_Common_Rust,Corn_Common_Rust (1034).JPG,13036,7
leaf workshop/corn_dataset/Healthy/Corn_Health (1156).jpg,corn,Healthy,corn_Healthy,Corn_Health (1156).jpg,7821,9
leaf workshop/ORANGE/orange/img_981_jpeg.rf.c435b3ec15c71b600e20ab984b56629b.jpg,orange,orange,orange_orange,img_981_jpeg.rf.c435b3ec15c71b600e20ab984b56629b.jpg,32483,14
leaf workshop/corn_dataset/Healthy/Corn_Health (759).jpg,corn,Healthy,corn_Healthy,Corn_Health (759).jpg,12307,9
leaf workshop/corn_dataset/Healthy/Corn_Health (740).jpg,corn,Healthy,corn_Healthy,Corn_Health (740).jpg,12577,9
leaf workshop/corn_dataset/Healthy/Corn_Health (551).jpg,corn,Healthy,corn_Healthy,Corn_Health (551).jpg,15809,9
leaf workshop/MANGO/Green mango/WIN_20230323_14_10_19_Pro_jpg.rf.7091e6f57c2cffd0be0d0b1a52df5185.jpg,mango,Green mango,mango_Green mango,WIN_20230323_14_10_19_Pro_jpg.rf.7091e6f57c2cffd0be0d0b1a52df5185.jpg,23908,10
leaf workshop/corn_dataset/Common_Rust/Corn_Common_Rust (1135).JPG,corn,Common_Rust,corn_Common_Rust,Corn_Common_Rust (1135).JPG,12122,7
leaf workshop/coffee_dataset/phoma/265.jpg,coffee,phoma,coffee_phoma,265.jpg,78323,5
leaf workshop/MANGO/Rotten Mango/113_jpg.rf.acc63e2eef8045987849705639b0d1de.jpg,mango,Rotten Mango,mango_Rotten Mango,113_jpg.rf.acc63e2eef8045987849705639b0d1de.jpg,11238,11
leaf workshop/corn_dataset/Healthy/Corn_Health (117).jpg,corn,Healthy,corn_Healthy,Corn_Health (117).jpg,11632,9
leaf workshop/corn_dataset/Healthy/Corn_Health (136).jpg,corn,Healthy,corn_Healthy,Corn_Health (136).jpg,17858,9
leaf workshop/corn_dataset/Blight/Corn_Blight (1077).JPG,corn,Blight,corn_Blight,Corn_Blight (1077).JPG,8749,6
leaf workshop/potato_dataset/Potato___Late_blight/dce12e0f-6f9d-4c29-ad7a-5e8216b690e0___RS_LB 4721.JPG,potato,Potato___Late_blight,potato_Potato___Late_blight,dce12e0f-6f9d-4c29-ad7a-5e8216b690e0___RS_LB 4721.JPG,14174,16
leaf workshop/ORANGE/orange/image29_jpeg_jpg.rf.6b62b15c68e70034b58c39ddb88c5874.jpg,orange,orange,orange_orange,image29_jpeg_jpg.rf.6b62b15c68e70034b58c39ddb88c5874.jpg,32210,14
leaf workshop/corn_dataset/Common_Rust/Corn_Common_Rust (379).JPG,corn,Common_Rust,corn_Common_Rust,Corn_Common_Rust (379).JPG,13748,7
leaf workshop/corn_dataset/Blight/Corn_Blight (899).JPG,corn,Blight,corn_Blight,Corn_Blight (899).JPG,10796,6
leaf workshop/potato_dataset/Potato___healthy/Potato_healthy-125-_0_50.jpg,potato,Potato___healthy,potato_Potato___healthy,Potato_healthy-125-_0_50.jpg,16654,17
leaf workshop/MANGO/Green mango/WIN_20230323_14_46_10_Pro_jpg.rf.bc72021d559fb2b7e4c3d99b650a3aff.jpg,mango,Green mango,mango_Green mango,WIN_20230323_14_46_10_Pro_jpg.rf.bc72021d559fb2b7e4c3d99b650a3aff.jpg,21698,10
leaf workshop/corn_dataset/Gray_Leaf_Spot/Corn_Gray_Spot (122).JPG,corn,Gray_Leaf_Spot,corn_Gray_Leaf_Spot,Corn_Gray_Spot (122).JPG,13952,8
leaf workshop/corn_dataset/Common_Rust/Corn_Common_Rust (457).JPG,corn,Common_Rust,corn_Common_Rust,Corn_Common_Rust (457).JPG,11496,7
leaf workshop/corn_dataset/Blight/Corn_Blight (537).JPG,corn,Blight,corn_Blight,Corn_Blight (537).JPG,14928,6
leaf workshop/corn_dataset/Blight/Corn_Blight (709).jpg,corn,Blight,corn_Blight,Corn_Blight (709).jpg,14418,6
leaf workshop/corn_dataset/Common_Rust/Corn_Common_Rust (230).JPG,corn,Common_Rust,corn_Common_Rust,Corn_Common_Rust (230).JPG,13637,7
leaf workshop/corn_dataset/Healthy/Corn_Health (17).jpg,corn,Healthy,corn_Healthy,Corn_Health (17).jpg,10455,9
leaf workshop/corn_dataset/Healthy/Corn_Health (898).jpg,corn,Healthy,corn_Healthy,Corn_Health (898).jpg,12409,9
leaf workshop/corn_dataset/Blight/Corn_Blight (499).JPG,corn,Blight,corn_Blight,Corn_Blight (499).JPG,12121,6
leaf workshop/ORANGE/Ripe orange/98_jpg.rf.d36eae2790d0df419bb8667d357bf2c9.jpg,orange,Ripe orange,orange_Ripe orange,98_jpg.rf.d36eae2790d0df419bb8667d357bf2c9.jpg,18472,13
leaf workshop/corn_dataset/Healthy/Corn_Health (163).jpg,corn,Healthy,corn_Healthy,Corn_Health (163).jpg,12794,9
leaf workshop/corn_dataset/Common_Rust/Corn_Common_Rust (1278).jpg,corn,Common_Rust,corn_Common_Rust,Corn_Common_Rust (1278).jpg,148059,7
leaf workshop/corn_dataset/Common_Rust/Corn_Common_Rust (742).JPG,corn,Common_Rust,corn_Common_Rust,Corn_Common_Rust (742).JPG,14043,7
leaf workshop/corn_dataset/Blight/Corn_Blight (362).JPG,corn,Blight,corn_Blight,Corn_Blight (362).JPG,13076,6
leaf workshop/corn_dataset/Healthy/Corn_Health (501).jpg,corn,Healthy,corn_Healthy,Corn_Health (501).jpg,7154,9
leaf workshop/potato_dataset/Potato___Early_blight/e490f736-a52f-434f-ada7-3bb255d99635___RS_Early.B 7417.JPG,potato,Potato___Early_blight,potato_Potato___Early_blight,e490f736-a52f-434f-ada7-3bb255d99635___RS_Early.B 7417.JPG,19064,15
leaf workshop/MANGO/Rotten Mango/20230305_061043200_iOS_jpg.rf.828c9a8b966ca288ee9981d7c29d0389.jpg,mango,Rotten Mango,mango_Rotten Mango,20230305_061043200_iOS_jpg.rf.828c9a8b966ca288ee9981d7c29d0389.jpg,24961,11
leaf workshop/corn_dataset/Healthy/Corn_Health (536).jpg,corn,Healthy,corn_Healthy,Corn_Health (536).jpg,15467,9
leaf workshop/ORANGE/orange/808aeba2-e75c-4bf1-bcfc-5c42e491b214_jpg.rf.549f1f77a6d4bc39883d424d0a31e6eb.jpg,orange,orange,orange_orange,808aeba2-e75c-4bf1-bcfc-5c42e491b214_jpg.rf.549f1f77a6d4bc39883d424d0a31e6eb.jpg,15545,14
leaf workshop/corn_dataset/Blight/Corn_Blight (871).JPG,corn,Blight,corn_Blight,Corn_Blight (871).JPG,14421,6
leaf workshop/coffee_dataset/leaf_rust/170.jpg,coffee,leaf_rust,coffee_leaf_rust,170.jpg,124680,4
leaf workshop/ORANGE/Ripe orange/6_jpg.rf.5be03e420d90bd3dc70898dde41db551.jpg,orange,Ripe orange,orange_Ripe orange,6_jpg.rf.5be03e420d90bd3dc70898dde41db551.jpg,20469,13
leaf workshop/corn_dataset/Healthy/Corn_Health (324).jpg,corn,Healthy,corn_Healthy,Corn_Health (324).jpg,14770,9
leaf workshop/potato_dataset/Potato___Early_blight/f15637d3-829d-46f9-b45e-1e1768d6b8c9___RS_Early.B 7635.JPG,potato,Potato___Early_blight,potato_Potato___Early_blight,f15637d3-829d-46f9-b45e-1e1768d6b8c9___RS_Early.B 7635.JPG,19114,15
leaf workshop/corn_dataset/Blight/Corn_Blight (257).JPG,corn,Blight,corn_Blight,Corn_Blight (257).JPG,13159,6
leaf workshop/corn_dataset/Gray_Leaf_Spot/Corn_Gray_Spot (457).JPG,corn,Gray_Leaf_Spot,corn_Gray_Leaf_Spot,Corn_Gray_Spot (457).JPG,18559,8
leaf workshop/corn_dataset/Blight/Corn_Blight (329).JPG,corn,Blight,corn_Blight,Corn_Blight (329).JPG,16134,6
leaf workshop/potato_dataset/Potato___healthy/Potato_healthy-101-_0_2945.jpg,potato,Potato___healthy,potato_Potato___healthy,Potato_healthy-101-_0_2945.jpg,13699,17
leaf workshop/potato_dataset/Potato___Late_blight/d2ff230f-99a5-4dc5-968c-246d772788af___RS_LB 3279.JPG,potato,Potato___Late_blight,potato_Potato___Late_blight,d2ff230f-99a5-4dc5-968c-246d772788af___RS_LB 3279.JPG,18162,16
leaf workshop/ORANGE/Ripe orange/51_jpg.rf.3879a66639b97b3ad4d4d348866d8db7.jpg,orange,Ripe orange,orange_Ripe orange,51_jpg.rf.3879a66639b97b3ad4d4d348866d8db7.jpg,26510,13
leaf workshop/corn_dataset/Common_Rust/Corn_Common_Rust (1280).jpg,corn,Common_Rust,corn_Common_Rust,Corn_Common_Rust (1280).jpg,823030,7
leaf workshop/potato_dataset/Potato___healthy/Potato_healthy-119-_0_3500.jpg,potato,Potato___healthy,potato_Potato___healthy,Potato_healthy-119-_0_3500.jpg,12835,17
leaf workshop/corn_dataset/Gray_Leaf_Spot/Corn_Gray_Spot (291).JPG,corn,Gray_Leaf_Spot,corn_Gray_Leaf_Spot,Corn_Gray_Spot (291).JPG,13668,8
leaf workshop/corn_dataset/Gray_Leaf_Spot/Corn_Gray_Spot (499).JPG,corn,Gray_Leaf_Spot,corn_Gray_Leaf_Spot,Corn_Gray_Spot (499).JPG,13343,8
leaf workshop/corn_dataset/Common_Rust/Corn_Common_Rust (576).JPG,corn,Common_Rust,corn_Common_Rust,Corn_Common_Rust (576).JPG,16961,7
leaf workshop/potato_dataset/Potato___healthy/Potato_healthy-116-_0_6599.jpg,potato,Potato___healthy,potato_Potato___healthy,Potato_healthy-116-_0_6599.jpg,14734,17
leaf workshop/corn_dataset/Blight/Corn_Blight (571).JPG,corn,Blight,corn_Blight,Corn_Blight (571).JPG,13395,6
leaf workshop/corn_dataset/Gray_Leaf_Spot/Corn_Gray_Spot (142).JPG,corn,Gray_Leaf_Spot,corn_Gray_Leaf_Spot,Corn_Gray_Spot (142).JPG,13871,8
leaf workshop/ORANGE/Ripe orange/92_jpg.rf.f550c68fa8953af669551a021c9be846.jpg,orange,Ripe orange,orange_Ripe orange,92_jpg.rf.f550c68fa8953af669551a021c9be846.jpg,29390,13
leaf workshop/coffee_dataset/leaf_rust/173.jpg,coffee,leaf_rust,coffee_leaf_rust,173.jpg,190132,4
leaf workshop/corn_dataset/Healthy/Corn_Health (1010).jpg,corn,Healthy,corn_Healthy,Corn_Health (1010).jpg,15079,9
leaf workshop/BANANA/Rotten banana/translation_Screen-Shot-2018-06-12-at-9_13_10-PM_png.rf.cf43dcd81892ef38e4f17244a200a143.jpg,banana,Rotten banana,banana_Rotten banana,translation_Screen-Shot-2018-06-12-at-9_13_10-PM_png.rf.cf43dcd81892ef38e4f17244a200a143.jpg,16767,1
leaf workshop/corn_dataset/Common_Rust/Corn_Common_Rust (18).jpg,corn,Common_Rust,corn_Common_Rust,Corn_Common_Rust (18).jpg,191382,7
leaf workshop/corn_dataset/Blight/Corn_Blight (703).jpg,corn,Blight,corn_Blight,Corn_Blight (703).jpg,14314,6
leaf workshop/ORANGE/orange/22863-large_default_jpg.rf.33f1bb644db38ff0e5a09d35687d2658.jpg,orange,orange,orange_orange,22863-large_default_jpg.rf.33f1bb644db38ff0e5a09d35687d2658.jpg,47854,14
leaf workshop/corn_dataset/Blight/Corn_Blight (40).jpg,corn,Blight,corn_Blight,Corn_Blight (40).jpg,112998,6
leaf workshop/corn_dataset/Blight/Corn_Blight (330).JPG,corn,Blight,corn_Blight,Corn_Blight (330).JPG,14870,6
leaf workshop/corn_dataset/Common_Rust/Corn_Common_Rust (1082).JPG,corn,Common_Rust,corn_Common_Rust,Corn_Common_Rust (1082).JPG,11163,7
leaf workshop/ORANGE/orange/image12_jpeg_jpg.rf.69428956d786deb45ccdaaad1c08b043.jpg,orange,orange,orange_orange,image12_jpeg_jpg.rf.69428956d786deb45ccdaaad1c08b043.jpg,21143,14
leaf workshop/corn_dataset/Healthy/Corn_Health (354).jpg,corn,Healthy,corn_Healthy,Corn_Health (354).jpg,8447,9
leaf workshop/potato_dataset/Potato___Early_blight/e5c94100-3e1c-4fb1-8b6b-f281b491adff___RS_Early.B 8604.JPG,potato,Potato___Early_blight,potato_Potato___Early_blight,e5c94100-3e1c-4fb1-8b6b-f281b491adff___RS_Early.B 8604.JPG,22492,15
leaf workshop/corn_dataset/Healthy/Corn_Health (613).jpg,corn,Healthy,corn_Healthy,Corn_Health (613).jpg,21293,9
leaf workshop/corn_dataset/Common_Rust/Corn_Common_Rust (1208).JPG,corn,Common_Rust,corn_Common_Rust,Corn_Common_Rust (1208).JPG,16220,7
leaf workshop/corn_dataset/Blight/Corn_Blight (439).jpg,corn,Blight,corn_Blight,Corn_Blight (439).jpg,12411,6
leaf workshop/corn_dataset/Blight/Corn_Blight (481).JPG,corn,Blight,corn_Blight,Corn_Blight (481).JPG,13247,6
leaf workshop/corn_dataset/Healthy/Corn_Health (453).jpg,corn,Healthy,corn_Healthy,Corn_Health (453).jpg,8492,9
leaf workshop/ORANGE/orange/images122_jpg.rf.3d8264a3cb55c270867f2d51950f3cbd.jpg,orange,orange,orange_orange,images122_jpg.rf.3d8264a3cb55c270867f2d51950f3cbd.jpg,15999,14
leaf workshop/potato_dataset/Potato___Early_blight/e016d105-f5cd-4082-a8c9-1913ea3fcfbb___RS_Early.B 7800.JPG,potato,Potato___Early_blight,potato_Potato___Early_blight,e016d105-f5cd-4082-a8c9-1913ea3fcfbb___RS_Early.B 7800.JPG,22392,15
leaf workshop/BANANA/Rotten banana/vertical_flip_Screen-Shot-2018-06-12-at-9_14_28-PM_png.rf.f0e5cb73912e7ea1169991cc9c35d39c.jpg,banana,Rotten banana,banana_Rotten banana,vertical_flip_Screen-Shot-2018-06-12-at-9_14_28-PM_png.rf.f0e5cb73912e7ea1169991cc9c35d39c.jpg,20967,1
leaf workshop/corn_dataset/Blight/Corn_Blight (126).JPG,corn,Blight,corn_Blight,Corn_Blight (126).JPG,12796,6
leaf workshop/corn_dataset/Blight/Corn_Blight (652).JPG,corn,Blight,corn_Blight,Corn_Blight (652).JPG,15428,6
leaf workshop/corn_dataset/Common_Rust/Corn_Common_Rust (217).JPG,corn,Common_Rust,corn_Common_Rust,Corn_Common_Rust (217).JPG,13309,7
leaf workshop/ORANGE/Ripe orange/81_jpg.rf.e4443bba15e6d917c33dcf6bff953ea9.jpg,orange,Ripe orange,orange_Ripe orange,81_jpg.rf.e4443bba15e6d917c33dcf6bff953ea9.jpg,41461,13
leaf workshop/ORANGE/orange/img_231_jpeg.rf.0c011dd535f99b71f04a5339f0e4daf7.jpg,orange,orange,orange_orange,img_231_jpeg.rf.0c011dd535f99b71f04a5339f0e4daf7.jpg,35493,14
leaf workshop/corn_dataset/Blight/Corn_Blight (639).JPG,corn,Blight,corn_Blight,Corn_Blight (639).JPG,11322,6
leaf workshop/corn_dataset/Healthy/Corn_Health (619).jpg,corn,Healthy,corn_Healthy,Corn_Health (619).jpg,14569,9
leaf workshop/corn_dataset/Healthy/Corn_Health (332).jpg,corn,Healthy,corn_Healthy,Corn_Health (332).jpg,16586,9
leaf workshop/corn_dataset/Blight/Corn_Blight (477).JPG,corn,Blight,corn_Blight,Corn_Blight (477).JPG,16059,6
leaf workshop/corn_dataset/Common_Rust/Corn_Common_Rust (1197).JPG,corn,Common_Rust,corn_Common_Rust,Corn_Common_Rust (1197).JPG,11586,7
leaf workshop/potato_dataset/Potato___healthy/Potato_healthy-128-_0_7728.jpg,potato,Potato___healthy,potato_Potato___healthy,Potato_healthy-128-_0_7728.jpg,14939,17
leaf workshop/corn_dataset/Blight/Corn_Blight (69).jpg,corn,Blight,corn_Blight,Corn_Blight (69).jpg,574294,6
leaf workshop/ORANGE/orange/historia-de-la-naranja-en-valencia_Sunzest-fruits_jpg.rf.866e681a4aeef2ecc46e672de6fe653c.jpg,orange,orange,orange_orange,historia-de-la-naranja-en-valencia_Sunzest-fruits_jpg.rf.866e681a4aeef2ecc46e672de6fe653c.jpg,34113,14
leaf workshop/corn_dataset/Healthy/Corn_Health (737).jpg,corn,Healthy,corn_Healthy,Corn_Health (737).jpg,13730,9
leaf workshop/corn_dataset/Common_Rust/Corn_Common_Rust (385).JPG,corn,Common_Rust,corn_Common_Rust,Corn_Common_Rust (385).JPG,11882,7
leaf workshop/potato_dataset/Potato___healthy/Potato_healthy-142-_0_9295.jpg,potato,Potato___healthy,potato_Potato___healthy,Potato_healthy-142-_0_9295.jpg,13534,17
leaf workshop/BANANA/Yellow banana/200415_jpg.rf.6229566e4601885dbc65a2a73896ff5a.jpg,banana,Yellow banana,banana_Yellow banana,200415_jpg.rf.6229566e4601885dbc65a2a73896ff5a.jpg,21126,2
leaf workshop/corn_dataset/Blight/Corn_Blight (380).JPG,corn,Blight,corn_Blight,Corn_Blight (380).JPG,11534,6
leaf workshop/ORANGE/Ripe orange/42_jpg.rf.bd259fdfb94309e3120e343958c5a111.jpg,orange,Ripe orange,orange_Ripe orange,42_jpg.rf.bd259fdfb94309e3120e343958c5a111.jpg,25336,13
leaf workshop/corn_dataset/Common_Rust/Corn_Common_Rust (373).JPG,corn,Common_Rust,corn_Common_Rust,Corn_Common_Rust (373).JPG,18055,7
leaf workshop/corn_dataset/Healthy/Corn_Health (403).jpg,corn,Healthy,corn_Healthy,Corn_Health (403).jpg,12576,9
leaf workshop/corn_dataset/Common_Rust/Corn_Common_Rust (697).JPG,corn,Common_Rust,corn_Common_Rust,Corn_Common_Rust (697).JPG,12925,7
leaf workshop/corn_dataset/Healthy/Corn_Health (343).jpg,corn,Healthy,corn_Healthy,Corn_Health (343).jpg,13705,9
leaf workshop/potato_dataset/Potato___Early_blight/c5b121ff-fc3c-406a-8127-2a7e413a0903___RS_Early.B 9006.JPG,potato,Potato___Early_blight,potato_Potato___Early_blight,c5b121ff-fc3c-406a-8127-2a7e413a0903___RS_Early.B 9006.JPG,23274,15
leaf workshop/coffee_dataset/leaf_rust/136.jpg,coffee,leaf_rust,coffee_leaf_rust,136.jpg,175174,4
leaf workshop/corn_dataset/Blight/Corn_Blight (519).JPG,corn,Blight,corn_Blight,Corn_Blight (519).JPG,13593,6
leaf workshop/potato_dataset/Potato___Late_blight/ee1e965f-2bee-4a7a-8356-1118c9e41cd3___RS_LB 4120.JPG,potato,Potato___Late_blight,potato_Potato___Late_blight,ee1e965f-2bee-4a7a-8356-1118c9e41cd3___RS_LB 4120.JPG,11862,16
leaf workshop/corn_dataset/Blight/Corn_Blight (1035).JPG,corn,Blight,corn_Blight,Corn_Blight (1035).JPG,15880,6
leaf workshop/corn_dataset/Common_Rust/Corn_Common_Rust (1275).jpg,corn,Common_Rust,corn_Common_Rust,Corn_Common_Rust (1275).jpg,227600,7
leaf workshop/potato_dataset/Potato___healthy/Potato_healthy-107-_0_4065.jpg,potato,Potato___healthy,potato_Potato___healthy,Potato_healthy-107-_0_4065.jpg,15886,17
leaf workshop/corn_dataset/Common_Rust/Corn_Common_Rust (177).JPG,corn,Common_Rust,corn_Common_Rust,Corn_Common_Rust (177).JPG,12197,7
leaf workshop/corn_dataset/Healthy/Corn_Health (365).jpg,corn,Healthy,corn_Healthy,Corn_Health (365).jpg,9957,9
leaf workshop/corn_dataset/Blight/Corn_Blight (792).JPG,corn,Blight,corn_Blight,Corn_Blight (792).JPG,10986,6
leaf workshop/potato_dataset/Potato___healthy/Potato_healthy-99-_0_1022.jpg,potato,Potato___healthy,potato_Potato___healthy,Potato_healthy-99-_0_1022.jpg,15630,17
leaf workshop/corn_dataset/Healthy/Corn_Health (1021).jpg,corn,Healthy,corn_Healthy,Corn_Health (1021).jpg,13039,9
leaf workshop/corn_dataset/Gray_Leaf_Spot/Corn_Gray_Spot (98).jpg,corn,Gray_Leaf_Spot,corn_Gray_Leaf_Spot,Corn_Gray_Spot (98).jpg,13419,8
leaf workshop/potato_dataset/Potato___healthy/Potato_healthy-127-_0_5488.jpg,potato,Potato___healthy,potato_Potato___healthy,Potato_healthy-127-_0_5488.jpg,15353,17
leaf workshop/corn_dataset/Blight/Corn_Blight (1118).jpg,corn,Blight,corn_Blight,Corn_Blight (1118).jpg,19138,6
leaf workshop/corn_dataset/Blight/Corn_Blight (747).JPG,corn,Blight,corn_Blight,Corn_Blight (747).JPG,15028,6
leaf workshop/corn_dataset/Healthy/Corn_Health (705).JPG,corn,Healthy,corn_Healthy,Corn_Health (705).JPG,13249,9
leaf workshop/corn_dataset/Healthy/Corn_Health (848).jpg,corn,Healthy,corn_Healthy,Corn_Health (848).jpg,8816,9
leaf workshop/potato_dataset/Potato___Late_blight/f5cf6151-96d1-49bb-af1b-fa6026d749e8___RS_LB 4048.JPG,potato,Potato___Late_blight,potato_Potato___Late_blight,f5cf6151-96d1-49bb-af1b-fa6026d749e8___RS_LB 4048.JPG,12637,16
leaf workshop/corn_dataset/Gray_Leaf_Spot/Corn_Gray_Spot (288).JPG,corn,Gray_Leaf_Spot,corn_Gray_Leaf_Spot,Corn_Gray_Spot (288).JPG,18773,8
leaf workshop/corn_dataset/Healthy/Corn_Health (1050).jpg,corn,Healthy,corn_Healthy,Corn_Health (1050).jpg,8135,9
leaf workshop/corn_dataset/Gray_Leaf_Spot/Corn_Gray_Spot (302).JPG,corn,Gray_Leaf_Spot,corn_Gray_Leaf_Spot,Corn_Gray_Spot (302).JPG,20327,8
leaf workshop/MANGO/Yellow mango/20230305_052126707_iOS_jpg.rf.b30ab4091eb337ea5f2ef0c19dfe078f.jpg,mango,Yellow mango,mango_Yellow mango,20230305_052126707_iOS_jpg.rf.b30ab4091eb337ea5f2ef0c19dfe078f.jpg,18995,12
leaf workshop/potato_dataset/Potato___healthy/Potato_healthy-90-_0_463.jpg,potato,Potato___healthy,potato_Potato___healthy,Potato_healthy-90-_0_463.jpg,14790,17
leaf workshop/corn_dataset/Gray_Leaf_Spot/Corn_Gray_Spot (180).JPG,corn,Gray_Leaf_Spot,corn_Gray_Leaf_Spot,Corn_Gray_Spot (180).JPG,11647,8
leaf workshop/BANANA/Green banana/137_jpg.rf.e2b0cffe34448bceb7b1df378d819600.jpg,banana,Green banana,banana_Green banana,137_jpg.rf.e2b0cffe34448bceb7b1df378d819600.jpg,41918,0
leaf workshop/potato_dataset/Potato___Early_blight/fbc1b154-7b53-4ac5-ad3a-5e9e5078a289___RS_Early.B 7551.JPG,potato,Potato___Early_blight,potato_Potato___Early_blight,fbc1b154-7b53-4ac5-ad3a-5e9e5078a289___RS_Early.B 7551.JPG,20383,15
leaf workshop/corn_dataset/Common_Rust/Corn_Common_Rust (61).jpg,corn,Common_Rust,corn_Common_Rust,Corn_Common_Rust (61).jpg,41869,7
leaf workshop/potato_dataset/Potato___Early_blight/f6d8c094-970c-41c5-9f5d-3ded7c8f7b15___RS_Early.B 6846.JPG,potato,Potato___Early_blight,potato_Potato___Early_blight,f6d8c094-970c-41c5-9f5d-3ded7c8f7b15___RS_Early.B 6846.JPG,22939,15
leaf workshop/corn_dataset/Healthy/Corn_Health (726).jpg,corn,Healthy,corn_Healthy,Corn_Health (726).jpg,16369,9
leaf workshop/corn_dataset/Gray_Leaf_Spot/Corn_Gray_Spot (87).JPG,corn,Gray_Leaf_Spot,corn_Gray_Leaf_Spot,Corn_Gray_Spot (87).JPG,20158,8
leaf workshop/corn_dataset/Healthy/Corn_Health (268).jpg,corn,Healthy,corn_Healthy,Corn_Health (268).jpg,8000,9
leaf workshop/corn_dataset/Blight/Corn_Blight (796).JPG,corn,Blight,corn_Blight,Corn_Blight (796).JPG,14010,6
leaf workshop/MANGO/Yellow mango/20230305_052111941_iOS_jpg.rf.42b75c0f75636f5075e661c7fa3e5175.jpg,mango,Yellow mango,mango_Yellow mango,20230305_052111941_iOS_jpg.rf.42b75c0f75636f5075e661c7fa3e5175.jpg,19757,12
leaf workshop/corn_dataset/Common_Rust/Corn_Common_Rust (545).JPG,corn,Common_Rust,corn_Common_Rust,Corn_Common_Rust (545).JPG,10374,7
leaf workshop/corn_dataset/Healthy/Corn_Health (825).jpg,corn,Healthy,corn_Healthy,Corn_Health (825).jpg,7918,9
leaf workshop/corn_dataset/Common_Rust/Corn_Common_Rust (1185).JPG,corn,Common_Rust,corn_Common_Rust,Corn_Common_Rust (1185).JPG,12126,7
leaf workshop/ORANGE/Ripe orange/91_jpg.rf.bc5fb0ef31ffcc1fb581c724ca139bf4.jpg,orange,Ripe orange,orange_Ripe orange,91_jpg.rf.bc5fb0ef31ffcc1fb581c724ca139bf4.jpg,26295,13
leaf workshop/corn_dataset/Blight/Corn_Blight (53).jpg,corn,Blight,corn_Blight,Corn_Blight (53).jpg,91994,6
leaf workshop/potato_dataset/Potato___Late_blight/c0e1bf8b-8b3d-4e00-bbd7-dc134dd9ca42___RS_LB 3234.JPG,potato,Potato___Late_blight,potato_Potato___Late_blight,c0e1bf8b-8b3d-4e00-bbd7-dc134dd9ca42___RS_LB 3234.JPG,18544,16
leaf workshop/corn_dataset/Blight/Corn_Blight (601).jpg,corn,Blight,corn_Blight,Corn_Blight (601).jpg,14488,6
leaf workshop/corn_dataset/Gray_Leaf_Spot/Corn_Gray_Spot (462).JPG,corn,Gray_Leaf_Spot,corn_Gray_Leaf_Spot,Corn_Gray_Spot (462).JPG,12227,8
leaf workshop/corn_dataset/Gray_Leaf_Spot/Corn_Gray_Spot (384).JPG,corn,Gray_Leaf_Spot,corn_Gray_Leaf_Spot,Corn_Gray_Spot (384).JPG,19907,8
leaf workshop/coffee_dataset/phoma/18.jpg,coffee,phoma,coffee_phoma,18.jpg,154864,5
leaf workshop/corn_dataset/Common_Rust/Corn_Common_Rust (376).JPG,corn,Common_Rust,corn_Common_Rust,Corn_Common_Rust (376).JPG,10985,7
leaf workshop/corn_dataset/Gray_Leaf_Spot/Corn_Gray_Spot (481).JPG,corn,Gray_Leaf_Spot,corn_Gray_Leaf_Spot,Corn_Gray_Spot (481).JPG,19194,8
leaf workshop/corn_dataset/Blight/Corn_Blight (27).jpg,corn,Blight,corn_Blight,Corn_Blight (27).jpg,32963,6
leaf workshop/potato_dataset/Potato___Early_blight/ef722b35-2ab8-409d-a971-b3a853a72cb3___RS_Early.B 7184.JPG,potato,Potato___Early_blight,potato_Potato___Early_blight,ef722b35-2ab8-409d-a971-b3a853a72cb3___RS_Early.B 7184.JPG,20255,15
leaf workshop/potato_dataset/Potato___Early_blight/dea6a6e4-cfb0-4c00-a0f7-bdd1e52f82e0___RS_Early.B 7246.JPG,potato,Potato___Early_blight,potato_Potato___Early_blight,dea6a6e4-cfb0-4c00-a0f7-bdd1e52f82e0___RS_Early.B 7246.JPG,19420,15
leaf workshop/potato_dataset/Potato___healthy/Potato_healthy-76-_0_6833.jpg,potato,Potato___healthy,potato_Potato___healthy,Potato_healthy-76-_0_6833.jpg,15249,17
leaf workshop/potato_dataset/Potato___Late_blight/fff55a7e-2f86-4747-8d31-f1fde3c307aa___RS_LB 3081.JPG,potato,Potato___Late_blight,potato_Potato___Late_blight,fff55a7e-2f86-4747-8d31-f1fde3c307aa___RS_LB 3081.JPG,16590,16
leaf workshop/coffee_dataset/healthy/0.jpg,coffee,healthy,coffee_healthy,0.jpg,169997,3
leaf workshop/corn_dataset/Gray_Leaf_Spot/Corn_Gray_Spot (244).JPG,corn,Gray_Leaf_Spot,corn_Gray_Leaf_Spot,Corn_Gray_Spot (244).JPG,15121,8
leaf workshop/potato_dataset/Potato___Late_blight/e9cc84b7-fc38-4e65-a129-c7a63df76780___RS_LB 2705.JPG,potato,Potato___Late_blight,potato_Potato___Late_blight,e9cc84b7-fc38-4e65-a129-c7a63df76780___RS_LB 2705.JPG,17714,16
leaf workshop/corn_dataset/Healthy/Corn_Health (388).jpg,corn,Healthy,corn_Healthy,Corn_Health (388).jpg,7953,9
leaf workshop/corn_dataset/Common_Rust/Corn_Common_Rust (1123).JPG,corn,Common_Rust,corn_Common_Rust,Corn_Common_Rust (1123).JPG,11526,7
leaf workshop/corn_dataset/Common_Rust/Corn_Common_Rust (1200).JPG,corn,Common_Rust,corn_Common_Rust,Corn_Common_Rust (1200).JPG,13232,7
leaf workshop/corn_dataset/Healthy/Corn_Health (101).jpg,corn,Healthy,corn_Healthy,Corn_Health (101).jpg,12957,9
leaf workshop/corn_dataset/Healthy/Corn_Health (886).jpg,corn,Healthy,corn_Healthy,Corn_Health (886).jpg,9725,9
leaf workshop/corn_dataset/Gray_Leaf_Spot/Corn_Gray_Spot (64).JPG,corn,Gray_Leaf_Spot,corn_Gray_Leaf_Spot,Corn_Gray_Spot (64).JPG,13477,8
leaf workshop/corn_dataset/Common_Rust/Corn_Common_Rust (751).JPG,corn,Common_Rust,corn_Common_Rust,Corn_Common_Rust (751).JPG,15841,7
leaf workshop/corn_dataset/Gray_Leaf_Spot/Corn_Gray_Spot (306).JPG,corn,Gray_Leaf_Spot,corn_Gray_Leaf_Spot,Corn_Gray_Spot (306).JPG,11420,8
leaf workshop/coffee_dataset/healthy/197.jpg,coffee,healthy,coffee_healthy,197.jpg,128499,3
leaf workshop/corn_dataset/Common_Rust/Corn_Common_Rust (299).JPG,corn,Common_Rust,corn_Common_Rust,Corn_Common_Rust (299).JPG,14880,7
leaf workshop/corn_dataset/Common_Rust/Corn_Common_Rust (529).JPG,corn,Common_Rust,corn_Common_Rust,Corn_Common_Rust (529).JPG,16018,7
leaf workshop/corn_dataset/Common_Rust/Corn_Common_Rust (711).JPG,corn,Common_Rust,corn_Common_Rust,Corn_Common_Rust (711).JPG,11376,7
leaf workshop/corn_dataset/Common_Rust/Corn_Common_Rust (129).JPG,corn,Common_Rust,corn_Common_Rust,Corn_Common_Rust (129).JPG,14818,7
leaf workshop/corn_dataset/Blight/Corn_Blight (20).jpg,corn,Blight,corn_Blight,Corn_Blight (20).jpg,306753,6
leaf workshop/potato_dataset/Potato___Early_blight/d3a1b356-0ffa-4d47-9f52-410bbd0e3e3d___RS_Early.B 8884.JPG,potato,Potato___Early_blight,potato_Potato___Early_blight,d3a1b356-0ffa-4d47-9f52-410bbd0e3e3d___RS_Early.B 8884.JPG,16911,15
leaf workshop/corn_dataset/Healthy/Corn_Health (352).jpg,corn,Healthy,corn_Healthy,Corn_Health (352).jpg,15683,9
leaf workshop/corn_dataset/Common_Rust/Corn_Common_Rust (542).JPG,corn,Common_Rust,corn_Common_Rust,Corn_Common_Rust (542).JPG,13356,7
leaf workshop/potato_dataset/Potato___healthy/Potato_healthy-88-_0_192.jpg,potato,Potato___healthy,potato_Potato___healthy,Potato_healthy-88-_0_192.jpg,15164,17
leaf workshop/corn_dataset/Gray_Leaf_Spot/Corn_Gray_Spot (251).jpg,corn,Gray_Leaf_Spot,corn_Gray_Leaf_Spot,Corn_Gray_Spot (251).jpg,20135,8
leaf workshop/corn_dataset/Blight/Corn_Blight (268).JPG,corn,Blight,corn_Blight,Corn_Blight (268).JPG,14769,6
leaf workshop/corn_dataset/Healthy/Corn_Health (306).jpg,corn,Healthy,corn_Healthy,Corn_Health (306).jpg,17048,9
leaf workshop/MANGO/Rotten Mango/141_jpg.rf.8a91417bef669144ba3a1f99de5e4a48.jpg,mango,Rotten Mango,mango_Rotten Mango,141_jpg.rf.8a91417bef669144ba3a1f99de5e4a48.jpg,13246,11
leaf workshop/corn_dataset/Healthy/Corn_Health (197).jpg,corn,Healthy,corn_Healthy,Corn_Health (197).jpg,9459,9
leaf workshop/ORANGE/orange/00054_orangen1kg_jpg.rf.15793db97e56a0d7a2a228b6f28ccb43.jpg,orange,orange,orange_orange,00054_orangen1kg_jpg.rf.15793db97e56a0d7a2a228b6f28ccb43.jpg,30067,14
leaf workshop/potato_dataset/Potato___Late_blight/fb13e4c8-17e4-48a9-899b-dfc7f302196c___RS_LB 4374.JPG,potato,Potato___Late_blight,potato_Potato___Late_blight,fb13e4c8-17e4-48a9-899b-dfc7f302196c___RS_LB 4374.JPG,16927,16
leaf workshop/corn_dataset/Blight/Corn_Blight (317).jpg,corn,Blight,corn_Blight,Corn_Blight (317).jpg,11225,6
leaf workshop/corn_dataset/Common_Rust/Corn_Common_Rust (1166).JPG,corn,Common_Rust,corn_Common_Rust,Corn_Common_Rust (1166).JPG,12337,7
leaf workshop/BANANA/Rotten banana/vertical_flip_Screen-Shot-2018-06-12-at-9_17_57-PM_png.rf.60c59fca06fa982082ebc6ac9be2a61d.jpg,banana,Rotten banana,banana_Rotten banana,vertical_flip_Screen-Shot-2018-06-12-at-9_17_57-PM_png.rf.60c59fca06fa982082ebc6ac9be2a61d.jpg,22302,1
leaf workshop/corn_dataset/Common_Rust/Corn_Common_Rust (325).JPG,corn,Common_Rust,corn_Common_Rust,Corn_Common_Rust (325).JPG,11472,7
leaf workshop/corn_dataset/Gray_Leaf_Spot/Corn_Gray_Spot (469).JPG,corn,Gray_Leaf_Spot,corn_Gray_Leaf_Spot,Corn_Gray_Spot (469).JPG,14092,8
leaf workshop/potato_dataset/Potato___Late_blight/d8580222-d6c2-4519-94f2-f59c2d613d8b___RS_LB 4158.JPG,potato,Potato___Late_blight,potato_Potato___Late_blight,d8580222-d6c2-4519-94f2-f59c2d613d8b___RS_LB 4158.JPG,14429,16
leaf workshop/BANANA/Green banana/20_jpg.rf.c7800d6179f91b21e6c3d058b0500d27.jpg,banana,Green banana,banana_Green banana,20_jpg.rf.c7800d6179f91b21e6c3d058b0500d27.jpg,16442,0
leaf workshop/potato_dataset/Potato___Early_blight/efb6e5e5-d83c-4634-a9f6-3f2332713497___RS_Early.B 6788.JPG,potato,Potato___Early_blight,potato_Potato___Early_blight,efb6e5e5-d83c-4634-a9f6-3f2332713497___RS_Early.B 6788.JPG,21293,15
leaf workshop/corn_dataset/Common_Rust/Corn_Common_Rust (1137).JPG,corn,Common_Rust,corn_Common_Rust,Corn_Common_Rust (1137).JPG,13580,7
leaf workshop/corn_dataset/Healthy/Corn_Health (811).jpg,corn,Healthy,corn_Healthy,Corn_Health (811).jpg,11705,9
leaf workshop/corn_dataset/Gray_Leaf_Spot/Corn_Gray_Spot (90).JPG,corn,Gray_Leaf_Spot,corn_Gray_Leaf_Spot,Corn_Gray_Spot (90).JPG,14266,8
leaf workshop/corn_dataset/Healthy/Corn_Health (941).jpg,corn,Healthy,corn_Healthy,Corn_Health (941).jpg,8243,9
leaf workshop/ORANGE/Ripe orange/82_jpg.rf.a3719c8eaa27a38f1474f86217a51306.jpg,orange,Ripe orange,orange_Ripe orange,82_jpg.rf.a3719c8eaa27a38f1474f86217a51306.jpg,36954,13
leaf workshop/potato_dataset/Potato___Early_blight/cb5241ed-1a40-488a-9236-64ed07e6ebbf___RS_Early.B 6712.JPG,potato,Potato___Early_blight,potato_Potato___Early_blight,cb5241ed-1a40-488a-9236-64ed07e6ebbf___RS_Early.B 6712.JPG,19927,15
leaf workshop/corn_dataset/Gray_Leaf_Spot/Corn_Gray_Spot (29).jpg,corn,Gray_Leaf_Spot,corn_Gray_Leaf_Spot,Corn_Gray_Spot (29).jpg,45292,8
leaf workshop/corn_dataset/Blight/Corn_Blight (289).JPG,corn,Blight,corn_Blight,Corn_Blight (289).JPG,14805,6
leaf workshop/potato_dataset/Potato___healthy/Potato_healthy-112-_0_5840.jpg,potato,Potato___healthy,potato_Potato___healthy,Potato_healthy-112-_0_5840.jpg,16459,17
leaf workshop/corn_dataset/Healthy/Corn_Health (575).jpg,corn,Healthy,corn_Healthy,Corn_Health (575).jpg,15288,9
leaf workshop/corn_dataset/Gray_Leaf_Spot/Corn_Gray_Spot (332).jpg,corn,Gray_Leaf_Spot,corn_Gray_Leaf_Spot,Corn_Gray_Spot (332).jpg,18116,8
leaf workshop/coffee_dataset/phoma/276.jpg,coffee,phoma,coffee_phoma,276.jpg,111020,5
leaf workshop/corn_dataset/Blight/Corn_Blight (995).JPG,corn,Blight,corn_Blight,Corn_Blight (995).JPG,13765,6
leaf workshop/corn_dataset/Common_Rust/Corn_Common_Rust (1022).JPG,corn,Common_Rust,corn_Common_Rust,Corn_Common_Rust (1022).JPG,13552,7
leaf workshop/corn_dataset/Healthy/Corn_Health (526).jpg,corn,Healthy,corn_Healthy,Corn_Health (526).jpg,14917,9
leaf workshop/corn_dataset/Healthy/Corn_Health (727).jpg,corn,Healthy,corn_Healthy,Corn_Health (727).jpg,7657,9
leaf workshop/corn_dataset/Healthy/Corn_Health (67).jpg,corn,Healthy,corn_Healthy,Corn_Health (67).jpg,7992,9
leaf workshop/corn_dataset/Common_Rust/Corn_Common_Rust (1238).JPG,corn,Common_Rust,corn_Common_Rust,Corn_Common_Rust (1238).JPG,14806,7
leaf workshop/corn_dataset/Common_Rust/Corn_Common_Rust (313).JPG,corn,Common_Rust,corn_Common_Rust,Corn_Common_Rust (313).JPG,12386,7
leaf workshop/potato_dataset/Potato___healthy/Potato_healthy-143-_0_7619.jpg,potato,Potato___healthy,potato_Potato___healthy,Potato_healthy-143-_0_7619.jpg,14840,17
leaf workshop/corn_dataset/Blight/Corn_Blight (536).JPG,corn,Blight,corn_Blight,Corn_Blight (536).JPG,13236,6
leaf workshop/corn_dataset/Blight/Corn_Blight (72).jpg,corn,Blight,corn_Blight,Corn_Blight (72).jpg,102830,6
leaf workshop/corn_dataset/Blight/Corn_Blight (391).JPG,corn,Blight,corn_Blight,Corn_Blight (391).JPG,14832,6
leaf workshop/corn_dataset/Common_Rust/Corn_Common_Rust (1281).jpg,corn,Common_Rust,corn_Common_Rust,Corn_Common_Rust (1281).jpg,280509,7
leaf workshop/MANGO/Yellow mango/-_jpg.rf.51d041310273831f2b6cd28e0eadca09.jpg,mango,Yellow mango,mango_Yellow mango,-_jpg.rf.51d041310273831f2b6cd28e0eadca09.jpg,9309,12
leaf workshop/corn_dataset/Common_Rust/Corn_Common_Rust (706).JPG,corn,Common_Rust,corn_Common_Rust,Corn_Common_Rust (706).JPG,15742,7
leaf workshop/corn_dataset/Healthy/Corn_Health (234).jpg,corn,Healthy,corn_Healthy,Corn_Health (234).jpg,12860,9
leaf workshop/corn_dataset/Blight/Corn_Blight (976).JPG,corn,Blight,corn_Blight,Corn_Blight (976).JPG,10382,6
leaf workshop/corn_dataset/Gray_Leaf_Spot/Corn_Gray_Spot (162).JPG,corn,Gray_Leaf_Spot,corn_Gray_Leaf_Spot,Corn_Gray_Spot (162).JPG,15346,8
leaf workshop/potato_dataset/Potato___Early_blight/fb8d862d-29c3-41ab-888d-cef47286ee9a___RS_Early.B 8975.JPG,potato,Potato___Early_blight,potato_Potato___Early_blight,fb8d862d-29c3-41ab-888d-cef47286ee9a___RS_Early.B 8975.JPG,23363,15
leaf workshop/corn_dataset/Healthy/Corn_Health (995).jpg,corn,Healthy,corn_Healthy,Corn_Health (995).jpg,11327,9
leaf workshop/potato_dataset/Potato___healthy/Potato_healthy-96-_0_8573.jpg,potato,Potato___healthy,potato_Potato___healthy,Potato_healthy-96-_0_8573.jpg,14774,17
leaf workshop/corn_dataset/Gray_Leaf_Spot/Corn_Gray_Spot (310).JPG,corn,Gray_Leaf_Spot,corn_Gray_Leaf_Spot,Corn_Gray_Spot (310).JPG,18284,8
leaf workshop/ORANGE/orange/216_jpg.rf.479330d2b26f64e531e60789630e780e.jpg,orange,orange,orange_orange,216_jpg.rf.479330d2b26f64e531e60789630e780e.jpg,19568,14
leaf workshop/potato_dataset/Potato___Early_blight/bb569e8c-4f57-481f-86d9-291ebd67336e___RS_Early.B 7543.JPG,potato,Potato___Early_blight,potato_Potato___Early_blight,bb569e8c-4f57-481f-86d9-291ebd67336e___RS_Early.B 7543.JPG,17828,15
leaf workshop/corn_dataset/Gray_Leaf_Spot/Corn_Gray_Spot (111).JPG,corn,Gray_Leaf_Spot,corn_Gray_Leaf_Spot,Corn_Gray_Spot (111).JPG,13734,8
leaf workshop/corn_dataset/Blight/Corn_Blight (224).JPG,corn,Blight,corn_Blight,Corn_Blight (224).JPG,15602,6
leaf workshop/corn_dataset/Common_Rust/Corn_Common_Rust (139).JPG,corn,Common_Rust,corn_Common_Rust,Corn_Common_Rust (139).JPG,13003,7
leaf workshop/corn_dataset/Common_Rust/Corn_Common_Rust (666).JPG,corn,Common_Rust,corn_Common_Rust,Corn_Common_Rust (666).JPG,16684,7
leaf workshop/corn_dataset/Common_Rust/Corn_Common_Rust (148).JPG,corn,Common_Rust,corn_Common_Rust,Corn_Common_Rust (148).JPG,13404,7
leaf workshop/corn_dataset/Blight/Corn_Blight (559).JPG,corn,Blight,corn_Blight,Corn_Blight (559).JPG,11385,6
leaf workshop/potato_dataset/Potato___Late_blight/b86274d3-554a-495d-8304-76484e3c4d15___RS_LB 4442.JPG,potato,Potato___Late_blight,potato_Potato___Late_blight,b86274d3-554a-495d-8304-76484e3c4d15___RS_LB 4442.JPG,19406,16
leaf workshop/ORANGE/orange/images8_jpg.rf.888675e514423309614aab3c8dbbf426.jpg,orange,orange,orange_orange,images8_jpg.rf.888675e514423309614aab3c8dbbf426.jpg,16980,14
leaf workshop/BANANA/Rotten banana/vertical_flip_Screen-Shot-2018-06-12-at-9_01_10-PM_png.rf.845edfc883f6f84a193f8e5b3d895200.jpg,banana,Rotten banana,banana_Rotten banana,vertical_flip_Screen-Shot-2018-06-12-at-9_01_10-PM_png.rf.845edfc883f6f84a193f8e5b3d895200.jpg,24886,1
leaf workshop/corn_dataset/Blight/Corn_Blight (675).JPG,corn,Blight,corn_Blight,Corn_Blight (675).JPG,20728,6
leaf workshop/corn_dataset/Blight/Corn_Blight (4).jpg,corn,Blight,corn_Blight,Corn_Blight (4).jpg,71571,6
leaf workshop/corn_dataset/Common_Rust/Corn_Common_Rust (224).JPG,corn,Common_Rust,corn_Common_Rust,Corn_Common_Rust (224).JPG,11984,7
leaf workshop/corn_dataset/Gray_Leaf_Spot/Corn_Gray_Spot (429).JPG,corn,Gray_Leaf_Spot,corn_Gray_Leaf_Spot,Corn_Gray_Spot (429).JPG,13445,8
leaf workshop/potato_dataset/Potato___healthy/Potato_healthy-139-_0_5401.jpg,potato,Potato___healthy,potato_Potato___healthy,Potato_healthy-139-_0_5401.jpg,12613,17
leaf workshop/potato_dataset/Potato___healthy/Potato_healthy-126-_0_7156.jpg,potato,Potato___healthy,potato_Potato___healthy,Potato_healthy-126-_0_7156.jpg,18772,17
leaf workshop/potato_dataset/Potato___Early_blight/d4f3066f-adb8-401b-a27f-19a12c336ebe___RS_Early.B 8626.JPG,potato,Potato___Early_blight,potato_Potato___Early_blight,d4f3066f-adb8-401b-a27f-19a12c336ebe___RS_Early.B 8626.JPG,16599,15
leaf workshop/corn_dataset/Common_Rust/Corn_Common_Rust (1282).jpg,corn,Common_Rust,corn_Common_Rust,Corn_Common_Rust (1282).jpg,119473,7
leaf workshop/corn_dataset/Healthy/Corn_Health (240).jpg,corn,Healthy,corn_Healthy,Corn_Health (240).jpg,11787,9
leaf workshop/BANANA/Rotten banana/translation_Screen-Shot-2018-06-12-at-9_13_39-PM_png.rf.3b1ad50a310815f956404e41c97af2f6.jpg,banana,Rotten banana,banana_Rotten banana,translation_Screen-Shot-2018-06-12-at-9_13_39-PM_png.rf.3b1ad50a310815f956404e41c97af2f6.jpg,18914,1
leaf workshop/corn_dataset/Healthy/Corn_Health (562).jpg,corn,Healthy,corn_Healthy,Corn_Health (562).jpg,6405,9
leaf workshop/corn_dataset/Common_Rust/Corn_Common_Rust (29).jpg,corn,Common_Rust,corn_Common_Rust,Corn_Common_Rust (29).jpg,16669,7
leaf workshop/corn_dataset/Healthy/Corn_Health (1005).jpg,corn,Healthy,corn_Healthy,Corn_Health (1005).jpg,15646,9
leaf workshop/corn_dataset/Healthy/Corn_Health (606).jpg,corn,Healthy,corn_Healthy,Corn_Health (606).jpg,12283,9
leaf workshop/potato_dataset/Potato___Early_blight/c630212c-205f-469d-bb8d-9a143f65ab03___RS_Early.B 9000.JPG,potato,Potato___Early_blight,potato_Potato___Early_blight,c630212c-205f-469d-bb8d-9a143f65ab03___RS_Early.B 9000.JPG,19222,15
leaf workshop/potato_dataset/Potato___healthy/Potato_healthy-88-_0_5017.jpg,potato,Potato___healthy,potato_Potato___healthy,Potato_healthy-88-_0_5017.jpg,14515,17
leaf workshop/corn_dataset/Blight/Corn_Blight (483).JPG,corn,Blight,corn_Blight,Corn_Blight (483).JPG,14932,6
leaf workshop/corn_dataset/Blight/Corn_Blight (274).JPG,corn,Blight,corn_Blight,Corn_Blight (274).JPG,12636,6
leaf workshop/corn_dataset/Healthy/Corn_Health (561).jpg,corn,Healthy,corn_Healthy,Corn_Health (561).jpg,12960,9
leaf workshop/potato_dataset/Potato___healthy/Potato_healthy-95-_0_8300.jpg,potato,Potato___healthy,potato_Potato___healthy,Potato_healthy-95-_0_8300.jpg,15311,17
leaf workshop/corn_dataset/Healthy/Corn_Health (841).jpg,corn,Healthy,corn_Healthy,Corn_Health (841).jpg,8820,9
leaf workshop/corn_dataset/Healthy/Corn_Health (20).jpg,corn,Healthy,corn_Healthy,Corn_Health (20).jpg,10619,9
leaf workshop/corn_dataset/Blight/Corn_Blight (287).JPG,corn,Blight,corn_Blight,Corn_Blight (287).JPG,15589,6
leaf workshop/corn_dataset/Common_Rust/Corn_Common_Rust (1093).JPG,corn,Common_Rust,corn_Common_Rust,Corn_Common_Rust (1093).JPG,16608,7
leaf workshop/corn_dataset/Blight/Corn_Blight (347).JPG,corn,Blight,corn_Blight,Corn_Blight (347).JPG,14940,6
leaf workshop/corn_dataset/Healthy/Corn_Health (444).jpg,corn,Healthy,corn_Healthy,Corn_Health (444).jpg,14028,9
leaf workshop/corn_dataset/Common_Rust/Corn_Common_Rust (543).JPG,corn,Common_Rust,corn_Common_Rust,Corn_Common_Rust (543).JPG,12287,7
leaf workshop/corn_dataset/Common_Rust/Corn_Common_Rust (359).JPG,corn,Common_Rust,corn_Common_Rust,Corn_Common_Rust (359).JPG,13385,7
leaf workshop/BANANA/Yellow banana/39_JPG_jpg.rf.1c7fa14828ef6ccce4eda04c48b17884.jpg,banana,Yellow banana,banana_Yellow banana,39_JPG_jpg.rf.1c7fa14828ef6ccce4eda04c48b17884.jpg,14954,2
leaf workshop/corn_dataset/Common_Rust/Corn_Common_Rust (756).JPG,corn,Common_Rust,corn_Common_Rust,Corn_Common_Rust (756).JPG,15025,7
leaf workshop/corn_dataset/Common_Rust/Corn_Common_Rust (461).JPG,corn,Common_Rust,corn_Common_Rust,Corn_Common_Rust (461).JPG,8696,7
leaf workshop/corn_dataset/Healthy/Corn_Health (259).jpg,corn,Healthy,corn_Healthy,Corn_Health (259).jpg,8287,9
leaf workshop/MANGO/Yellow mango/20230305_052129639_iOS_jpg.rf.246f01f4e4fde1868ac3e7b8d52ba3ef.jpg,mango,Yellow mango,mango_Yellow mango,20230305_052129639_iOS_jpg.rf.246f01f4e4fde1868ac3e7b8d52ba3ef.jpg,19728,12
leaf workshop/corn_dataset/Common_Rust/Corn_Common_Rust (377).JPG,corn,Common_Rust,corn_Common_Rust,Corn_Common_Rust (377).JPG,12927,7
leaf workshop/ORANGE/Ripe orange/34_jpg.rf.3f4025a5faf6f35cb2441215a103aad5.jpg,orange,Ripe orange,orange_Ripe orange,34_jpg.rf.3f4025a5faf6f35cb2441215a103aad5.jpg,17614,13
leaf workshop/potato_dataset/Potato___healthy/Potato_healthy-91-_0_463.jpg,potato,Potato___healthy,potato_Potato___healthy,Potato_healthy-91-_0_463.jpg,16428,17
leaf workshop/corn_dataset/Blight/Corn_Blight (431).JPG,corn,Blight,corn_Blight,Corn_Blight (431).JPG,14214,6
leaf workshop/corn_dataset/Healthy/Corn_Health (52).jpg,corn,Healthy,corn_Healthy,Corn_Health (52).jpg,10388,9
leaf workshop/corn_dataset/Common_Rust/Corn_Common_Rust (51).jpg,corn,Common_Rust,corn_Common_Rust,Corn_Common_Rust (51).jpg,28312,7
leaf workshop/corn_dataset/Healthy/Corn_Health (1052).jpg,corn,Healthy,corn_Healthy,Corn_Health (1052).jpg,8050,9
leaf workshop/corn_dataset/Common_Rust/Corn_Common_Rust (516).JPG,corn,Common_Rust,corn_Common_Rust,Corn_Common_Rust (516).JPG,16172,7
leaf workshop/corn_dataset/Blight/Corn_Blight (909).jpg,corn,Blight,corn_Blight,Corn_Blight (909).jpg,13947,6
leaf workshop/corn_dataset/Gray_Leaf_Spot/Corn_Gray_Spot (128).JPG,corn,Gray_Leaf_Spot,corn_Gray_Leaf_Spot,Corn_Gray_Spot (128).JPG,17547,8
leaf workshop/corn_dataset/Gray_Leaf_Spot/Corn_Gray_Spot (115).JPG,corn,Gray_Leaf_Spot,corn_Gray_Leaf_Spot,Corn_Gray_Spot (115).JPG,15543,8
leaf workshop/corn_dataset/Blight/Corn_Blight (725).JPG,corn,Blight,corn_Blight,Corn_Blight (725).JPG,12528,6
leaf workshop/corn_dataset/Gray_Leaf_Spot/Corn_Gray_Spot (254).JPG,corn,Gray_Leaf_Spot,corn_Gray_Leaf_Spot,Corn_Gray_Spot (254).JPG,18829,8
leaf workshop/corn_dataset/Gray_Leaf_Spot/Corn_Gray_Spot (450).JPG,corn,Gray_Leaf_Spot,corn_Gray_Leaf_Spot,Corn_Gray_Spot (450).JPG,16118,8
leaf workshop/ORANGE/orange/image21_jpeg_jpg.rf.a7c43a7ab6f8d953fbdfd0cf4539811a.jpg,orange,orange,orange_orange,image21_jpeg_jpg.rf.a7c43a7ab6f8d953fbdfd0cf4539811a.jpg,32060,14
leaf workshop/potato_dataset/Potato___Early_blight/efd49e70-b8d6-493f-9099-b3d9d534f365___RS_Early.B 7854.JPG,potato,Potato___Early_blight,potato_Potato___Early_blight,efd49e70-b8d6-493f-9099-b3d9d534f365___RS_Early.B 7854.JPG,21116,15
leaf workshop/potato_dataset/Potato___Early_blight/e912f95d-d159-47bc-b1ed-f0f08c3c391d___RS_Early.B 8366.JPG,potato,Potato___Early_blight,potato_Potato___Early_blight,e912f95d-d159-47bc-b1ed-f0f08c3c391d___RS_Early.B 8366.JPG,20203,15
leaf workshop/corn_dataset/Healthy/Corn_Health (511).jpg,corn,Healthy,corn_Healthy,Corn_Health (511).jpg,9625,9
leaf workshop/corn_dataset/Healthy/Corn_Health (176).JPG,corn,Healthy,corn_Healthy,Corn_Health (176).JPG,15123,9
leaf workshop/corn_dataset/Healthy/Corn_Health (994).jpg,corn,Healthy,corn_Healthy,Corn_Health (994).jpg,12474,9
leaf workshop/corn_dataset/Blight/Corn_Blight (907).JPG,corn,Blight,corn_Blight,Corn_Blight (907).JPG,12794,6
leaf workshop/corn_dataset/Blight/Corn_Blight (346).JPG,corn,Blight,corn_Blight,Corn_Blight (346).JPG,14488,6
leaf workshop/corn_dataset/Healthy/Corn_Health (718).jpg,corn,Healthy,corn_Healthy,Corn_Health (718).jpg,8159,9
leaf workshop/corn_dataset/Common_Rust/Corn_Common_Rust (523).JPG,corn,Common_Rust,corn_Common_Rust,Corn_Common_Rust (523).JPG,11638,7
leaf workshop/potato_dataset/Potato___Late_blight/df919a28-9f11-42f6-823c-15f70bf1325e___RS_LB 4936.JPG,potato,Potato___Late_blight,potato_Potato___Late_blight,df919a28-9f11-42f6-823c-15f70bf1325e___RS_LB 4936.JPG,16934,16
leaf workshop/corn_dataset/Healthy/Corn_Health (688).jpg,corn,Healthy,corn_Healthy,Corn_Health (688).jpg,13563,9
leaf workshop/corn_dataset/Blight/Corn_Blight (49).jpg,corn,Blight,corn_Blight,Corn_Blight (49).jpg,98759,6
leaf workshop/corn_dataset/Blight/Corn_Blight (1130).jpg,corn,Blight,corn_Blight,Corn_Blight (1130).jpg,594155,6
leaf workshop/corn_dataset/Healthy/Corn_Health (19).jpg,corn,Healthy,corn_Healthy,Corn_Health (19).jpg,7666,9
leaf workshop/corn_dataset/Healthy/Corn_Health (939).jpg,corn,Healthy,corn_Healthy,Corn_Health (939).jpg,12508,9
leaf workshop/corn_dataset/Common_Rust/Corn_Common_Rust (64).jpg,corn,Common_Rust,corn_Common_Rust,Corn_Common_Rust (64).jpg,483686,7
leaf workshop/corn_dataset/Blight/Corn_Blight (1071).JPG,corn,Blight,corn_Blight,Corn_Blight (1071).JPG,15259,6
leaf workshop/potato_dataset/Potato___Late_blight/bd632f59-ff1c-452f-b504-053fa95ab000___RS_LB 4356.JPG,potato,Potato___Late_blight,potato_Potato___Late_blight,bd632f59-ff1c-452f-b504-053fa95ab000___RS_LB 4356.JPG,17644,16
leaf workshop/corn_dataset/Common_Rust/Corn_Common_Rust (1302).jpg,corn,Common_Rust,corn_Common_Rust,Corn_Common_Rust (1302).jpg,186150,7
leaf workshop/potato_dataset/Potato___Early_blight/ddc6aed7-43bd-49bc-88d0-6f942acb362a___RS_Early.B 7328.JPG,potato,Potato___Early_blight,potato_Potato___Early_blight,ddc6aed7-43bd-49bc-88d0-6f942acb362a___RS_Early.B 7328.JPG,19252,15
leaf workshop/corn_dataset/Gray_Leaf_Spot/Corn_Gray_Spot (496).JPG,corn,Gray_Leaf_Spot,corn_Gray_Leaf_Spot,Corn_Gray_Spot (496).JPG,12453,8
leaf workshop/ORANGE/Ripe orange/63_jpg.rf.a61e78d0433784bf95e909582b1397e4.jpg,orange,Ripe orange,orange_Ripe orange,63_jpg.rf.a61e78d0433784bf95e909582b1397e4.jpg,28027,13
leaf workshop/corn_dataset/Common_Rust/Corn_Common_Rust (652).JPG,corn,Common_Rust,corn_Common_Rust,Corn_Common_Rust (652).JPG,20310,7
leaf workshop/MANGO/Green mango/WIN_20230323_14_40_13_Pro_jpg.rf.b29955bc8952fa62c3bfd06137d771d6.jpg,mango,Green mango,mango_Green mango,WIN_20230323_14_40_13_Pro_jpg.rf.b29955bc8952fa62c3bfd06137d771d6.jpg,22212,10
leaf workshop/corn_dataset/Blight/Corn_Blight (153).JPG,corn,Blight,corn_Blight,Corn_Blight (153).JPG,12696,6
leaf workshop/corn_dataset/Blight/Corn_Blight (761).JPG,corn,Blight,corn_Blight,Corn_Blight (761).JPG,14186,6
leaf workshop/corn_dataset/Gray_Leaf_Spot/Corn_Gray_Spot (466).JPG,corn,Gray_Leaf_Spot,corn_Gray_Leaf_Spot,Corn_Gray_Spot (466).JPG,19680,8
leaf workshop/potato_dataset/Potato___Late_blight/c18a017c-262c-41ca-93f3-8fc97ffd7043___RS_LB 4770.JPG,potato,Potato___Late_blight,potato_Potato___Late_blight,c18a017c-262c-41ca-93f3-8fc97ffd7043___RS_LB 4770.JPG,13406,16
leaf workshop/ORANGE/orange/image22_jpeg_jpg.rf.a6a790deeb17db8b57a4d8257d7f5580.jpg,orange,orange,orange_orange,image22_jpeg_jpg.rf.a6a790deeb17db8b57a4d8257d7f5580.jpg,24149,14
leaf workshop/corn_dataset/Healthy/Corn_Health (153).jpg,corn,Healthy,corn_Healthy,Corn_Health (153).jpg,9586,9
leaf workshop/corn_dataset/Gray_Leaf_Spot/Corn_Gray_Spot (165).JPG,corn,Gray_Leaf_Spot,corn_Gray_Leaf_Spot,Corn_Gray_Spot (165).JPG,16657,8
leaf workshop/potato_dataset/Potato___healthy/Potato_healthy-136-_0_3353.jpg,potato,Potato___healthy,potato_Potato___healthy,Potato_healthy-136-_0_3353.jpg,14958,17
leaf workshop/corn_dataset/Healthy/Corn_Health (786).jpg,corn,Healthy,corn_Healthy,Corn_Health (786).jpg,8402,9
leaf workshop/corn_dataset/Blight/Corn_Blight (700).JPG,corn,Blight,corn_Blight,Corn_Blight (700).JPG,15271,6
leaf workshop/corn_dataset/Blight/Corn_Blight (33).jpg,corn,Blight,corn_Blight,Corn_Blight (33).jpg,95140,6
leaf workshop/corn_dataset/Common_Rust/Corn_Common_Rust (1006).JPG,corn,Common_Rust,corn_Common_Rust,Corn_Common_Rust (1006).JPG,14752,7
leaf workshop/coffee_dataset/healthy/207.jpg,coffee,healthy,coffee_healthy,207.jpg,122209,3
leaf workshop/potato_dataset/Potato___Early_blight/c5cb3e89-f00f-4032-80ca-eb39bead0796___RS_Early.B 8645.JPG,potato,Potato___Early_blight,potato_Potato___Early_blight,c5cb3e89-f00f-4032-80ca-eb39bead0796___RS_Early.B 8645.JPG,17726,15
leaf workshop/ORANGE/orange/img_101_jpeg.rf.16150c60c3d830b7396ce64bdff826ff.jpg,orange,orange,orange_orange,img_101_jpeg.rf.16150c60c3d830b7396ce64bdff826ff.jpg,20188,14
leaf workshop/potato_dataset/Potato___healthy/Potato_healthy-84-_0_585.jpg,potato,Potato___healthy,potato_Potato___healthy,Potato_healthy-84-_0_585.jpg,16820,17
leaf workshop/corn_dataset/Healthy/Corn_Health (183).jpg,corn,Healthy,corn_Healthy,Corn_Health (183).jpg,10726,9
leaf workshop/potato_dataset/Potato___Early_blight/e50e7166-a67d-4207-a49c-0240b0218d48___RS_Early.B 8907.JPG,potato,Potato___Early_blight,potato_Potato___Early_blight,e50e7166-a67d-4207-a49c-0240b0218d48___RS_Early.B 8907.JPG,21791,15
leaf workshop/potato_dataset/Potato___Early_blight/f2540cea-220b-4ba2-bf16-7c1c7f32c38c___RS_Early.B 7997.JPG,potato,Potato___Early_blight,potato_Potato___Early_blight,f2540cea-220b-4ba2-bf16-7c1c7f32c38c___RS_Early.B 7997.JPG,19468,15
leaf workshop/corn_dataset/Gray_Leaf_Spot/Corn_Gray_Spot (572).jpg,corn,Gray_Leaf_Spot,corn_Gray_Leaf_Spot,Corn_Gray_Spot (572).jpg,35562,8
leaf workshop/corn_dataset/Gray_Leaf_Spot/Corn_Gray_Spot (205).JPG,corn,Gray_Leaf_Spot,corn_Gray_Leaf_Spot,Corn_Gray_Spot (205).JPG,12128,8
leaf workshop/corn_dataset/Common_Rust/Corn_Common_Rust (128).JPG,corn,Common_Rust,corn_Common_Rust,Corn_Common_Rust (128).JPG,17269,7
leaf workshop/potato_dataset/Potato___Late_blight/dc0ad08c-a096-4ad2-9a69-597c10e12f71___RS_LB 4869.JPG,potato,Potato___Late_blight,potato_Potato___Late_blight,dc0ad08c-a096-4ad2-9a69-597c10e12f71___RS_LB 4869.JPG,16431,16
leaf workshop/corn_dataset/Healthy/Corn_Health (539).jpg,corn,Healthy,corn_Healthy,Corn_Health (539).jpg,7498,9
leaf workshop/corn_dataset/Blight/Corn_Blight (37).jpg,corn,Blight,corn_Blight,Corn_Blight (37).jpg,27638,6
leaf workshop/corn_dataset/Gray_Leaf_Spot/Corn_Gray_Spot (419).JPG,corn,Gray_Leaf_Spot,corn_Gray_Leaf_Spot,Corn_Gray_Spot (419).JPG,15626,8
leaf workshop/corn_dataset/Blight/Corn_Blight (504).JPG,corn,Blight,corn_Blight,Corn_Blight (504).JPG,15047,6
leaf workshop/corn_dataset/Common_Rust/Corn_Common_Rust (111).JPG,corn,Common_Rust,corn_Common_Rust,Corn_Common_Rust (111).JPG,13406,7
leaf workshop/corn_dataset/Blight/Corn_Blight (876).jpg,corn,Blight,corn_Blight,Corn_Blight (876).jpg,15744,6
leaf workshop/MANGO/Yellow mango/20230305_052239382_iOS_jpg.rf.c3ef4302e910d63eab2a40ae5d3e78cd.jpg,mango,Yellow mango,mango_Yellow mango,20230305_052239382_iOS_jpg.rf.c3ef4302e910d63eab2a40ae5d3e78cd.jpg,23646,12
leaf workshop/corn_dataset/Healthy/Corn_Health (387).jpg,corn,Healthy,corn_Healthy,Corn_Health (387).jpg,6045,9
leaf workshop/corn_dataset/Healthy/Corn_Health (4).jpg,corn,Healthy,corn_Healthy,Corn_Health (4).jpg,7727,9
leaf workshop/corn_dataset/Blight/Corn_Blight (2).jpg,corn,Blight,corn_Blight,Corn_Blight (2).jpg,179797,6
leaf workshop/MANGO/Green mango/9-2-_jpg.rf.c4a6257628ea7a2bd493c12dde5d1bde.jpg,mango,Green mango,mango_Green mango,9-2-_jpg.rf.c4a6257628ea7a2bd493c12dde5d1bde.jpg,21617,10
leaf workshop/corn_dataset/Healthy/Corn_Health (312).JPG,corn,Healthy,corn_Healthy,Corn_Health (312).JPG,12327,9
leaf workshop/corn_dataset/Healthy/Corn_Health (1066).jpg,corn,Healthy,corn_Healthy,Corn_Health (1066).jpg,12348,9
leaf workshop/BANANA/Yellow banana/47_JPG_jpg.rf.98204d164377eb04d996716b1ca0c82b.jpg,banana,Yellow banana,banana_Yellow banana,47_JPG_jpg.rf.98204d164377eb04d996716b1ca0c82b.jpg,13819,2
leaf workshop/corn_dataset/Common_Rust/Corn_Common_Rust (106).JPG,corn,Common_Rust,corn_Common_Rust,Corn_Common_Rust (106).JPG,16975,7
leaf workshop/corn_dataset/Common_Rust/Corn_Common_Rust (347).JPG,corn,Common_Rust,corn_Common_Rust,Corn_Common_Rust (347).JPG,14036,7
leaf workshop/corn_dataset/Common_Rust/Corn_Common_Rust (101).JPG,corn,Common_Rust,corn_Common_Rust,Corn_Common_Rust (101).JPG,18025,7
leaf workshop/corn_dataset/Healthy/Corn_Health (1155).jpg,corn,Healthy,corn_Healthy,Corn_Health (1155).jpg,7749,9
leaf workshop/ORANGE/Ripe orange/58_jpg.rf.ebeb0290e6a6fbd9ba42607b47167f62.jpg,orange,Ripe orange,orange_Ripe orange,58_jpg.rf.ebeb0290e6a6fbd9ba42607b47167f62.jpg,24582,13
leaf workshop/potato_dataset/Potato___healthy/Potato_healthy-114-_0_7492.jpg,potato,Potato___healthy,potato_Potato___healthy,Potato_healthy-114-_0_7492.jpg,14349,17
leaf workshop/corn_dataset/Common_Rust/Corn_Common_Rust (326).JPG,corn,Common_Rust,corn_Common_Rust,Corn_Common_Rust (326).JPG,11586,7
leaf workshop/potato_dataset/Potato___Early_blight/bddc2487-ecc6-447e-902f-3560a62e5e83___RS_Early.B 7307.JPG,potato,Potato___Early_blight,potato_Potato___Early_blight,bddc2487-ecc6-447e-902f-3560a62e5e83___RS_Early.B 7307.JPG,18674,15
leaf workshop/ORANGE/orange/naranjas-rodajas-enteras_144627-3981_jpg.rf.1b8f79095d8f3a26f447dcba5a54eb4d.jpg,orange,orange,orange_orange,naranjas-rodajas-enteras_144627-3981_jpg.rf.1b8f79095d8f3a26f447dcba5a54eb4d.jpg,25873,14
leaf workshop/corn_dataset/Healthy/Corn_Health (458).jpg,corn,Healthy,corn_Healthy,Corn_Health (458).jpg,15909,9
leaf workshop/corn_dataset/Gray_Leaf_Spot/Corn_Gray_Spot (179).JPG,corn,Gray_Leaf_Spot,corn_Gray_Leaf_Spot,Corn_Gray_Spot (179).JPG,20683,8
leaf workshop/potato_dataset/Potato___healthy/Potato_healthy-116-_0_7002.jpg,potato,Potato___healthy,potato_Potato___healthy,Potato_healthy-116-_0_7002.jpg,15852,17
leaf workshop/potato_dataset/Potato___Early_blight/c53efbea-fddd-481d-aec5-14fd3c3e1723___RS_Early.B 7796.JPG,potato,Potato___Early_blight,potato_Potato___Early_blight,c53efbea-fddd-481d-aec5-14fd3c3e1723___RS_Early.B 7796.JPG,22083,15
leaf workshop/corn_dataset/Common_Rust/Corn_Common_Rust (249).JPG,corn,Common_Rust,corn_Common_Rust,Corn_Common_Rust (249).JPG,14156,7
leaf workshop/ORANGE/Ripe orange/98_jpg.rf.6a4f8f900484b88f2217a3923e7d2a5a.jpg,orange,Ripe orange,orange_Ripe orange,98_jpg.rf.6a4f8f900484b88f2217a3923e7d2a5a.jpg,18486,13
leaf workshop/potato_dataset/Potato___healthy/Potato_healthy-76-_0_8496.jpg,potato,Potato___healthy,potato_Potato___healthy,Potato_healthy-76-_0_8496.jpg,16399,17
leaf workshop/potato_dataset/Potato___Late_blight/dd9b9122-fd29-4986-9dc3-330d4a48ccc3___RS_LB 5290.JPG,potato,Potato___Late_blight,potato_Potato___Late_blight,dd9b9122-fd29-4986-9dc3-330d4a48ccc3___RS_LB 5290.JPG,14811,16
leaf workshop/corn_dataset/Common_Rust/Corn_Common_Rust (140).JPG,corn,Common_Rust,corn_Common_Rust,Corn_Common_Rust (140).JPG,13525,7
leaf workshop/MANGO/Green mango/8-1-_jpg.rf.5791591b0d6eafb06dc1f07aabdb280b.jpg,mango,Green mango,mango_Green mango,8-1-_jpg.rf.5791591b0d6eafb06dc1f07aabdb280b.jpg,22690,10
leaf workshop/corn_dataset/Gray_Leaf_Spot/Corn_Gray_Spot (307).JPG,corn,Gray_Leaf_Spot,corn_Gray_Leaf_Spot,Corn_Gray_Spot (307).JPG,13247,8
leaf workshop/BANANA/Yellow banana/84_jpg.rf.0ec597638ca73b0fc83695e07c5c067d.jpg,banana,Yellow banana,banana_Yellow banana,84_jpg.rf.0ec597638ca73b0fc83695e07c5c067d.jpg,11543,2
leaf workshop/corn_dataset/Healthy/Corn_Health (656).jpg,corn,Healthy,corn_Healthy,Corn_Health (656).jpg,15078,9
leaf workshop/corn_dataset/Healthy/Corn_Health (783).jpg,corn,Healthy,corn_Healthy,Corn_Health (783).jpg,16949,9
leaf workshop/corn_dataset/Blight/Corn_Blight (278).JPG,corn,Blight,corn_Blight,Corn_Blight (278).JPG,14941,6
leaf workshop/corn_dataset/Healthy/Corn_Health (1157).jpg,corn,Healthy,corn_Healthy,Corn_Health (1157).jpg,7210,9
leaf workshop/corn_dataset/Common_Rust/Corn_Common_Rust (345).JPG,corn,Common_Rust,corn_Common_Rust,Corn_Common_Rust (345).JPG,15292,7
leaf workshop/corn_dataset/Common_Rust/Corn_Common_Rust (286).JPG,corn,Common_Rust,corn_Common_Rust,Corn_Common_Rust (286).JPG,10877,7
leaf workshop/corn_dataset/Common_Rust/Corn_Common_Rust (386).JPG,corn,Common_Rust,corn_Common_Rust,Corn_Common_Rust (386).JPG,13443,7
leaf workshop/corn_dataset/Common_Rust/Corn_Common_Rust (1087).JPG,corn,Common_Rust,corn_Common_Rust,Corn_Common_Rust (1087).JPG,14290,7
leaf workshop/potato_dataset/Potato___Early_blight/d1625c19-c90f-4a5f-bfc8-cb406ad20753___RS_Early.B 8649.JPG,potato,Potato___Early_blight,potato_Potato___Early_blight,d1625c19-c90f-4a5f-bfc8-cb406ad20753___RS_Early.B 8649.JPG,19919,15
leaf workshop/ORANGE/orange/450_1000_jpg.rf.3abe84ba4de9da83039f8aea1ddebe39.jpg,orange,orange,orange_orange,450_1000_jpg.rf.3abe84ba4de9da83039f8aea1ddebe39.jpg,28894,14
leaf workshop/corn_dataset/Gray_Leaf_Spot/Corn_Gray_Spot (502).JPG,corn,Gray_Leaf_Spot,corn_Gray_Leaf_Spot,Corn_Gray_Spot (502).JPG,20062,8
leaf workshop/corn_dataset/Blight/Corn_Blight (403).JPG,corn,Blight,corn_Blight,Corn_Blight (403).JPG,11822,6
leaf workshop/ORANGE/orange/img_41_jpeg.rf.6f2fc0f8c0c1e87cbefdc83c68b0e0cd.jpg,orange,orange,orange_orange,img_41_jpeg.rf.6f2fc0f8c0c1e87cbefdc83c68b0e0cd.jpg,29639,14
leaf workshop/MANGO/Green mango/IMG_151_jpg.rf.5840deb6d1740d36e95f1b7981c8efe0.jpg,mango,Green mango,mango_Green mango,IMG_151_jpg.rf.5840deb6d1740d36e95f1b7981c8efe0.jpg,16116,10
leaf workshop/potato_dataset/Potato___healthy/Potato_healthy-144-_0_9253.jpg,potato,Potato___healthy,potato_Potato___healthy,Potato_healthy-144-_0_9253.jpg,19362,17
leaf workshop/corn_dataset/Common_Rust/Corn_Common_Rust (102).JPG,corn,Common_Rust,corn_Common_Rust,Corn_Common_Rust (102).JPG,17288,7
leaf workshop/corn_dataset/Common_Rust/Corn_Common_Rust (434).JPG,corn,Common_Rust,corn_Common_Rust,Corn_Common_Rust (434).JPG,15273,7
leaf workshop/corn_dataset/Common_Rust/Corn_Common_Rust (679).JPG,corn,Common_Rust,corn_Common_Rust,Corn_Common_Rust (679).JPG,13345,7
leaf workshop/corn_dataset/Healthy/Corn_Health (748).jpg,corn,Healthy,corn_Healthy,Corn_Health (748).jpg,10419,9
leaf workshop/corn_dataset/Gray_Leaf_Spot/Corn_Gray_Spot (85).JPG,corn,Gray_Leaf_Spot,corn_Gray_Leaf_Spot,Corn_Gray_Spot (85).JPG,20394,8
leaf workshop/corn_dataset/Common_Rust/Corn_Common_Rust (1028).JPG,corn,Common_Rust,corn_Common_Rust,Corn_Common_Rust (1028).JPG,17729,7
leaf workshop/corn_dataset/Gray_Leaf_Spot/Corn_Gray_Spot (12).jpg,corn,Gray_Leaf_Spot,corn_Gray_Leaf_Spot,Corn_Gray_Spot (12).jpg,225240,8
leaf workshop/corn_dataset/Gray_Leaf_Spot/Corn_Gray_Spot (396).JPG,corn,Gray_Leaf_Spot,corn_Gray_Leaf_Spot,Corn_Gray_Spot (396).JPG,13601,8
leaf workshop/potato_dataset/Potato___Early_blight/f6d020f8-8578-4c96-afc2-a1e97adb1ea9___RS_Early.B 7521.JPG,potato,Potato___Early_blight,potato_Potato___Early_blight,f6d020f8-8578-4c96-afc2-a1e97adb1ea9___RS_Early.B 7521.JPG,20635,15
leaf workshop/corn_dataset/Gray_Leaf_Spot/Corn_Gray_Spot (528).JPG,corn,Gray_Leaf_Spot,corn_Gray_Leaf_Spot,Corn_Gray_Spot (528).JPG,19805,8
leaf workshop/potato_dataset/Potato___Early_blight/b817817e-a6b1-4123-88e7-db98b453ce17___RS_Early.B 6880.JPG,potato,Potato___Early_blight,potato_Potato___Early_blight,b817817e-a6b1-4123-88e7-db98b453ce17___RS_Early.B 6880.JPG,21631,15
leaf workshop/coffee_dataset/phoma/281.jpg,coffee,phoma,coffee_phoma,281.jpg,91150,5
leaf workshop/corn_dataset/Common_Rust/Corn_Common_Rust (205).JPG,corn,Common_Rust,corn_Common_Rust,Corn_Common_Rust (205).JPG,15174,7
leaf workshop/corn_dataset/Blight/Corn_Blight (1019).JPG,corn,Blight,corn_Blight,Corn_Blight (1019).JPG,15748,6
leaf workshop/corn_dataset/Gray_Leaf_Spot/Corn_Gray_Spot (59).JPG,corn,Gray_Leaf_Spot,corn_Gray_Leaf_Spot,Corn_Gray_Spot (59).JPG,15821,8
leaf workshop/corn_dataset/Healthy/Corn_Health (31).jpg,corn,Healthy,corn_Healthy,Corn_Health (31).jpg,10527,9
leaf workshop/corn_dataset/Blight/Corn_Blight (188).JPG,corn,Blight,corn_Blight,Corn_Blight (188).JPG,15472,6
leaf workshop/ORANGE/orange/16521158729638_jpg.rf.cb1e52bec0b9008b085c5cec05190aa9.jpg,orange,orange,orange_orange,16521158729638_jpg.rf.cb1e52bec0b9008b085c5cec05190aa9.jpg,13948,14
leaf workshop/potato_dataset/Potato___healthy/Potato_healthy-144-_0_7561.jpg,potato,Potato___healthy,potato_Potato___healthy,Potato_healthy-144-_0_7561.jpg,18465,17
leaf workshop/corn_dataset/Gray_Leaf_Spot/Corn_Gray_Spot (233).JPG,corn,Gray_Leaf_Spot,corn_Gray_Leaf_Spot,Corn_Gray_Spot (233).JPG,16704,8
leaf workshop/potato_dataset/Potato___Early_blight/bea108c2-bdf1-484d-807c-fa9431f4dc95___RS_Early.B 7265.JPG,potato,Potato___Early_blight,potato_Potato___Early_blight,bea108c2-bdf1-484d-807c-fa9431f4dc95___RS_Early.B 7265.JPG,18193,15
leaf workshop/ORANGE/Ripe orange/2_jpg.rf.fe754b2c265411259edc76c9bb3549da.jpg,orange,Ripe orange,orange_Ripe orange,2_jpg.rf.fe754b2c265411259edc76c9bb3549da.jpg,26236,13
leaf workshop/corn_dataset/Common_Rust/Corn_Common_Rust (168).JPG,corn,Common_Rust,corn_Common_Rust,Corn_Common_Rust (168).JPG,14085,7
leaf workshop/MANGO/Rotten Mango/20230305_061209538_iOS_jpg.rf.2d3fa8406c09093ff04b14b98b2845c4.jpg,mango,Rotten Mango,mango_Rotten Mango,20230305_061209538_iOS_jpg.rf.2d3fa8406c09093ff04b14b98b2845c4.jpg,25506,11
leaf workshop/corn_dataset/Common_Rust/Corn_Common_Rust (637).JPG,corn,Common_Rust,corn_Common_Rust,Corn_Common_Rust (637).JPG,11783,7
leaf workshop/corn_dataset/Blight/Corn_Blight (550).jpg,corn,Blight,corn_Blight,Corn_Blight (550).jpg,9375,6
leaf workshop/corn_dataset/Blight/Corn_Blight (1143).jpg,corn,Blight,corn_Blight,Corn_Blight (1143).jpg,46814,6
leaf workshop/corn_dataset/Blight/Corn_Blight (990).jpg,corn,Blight,corn_Blight,Corn_Blight (990).jpg,9475,6
leaf workshop/corn_dataset/Common_Rust/Corn_Common_Rust (731).JPG,corn,Common_Rust,corn_Common_Rust,Corn_Common_Rust (731).JPG,14772,7
leaf workshop/corn_dataset/Gray_Leaf_Spot/Corn_Gray_Spot (327).JPG,corn,Gray_Leaf_Spot,corn_Gray_Leaf_Spot,Corn_Gray_Spot (327).JPG,14577,8
leaf workshop/coffee_dataset/healthy/15.jpg,coffee,healthy,coffee_healthy,15.jpg,175307,3
leaf workshop/corn_dataset/Blight/Corn_Blight (726).JPG,corn,Blight,corn_Blight,Corn_Blight (726).JPG,11731,6
leaf workshop/corn_dataset/Gray_Leaf_Spot/Corn_Gray_Spot (271).JPG,corn,Gray_Leaf_Spot,corn_Gray_Leaf_Spot,Corn_Gray_Spot (271).JPG,16573,8
leaf workshop/corn_dataset/Healthy/Corn_Health (490).jpg,corn,Healthy,corn_Healthy,Corn_Health (490).jpg,5661,9
leaf workshop/corn_dataset/Blight/Corn_Blight (225).JPG,corn,Blight,corn_Blight,Corn_Blight (225).JPG,16078,6
leaf workshop/MANGO/Yellow mango/20230305_052140346_iOS_jpg.rf.1c85e3d5fee296c639a952a89eebd318.jpg,mango,Yellow mango,mango_Yellow mango,20230305_052140346_iOS_jpg.rf.1c85e3d5fee296c639a952a89eebd318.jpg,19709,12
leaf workshop/ORANGE/Ripe orange/27_jpg.rf.d95893884fe032a044d85f346daf8eca.jpg,orange,Ripe orange,orange_Ripe orange,27_jpg.rf.d95893884fe032a044d85f346daf8eca.jpg,24336,13
leaf workshop/ORANGE/orange/22863-large_default_jpg.rf.f1bac7565d831da155f4e22e4857c840.jpg,orange,orange,orange_orange,22863-large_default_jpg.rf.f1bac7565d831da155f4e22e4857c840.jpg,47867,14
leaf workshop/corn_dataset/Blight/Corn_Blight (387).JPG,corn,Blight,corn_Blight,Corn_Blight (387).JPG,17397,6
leaf workshop/ORANGE/orange/DrAxeOrangeNutrition_Thumbnail_jpg.rf.795e97539804fb1475d09432571b0345.jpg,orange,orange,orange_orange,DrAxeOrangeNutrition_Thumbnail_jpg.rf.795e97539804fb1475d09432571b0345.jpg,32248,14
leaf workshop/corn_dataset/Healthy/Corn_Health (159).jpg,corn,Healthy,corn_Healthy,Corn_Health (159).jpg,9301,9
leaf workshop/corn_dataset/Common_Rust/Corn_Common_Rust (1192).JPG,corn,Common_Rust,corn_Common_Rust,Corn_Common_Rust (1192).JPG,13870,7
leaf workshop/potato_dataset/Potato___Early_blight/f7db505f-aabe-4b96-b719-8c930b5ff471___RS_Early.B 9224.JPG,potato,Potato___Early_blight,potato_Potato___Early_blight,f7db505f-aabe-4b96-b719-8c930b5ff471___RS_Early.B 9224.JPG,21298,15
leaf workshop/BANANA/Green banana/87_jpg.rf.5c729972036a9416d17c02d0487c24b5.jpg,banana,Green banana,banana_Green banana,87_jpg.rf.5c729972036a9416d17c02d0487c24b5.jpg,17870,0
leaf workshop/MANGO/Green mango/WIN_20230323_14_20_24_Pro_jpg.rf.be01b25add27bca9972ab61ef768c71d.jpg,mango,Green mango,mango_Green mango,WIN_20230323_14_20_24_Pro_jpg.rf.be01b25add27bca9972ab61ef768c71d.jpg,23648,10
leaf workshop/BANANA/Green banana/107_jpg.rf.4db9d7e7f9c93cc3d72ab859c5af8c19.jpg,banana,Green banana,banana_Green banana,107_jpg.rf.4db9d7e7f9c93cc3d72ab859c5af8c19.jpg,32863,0
leaf workshop/corn_dataset/Healthy/Corn_Health (805).jpg,corn,Healthy,corn_Healthy,Corn_Health (805).jpg,17245,9
leaf workshop/corn_dataset/Blight/Corn_Blight (688).JPG,corn,Blight,corn_Blight,Corn_Blight (688).JPG,14679,6
leaf workshop/corn_dataset/Common_Rust/Corn_Common_Rust (702).JPG,corn,Common_Rust,corn_Common_Rust,Corn_Common_Rust (702).JPG,15437,7
leaf workshop/corn_dataset/Common_Rust/Corn_Common_Rust (1131).JPG,corn,Common_Rust,corn_Common_Rust,Corn_Common_Rust (1131).JPG,12159,7
leaf workshop/corn_dataset/Gray_Leaf_Spot/Corn_Gray_Spot (376).jpg,corn,Gray_Leaf_Spot,corn_Gray_Leaf_Spot,Corn_Gray_Spot (376).jpg,17973,8
leaf workshop/corn_dataset/Gray_Leaf_Spot/Corn_Gray_Spot (143).JPG,corn,Gray_Leaf_Spot,corn_Gray_Leaf_Spot,Corn_Gray_Spot (143).JPG,13771,8
leaf workshop/corn_dataset/Blight/Corn_Blight (786).JPG,corn,Blight,corn_Blight,Corn_Blight (786).JPG,16965,6
leaf workshop/corn_dataset/Blight/Corn_Blight (406).JPG,corn,Blight,corn_Blight,Corn_Blight (406).JPG,14539,6
leaf workshop/ORANGE/orange/images153_jpg.rf.49624489eb4d57c5e24e52a7cc95fda2.jpg,orange,orange,orange_orange,images153_jpg.rf.49624489eb4d57c5e24e52a7cc95fda2.jpg,15166,14
leaf workshop/corn_dataset/Common_Rust/Corn_Common_Rust (73).JPG,corn,Common_Rust,corn_Common_Rust,Corn_Common_Rust (73).JPG,11818,7
leaf workshop/potato_dataset/Potato___Early_blight/d1184bb1-defe-44b3-aa71-d03fe11bf535___RS_Early.B 8787.JPG,potato,Potato___Early_blight,potato_Potato___Early_blight,d1184bb1-defe-44b3-aa71-d03fe11bf535___RS_Early.B 8787.JPG,20161,15
leaf workshop/corn_dataset/Blight/Corn_Blight (138).JPG,corn,Blight,corn_Blight,Corn_Blight (138).JPG,15333,6
leaf workshop/MANGO/Yellow mango/20230305_052248583_iOS_jpg.rf.60a60dbee713ebe1093c2fa82647e26b.jpg,mango,Yellow mango,mango_Yellow mango,20230305_052248583_iOS_jpg.rf.60a60dbee713ebe1093c2fa82647e26b.jpg,22587,12
leaf workshop/corn_dataset/Common_Rust/Corn_Common_Rust (604).JPG,corn,Common_Rust,corn_Common_Rust,Corn_Common_Rust (604).JPG,16587,7
leaf workshop/corn_dataset/Healthy/Corn_Health (318).jpg,corn,Healthy,corn_Healthy,Corn_Health (318).jpg,13222,9
leaf workshop/corn_dataset/Healthy/Corn_Health (648).jpg,corn,Healthy,corn_Healthy,Corn_Health (648).jpg,17926,9
leaf workshop/potato_dataset/Potato___Early_blight/d84ba2ee-6ef5-45b7-a15a-b677b99cd3f6___RS_Early.B 6772.JPG,potato,Potato___Early_blight,potato_Potato___Early_blight,d84ba2ee-6ef5-45b7-a15a-b677b99cd3f6___RS_Early.B 6772.JPG,20458,15
leaf workshop/corn_dataset/Healthy/Corn_Health (424).jpg,corn,Healthy,corn_Healthy,Corn_Health (424).jpg,11369,9
leaf workshop/potato_dataset/Potato___Late_blight/ca14c4bc-c9a5-4294-835e-6c3b81e61496___RS_LB 3080.JPG,potato,Potato___Late_blight,potato_Potato___Late_blight,ca14c4bc-c9a5-4294-835e-6c3b81e61496___RS_LB 3080.JPG,15618,16
leaf workshop/corn_dataset/Blight/Corn_Blight (586).JPG,corn,Blight,corn_Blight,Corn_Blight (586).JPG,17462,6
leaf workshop/corn_dataset/Blight/Corn_Blight (1013).JPG,corn,Blight,corn_Blight,Corn_Blight (1013).JPG,15265,6
leaf workshop/corn_dataset/Blight/Corn_Blight (914).JPG,corn,Blight,corn_Blight,Corn_Blight (914).JPG,12782,6
leaf workshop/corn_dataset/Blight/Corn_Blight (318).JPG,corn,Blight,corn_Blight,Corn_Blight (318).JPG,15229,6
leaf workshop/corn_dataset/Common_Rust/Corn_Common_Rust (442).JPG,corn,Common_Rust,corn_Common_Rust,Corn_Common_Rust (442).JPG,15797,7
leaf workshop/coffee_dataset/leaf_rust/137.jpg,coffee,leaf_rust,coffee_leaf_rust,137.jpg,175206,4
leaf workshop/coffee_dataset/phoma/249.jpg,coffee,phoma,coffee_phoma,249.jpg,112863,5
leaf workshop/coffee_dataset/phoma/242.jpg,coffee,phoma,coffee_phoma,242.jpg,82326,5
leaf workshop/corn_dataset/Common_Rust/Corn_Common_Rust (1002).JPG,corn,Common_Rust,corn_Common_Rust,Corn_Common_Rust (1002).JPG,9539,7
leaf workshop/corn_dataset/Common_Rust/Corn_Common_Rust (301).JPG,corn,Common_Rust,corn_Common_Rust,Corn_Common_Rust (301).JPG,10309,7
leaf workshop/corn_dataset/Gray_Leaf_Spot/Corn_Gray_Spot (390).JPG,corn,Gray_Leaf_Spot,corn_Gray_Leaf_Spot,Corn_Gray_Spot (390).JPG,19913,8
leaf workshop/coffee_dataset/healthy/692.jpg,coffee,healthy,coffee_healthy,692.jpg,147434,3
leaf workshop/corn_dataset/Gray_Leaf_Spot/Corn_Gray_Spot (368).jpg,corn,Gray_Leaf_Spot,corn_Gray_Leaf_Spot,Corn_Gray_Spot (368).jpg,12540,8
leaf workshop/corn_dataset/Common_Rust/Corn_Common_Rust (426).JPG,corn,Common_Rust,corn_Common_Rust,Corn_Common_Rust (426).JPG,13585,7
leaf workshop/MANGO/Yellow mango/20230305_052221196_iOS_jpg.rf.71771d4c4de52918b30d267566988cba.jpg,mango,Yellow mango,mango_Yellow mango,20230305_052221196_iOS_jpg.rf.71771d4c4de52918b30d267566988cba.jpg,17397,12
leaf workshop/ORANGE/Ripe orange/40_jpg.rf.2fddaf45647cfada11b20e4df19e03b7.jpg,orange,Ripe orange,orange_Ripe orange,40_jpg.rf.2fddaf45647cfada11b20e4df19e03b7.jpg,22854,13
leaf workshop/corn_dataset/Healthy/Corn_Health (741).jpg,corn,Healthy,corn_Healthy,Corn_Health (741).jpg,10659,9
leaf workshop/MANGO/Rotten Mango/14-2-Copy_png_jpg.rf.9c44419f55a9ef6a33002dec6355ba58.jpg,mango,Rotten Mango,mango_Rotten Mango,14-2-Copy_png_jpg.rf.9c44419f55a9ef6a33002dec6355ba58.jpg,20526,11
leaf workshop/corn_dataset/Common_Rust/Corn_Common_Rust (1232).JPG,corn,Common_Rust,corn_Common_Rust,Corn_Common_Rust (1232).JPG,14954,7
leaf workshop/corn_dataset/Gray_Leaf_Spot/Corn_Gray_Spot (475).JPG,corn,Gray_Leaf_Spot,corn_Gray_Leaf_Spot,Corn_Gray_Spot (475).JPG,13116,8
leaf workshop/corn_dataset/Blight/Corn_Blight (564).JPG,corn,Blight,corn_Blight,Corn_Blight (564).JPG,12595,6
leaf workshop/ORANGE/Ripe orange/65_jpg.rf.8bb8a76e29ac98936cf5394dc75796e5.jpg,orange,Ripe orange,orange_Ripe orange,65_jpg.rf.8bb8a76e29ac98936cf5394dc75796e5.jpg,21292,13
leaf workshop/corn_dataset/Common_Rust/Corn_Common_Rust (738).JPG,corn,Common_Rust,corn_Common_Rust,Corn_Common_Rust (738).JPG,15294,7
leaf workshop/corn_dataset/Gray_Leaf_Spot/Corn_Gray_Spot (571).jpg,corn,Gray_Leaf_Spot,corn_Gray_Leaf_Spot,Corn_Gray_Spot (571).jpg,34226,8
leaf workshop/corn_dataset/Gray_Leaf_Spot/Corn_Gray_Spot (181).JPG,corn,Gray_Leaf_Spot,corn_Gray_Leaf_Spot,Corn_Gray_Spot (181).JPG,16523,8
leaf workshop/corn_dataset/Healthy/Corn_Health (801).jpg,corn,Healthy,corn_Healthy,Corn_Health (801).jpg,12569,9
leaf workshop/corn_dataset/Common_Rust/Corn_Common_Rust (544).JPG,corn,Common_Rust,corn_Common_Rust,Corn_Common_Rust (544).JPG,14983,7
leaf workshop/corn_dataset/Blight/Corn_Blight (823).JPG,corn,Blight,corn_Blight,Corn_Blight (823).JPG,11727,6
leaf workshop/ORANGE/Ripe orange/79_jpg.rf.84b5b857220b9307f3417e072c585642.jpg,orange,Ripe orange,orange_Ripe orange,79_jpg.rf.84b5b857220b9307f3417e072c585642.jpg,29688,13
leaf workshop/corn_dataset/Blight/Corn_Blight (25).jpg,corn,Blight,corn_Blight,Corn_Blight (25).jpg,33803,6
leaf workshop/corn_dataset/Blight/Corn_Blight (699).JPG,corn,Blight,corn_Blight,Corn_Blight (699).JPG,13725,6
leaf workshop/corn_dataset/Blight/Corn_Blight (482).JPG,corn,Blight,corn_Blight,Corn_Blight (482).JPG,14114,6
leaf workshop/potato_dataset/Potato___Early_blight/c53d85d7-bddb-422b-955c-6842cce9a927___RS_Early.B 7253.JPG,potato,Potato___Early_blight,potato_Potato___Early_blight,c53d85d7-bddb-422b-955c-6842cce9a927___RS_Early.B 7253.JPG,20497,15
leaf workshop/corn_dataset/Healthy/Corn_Health (357).jpg,corn,Healthy,corn_Healthy,Corn_Health (357).jpg,11199,9
leaf workshop/potato_dataset/Potato___Late_blight/d648ee66-d38a-4df0-8696-c6fe5490a15b___RS_LB 4144.JPG,potato,Potato___Late_blight,potato_Potato___Late_blight,d648ee66-d38a-4df0-8696-c6fe5490a15b___RS_LB 4144.JPG,12563,16
leaf workshop/corn_dataset/Healthy/Corn_Health (241).jpg,corn,Healthy,corn_Healthy,Corn_Health (241).jpg,8727,9
leaf workshop/corn_dataset/Common_Rust/Corn_Common_Rust (374).JPG,corn,Common_Rust,corn_Common_Rust,Corn_Common_Rust (374).JPG,12274,7
leaf workshop/potato_dataset/Potato___healthy/Potato_healthy-132-_0_7931.jpg,potato,Potato___healthy,potato_Potato___healthy,Potato_healthy-132-_0_7931.jpg,17294,17
leaf workshop/potato_dataset/Potato___healthy/Potato_healthy-100-_0_2061.jpg,potato,Potato___healthy,potato_Potato___healthy,Potato_healthy-100-_0_2061.jpg,13999,17
leaf workshop/potato_dataset/Potato___healthy/Potato_healthy-104-_0_1763.jpg,potato,Potato___healthy,potato_Potato___healthy,Potato_healthy-104-_0_1763.jpg,14770,17
leaf workshop/potato_dataset/Potato___healthy/Potato_healthy-135-_0_1329.jpg,potato,Potato___healthy,potato_Potato___healthy,Potato_healthy-135-_0_1329.jpg,16519,17
leaf workshop/corn_dataset/Common_Rust/Corn_Common_Rust (225).JPG,corn,Common_Rust,corn_Common_Rust,Corn_Common_Rust (225).JPG,11198,7
leaf workshop/corn_dataset/Common_Rust/Corn_Common_Rust (696).JPG,corn,Common_Rust,corn_Common_Rust,Corn_Common_Rust (696).JPG,10753,7
leaf workshop/corn_dataset/Healthy/Corn_Health (1109).jpg,corn,Healthy,corn_Healthy,Corn_Health (1109).jpg,10422,9
leaf workshop/corn_dataset/Blight/Corn_Blight (863).JPG,corn,Blight,corn_Blight,Corn_Blight (863).JPG,14059,6
leaf workshop/coffee_dataset/healthy/690.jpg,coffee,healthy,coffee_healthy,690.jpg,149459,3
leaf workshop/corn_dataset/Common_Rust/Corn_Common_Rust (463).JPG,corn,Common_Rust,corn_Common_Rust,Corn_Common_Rust (463).JPG,12585,7
leaf workshop/corn_dataset/Common_Rust/Corn_Common_Rust (509).JPG,corn,Common_Rust,corn_Common_Rust,Corn_Common_Rust (509).JPG,12517,7
leaf workshop/corn_dataset/Blight/Corn_Blight (1099).jpg,corn,Blight,corn_Blight,Corn_Blight (1099).jpg,16822,6
leaf workshop/corn_dataset/Blight/Corn_Blight (730).JPG,corn,Blight,corn_Blight,Corn_Blight (730).JPG,15188,6
leaf workshop/ORANGE/Ripe orange/57_jpg.rf.e6b235792edf087145e0fa5a1e361946.jpg,orange,Ripe orange,orange_Ripe orange,57_jpg.rf.e6b235792edf087145e0fa5a1e361946.jpg,27124,13
leaf workshop/corn_dataset/Common_Rust/Corn_Common_Rust (279).JPG,corn,Common_Rust,corn_Common_Rust,Corn_Common_Rust (279).JPG,13902,7
leaf workshop/potato_dataset/Potato___healthy/Potato_healthy-117-_0_5235.jpg,potato,Potato___healthy,potato_Potato___healthy,Potato_healthy-117-_0_5235.jpg,14541,17
leaf workshop/corn_dataset/Common_Rust/Corn_Common_Rust (541).JPG,corn,Common_Rust,corn_Common_Rust,Corn_Common_Rust (541).JPG,10151,7
leaf workshop/corn_dataset/Common_Rust/Corn_Common_Rust (403).JPG,corn,Common_Rust,corn_Common_Rust,Corn_Common_Rust (403).JPG,10940,7
leaf workshop/corn_dataset/Gray_Leaf_Spot/Corn_Gray_Spot (444).JPG,corn,Gray_Leaf_Spot,corn_Gray_Leaf_Spot,Corn_Gray_Spot (444).JPG,20813,8
leaf workshop/corn_dataset/Blight/Corn_Blight (109).jpg,corn,Blight,corn_Blight,Corn_Blight (109).jpg,207071,6
leaf workshop/corn_dataset/Blight/Corn_Blight (358).JPG,corn,Blight,corn_Blight,Corn_Blight (358).JPG,15254,6
leaf workshop/corn_dataset/Common_Rust/Corn_Common_Rust (660).JPG,corn,Common_Rust,corn_Common_Rust,Corn_Common_Rust (660).JPG,13404,7
leaf workshop/corn_dataset/Blight/Corn_Blight (987).JPG,corn,Blight,corn_Blight,Corn_Blight (987).JPG,11904,6
leaf workshop/potato_dataset/Potato___Early_blight/fd59ab68-681f-4aca-ae95-6f73bf8caad7___RS_Early.B 7118.JPG,potato,Potato___Early_blight,potato_Potato___Early_blight,fd59ab68-681f-4aca-ae95-6f73bf8caad7___RS_Early.B 7118.JPG,18579,15
leaf workshop/coffee_dataset/healthy/211.jpg,coffee,healthy,coffee_healthy,211.jpg,130675,3
leaf workshop/corn_dataset/Blight/Corn_Blight (420).JPG,corn,Blight,corn_Blight,Corn_Blight (420).JPG,13591,6
leaf workshop/potato_dataset/Potato___healthy/Potato_healthy-137-_0_823.jpg,potato,Potato___healthy,potato_Potato___healthy,Potato_healthy-137-_0_823.jpg,18404,17
leaf workshop/corn_dataset/Common_Rust/Corn_Common_Rust (1183).JPG,corn,Common_Rust,corn_Common_Rust,Corn_Common_Rust (1183).JPG,14937,7
leaf workshop/ORANGE/orange/images4_jpg.rf.1397ddd7e16b4703525bc56311cc21b0.jpg,orange,orange,orange_orange,images4_jpg.rf.1397ddd7e16b4703525bc56311cc21b0.jpg,23197,14
leaf workshop/corn_dataset/Gray_Leaf_Spot/Corn_Gray_Spot (529).jpg,corn,Gray_Leaf_Spot,corn_Gray_Leaf_Spot,Corn_Gray_Spot (529).jpg,16193,8
leaf workshop/corn_dataset/Gray_Leaf_Spot/Corn_Gray_Spot (356).JPG,corn,Gray_Leaf_Spot,corn_Gray_Leaf_Spot,Corn_Gray_Spot (356).JPG,16321,8
leaf workshop/potato_dataset/Potato___Late_blight/e71a27b3-20d5-40e8-ad01-4c1942d46654___RS_LB 4085.JPG,potato,Potato___Late_blight,potato_Potato___Late_blight,e71a27b3-20d5-40e8-ad01-4c1942d46654___RS_LB 4085.JPG,14053,16
leaf workshop/corn_dataset/Common_Rust/Corn_Common_Rust (172).JPG,corn,Common_Rust,corn_Common_Rust,Corn_Common_Rust (172).JPG,18574,7
leaf workshop/corn_dataset/Common_Rust/Corn_Common_Rust (42).jpg,corn,Common_Rust,corn_Common_Rust,Corn_Common_Rust (42).jpg,44273,7
leaf workshop/potato_dataset/Potato___Late_blight/dd55ba8d-a425-4b06-9996-bbf315d71e6e___RS_LB 2737.JPG,potato,Potato___Late_blight,potato_Potato___Late_blight,dd55ba8d-a425-4b06-9996-bbf315d71e6e___RS_LB 2737.JPG,19066,16
leaf workshop/corn_dataset/Healthy/Corn_Health (107).JPG,corn,Healthy,corn_Healthy,Corn_Health (107).JPG,15685,9
leaf workshop/corn_dataset/Common_Rust/Corn_Common_Rust (709).JPG,corn,Common_Rust,corn_Common_Rust,Corn_Common_Rust (709).JPG,13275,7
leaf workshop/BANANA/Green banana/1_jpg.rf.9cdecb365f5dcffe4538dc05de6ce00c.jpg,banana,Green banana,banana_Green banana,1_jpg.rf.9cdecb365f5dcffe4538dc05de6ce00c.jpg,31916,0
leaf workshop/corn_dataset/Healthy/Corn_Health (53).jpg,corn,Healthy,corn_Healthy,Corn_Health (53).jpg,13931,9
leaf workshop/potato_dataset/Potato___Late_blight/b9939f3e-c71c-4653-acff-109a8266dddf___RS_LB 2787.JPG,potato,Potato___Late_blight,potato_Potato___Late_blight,b9939f3e-c71c-4653-acff-109a8266dddf___RS_LB 2787.JPG,16610,16
leaf workshop/corn_dataset/Common_Rust/Corn_Common_Rust (1053).JPG,corn,Common_Rust,corn_Common_Rust,Corn_Common_Rust (1053).JPG,14580,7
leaf workshop/MANGO/Yellow mango/20230305_052228604_iOS_jpg.rf.652baf8deef6d5a309e651208269494d.jpg,mango,Yellow mango,mango_Yellow mango,20230305_052228604_iOS_jpg.rf.652baf8deef6d5a309e651208269494d.jpg,21577,12
leaf workshop/corn_dataset/Blight/Corn_Blight (864).JPG,corn,Blight,corn_Blight,Corn_Blight (864).JPG,13367,6
leaf workshop/corn_dataset/Healthy/Corn_Health (775).jpg,corn,Healthy,corn_Healthy,Corn_Health (775).jpg,8697,9
leaf workshop/potato_dataset/Potato___Late_blight/f477f5a9-90cf-416b-8a3d-782ea2365c9f___RS_LB 3884.JPG,potato,Potato___Late_blight,potato_Potato___Late_blight,f477f5a9-90cf-416b-8a3d-782ea2365c9f___RS_LB 3884.JPG,14746,16
leaf workshop/corn_dataset/Common_Rust/Corn_Common_Rust (392).JPG,corn,Common_Rust,corn_Common_Rust,Corn_Common_Rust (392).JPG,10892,7
leaf workshop/corn_dataset/Healthy/Corn_Health (428).jpg,corn,Healthy,corn_Healthy,Corn_Health (428).jpg,8735,9
leaf workshop/corn_dataset/Gray_Leaf_Spot/Corn_Gray_Spot (505).JPG,corn,Gray_Leaf_Spot,corn_Gray_Leaf_Spot,Corn_Gray_Spot (505).JPG,18029,8
leaf workshop/corn_dataset/Blight/Corn_Blight (79).jpg,corn,Blight,corn_Blight,Corn_Blight (79).jpg,325809,6
leaf workshop/corn_dataset/Healthy/Corn_Health (845).JPG,corn,Healthy,corn_Healthy,Corn_Health (845).JPG,7510,9
leaf workshop/corn_dataset/Blight/Corn_Blight (302).JPG,corn,Blight,corn_Blight,Corn_Blight (302).JPG,13035,6
leaf workshop/corn_dataset/Healthy/Corn_Health (922).jpg,corn,Healthy,corn_Healthy,Corn_Health (922).jpg,8709,9
leaf workshop/corn_dataset/Common_Rust/Corn_Common_Rust (1179).JPG,corn,Common_Rust,corn_Common_Rust,Corn_Common_Rust (1179).JPG,15596,7
leaf workshop/corn_dataset/Blight/Corn_Blight (355).JPG,corn,Blight,corn_Blight,Corn_Blight (355).JPG,13673,6
leaf workshop/corn_dataset/Blight/Corn_Blight (1002).JPG,corn,Blight,corn_Blight,Corn_Blight (1002).JPG,11904,6
leaf workshop/MANGO/Yellow mango/20230305_052042825_iOS_jpg.rf.6a08bc22b7e7a60cdf6499bb2ec67951.jpg,mango,Yellow mango,mango_Yellow mango,20230305_052042825_iOS_jpg.rf.6a08bc22b7e7a60cdf6499bb2ec67951.jpg,20526,12
leaf workshop/corn_dataset/Common_Rust/Corn_Common_Rust (55).jpg,corn,Common_Rust,corn_Common_Rust,Corn_Common_Rust (55).jpg,240804,7
leaf workshop/corn_dataset/Gray_Leaf_Spot/Corn_Gray_Spot (541).JPG,corn,Gray_Leaf_Spot,corn_Gray_Leaf_Spot,Corn_Gray_Spot (541).JPG,17693,8
leaf workshop/corn_dataset/Healthy/Corn_Health (277).jpg,corn,Healthy,corn_Healthy,Corn_Health (277).jpg,8876,9
leaf workshop/corn_dataset/Healthy/Corn_Health (317).jpg,corn,Healthy,corn_Healthy,Corn_Health (317).jpg,5561,9
leaf workshop/corn_dataset/Gray_Leaf_Spot/Corn_Gray_Spot (74).JPG,corn,Gray_Leaf_Spot,corn_Gray_Leaf_Spot,Corn_Gray_Spot (74).JPG,16030,8
leaf workshop/corn_dataset/Common_Rust/Corn_Common_Rust (592).JPG,corn,Common_Rust,corn_Common_Rust,Corn_Common_Rust (592).JPG,15657,7
leaf workshop/ORANGE/Ripe orange/9_jpg.rf.09cdacf83aa54c94577196d5486af379.jpg,orange,Ripe orange,orange_Ripe orange,9_jpg.rf.09cdacf83aa54c94577196d5486af379.jpg,43870,13
leaf workshop/corn_dataset/Common_Rust/Corn_Common_Rust (512).JPG,corn,Common_Rust,corn_Common_Rust,Corn_Common_Rust (512).JPG,10357,7
leaf workshop/potato_dataset/Potato___Late_blight/d5a52702-2160-4f20-a1d8-49db59f83f9a___RS_LB 3213.JPG,potato,Potato___Late_blight,potato_Potato___Late_blight,d5a52702-2160-4f20-a1d8-49db59f83f9a___RS_LB 3213.JPG,16905,16
leaf workshop/corn_dataset/Healthy/Corn_Health (1122).jpg,corn,Healthy,corn_Healthy,Corn_Health (1122).jpg,13886,9
leaf workshop/potato_dataset/Potato___Late_blight/ba15e1af-3f3a-4eef-8be1-4f0a221444fd___RS_LB 2866.JPG,potato,Potato___Late_blight,potato_Potato___Late_blight,ba15e1af-3f3a-4eef-8be1-4f0a221444fd___RS_LB 2866.JPG,15120,16
leaf workshop/potato_dataset/Potato___Early_blight/b7883606-5157-4dc1-b965-fc10f8fe1796___RS_Early.B 7598.JPG,potato,Potato___Early_blight,potato_Potato___Early_blight,b7883606-5157-4dc1-b965-fc10f8fe1796___RS_Early.B 7598.JPG,17348,15
leaf workshop/MANGO/Yellow mango/20230305_052206241_iOS_jpg.rf.75e06e9320cf20d219a02783d73d4eb6.jpg,mango,Yellow mango,mango_Yellow mango,20230305_052206241_iOS_jpg.rf.75e06e9320cf20d219a02783d73d4eb6.jpg,21629,12
leaf workshop/corn_dataset/Blight/Corn_Blight (548).JPG,corn,Blight,corn_Blight,Corn_Blight (548).JPG,12930,6
leaf workshop/corn_dataset/Blight/Corn_Blight (308).JPG,corn,Blight,corn_Blight,Corn_Blight (308).JPG,15087,6
leaf workshop/potato_dataset/Potato___Early_blight/f9580dc3-d5d9-4990-a64d-3974a9d1c687___RS_Early.B 8755.JPG,potato,Potato___Early_blight,potato_Potato___Early_blight,f9580dc3-d5d9-4990-a64d-3974a9d1c687___RS_Early.B 8755.JPG,16600,15
leaf workshop/corn_dataset/Common_Rust/Corn_Common_Rust (1253).JPG,corn,Common_Rust,corn_Common_Rust,Corn_Common_Rust (1253).JPG,14161,7
leaf workshop/corn_dataset/Blight/Corn_Blight (632).JPG,corn,Blight,corn_Blight,Corn_Blight (632).JPG,11665,6
leaf workshop/corn_dataset/Healthy/Corn_Health (877).jpg,corn,Healthy,corn_Healthy,Corn_Health (877).jpg,7501,9
leaf workshop/MANGO/Rotten Mango/20230305_061238189_iOS_jpg.rf.8364725b5b2aa9daca60be70470ede47.jpg,mango,Rotten Mango,mango_Rotten Mango,20230305_061238189_iOS_jpg.rf.8364725b5b2aa9daca60be70470ede47.jpg,23433,11
leaf workshop/ORANGE/Ripe orange/23_jpg.rf.51af7472d6d4284a1e9cb00b63348be6.jpg,orange,Ripe orange,orange_Ripe orange,23_jpg.rf.51af7472d6d4284a1e9cb00b63348be6.jpg,30843,13
leaf workshop/potato_dataset/Potato___Late_blight/de63bbba-d8d0-4e74-95d7-6d5adfcd0955___RS_LB 3222.JPG,potato,Potato___Late_blight,potato_Potato___Late_blight,de63bbba-d8d0-4e74-95d7-6d5adfcd0955___RS_LB 3222.JPG,19898,16
leaf workshop/corn_dataset/Blight/Corn_Blight (973).jpg,corn,Blight,corn_Blight,Corn_Blight (973).jpg,18560,6
leaf workshop/ORANGE/orange/images153_jpg.rf.ecded41c0dce50ea3f2ec26501d4689b.jpg,orange,orange,orange_orange,images153_jpg.rf.ecded41c0dce50ea3f2ec26501d4689b.jpg,15176,14
leaf workshop/corn_dataset/Healthy/Corn_Health (711).jpg,corn,Healthy,corn_Healthy,Corn_Health (711).jpg,14968,9
leaf workshop/corn_dataset/Common_Rust/Corn_Common_Rust (1190).JPG,corn,Common_Rust,corn_Common_Rust,Corn_Common_Rust (1190).JPG,15515,7
leaf workshop/corn_dataset/Blight/Corn_Blight (935).JPG,corn,Blight,corn_Blight,Corn_Blight (935).JPG,14641,6
leaf workshop/corn_dataset/Common_Rust/Corn_Common_Rust (1133).JPG,corn,Common_Rust,corn_Common_Rust,Corn_Common_Rust (1133).JPG,12448,7
leaf workshop/potato_dataset/Potato___Late_blight/e25e57fb-41d5-4f46-92f7-ce841bd97374___RS_LB 5448.JPG,potato,Potato___Late_blight,potato_Potato___Late_blight,e25e57fb-41d5-4f46-92f7-ce841bd97374___RS_LB 5448.JPG,14741,16
leaf workshop/corn_dataset/Blight/Corn_Blight (653).JPG,corn,Blight,corn_Blight,Corn_Blight (653).JPG,11716,6
leaf workshop/corn_dataset/Gray_Leaf_Spot/Corn_Gray_Spot (27).jpg,corn,Gray_Leaf_Spot,corn_Gray_Leaf_Spot,Corn_Gray_Spot (27).jpg,74500,8
leaf workshop/corn_dataset/Common_Rust/Corn_Common_Rust (329).JPG,corn,Common_Rust,corn_Common_Rust,Corn_Common_Rust (329).JPG,11999,7
leaf workshop/corn_dataset/Common_Rust/Corn_Common_Rust (1217).JPG,corn,Common_Rust,corn_Common_Rust,Corn_Common_Rust (1217).JPG,12723,7
leaf workshop/corn_dataset/Gray_Leaf_Spot/Corn_Gray_Spot (565).jpg,corn,Gray_Leaf_Spot,corn_Gray_Leaf_Spot,Corn_Gray_Spot (565).jpg,17221,8
leaf workshop/corn_dataset/Common_Rust/Corn_Common_Rust (1057).JPG,corn,Common_Rust,corn_Common_Rust,Corn_Common_Rust (1057).JPG,14901,7
leaf workshop/corn_dataset/Blight/Corn_Blight (950).JPG,corn,Blight,corn_Blight,Corn_Blight (950).JPG,15339,6
leaf workshop/corn_dataset/Gray_Leaf_Spot/Corn_Gray_Spot (570).jpg,corn,Gray_Leaf_Spot,corn_Gray_Leaf_Spot,Corn_Gray_Spot (570).jpg,46362,8
leaf workshop/corn_dataset/Healthy/Corn_Health (1084).jpg,corn,Healthy,corn_Healthy,Corn_Health (1084).jpg,11865,9
leaf workshop/corn_dataset/Blight/Corn_Blight (1055).JPG,corn,Blight,corn_Blight,Corn_Blight (1055).JPG,14633,6
leaf workshop/potato_dataset/Potato___Late_blight/f27d1c83-25e9-4ab8-8970-3ddfd2a4c6fc___RS_LB 3230.JPG,potato,Potato___Late_blight,potato_Potato___Late_blight,f27d1c83-25e9-4ab8-8970-3ddfd2a4c6fc___RS_LB 3230.JPG,17478,16
leaf workshop/potato_dataset/Potato___Early_blight/d24073c7-875b-4e86-b8cd-58853f13c191___RS_Early.B 6761.JPG,potato,Potato___Early_blight,potato_Potato___Early_blight,d24073c7-875b-4e86-b8cd-58853f13c191___RS_Early.B 6761.JPG,22089,15
leaf workshop/corn_dataset/Blight/Corn_Blight (1).jpg,corn,Blight,corn_Blight,Corn_Blight (1).jpg,80900,6
leaf workshop/corn_dataset/Healthy/Corn_Health (482).jpg,corn,Healthy,corn_Healthy,Corn_Health (482).jpg,9489,9
leaf workshop/corn_dataset/Blight/Corn_Blight (858).JPG,corn,Blight,corn_Blight,Corn_Blight (858).JPG,14444,6
leaf workshop/ORANGE/Ripe orange/43_jpg.rf.50c6fcc3cd04d4bea688ed6380f58116.jpg,orange,Ripe orange,orange_Ripe orange,43_jpg.rf.50c6fcc3cd04d4bea688ed6380f58116.jpg,29889,13
leaf workshop/corn_dataset/Healthy/Corn_Health (105).jpg,corn,Healthy,corn_Healthy,Corn_Health (105).jpg,6987,9
leaf workshop/corn_dataset/Gray_Leaf_Spot/Corn_Gray_Spot (126).JPG,corn,Gray_Leaf_Spot,corn_Gray_Leaf_Spot,Corn_Gray_Spot (126).JPG,18042,8
leaf workshop/potato_dataset/Potato___Early_blight/e40b6718-52b6-46a7-970c-5f1b6bae23af___RS_Early.B 8287.JPG,potato,Potato___Early_blight,potato_Potato___Early_blight,e40b6718-52b6-46a7-970c-5f1b6bae23af___RS_Early.B 8287.JPG,16707,15
leaf workshop/corn_dataset/Common_Rust/Corn_Common_Rust (212).JPG,corn,Common_Rust,corn_Common_Rust,Corn_Common_Rust (212).JPG,12857,7
leaf workshop/corn_dataset/Blight/Corn_Blight (234).JPG,corn,Blight,corn_Blight,Corn_Blight (234).JPG,12176,6
leaf workshop/corn_dataset/Blight/Corn_Blight (12).jpg,corn,Blight,corn_Blight,Corn_Blight (12).jpg,101222,6
leaf workshop/corn_dataset/Blight/Corn_Blight (797).jpg,corn,Blight,corn_Blight,Corn_Blight (797).jpg,13671,6
leaf workshop/corn_dataset/Blight/Corn_Blight (464).JPG,corn,Blight,corn_Blight,Corn_Blight (464).JPG,12768,6
leaf workshop/corn_dataset/Blight/Corn_Blight (233).JPG,corn,Blight,corn_Blight,Corn_Blight (233).JPG,11256,6
leaf workshop/corn_dataset/Common_Rust/Corn_Common_Rust (659).JPG,corn,Common_Rust,corn_Common_Rust,Corn_Common_Rust (659).JPG,13381,7
leaf workshop/corn_dataset/Blight/Corn_Blight (558).JPG,corn,Blight,corn_Blight,Corn_Blight (558).JPG,13046,6
leaf workshop/corn_dataset/Common_Rust/Corn_Common_Rust (466).JPG,corn,Common_Rust,corn_Common_Rust,Corn_Common_Rust (466).JPG,14165,7
leaf workshop/MANGO/Green mango/WIN_20230323_14_27_24_Pro_jpg.rf.c29ef5debd834b3c5f1c8fa7f9ffd728.jpg,mango,Green mango,mango_Green mango,WIN_20230323_14_27_24_Pro_jpg.rf.c29ef5debd834b3c5f1c8fa7f9ffd728.jpg,22112,10
leaf workshop/corn_dataset/Common_Rust/Corn_Common_Rust (1040).JPG,corn,Common_Rust,corn_Common_Rust,Corn_Common_Rust (1040).JPG,12339,7
leaf workshop/corn_dataset/Healthy/Corn_Health (1007).jpg,corn,Healthy,corn_Healthy,Corn_Health (1007).jpg,12954,9
leaf workshop/corn_dataset/Blight/Corn_Blight (648).JPG,corn,Blight,corn_Blight,Corn_Blight (648).JPG,9714,6
leaf workshop/corn_dataset/Blight/Corn_Blight (832).JPG,corn,Blight,corn_Blight,Corn_Blight (832).JPG,17587,6
leaf workshop/corn_dataset/Gray_Leaf_Spot/Corn_Gray_Spot (133).JPG,corn,Gray_Leaf_Spot,corn_Gray_Leaf_Spot,Corn_Gray_Spot (133).JPG,14299,8
leaf workshop/corn_dataset/Blight/Corn_Blight (1067).JPG,corn,Blight,corn_Blight,Corn_Blight (1067).JPG,14444,6
leaf workshop/ORANGE/orange/images389_jpg.rf.af5db70eeec998eba385052dadef3a4b.jpg,orange,orange,orange_orange,images389_jpg.rf.af5db70eeec998eba385052dadef3a4b.jpg,15277,14
leaf workshop/potato_dataset/Potato___healthy/Potato_healthy-90-_0_1873.jpg,potato,Potato___healthy,potato_Potato___healthy,Potato_healthy-90-_0_1873.jpg,15083,17
leaf workshop/corn_dataset/Common_Rust/Corn_Common_Rust (548).JPG,corn,Common_Rust,corn_Common_Rust,Corn_Common_Rust (548).JPG,14718,7
leaf workshop/corn_dataset/Blight/Corn_Blight (155).JPG,corn,Blight,corn_Blight,Corn_Blight (155).JPG,16433,6
leaf workshop/corn_dataset/Common_Rust/Corn_Common_Rust (1015).JPG,corn,Common_Rust,corn_Common_Rust,Corn_Common_Rust (1015).JPG,13516,7
leaf workshop/corn_dataset/Blight/Corn_Blight (716).JPG,corn,Blight,corn_Blight,Corn_Blight (716).JPG,16862,6
leaf workshop/corn_dataset/Blight/Corn_Blight (295).JPG,corn,Blight,corn_Blight,Corn_Blight (295).JPG,15004,6
leaf workshop/corn_dataset/Common_Rust/Corn_Common_Rust (1119).JPG,corn,Common_Rust,corn_Common_Rust,Corn_Common_Rust (1119).JPG,13154,7
leaf workshop/MANGO/Rotten Mango/20230305_062100339_iOS_jpg.rf.090f1ede59353699a06f313e190bf36f.jpg,mango,Rotten Mango,mango_Rotten Mango,20230305_062100339_iOS_jpg.rf.090f1ede59353699a06f313e190bf36f.jpg,23199,11
leaf workshop/potato_dataset/Potato___Late_blight/d01b2206-84b5-41f6-9a40-b238282940bd___RS_LB 2631.JPG,potato,Potato___Late_blight,potato_Potato___Late_blight,d01b2206-84b5-41f6-9a40-b238282940bd___RS_LB 2631.JPG,15397,16
leaf workshop/corn_dataset/Gray_Leaf_Spot/Corn_Gray_Spot (237).JPG,corn,Gray_Leaf_Spot,corn_Gray_Leaf_Spot,Corn_Gray_Spot (237).JPG,16017,8
leaf workshop/ORANGE/orange/img_171_jpeg.rf.520aa4863e12ff2ed0d95d703fc245a5.jpg,orange,orange,orange_orange,img_171_jpeg.rf.520aa4863e12ff2ed0d95d703fc245a5.jpg,20252,14
leaf workshop/potato_dataset/Potato___Early_blight/b7157976-61c2-4366-87c5-e3de23aa7c10___RS_Early.B 7227.JPG,potato,Potato___Early_blight,potato_Potato___Early_blight,b7157976-61c2-4366-87c5-e3de23aa7c10___RS_Early.B 7227.JPG,17714,15
leaf workshop/potato_dataset/Potato___Early_blight/e304fbf5-d145-433c-8f67-7b486581166a___RS_Early.B 7434.JPG,potato,Potato___Early_blight,potato_Potato___Early_blight,e304fbf5-d145-433c-8f67-7b486581166a___RS_Early.B 7434.JPG,18591,15
leaf workshop/corn_dataset/Healthy/Corn_Health (956).jpg,corn,Healthy,corn_Healthy,Corn_Health (956).jpg,10714,9
leaf workshop/MANGO/Yellow mango/20230305_052215902_iOS_jpg.rf.ab51716a104683b88c5347634237c96b.jpg,mango,Yellow mango,mango_Yellow mango,20230305_052215902_iOS_jpg.rf.ab51716a104683b88c5347634237c96b.jpg,20294,12
leaf workshop/ORANGE/orange/640px-Oranges_-_whole-halved-segment_jpg.rf.1c4b624b8f0841a46be21d577ff0db98.jpg,orange,orange,orange_orange,640px-Oranges_-_whole-halved-segment_jpg.rf.1c4b624b8f0841a46be21d577ff0db98.jpg,27586,14
leaf workshop/corn_dataset/Blight/Corn_Blight (122).JPG,corn,Blight,corn_Blight,Corn_Blight (122).JPG,14201,6
leaf workshop/corn_dataset/Blight/Corn_Blight (574).JPG,corn,Blight,corn_Blight,Corn_Blight (574).JPG,12941,6
leaf workshop/coffee_dataset/phoma/262.jpg,coffee,phoma,coffee_phoma,262.jpg,89535,5
leaf workshop/ORANGE/orange/beneficios-de-las-naranjas-de-valencia_jpg.rf.2ff0f15b69a9c6a874f35c24726fb2c2.jpg,orange,orange,orange_orange,beneficios-de-las-naranjas-de-valencia_jpg.rf.2ff0f15b69a9c6a874f35c24726fb2c2.jpg,34089,14
leaf workshop/corn_dataset/Healthy/Corn_Health (9).jpg,corn,Healthy,corn_Healthy,Corn_Health (9).jpg,11127,9
leaf workshop/ORANGE/Ripe orange/30_jpg.rf.2baa1428b0969bded135e0d90619c536.jpg,orange,Ripe orange,orange_Ripe orange,30_jpg.rf.2baa1428b0969bded135e0d90619c536.jpg,35133,13
leaf workshop/corn_dataset/Common_Rust/Corn_Common_Rust (415).JPG,corn,Common_Rust,corn_Common_Rust,Corn_Common_Rust (415).JPG,13168,7
leaf workshop/corn_dataset/Blight/Corn_Blight (562).JPG,corn,Blight,corn_Blight,Corn_Blight (562).JPG,12674,6
leaf workshop/corn_dataset/Healthy/Corn_Health (165).jpg,corn,Healthy,corn_Healthy,Corn_Health (165).jpg,16304,9
leaf workshop/corn_dataset/Healthy/Corn_Health (1054).jpg,corn,Healthy,corn_Healthy,Corn_Health (1054).jpg,10030,9
leaf workshop/corn_dataset/Blight/Corn_Blight (1084).JPG,corn,Blight,corn_Blight,Corn_Blight (1084).JPG,12998,6
leaf workshop/ORANGE/Ripe orange/91_jpg.rf.6e67f5ef3e3aef6da19a9d4b8b4656a6.jpg,orange,Ripe orange,orange_Ripe orange,91_jpg.rf.6e67f5ef3e3aef6da19a9d4b8b4656a6.jpg,26319,13
leaf workshop/corn_dataset/Gray_Leaf_Spot/Corn_Gray_Spot (283).JPG,corn,Gray_Leaf_Spot,corn_Gray_Leaf_Spot,Corn_Gray_Spot (283).JPG,13862,8
leaf workshop/corn_dataset/Blight/Corn_Blight (615).JPG,corn,Blight,corn_Blight,Corn_Blight (615).JPG,10037,6
leaf workshop/corn_dataset/Gray_Leaf_Spot/Corn_Gray_Spot (169).JPG,corn,Gray_Leaf_Spot,corn_Gray_Leaf_Spot,Corn_Gray_Spot (169).JPG,14662,8
leaf workshop/corn_dataset/Blight/Corn_Blight (1056).JPG,corn,Blight,corn_Blight,Corn_Blight (1056).JPG,12889,6
leaf workshop/ORANGE/Ripe orange/94_jpg.rf.e440688641aa5383c0c3363b15854339.jpg,orange,Ripe orange,orange_Ripe orange,94_jpg.rf.e440688641aa5383c0c3363b15854339.jpg,24108,13
leaf workshop/corn_dataset/Healthy/Corn_Health (1002).jpg,corn,Healthy,corn_Healthy,Corn_Health (1002).jpg,7973,9
leaf workshop/potato_dataset/Potato___Early_blight/e9f9e200-b7ff-4a59-af32-b4faf3f27b17___RS_Early.B 8028.JPG,potato,Potato___Early_blight,potato_Potato___Early_blight,e9f9e200-b7ff-4a59-af32-b4faf3f27b17___RS_Early.B 8028.JPG,21034,15
leaf workshop/corn_dataset/Common_Rust/Corn_Common_Rust (614).JPG,corn,Common_Rust,corn_Common_Rust,Corn_Common_Rust (614).JPG,11544,7
leaf workshop/potato_dataset/Potato___healthy/Potato_healthy-105-_0_2465.jpg,potato,Potato___healthy,potato_Potato___healthy,Potato_healthy-105-_0_2465.jpg,13923,17
leaf workshop/MANGO/Green mango/WIN_20230323_15_01_47_Pro_jpg.rf.b858b8348ee9d16a68b26d2c38f4d3a1.jpg,mango,Green mango,mango_Green mango,WIN_20230323_15_01_47_Pro_jpg.rf.b858b8348ee9d16a68b26d2c38f4d3a1.jpg,23198,10
leaf workshop/corn_dataset/Blight/Corn_Blight (148).JPG,corn,Blight,corn_Blight,Corn_Blight (148).JPG,12523,6
leaf workshop/corn_dataset/Blight/Corn_Blight (735).jpg,corn,Blight,corn_Blight,Corn_Blight (735).jpg,13747,6
leaf workshop/corn_dataset/Blight/Corn_Blight (243).JPG,corn,Blight,corn_Blight,Corn_Blight (243).JPG,13676,6
leaf workshop/potato_dataset/Potato___Early_blight/d2dcbc63-47c6-4a67-914b-cb1e117b58b0___RS_Early.B 7159.JPG,potato,Potato___Early_blight,potato_Potato___Early_blight,d2dcbc63-47c6-4a67-914b-cb1e117b58b0___RS_Early.B 7159.JPG,17367,15
leaf workshop/corn_dataset/Healthy/Corn_Health (383).jpg,corn,Healthy,corn_Healthy,Corn_Health (383).jpg,11988,9
leaf workshop/corn_dataset/Healthy/Corn_Health (673).jpg,corn,Healthy,corn_Healthy,Corn_Health (673).jpg,10310,9
leaf workshop/ORANGE/Ripe orange/44_jpg.rf.7a3e7a0d962d44d6cb285b170898410d.jpg,orange,Ripe orange,orange_Ripe orange,44_jpg.rf.7a3e7a0d962d44d6cb285b170898410d.jpg,25429,13
leaf workshop/corn_dataset/Healthy/Corn_Health (951).jpg,corn,Healthy,corn_Healthy,Corn_Health (951).jpg,8313,9
leaf workshop/corn_dataset/Common_Rust/Corn_Common_Rust (14).jpg,corn,Common_Rust,corn_Common_Rust,Corn_Common_Rust (14).jpg,165186,7
leaf workshop/potato_dataset/Potato___Early_blight/d50dde4d-fe2f-4e8c-b336-69be71e34ce8___RS_Early.B 6905.JPG,potato,Potato___Early_blight,potato_Potato___Early_blight,d50dde4d-fe2f-4e8c-b336-69be71e34ce8___RS_Early.B 6905.JPG,19964,15
leaf workshop/corn_dataset/Common_Rust/Corn_Common_Rust (480).JPG,corn,Common_Rust,corn_Common_Rust,Corn_Common_Rust (480).JPG,11436,7
leaf workshop/corn_dataset/Blight/Corn_Blight (515).JPG,corn,Blight,corn_Blight,Corn_Blight (515).JPG,10847,6
leaf workshop/corn_dataset/Blight/Corn_Blight (242).JPG,corn,Blight,corn_Blight,Corn_Blight (242).JPG,17939,6
leaf workshop/corn_dataset/Blight/Corn_Blight (41).jpg,corn,Blight,corn_Blight,Corn_Blight (41).jpg,38289,6
leaf workshop/corn_dataset/Healthy/Corn_Health (600).jpg,corn,Healthy,corn_Healthy,Corn_Health (600).jpg,9927,9
leaf workshop/corn_dataset/Blight/Corn_Blight (486).JPG,corn,Blight,corn_Blight,Corn_Blight (486).JPG,12630,6
leaf workshop/potato_dataset/Potato___Early_blight/f8b3542b-559a-4aa4-9f4a-ec4d22f4386f___RS_Early.B 7309.JPG,potato,Potato___Early_blight,potato_Potato___Early_blight,f8b3542b-559a-4aa4-9f4a-ec4d22f4386f___RS_Early.B 7309.JPG,18502,15
leaf workshop/potato_dataset/Potato___Early_blight/cdc5ed26-b023-41cb-9cd8-07e62df1e369___RS_Early.B 6864.JPG,potato,Potato___Early_blight,potato_Potato___Early_blight,cdc5ed26-b023-41cb-9cd8-07e62df1e369___RS_Early.B 6864.JPG,24393,15
leaf workshop/corn_dataset/Blight/Corn_Blight (931).JPG,corn,Blight,corn_Blight,Corn_Blight (931).JPG,12642,6
leaf workshop/corn_dataset/Healthy/Corn_Health (952).jpg,corn,Healthy,corn_Healthy,Corn_Health (952).jpg,10454,9
leaf workshop/ORANGE/Ripe orange/39_jpg.rf.d14b703619f710003b748655c783023b.jpg,orange,Ripe orange,orange_Ripe orange,39_jpg.rf.d14b703619f710003b748655c783023b.jpg,24710,13
leaf workshop/corn_dataset/Gray_Leaf_Spot/Corn_Gray_Spot (183).JPG,corn,Gray_Leaf_Spot,corn_Gray_Leaf_Spot,Corn_Gray_Spot (183).JPG,14415,8
leaf workshop/corn_dataset/Common_Rust/Corn_Common_Rust (1223).JPG,corn,Common_Rust,corn_Common_Rust,Corn_Common_Rust (1223).JPG,15235,7
leaf workshop/ORANGE/orange/cuales-son-las-naranjas-y-mandarinas-mas-dulces-camposdeazahar_jpg.rf.60cbf9f11bdf2e462538f536a40d7264.jpg,orange,orange,orange_orange,cuales-son-las-naranjas-y-mandarinas-mas-dulces-camposdeazahar_jpg.rf.60cbf9f11bdf2e462538f536a40d7264.jpg,39641,14
leaf workshop/corn_dataset/Healthy/Corn_Health (760).jpg,corn,Healthy,corn_Healthy,Corn_Health (760).jpg,16913,9
leaf workshop/corn_dataset/Common_Rust/Corn_Common_Rust (693).JPG,corn,Common_Rust,corn_Common_Rust,Corn_Common_Rust (693).JPG,12870,7
leaf workshop/corn_dataset/Blight/Corn_Blight (625).JPG,corn,Blight,corn_Blight,Corn_Blight (625).JPG,16114,6
leaf workshop/corn_dataset/Gray_Leaf_Spot/Corn_Gray_Spot (511).JPG,corn,Gray_Leaf_Spot,corn_Gray_Leaf_Spot,Corn_Gray_Spot (511).JPG,21419,8
leaf workshop/corn_dataset/Healthy/Corn_Health (704).jpg,corn,Healthy,corn_Healthy,Corn_Health (704).jpg,15335,9
leaf workshop/corn_dataset/Common_Rust/Corn_Common_Rust (1047).JPG,corn,Common_Rust,corn_Common_Rust,Corn_Common_Rust (1047).JPG,12712,7
leaf workshop/corn_dataset/Common_Rust/Corn_Common_Rust (1209).JPG,corn,Common_Rust,corn_Common_Rust,Corn_Common_Rust (1209).JPG,15622,7
leaf workshop/corn_dataset/Blight/Corn_Blight (1050).JPG,corn,Blight,corn_Blight,Corn_Blight (1050).JPG,16328,6
leaf workshop/potato_dataset/Potato___Late_blight/f2676f08-798e-4291-8aa2-0655ca54cb07___RS_LB 4292.JPG,potato,Potato___Late_blight,potato_Potato___Late_blight,f2676f08-798e-4291-8aa2-0655ca54cb07___RS_LB 4292.JPG,21375,16
leaf workshop/corn_dataset/Gray_Leaf_Spot/Corn_Gray_Spot (279).JPG,corn,Gray_Leaf_Spot,corn_Gray_Leaf_Spot,Corn_Gray_Spot (279).JPG,21230,8
leaf workshop/potato_dataset/Potato___healthy/Potato_healthy-99-_0_8323.jpg,potato,Potato___healthy,potato_Potato___healthy,Potato_healthy-99-_0_8323.jpg,15094,17
leaf workshop/potato_dataset/Potato___Early_blight/c8dedd98-c5d7-4ef4-b4f4-70d0bae0e178___RS_Early.B 7128.JPG,potato,Potato___Early_blight,potato_Potato___Early_blight,c8dedd98-c5d7-4ef4-b4f4-70d0bae0e178___RS_Early.B 7128.JPG,20671,15
leaf workshop/BANANA/Yellow banana/200234_jpg.rf.21dbe6f31d31bc896655c66dde2f296d.jpg,banana,Yellow banana,banana_Yellow banana,200234_jpg.rf.21dbe6f31d31bc896655c66dde2f296d.jpg,39319,2
leaf workshop/corn_dataset/Blight/Corn_Blight (749).JPG,corn,Blight,corn_Blight,Corn_Blight (749).JPG,11908,6
leaf workshop/corn_dataset/Blight/Corn_Blight (961).JPG,corn,Blight,corn_Blight,Corn_Blight (961).JPG,13736,6
leaf workshop/corn_dataset/Common_Rust/Corn_Common_Rust (269).JPG,corn,Common_Rust,corn_Common_Rust,Corn_Common_Rust (269).JPG,16876,7
leaf workshop/corn_dataset/Gray_Leaf_Spot/Corn_Gray_Spot (355).JPG,corn,Gray_Leaf_Spot,corn_Gray_Leaf_Spot,Corn_Gray_Spot (355).JPG,16898,8
leaf workshop/corn_dataset/Blight/Corn_Blight (982).JPG,corn,Blight,corn_Blight,Corn_Blight (982).JPG,10101,6
leaf workshop/corn_dataset/Blight/Corn_Blight (1097).jpg,corn,Blight,corn_Blight,Corn_Blight (1097).jpg,824513,6
leaf workshop/potato_dataset/Potato___healthy/Potato_healthy-130-_0_5106.jpg,potato,Potato___healthy,potato_Potato___healthy,Potato_healthy-130-_0_5106.jpg,16219,17
leaf workshop/BANANA/Rotten banana/translation_Screen-Shot-2018-06-12-at-9_22_13-PM_png.rf.c0ae80dec8facddb8919c3c42a1307f4.jpg,banana,Rotten banana,banana_Rotten banana,translation_Screen-Shot-2018-06-12-at-9_22_13-PM_png.rf.c0ae80dec8facddb8919c3c42a1307f4.jpg,28458,1
leaf workshop/corn_dataset/Common_Rust/Corn_Common_Rust (1287).jpg,corn,Common_Rust,corn_Common_Rust,Corn_Common_Rust (1287).jpg,170040,7
leaf workshop/corn_dataset/Common_Rust/Corn_Common_Rust (1233).JPG,corn,Common_Rust,corn_Common_Rust,Corn_Common_Rust (1233).JPG,13958,7
leaf workshop/potato_dataset/Potato___Early_blight/dd1e0739-c899-4c1e-99c8-fd83a6d55694___RS_Early.B 7862.JPG,potato,Potato___Early_blight,potato_Potato___Early_blight,dd1e0739-c899-4c1e-99c8-fd83a6d55694___RS_Early.B 7862.JPG,20762,15
leaf workshop/potato_dataset/Potato___healthy/Potato_healthy-137-_0_7194.jpg,potato,Potato___healthy,potato_Potato___healthy,Potato_healthy-137-_0_7194.jpg,18273,17
leaf workshop/corn_dataset/Healthy/Corn_Health (1040).jpg,corn,Healthy,corn_Healthy,Corn_Health (1040).jpg,10075,9
leaf workshop/corn_dataset/Gray_Leaf_Spot/Corn_Gray_Spot (193).JPG,corn,Gray_Leaf_Spot,corn_Gray_Leaf_Spot,Corn_Gray_Spot (193).JPG,13878,8
leaf workshop/corn_dataset/Gray_Leaf_Spot/Corn_Gray_Spot (459).JPG,corn,Gray_Leaf_Spot,corn_Gray_Leaf_Spot,Corn_Gray_Spot (459).JPG,14086,8
leaf workshop/potato_dataset/Potato___Late_blight/f1a2b03a-d724-4f81-a8d7-d7f38f26ea29___RS_LB 3039.JPG,potato,Potato___Late_blight,potato_Potato___Late_blight,f1a2b03a-d724-4f81-a8d7-d7f38f26ea29___RS_LB 3039.JPG,15654,16
leaf workshop/potato_dataset/Potato___healthy/Potato_healthy-121-_0_5370.jpg,potato,Potato___healthy,potato_Potato___healthy,Potato_healthy-121-_0_5370.jpg,16768,17
leaf workshop/corn_dataset/Gray_Leaf_Spot/Corn_Gray_Spot (325).jpg,corn,Gray_Leaf_Spot,corn_Gray_Leaf_Spot,Corn_Gray_Spot (325).jpg,17827,8
