filepath,crop,raw_label,label_name,filename,filesize,label_id
/Applications/XAMPP/xamppfiles/htdocs/cmu_aiot/leaf workshop/corn_dataset/Gray_Leaf_Spot/Corn_Gray_Spot (460).JPG,corn,Gray_Leaf_Spot,Gray_Leaf_Spot,Corn_Gray_Spot (460).JPG,19974,2
/Applications/XAMPP/xamppfiles/htdocs/cmu_aiot/leaf workshop/corn_dataset/Blight/Corn_Blight (298).JPG,corn,Blight,Blight,Corn_Blight (298).JPG,13763,0
/Applications/XAMPP/xamppfiles/htdocs/cmu_aiot/leaf workshop/corn_dataset/Healthy/Corn_Health (23).jpg,corn,Healthy,Healthy,Corn_Health (23).jpg,7795,3
/Applications/XAMPP/xamppfiles/htdocs/cmu_aiot/leaf workshop/corn_dataset/Healthy/Corn_Health (1026).jpg,corn,Healthy,Healthy,Corn_Health (1026).jpg,8010,3
/Applications/XAMPP/xamppfiles/htdocs/cmu_aiot/leaf workshop/corn_dataset/Common_Rust/Corn_Common_Rust (550).JPG,corn,Common_Rust,Common_Rust,Corn_Common_Rust (550).JPG,10964,1
/Applications/XAMPP/xamppfiles/htdocs/cmu_aiot/leaf workshop/corn_dataset/Blight/Corn_Blight (261).JPG,corn,Blight,Blight,Corn_Blight (261).JPG,15368,0
/Applications/XAMPP/xamppfiles/htdocs/cmu_aiot/leaf workshop/corn_dataset/Common_Rust/Corn_Common_Rust (432).JPG,corn,Common_Rust,Common_Rust,Corn_Common_Rust (432).JPG,14997,1
/Applications/XAMPP/xamppfiles/htdocs/cmu_aiot/leaf workshop/corn_dataset/Common_Rust/Corn_Common_Rust (142).JPG,corn,Common_Rust,Common_Rust,Corn_Common_Rust (142).JPG,18830,1
/Applications/XAMPP/xamppfiles/htdocs/cmu_aiot/leaf workshop/corn_dataset/Healthy/Corn_Health (903).jpg,corn,Healthy,Healthy,Corn_Health (903).jpg,16819,3
/Applications/XAMPP/xamppfiles/htdocs/cmu_aiot/leaf workshop/corn_dataset/Gray_Leaf_Spot/Corn_Gray_Spot (458).JPG,corn,Gray_Leaf_Spot,Gray_Leaf_Spot,Corn_Gray_Spot (458).JPG,9108,2
/Applications/XAMPP/xamppfiles/htdocs/cmu_aiot/leaf workshop/corn_dataset/Common_Rust/Corn_Common_Rust (52).jpg,corn,Common_Rust,Common_Rust,Corn_Common_Rust (52).jpg,193143,1
/Applications/XAMPP/xamppfiles/htdocs/cmu_aiot/leaf workshop/corn_dataset/Healthy/Corn_Health (502).jpg,corn,Healthy,Healthy,Corn_Health (502).jpg,9998,3
/Applications/XAMPP/xamppfiles/htdocs/cmu_aiot/leaf workshop/corn_dataset/Blight/Corn_Blight (795).JPG,corn,Blight,Blight,Corn_Blight (795).JPG,10991,0
/Applications/XAMPP/xamppfiles/htdocs/cmu_aiot/leaf workshop/corn_dataset/Gray_Leaf_Spot/Corn_Gray_Spot (309).JPG,corn,Gray_Leaf_Spot,Gray_Leaf_Spot,Corn_Gray_Spot (309).JPG,17198,2
/Applications/XAMPP/xamppfiles/htdocs/cmu_aiot/leaf workshop/corn_dataset/Common_Rust/Corn_Common_Rust (414).JPG,corn,Common_Rust,Common_Rust,Corn_Common_Rust (414).JPG,12276,1
/Applications/XAMPP/xamppfiles/htdocs/cmu_aiot/leaf workshop/corn_dataset/Healthy/Corn_Health (1022).jpg,corn,Healthy,Healthy,Corn_Health (1022).jpg,9004,3
/Applications/XAMPP/xamppfiles/htdocs/cmu_aiot/leaf workshop/corn_dataset/Healthy/Corn_Health (170).jpg,corn,Healthy,Healthy,Corn_Health (170).jpg,12818,3
/Applications/XAMPP/xamppfiles/htdocs/cmu_aiot/leaf workshop/corn_dataset/Gray_Leaf_Spot/Corn_Gray_Spot (164).JPG,corn,Gray_Leaf_Spot,Gray_Leaf_Spot,Corn_Gray_Spot (164).JPG,14521,2
/Applications/XAMPP/xamppfiles/htdocs/cmu_aiot/leaf workshop/corn_dataset/Blight/Corn_Blight (31).jpg,corn,Blight,Blight,Corn_Blight (31).jpg,183035,0
/Applications/XAMPP/xamppfiles/htdocs/cmu_aiot/leaf workshop/corn_dataset/Blight/Corn_Blight (24).jpg,corn,Blight,Blight,Corn_Blight (24).jpg,204182,0
/Applications/XAMPP/xamppfiles/htdocs/cmu_aiot/leaf workshop/corn_dataset/Healthy/Corn_Health (97).jpg,corn,Healthy,Healthy,Corn_Health (97).jpg,6953,3
/Applications/XAMPP/xamppfiles/htdocs/cmu_aiot/leaf workshop/corn_dataset/Healthy/Corn_Health (13).jpg,corn,Healthy,Healthy,Corn_Health (13).jpg,8760,3
/Applications/XAMPP/xamppfiles/htdocs/cmu_aiot/leaf workshop/corn_dataset/Healthy/Corn_Health (922).jpg,corn,Healthy,Healthy,Corn_Health (922).jpg,8709,3
/Applications/XAMPP/xamppfiles/htdocs/cmu_aiot/leaf workshop/corn_dataset/Blight/Corn_Blight (1099).jpg,corn,Blight,Blight,Corn_Blight (1099).jpg,16822,0
/Applications/XAMPP/xamppfiles/htdocs/cmu_aiot/leaf workshop/corn_dataset/Healthy/Corn_Health (466).jpg,corn,Healthy,Healthy,Corn_Health (466).jpg,11686,3
/Applications/XAMPP/xamppfiles/htdocs/cmu_aiot/leaf workshop/corn_dataset/Blight/Corn_Blight (1049).JPG,corn,Blight,Blight,Corn_Blight (1049).JPG,14341,0
/Applications/XAMPP/xamppfiles/htdocs/cmu_aiot/leaf workshop/corn_dataset/Blight/Corn_Blight (602).JPG,corn,Blight,Blight,Corn_Blight (602).JPG,15399,0
/Applications/XAMPP/xamppfiles/htdocs/cmu_aiot/leaf workshop/corn_dataset/Common_Rust/Corn_Common_Rust (278).JPG,corn,Common_Rust,Common_Rust,Corn_Common_Rust (278).JPG,14410,1
/Applications/XAMPP/xamppfiles/htdocs/cmu_aiot/leaf workshop/corn_dataset/Healthy/Corn_Health (619).jpg,corn,Healthy,Healthy,Corn_Health (619).jpg,14569,3
/Applications/XAMPP/xamppfiles/htdocs/cmu_aiot/leaf workshop/corn_dataset/Common_Rust/Corn_Common_Rust (255).JPG,corn,Common_Rust,Common_Rust,Corn_Common_Rust (255).JPG,10956,1
/Applications/XAMPP/xamppfiles/htdocs/cmu_aiot/leaf workshop/corn_dataset/Common_Rust/Corn_Common_Rust (568).JPG,corn,Common_Rust,Common_Rust,Corn_Common_Rust (568).JPG,10829,1
/Applications/XAMPP/xamppfiles/htdocs/cmu_aiot/leaf workshop/corn_dataset/Blight/Corn_Blight (703).jpg,corn,Blight,Blight,Corn_Blight (703).jpg,14314,0
/Applications/XAMPP/xamppfiles/htdocs/cmu_aiot/leaf workshop/corn_dataset/Blight/Corn_Blight (20).jpg,corn,Blight,Blight,Corn_Blight (20).jpg,306753,0
/Applications/XAMPP/xamppfiles/htdocs/cmu_aiot/leaf workshop/corn_dataset/Blight/Corn_Blight (518).JPG,corn,Blight,Blight,Corn_Blight (518).JPG,10972,0
/Applications/XAMPP/xamppfiles/htdocs/cmu_aiot/leaf workshop/corn_dataset/Gray_Leaf_Spot/Corn_Gray_Spot (551).JPG,corn,Gray_Leaf_Spot,Gray_Leaf_Spot,Corn_Gray_Spot (551).JPG,13206,2
/Applications/XAMPP/xamppfiles/htdocs/cmu_aiot/leaf workshop/corn_dataset/Healthy/Corn_Health (231).jpg,corn,Healthy,Healthy,Corn_Health (231).jpg,9002,3
/Applications/XAMPP/xamppfiles/htdocs/cmu_aiot/leaf workshop/corn_dataset/Blight/Corn_Blight (444).JPG,corn,Blight,Blight,Corn_Blight (444).JPG,17723,0
/Applications/XAMPP/xamppfiles/htdocs/cmu_aiot/leaf workshop/corn_dataset/Gray_Leaf_Spot/Corn_Gray_Spot (313).JPG,corn,Gray_Leaf_Spot,Gray_Leaf_Spot,Corn_Gray_Spot (313).JPG,16398,2
/Applications/XAMPP/xamppfiles/htdocs/cmu_aiot/leaf workshop/corn_dataset/Blight/Corn_Blight (278).JPG,corn,Blight,Blight,Corn_Blight (278).JPG,14941,0
/Applications/XAMPP/xamppfiles/htdocs/cmu_aiot/leaf workshop/corn_dataset/Blight/Corn_Blight (575).JPG,corn,Blight,Blight,Corn_Blight (575).JPG,13217,0
/Applications/XAMPP/xamppfiles/htdocs/cmu_aiot/leaf workshop/corn_dataset/Healthy/Corn_Health (9).jpg,corn,Healthy,Healthy,Corn_Health (9).jpg,11127,3
/Applications/XAMPP/xamppfiles/htdocs/cmu_aiot/leaf workshop/corn_dataset/Healthy/Corn_Health (623).jpg,corn,Healthy,Healthy,Corn_Health (623).jpg,15771,3
/Applications/XAMPP/xamppfiles/htdocs/cmu_aiot/leaf workshop/corn_dataset/Healthy/Corn_Health (577).jpg,corn,Healthy,Healthy,Corn_Health (577).jpg,12695,3
/Applications/XAMPP/xamppfiles/htdocs/cmu_aiot/leaf workshop/corn_dataset/Healthy/Corn_Health (1077).jpg,corn,Healthy,Healthy,Corn_Health (1077).jpg,9843,3
/Applications/XAMPP/xamppfiles/htdocs/cmu_aiot/leaf workshop/corn_dataset/Blight/Corn_Blight (739).JPG,corn,Blight,Blight,Corn_Blight (739).JPG,12082,0
/Applications/XAMPP/xamppfiles/htdocs/cmu_aiot/leaf workshop/corn_dataset/Healthy/Corn_Health (98).jpg,corn,Healthy,Healthy,Corn_Health (98).jpg,6873,3
/Applications/XAMPP/xamppfiles/htdocs/cmu_aiot/leaf workshop/corn_dataset/Common_Rust/Corn_Common_Rust (341).JPG,corn,Common_Rust,Common_Rust,Corn_Common_Rust (341).JPG,15602,1
/Applications/XAMPP/xamppfiles/htdocs/cmu_aiot/leaf workshop/corn_dataset/Common_Rust/Corn_Common_Rust (610).JPG,corn,Common_Rust,Common_Rust,Corn_Common_Rust (610).JPG,15914,1
/Applications/XAMPP/xamppfiles/htdocs/cmu_aiot/leaf workshop/corn_dataset/Common_Rust/Corn_Common_Rust (1010).JPG,corn,Common_Rust,Common_Rust,Corn_Common_Rust (1010).JPG,14901,1
/Applications/XAMPP/xamppfiles/htdocs/cmu_aiot/leaf workshop/corn_dataset/Healthy/Corn_Health (138).jpg,corn,Healthy,Healthy,Corn_Health (138).jpg,7900,3
/Applications/XAMPP/xamppfiles/htdocs/cmu_aiot/leaf workshop/corn_dataset/Gray_Leaf_Spot/Corn_Gray_Spot (565).jpg,corn,Gray_Leaf_Spot,Gray_Leaf_Spot,Corn_Gray_Spot (565).jpg,17221,2
/Applications/XAMPP/xamppfiles/htdocs/cmu_aiot/leaf workshop/corn_dataset/Common_Rust/Corn_Common_Rust (462).JPG,corn,Common_Rust,Common_Rust,Corn_Common_Rust (462).JPG,12972,1
/Applications/XAMPP/xamppfiles/htdocs/cmu_aiot/leaf workshop/corn_dataset/Common_Rust/Corn_Common_Rust (228).JPG,corn,Common_Rust,Common_Rust,Corn_Common_Rust (228).JPG,17395,1
/Applications/XAMPP/xamppfiles/htdocs/cmu_aiot/leaf workshop/corn_dataset/Blight/Corn_Blight (849).JPG,corn,Blight,Blight,Corn_Blight (849).JPG,13821,0
/Applications/XAMPP/xamppfiles/htdocs/cmu_aiot/leaf workshop/corn_dataset/Common_Rust/Corn_Common_Rust (546).JPG,corn,Common_Rust,Common_Rust,Corn_Common_Rust (546).JPG,16787,1
/Applications/XAMPP/xamppfiles/htdocs/cmu_aiot/leaf workshop/corn_dataset/Healthy/Corn_Health (1012).JPG,corn,Healthy,Healthy,Corn_Health (1012).JPG,15025,3
/Applications/XAMPP/xamppfiles/htdocs/cmu_aiot/leaf workshop/corn_dataset/Healthy/Corn_Health (429).jpg,corn,Healthy,Healthy,Corn_Health (429).jpg,9238,3
/Applications/XAMPP/xamppfiles/htdocs/cmu_aiot/leaf workshop/corn_dataset/Gray_Leaf_Spot/Corn_Gray_Spot (231).JPG,corn,Gray_Leaf_Spot,Gray_Leaf_Spot,Corn_Gray_Spot (231).JPG,14382,2
/Applications/XAMPP/xamppfiles/htdocs/cmu_aiot/leaf workshop/corn_dataset/Healthy/Corn_Health (561).jpg,corn,Healthy,Healthy,Corn_Health (561).jpg,12960,3
/Applications/XAMPP/xamppfiles/htdocs/cmu_aiot/leaf workshop/corn_dataset/Gray_Leaf_Spot/Corn_Gray_Spot (538).JPG,corn,Gray_Leaf_Spot,Gray_Leaf_Spot,Corn_Gray_Spot (538).JPG,14090,2
/Applications/XAMPP/xamppfiles/htdocs/cmu_aiot/leaf workshop/corn_dataset/Common_Rust/Corn_Common_Rust (589).JPG,corn,Common_Rust,Common_Rust,Corn_Common_Rust (589).JPG,15945,1
/Applications/XAMPP/xamppfiles/htdocs/cmu_aiot/leaf workshop/corn_dataset/Gray_Leaf_Spot/Corn_Gray_Spot (374).JPG,corn,Gray_Leaf_Spot,Gray_Leaf_Spot,Corn_Gray_Spot (374).JPG,16899,2
/Applications/XAMPP/xamppfiles/htdocs/cmu_aiot/leaf workshop/corn_dataset/Blight/Corn_Blight (824).JPG,corn,Blight,Blight,Corn_Blight (824).JPG,14341,0
/Applications/XAMPP/xamppfiles/htdocs/cmu_aiot/leaf workshop/corn_dataset/Blight/Corn_Blight (634).JPG,corn,Blight,Blight,Corn_Blight (634).JPG,16581,0
/Applications/XAMPP/xamppfiles/htdocs/cmu_aiot/leaf workshop/corn_dataset/Healthy/Corn_Health (1143).jpg,corn,Healthy,Healthy,Corn_Health (1143).jpg,14033,3
/Applications/XAMPP/xamppfiles/htdocs/cmu_aiot/leaf workshop/corn_dataset/Blight/Corn_Blight (42).jpg,corn,Blight,Blight,Corn_Blight (42).jpg,54941,0
/Applications/XAMPP/xamppfiles/htdocs/cmu_aiot/leaf workshop/corn_dataset/Healthy/Corn_Health (706).jpg,corn,Healthy,Healthy,Corn_Health (706).jpg,16809,3
/Applications/XAMPP/xamppfiles/htdocs/cmu_aiot/leaf workshop/corn_dataset/Blight/Corn_Blight (82).jpg,corn,Blight,Blight,Corn_Blight (82).jpg,89681,0
/Applications/XAMPP/xamppfiles/htdocs/cmu_aiot/leaf workshop/corn_dataset/Common_Rust/Corn_Common_Rust (1180).JPG,corn,Common_Rust,Common_Rust,Corn_Common_Rust (1180).JPG,14566,1
/Applications/XAMPP/xamppfiles/htdocs/cmu_aiot/leaf workshop/corn_dataset/Common_Rust/Corn_Common_Rust (342).JPG,corn,Common_Rust,Common_Rust,Corn_Common_Rust (342).JPG,12486,1
/Applications/XAMPP/xamppfiles/htdocs/cmu_aiot/leaf workshop/corn_dataset/Blight/Corn_Blight (431).JPG,corn,Blight,Blight,Corn_Blight (431).JPG,14214,0
/Applications/XAMPP/xamppfiles/htdocs/cmu_aiot/leaf workshop/corn_dataset/Healthy/Corn_Health (1084).jpg,corn,Healthy,Healthy,Corn_Health (1084).jpg,11865,3
/Applications/XAMPP/xamppfiles/htdocs/cmu_aiot/leaf workshop/corn_dataset/Gray_Leaf_Spot/Corn_Gray_Spot (122).JPG,corn,Gray_Leaf_Spot,Gray_Leaf_Spot,Corn_Gray_Spot (122).JPG,13952,2
/Applications/XAMPP/xamppfiles/htdocs/cmu_aiot/leaf workshop/corn_dataset/Common_Rust/Corn_Common_Rust (602).JPG,corn,Common_Rust,Common_Rust,Corn_Common_Rust (602).JPG,17486,1
/Applications/XAMPP/xamppfiles/htdocs/cmu_aiot/leaf workshop/corn_dataset/Blight/Corn_Blight (781).JPG,corn,Blight,Blight,Corn_Blight (781).JPG,15759,0
/Applications/XAMPP/xamppfiles/htdocs/cmu_aiot/leaf workshop/corn_dataset/Common_Rust/Corn_Common_Rust (361).JPG,corn,Common_Rust,Common_Rust,Corn_Common_Rust (361).JPG,13644,1
/Applications/XAMPP/xamppfiles/htdocs/cmu_aiot/leaf workshop/corn_dataset/Gray_Leaf_Spot/Corn_Gray_Spot (121).JPG,corn,Gray_Leaf_Spot,Gray_Leaf_Spot,Corn_Gray_Spot (121).JPG,18909,2
/Applications/XAMPP/xamppfiles/htdocs/cmu_aiot/leaf workshop/corn_dataset/Blight/Corn_Blight (944).JPG,corn,Blight,Blight,Corn_Blight (944).JPG,11907,0
/Applications/XAMPP/xamppfiles/htdocs/cmu_aiot/leaf workshop/corn_dataset/Blight/Corn_Blight (407).JPG,corn,Blight,Blight,Corn_Blight (407).JPG,13929,0
/Applications/XAMPP/xamppfiles/htdocs/cmu_aiot/leaf workshop/corn_dataset/Healthy/Corn_Health (51).jpg,corn,Healthy,Healthy,Corn_Health (51).jpg,7136,3
/Applications/XAMPP/xamppfiles/htdocs/cmu_aiot/leaf workshop/corn_dataset/Blight/Corn_Blight (308).JPG,corn,Blight,Blight,Corn_Blight (308).JPG,15087,0
/Applications/XAMPP/xamppfiles/htdocs/cmu_aiot/leaf workshop/corn_dataset/Healthy/Corn_Health (808).jpg,corn,Healthy,Healthy,Corn_Health (808).jpg,10252,3
/Applications/XAMPP/xamppfiles/htdocs/cmu_aiot/leaf workshop/corn_dataset/Gray_Leaf_Spot/Corn_Gray_Spot (474).jpg,corn,Gray_Leaf_Spot,Gray_Leaf_Spot,Corn_Gray_Spot (474).jpg,12256,2
/Applications/XAMPP/xamppfiles/htdocs/cmu_aiot/leaf workshop/corn_dataset/Healthy/Corn_Health (667).jpg,corn,Healthy,Healthy,Corn_Health (667).jpg,9315,3
/Applications/XAMPP/xamppfiles/htdocs/cmu_aiot/leaf workshop/corn_dataset/Blight/Corn_Blight (331).JPG,corn,Blight,Blight,Corn_Blight (331).JPG,18282,0
/Applications/XAMPP/xamppfiles/htdocs/cmu_aiot/leaf workshop/corn_dataset/Healthy/Corn_Health (551).jpg,corn,Healthy,Healthy,Corn_Health (551).jpg,15809,3
/Applications/XAMPP/xamppfiles/htdocs/cmu_aiot/leaf workshop/corn_dataset/Blight/Corn_Blight (28).jpg,corn,Blight,Blight,Corn_Blight (28).jpg,12708,0
/Applications/XAMPP/xamppfiles/htdocs/cmu_aiot/leaf workshop/corn_dataset/Healthy/Corn_Health (394).jpg,corn,Healthy,Healthy,Corn_Health (394).jpg,20213,3
/Applications/XAMPP/xamppfiles/htdocs/cmu_aiot/leaf workshop/corn_dataset/Common_Rust/Corn_Common_Rust (563).JPG,corn,Common_Rust,Common_Rust,Corn_Common_Rust (563).JPG,12578,1
/Applications/XAMPP/xamppfiles/htdocs/cmu_aiot/leaf workshop/corn_dataset/Blight/Corn_Blight (986).JPG,corn,Blight,Blight,Corn_Blight (986).JPG,13236,0
/Applications/XAMPP/xamppfiles/htdocs/cmu_aiot/leaf workshop/corn_dataset/Common_Rust/Corn_Common_Rust (447).JPG,corn,Common_Rust,Common_Rust,Corn_Common_Rust (447).JPG,13626,1
/Applications/XAMPP/xamppfiles/htdocs/cmu_aiot/leaf workshop/corn_dataset/Healthy/Corn_Health (331).jpg,corn,Healthy,Healthy,Corn_Health (331).jpg,16405,3
/Applications/XAMPP/xamppfiles/htdocs/cmu_aiot/leaf workshop/corn_dataset/Healthy/Corn_Health (1013).jpg,corn,Healthy,Healthy,Corn_Health (1013).jpg,7961,3
/Applications/XAMPP/xamppfiles/htdocs/cmu_aiot/leaf workshop/corn_dataset/Common_Rust/Corn_Common_Rust (625).JPG,corn,Common_Rust,Common_Rust,Corn_Common_Rust (625).JPG,12108,1
/Applications/XAMPP/xamppfiles/htdocs/cmu_aiot/leaf workshop/corn_dataset/Healthy/Corn_Health (643).jpg,corn,Healthy,Healthy,Corn_Health (643).jpg,12603,3
/Applications/XAMPP/xamppfiles/htdocs/cmu_aiot/leaf workshop/corn_dataset/Gray_Leaf_Spot/Corn_Gray_Spot (473).jpg,corn,Gray_Leaf_Spot,Gray_Leaf_Spot,Corn_Gray_Spot (473).jpg,14338,2
/Applications/XAMPP/xamppfiles/htdocs/cmu_aiot/leaf workshop/corn_dataset/Healthy/Corn_Health (99).jpg,corn,Healthy,Healthy,Corn_Health (99).jpg,9347,3
/Applications/XAMPP/xamppfiles/htdocs/cmu_aiot/leaf workshop/corn_dataset/Blight/Corn_Blight (281).JPG,corn,Blight,Blight,Corn_Blight (281).JPG,11961,0
/Applications/XAMPP/xamppfiles/htdocs/cmu_aiot/leaf workshop/corn_dataset/Blight/Corn_Blight (137).JPG,corn,Blight,Blight,Corn_Blight (137).JPG,11149,0
/Applications/XAMPP/xamppfiles/htdocs/cmu_aiot/leaf workshop/corn_dataset/Common_Rust/Corn_Common_Rust (438).JPG,corn,Common_Rust,Common_Rust,Corn_Common_Rust (438).JPG,14052,1
/Applications/XAMPP/xamppfiles/htdocs/cmu_aiot/leaf workshop/corn_dataset/Gray_Leaf_Spot/Corn_Gray_Spot (94).JPG,corn,Gray_Leaf_Spot,Gray_Leaf_Spot,Corn_Gray_Spot (94).JPG,17551,2
/Applications/XAMPP/xamppfiles/htdocs/cmu_aiot/leaf workshop/corn_dataset/Blight/Corn_Blight (718).jpg,corn,Blight,Blight,Corn_Blight (718).jpg,10987,0
/Applications/XAMPP/xamppfiles/htdocs/cmu_aiot/leaf workshop/corn_dataset/Blight/Corn_Blight (411).JPG,corn,Blight,Blight,Corn_Blight (411).JPG,12375,0
/Applications/XAMPP/xamppfiles/htdocs/cmu_aiot/leaf workshop/corn_dataset/Healthy/Corn_Health (631).jpg,corn,Healthy,Healthy,Corn_Health (631).jpg,8140,3
/Applications/XAMPP/xamppfiles/htdocs/cmu_aiot/leaf workshop/corn_dataset/Healthy/Corn_Health (1048).jpg,corn,Healthy,Healthy,Corn_Health (1048).jpg,5859,3
/Applications/XAMPP/xamppfiles/htdocs/cmu_aiot/leaf workshop/corn_dataset/Gray_Leaf_Spot/Corn_Gray_Spot (97).JPG,corn,Gray_Leaf_Spot,Gray_Leaf_Spot,Corn_Gray_Spot (97).JPG,20139,2
/Applications/XAMPP/xamppfiles/htdocs/cmu_aiot/leaf workshop/corn_dataset/Blight/Corn_Blight (710).JPG,corn,Blight,Blight,Corn_Blight (710).JPG,14609,0
/Applications/XAMPP/xamppfiles/htdocs/cmu_aiot/leaf workshop/corn_dataset/Healthy/Corn_Health (866).jpg,corn,Healthy,Healthy,Corn_Health (866).jpg,10133,3
/Applications/XAMPP/xamppfiles/htdocs/cmu_aiot/leaf workshop/corn_dataset/Common_Rust/Corn_Common_Rust (273).JPG,corn,Common_Rust,Common_Rust,Corn_Common_Rust (273).JPG,14603,1
/Applications/XAMPP/xamppfiles/htdocs/cmu_aiot/leaf workshop/corn_dataset/Blight/Corn_Blight (632).JPG,corn,Blight,Blight,Corn_Blight (632).JPG,11665,0
/Applications/XAMPP/xamppfiles/htdocs/cmu_aiot/leaf workshop/corn_dataset/Blight/Corn_Blight (135).JPG,corn,Blight,Blight,Corn_Blight (135).JPG,14217,0
/Applications/XAMPP/xamppfiles/htdocs/cmu_aiot/leaf workshop/corn_dataset/Gray_Leaf_Spot/Corn_Gray_Spot (216).jpg,corn,Gray_Leaf_Spot,Gray_Leaf_Spot,Corn_Gray_Spot (216).jpg,15562,2
/Applications/XAMPP/xamppfiles/htdocs/cmu_aiot/leaf workshop/corn_dataset/Blight/Corn_Blight (13).jpg,corn,Blight,Blight,Corn_Blight (13).jpg,66302,0
/Applications/XAMPP/xamppfiles/htdocs/cmu_aiot/leaf workshop/corn_dataset/Gray_Leaf_Spot/Corn_Gray_Spot (150).JPG,corn,Gray_Leaf_Spot,Gray_Leaf_Spot,Corn_Gray_Spot (150).JPG,18003,2
/Applications/XAMPP/xamppfiles/htdocs/cmu_aiot/leaf workshop/corn_dataset/Blight/Corn_Blight (1084).JPG,corn,Blight,Blight,Corn_Blight (1084).JPG,12998,0
/Applications/XAMPP/xamppfiles/htdocs/cmu_aiot/leaf workshop/corn_dataset/Healthy/Corn_Health (936).jpg,corn,Healthy,Healthy,Corn_Health (936).jpg,14158,3
/Applications/XAMPP/xamppfiles/htdocs/cmu_aiot/leaf workshop/corn_dataset/Healthy/Corn_Health (794).jpg,corn,Healthy,Healthy,Corn_Health (794).jpg,11132,3
/Applications/XAMPP/xamppfiles/htdocs/cmu_aiot/leaf workshop/corn_dataset/Gray_Leaf_Spot/Corn_Gray_Spot (358).JPG,corn,Gray_Leaf_Spot,Gray_Leaf_Spot,Corn_Gray_Spot (358).JPG,17422,2
/Applications/XAMPP/xamppfiles/htdocs/cmu_aiot/leaf workshop/corn_dataset/Gray_Leaf_Spot/Corn_Gray_Spot (346).JPG,corn,Gray_Leaf_Spot,Gray_Leaf_Spot,Corn_Gray_Spot (346).JPG,14193,2
/Applications/XAMPP/xamppfiles/htdocs/cmu_aiot/leaf workshop/corn_dataset/Gray_Leaf_Spot/Corn_Gray_Spot (459).JPG,corn,Gray_Leaf_Spot,Gray_Leaf_Spot,Corn_Gray_Spot (459).JPG,14086,2
/Applications/XAMPP/xamppfiles/htdocs/cmu_aiot/leaf workshop/corn_dataset/Blight/Corn_Blight (1093).JPG,corn,Blight,Blight,Corn_Blight (1093).JPG,15106,0
/Applications/XAMPP/xamppfiles/htdocs/cmu_aiot/leaf workshop/corn_dataset/Common_Rust/Corn_Common_Rust (1057).JPG,corn,Common_Rust,Common_Rust,Corn_Common_Rust (1057).JPG,14901,1
/Applications/XAMPP/xamppfiles/htdocs/cmu_aiot/leaf workshop/corn_dataset/Healthy/Corn_Health (16).jpg,corn,Healthy,Healthy,Corn_Health (16).jpg,6046,3
/Applications/XAMPP/xamppfiles/htdocs/cmu_aiot/leaf workshop/corn_dataset/Blight/Corn_Blight (1061).JPG,corn,Blight,Blight,Corn_Blight (1061).JPG,12941,0
/Applications/XAMPP/xamppfiles/htdocs/cmu_aiot/leaf workshop/corn_dataset/Healthy/Corn_Health (400).jpg,corn,Healthy,Healthy,Corn_Health (400).jpg,10116,3
/Applications/XAMPP/xamppfiles/htdocs/cmu_aiot/leaf workshop/corn_dataset/Healthy/Corn_Health (1066).jpg,corn,Healthy,Healthy,Corn_Health (1066).jpg,12348,3
/Applications/XAMPP/xamppfiles/htdocs/cmu_aiot/leaf workshop/corn_dataset/Common_Rust/Corn_Common_Rust (500).JPG,corn,Common_Rust,Common_Rust,Corn_Common_Rust (500).JPG,10130,1
/Applications/XAMPP/xamppfiles/htdocs/cmu_aiot/leaf workshop/corn_dataset/Blight/Corn_Blight (726).JPG,corn,Blight,Blight,Corn_Blight (726).JPG,11731,0
/Applications/XAMPP/xamppfiles/htdocs/cmu_aiot/leaf workshop/corn_dataset/Common_Rust/Corn_Common_Rust (1040).JPG,corn,Common_Rust,Common_Rust,Corn_Common_Rust (1040).JPG,12339,1
/Applications/XAMPP/xamppfiles/htdocs/cmu_aiot/leaf workshop/corn_dataset/Healthy/Corn_Health (332).jpg,corn,Healthy,Healthy,Corn_Health (332).jpg,16586,3
/Applications/XAMPP/xamppfiles/htdocs/cmu_aiot/leaf workshop/corn_dataset/Gray_Leaf_Spot/Corn_Gray_Spot (209).jpg,corn,Gray_Leaf_Spot,Gray_Leaf_Spot,Corn_Gray_Spot (209).jpg,13063,2
/Applications/XAMPP/xamppfiles/htdocs/cmu_aiot/leaf workshop/corn_dataset/Blight/Corn_Blight (1064).JPG,corn,Blight,Blight,Corn_Blight (1064).JPG,12267,0
/Applications/XAMPP/xamppfiles/htdocs/cmu_aiot/leaf workshop/corn_dataset/Healthy/Corn_Health (971).jpg,corn,Healthy,Healthy,Corn_Health (971).jpg,13029,3
/Applications/XAMPP/xamppfiles/htdocs/cmu_aiot/leaf workshop/corn_dataset/Healthy/Corn_Health (149).jpg,corn,Healthy,Healthy,Corn_Health (149).jpg,14978,3
/Applications/XAMPP/xamppfiles/htdocs/cmu_aiot/leaf workshop/corn_dataset/Common_Rust/Corn_Common_Rust (1012).JPG,corn,Common_Rust,Common_Rust,Corn_Common_Rust (1012).JPG,13761,1
/Applications/XAMPP/xamppfiles/htdocs/cmu_aiot/leaf workshop/corn_dataset/Common_Rust/Corn_Common_Rust (653).JPG,corn,Common_Rust,Common_Rust,Corn_Common_Rust (653).JPG,17354,1
/Applications/XAMPP/xamppfiles/htdocs/cmu_aiot/leaf workshop/corn_dataset/Healthy/Corn_Health (222).jpg,corn,Healthy,Healthy,Corn_Health (222).jpg,13010,3
/Applications/XAMPP/xamppfiles/htdocs/cmu_aiot/leaf workshop/corn_dataset/Common_Rust/Corn_Common_Rust (1187).JPG,corn,Common_Rust,Common_Rust,Corn_Common_Rust (1187).JPG,14739,1
/Applications/XAMPP/xamppfiles/htdocs/cmu_aiot/leaf workshop/corn_dataset/Gray_Leaf_Spot/Corn_Gray_Spot (436).JPG,corn,Gray_Leaf_Spot,Gray_Leaf_Spot,Corn_Gray_Spot (436).JPG,16425,2
/Applications/XAMPP/xamppfiles/htdocs/cmu_aiot/leaf workshop/corn_dataset/Common_Rust/Corn_Common_Rust (702).JPG,corn,Common_Rust,Common_Rust,Corn_Common_Rust (702).JPG,15437,1
/Applications/XAMPP/xamppfiles/htdocs/cmu_aiot/leaf workshop/corn_dataset/Common_Rust/Corn_Common_Rust (1286).jpg,corn,Common_Rust,Common_Rust,Corn_Common_Rust (1286).jpg,109001,1
/Applications/XAMPP/xamppfiles/htdocs/cmu_aiot/leaf workshop/corn_dataset/Gray_Leaf_Spot/Corn_Gray_Spot (134).JPG,corn,Gray_Leaf_Spot,Gray_Leaf_Spot,Corn_Gray_Spot (134).JPG,15388,2
/Applications/XAMPP/xamppfiles/htdocs/cmu_aiot/leaf workshop/corn_dataset/Blight/Corn_Blight (653).JPG,corn,Blight,Blight,Corn_Blight (653).JPG,11716,0
/Applications/XAMPP/xamppfiles/htdocs/cmu_aiot/leaf workshop/corn_dataset/Blight/Corn_Blight (948).JPG,corn,Blight,Blight,Corn_Blight (948).JPG,13850,0
/Applications/XAMPP/xamppfiles/htdocs/cmu_aiot/leaf workshop/corn_dataset/Common_Rust/Corn_Common_Rust (512).JPG,corn,Common_Rust,Common_Rust,Corn_Common_Rust (512).JPG,10357,1
/Applications/XAMPP/xamppfiles/htdocs/cmu_aiot/leaf workshop/corn_dataset/Blight/Corn_Blight (333).JPG,corn,Blight,Blight,Corn_Blight (333).JPG,11088,0
/Applications/XAMPP/xamppfiles/htdocs/cmu_aiot/leaf workshop/corn_dataset/Healthy/Corn_Health (573).jpg,corn,Healthy,Healthy,Corn_Health (573).jpg,16489,3
/Applications/XAMPP/xamppfiles/htdocs/cmu_aiot/leaf workshop/corn_dataset/Gray_Leaf_Spot/Corn_Gray_Spot (269).JPG,corn,Gray_Leaf_Spot,Gray_Leaf_Spot,Corn_Gray_Spot (269).JPG,18468,2
/Applications/XAMPP/xamppfiles/htdocs/cmu_aiot/leaf workshop/corn_dataset/Healthy/Corn_Health (1153).jpg,corn,Healthy,Healthy,Corn_Health (1153).jpg,7185,3
/Applications/XAMPP/xamppfiles/htdocs/cmu_aiot/leaf workshop/corn_dataset/Gray_Leaf_Spot/Corn_Gray_Spot (131).JPG,corn,Gray_Leaf_Spot,Gray_Leaf_Spot,Corn_Gray_Spot (131).JPG,20461,2
/Applications/XAMPP/xamppfiles/htdocs/cmu_aiot/leaf workshop/corn_dataset/Common_Rust/Corn_Common_Rust (1014).JPG,corn,Common_Rust,Common_Rust,Corn_Common_Rust (1014).JPG,17763,1
/Applications/XAMPP/xamppfiles/htdocs/cmu_aiot/leaf workshop/corn_dataset/Common_Rust/Corn_Common_Rust (663).JPG,corn,Common_Rust,Common_Rust,Corn_Common_Rust (663).JPG,11613,1
/Applications/XAMPP/xamppfiles/htdocs/cmu_aiot/leaf workshop/corn_dataset/Common_Rust/Corn_Common_Rust (195).JPG,corn,Common_Rust,Common_Rust,Corn_Common_Rust (195).JPG,13461,1
/Applications/XAMPP/xamppfiles/htdocs/cmu_aiot/leaf workshop/corn_dataset/Blight/Corn_Blight (50).jpg,corn,Blight,Blight,Corn_Blight (50).jpg,665651,0
/Applications/XAMPP/xamppfiles/htdocs/cmu_aiot/leaf workshop/corn_dataset/Healthy/Corn_Health (317).jpg,corn,Healthy,Healthy,Corn_Health (317).jpg,5561,3
/Applications/XAMPP/xamppfiles/htdocs/cmu_aiot/leaf workshop/corn_dataset/Healthy/Corn_Health (659).jpg,corn,Healthy,Healthy,Corn_Health (659).jpg,10828,3
/Applications/XAMPP/xamppfiles/htdocs/cmu_aiot/leaf workshop/corn_dataset/Blight/Corn_Blight (101).jpg,corn,Blight,Blight,Corn_Blight (101).jpg,290779,0
/Applications/XAMPP/xamppfiles/htdocs/cmu_aiot/leaf workshop/corn_dataset/Blight/Corn_Blight (747).JPG,corn,Blight,Blight,Corn_Blight (747).JPG,15028,0
/Applications/XAMPP/xamppfiles/htdocs/cmu_aiot/leaf workshop/corn_dataset/Blight/Corn_Blight (559).JPG,corn,Blight,Blight,Corn_Blight (559).JPG,11385,0
/Applications/XAMPP/xamppfiles/htdocs/cmu_aiot/leaf workshop/corn_dataset/Blight/Corn_Blight (269).JPG,corn,Blight,Blight,Corn_Blight (269).JPG,16263,0
/Applications/XAMPP/xamppfiles/htdocs/cmu_aiot/leaf workshop/corn_dataset/Healthy/Corn_Health (35).jpg,corn,Healthy,Healthy,Corn_Health (35).jpg,15604,3
/Applications/XAMPP/xamppfiles/htdocs/cmu_aiot/leaf workshop/corn_dataset/Gray_Leaf_Spot/Corn_Gray_Spot (60).JPG,corn,Gray_Leaf_Spot,Gray_Leaf_Spot,Corn_Gray_Spot (60).JPG,21463,2
/Applications/XAMPP/xamppfiles/htdocs/cmu_aiot/leaf workshop/corn_dataset/Blight/Corn_Blight (487).JPG,corn,Blight,Blight,Corn_Blight (487).JPG,13413,0
/Applications/XAMPP/xamppfiles/htdocs/cmu_aiot/leaf workshop/corn_dataset/Common_Rust/Corn_Common_Rust (236).JPG,corn,Common_Rust,Common_Rust,Corn_Common_Rust (236).JPG,14861,1
/Applications/XAMPP/xamppfiles/htdocs/cmu_aiot/leaf workshop/corn_dataset/Blight/Corn_Blight (130).jpg,corn,Blight,Blight,Corn_Blight (130).jpg,12412,0
/Applications/XAMPP/xamppfiles/htdocs/cmu_aiot/leaf workshop/corn_dataset/Blight/Corn_Blight (830).jpg,corn,Blight,Blight,Corn_Blight (830).jpg,10748,0
/Applications/XAMPP/xamppfiles/htdocs/cmu_aiot/leaf workshop/corn_dataset/Blight/Corn_Blight (263).JPG,corn,Blight,Blight,Corn_Blight (263).JPG,14924,0
/Applications/XAMPP/xamppfiles/htdocs/cmu_aiot/leaf workshop/corn_dataset/Healthy/Corn_Health (916).jpg,corn,Healthy,Healthy,Corn_Health (916).jpg,16472,3
/Applications/XAMPP/xamppfiles/htdocs/cmu_aiot/leaf workshop/corn_dataset/Common_Rust/Corn_Common_Rust (738).JPG,corn,Common_Rust,Common_Rust,Corn_Common_Rust (738).JPG,15294,1
/Applications/XAMPP/xamppfiles/htdocs/cmu_aiot/leaf workshop/corn_dataset/Gray_Leaf_Spot/Corn_Gray_Spot (22).jpg,corn,Gray_Leaf_Spot,Gray_Leaf_Spot,Corn_Gray_Spot (22).jpg,71415,2
/Applications/XAMPP/xamppfiles/htdocs/cmu_aiot/leaf workshop/corn_dataset/Common_Rust/Corn_Common_Rust (584).JPG,corn,Common_Rust,Common_Rust,Corn_Common_Rust (584).JPG,14263,1
/Applications/XAMPP/xamppfiles/htdocs/cmu_aiot/leaf workshop/corn_dataset/Common_Rust/Corn_Common_Rust (715).JPG,corn,Common_Rust,Common_Rust,Corn_Common_Rust (715).JPG,17355,1
/Applications/XAMPP/xamppfiles/htdocs/cmu_aiot/leaf workshop/corn_dataset/Healthy/Corn_Health (575).jpg,corn,Healthy,Healthy,Corn_Health (575).jpg,15288,3
/Applications/XAMPP/xamppfiles/htdocs/cmu_aiot/leaf workshop/corn_dataset/Common_Rust/Corn_Common_Rust (1282).jpg,corn,Common_Rust,Common_Rust,Corn_Common_Rust (1282).jpg,119473,1
/Applications/XAMPP/xamppfiles/htdocs/cmu_aiot/leaf workshop/corn_dataset/Healthy/Corn_Health (955).jpg,corn,Healthy,Healthy,Corn_Health (955).jpg,12908,3
/Applications/XAMPP/xamppfiles/htdocs/cmu_aiot/leaf workshop/corn_dataset/Common_Rust/Corn_Common_Rust (303).JPG,corn,Common_Rust,Common_Rust,Corn_Common_Rust (303).JPG,14281,1
/Applications/XAMPP/xamppfiles/htdocs/cmu_aiot/leaf workshop/corn_dataset/Blight/Corn_Blight (900).JPG,corn,Blight,Blight,Corn_Blight (900).JPG,13488,0
/Applications/XAMPP/xamppfiles/htdocs/cmu_aiot/leaf workshop/corn_dataset/Common_Rust/Corn_Common_Rust (1134).JPG,corn,Common_Rust,Common_Rust,Corn_Common_Rust (1134).JPG,13412,1
/Applications/XAMPP/xamppfiles/htdocs/cmu_aiot/leaf workshop/corn_dataset/Common_Rust/Corn_Common_Rust (396).JPG,corn,Common_Rust,Common_Rust,Corn_Common_Rust (396).JPG,14731,1
/Applications/XAMPP/xamppfiles/htdocs/cmu_aiot/leaf workshop/corn_dataset/Healthy/Corn_Health (166).jpg,corn,Healthy,Healthy,Corn_Health (166).jpg,10299,3
/Applications/XAMPP/xamppfiles/htdocs/cmu_aiot/leaf workshop/corn_dataset/Gray_Leaf_Spot/Corn_Gray_Spot (391).JPG,corn,Gray_Leaf_Spot,Gray_Leaf_Spot,Corn_Gray_Spot (391).JPG,17582,2
/Applications/XAMPP/xamppfiles/htdocs/cmu_aiot/leaf workshop/corn_dataset/Common_Rust/Corn_Common_Rust (1299).jpg,corn,Common_Rust,Common_Rust,Corn_Common_Rust (1299).jpg,31740,1
/Applications/XAMPP/xamppfiles/htdocs/cmu_aiot/leaf workshop/corn_dataset/Common_Rust/Corn_Common_Rust (1031).JPG,corn,Common_Rust,Common_Rust,Corn_Common_Rust (1031).JPG,14172,1
/Applications/XAMPP/xamppfiles/htdocs/cmu_aiot/leaf workshop/corn_dataset/Blight/Corn_Blight (238).JPG,corn,Blight,Blight,Corn_Blight (238).JPG,12318,0
/Applications/XAMPP/xamppfiles/htdocs/cmu_aiot/leaf workshop/corn_dataset/Blight/Corn_Blight (409).JPG,corn,Blight,Blight,Corn_Blight (409).JPG,10023,0
/Applications/XAMPP/xamppfiles/htdocs/cmu_aiot/leaf workshop/corn_dataset/Gray_Leaf_Spot/Corn_Gray_Spot (271).JPG,corn,Gray_Leaf_Spot,Gray_Leaf_Spot,Corn_Gray_Spot (271).JPG,16573,2
/Applications/XAMPP/xamppfiles/htdocs/cmu_aiot/leaf workshop/corn_dataset/Blight/Corn_Blight (415).jpg,corn,Blight,Blight,Corn_Blight (415).jpg,11133,0
/Applications/XAMPP/xamppfiles/htdocs/cmu_aiot/leaf workshop/corn_dataset/Healthy/Corn_Health (1101).jpg,corn,Healthy,Healthy,Corn_Health (1101).jpg,9321,3
/Applications/XAMPP/xamppfiles/htdocs/cmu_aiot/leaf workshop/corn_dataset/Healthy/Corn_Health (135).jpg,corn,Healthy,Healthy,Corn_Health (135).jpg,16021,3
/Applications/XAMPP/xamppfiles/htdocs/cmu_aiot/leaf workshop/corn_dataset/Healthy/Corn_Health (432).jpg,corn,Healthy,Healthy,Corn_Health (432).jpg,13734,3
/Applications/XAMPP/xamppfiles/htdocs/cmu_aiot/leaf workshop/corn_dataset/Blight/Corn_Blight (1036).jpg,corn,Blight,Blight,Corn_Blight (1036).jpg,14452,0
/Applications/XAMPP/xamppfiles/htdocs/cmu_aiot/leaf workshop/corn_dataset/Healthy/Corn_Health (816).jpg,corn,Healthy,Healthy,Corn_Health (816).jpg,9929,3
/Applications/XAMPP/xamppfiles/htdocs/cmu_aiot/leaf workshop/corn_dataset/Common_Rust/Corn_Common_Rust (620).JPG,corn,Common_Rust,Common_Rust,Corn_Common_Rust (620).JPG,14829,1
/Applications/XAMPP/xamppfiles/htdocs/cmu_aiot/leaf workshop/corn_dataset/Common_Rust/Corn_Common_Rust (62).jpg,corn,Common_Rust,Common_Rust,Corn_Common_Rust (62).jpg,1264042,1
/Applications/XAMPP/xamppfiles/htdocs/cmu_aiot/leaf workshop/corn_dataset/Common_Rust/Corn_Common_Rust (1091).JPG,corn,Common_Rust,Common_Rust,Corn_Common_Rust (1091).JPG,13622,1
/Applications/XAMPP/xamppfiles/htdocs/cmu_aiot/leaf workshop/corn_dataset/Healthy/Corn_Health (863).jpg,corn,Healthy,Healthy,Corn_Health (863).jpg,8445,3
/Applications/XAMPP/xamppfiles/htdocs/cmu_aiot/leaf workshop/corn_dataset/Healthy/Corn_Health (712).jpg,corn,Healthy,Healthy,Corn_Health (712).jpg,10386,3
/Applications/XAMPP/xamppfiles/htdocs/cmu_aiot/leaf workshop/corn_dataset/Common_Rust/Corn_Common_Rust (1087).JPG,corn,Common_Rust,Common_Rust,Corn_Common_Rust (1087).JPG,14290,1
/Applications/XAMPP/xamppfiles/htdocs/cmu_aiot/leaf workshop/corn_dataset/Healthy/Corn_Health (249).jpg,corn,Healthy,Healthy,Corn_Health (249).jpg,12163,3
/Applications/XAMPP/xamppfiles/htdocs/cmu_aiot/leaf workshop/corn_dataset/Blight/Corn_Blight (436).JPG,corn,Blight,Blight,Corn_Blight (436).JPG,14528,0
/Applications/XAMPP/xamppfiles/htdocs/cmu_aiot/leaf workshop/corn_dataset/Common_Rust/Corn_Common_Rust (1140).JPG,corn,Common_Rust,Common_Rust,Corn_Common_Rust (1140).JPG,12267,1
/Applications/XAMPP/xamppfiles/htdocs/cmu_aiot/leaf workshop/corn_dataset/Healthy/Corn_Health (1134).jpg,corn,Healthy,Healthy,Corn_Health (1134).jpg,10595,3
/Applications/XAMPP/xamppfiles/htdocs/cmu_aiot/leaf workshop/corn_dataset/Common_Rust/Corn_Common_Rust (112).JPG,corn,Common_Rust,Common_Rust,Corn_Common_Rust (112).JPG,16903,1
/Applications/XAMPP/xamppfiles/htdocs/cmu_aiot/leaf workshop/corn_dataset/Blight/Corn_Blight (320).JPG,corn,Blight,Blight,Corn_Blight (320).JPG,11480,0
/Applications/XAMPP/xamppfiles/htdocs/cmu_aiot/leaf workshop/corn_dataset/Healthy/Corn_Health (1033).jpg,corn,Healthy,Healthy,Corn_Health (1033).jpg,13370,3
/Applications/XAMPP/xamppfiles/htdocs/cmu_aiot/leaf workshop/corn_dataset/Blight/Corn_Blight (1044).JPG,corn,Blight,Blight,Corn_Blight (1044).JPG,11871,0
/Applications/XAMPP/xamppfiles/htdocs/cmu_aiot/leaf workshop/corn_dataset/Blight/Corn_Blight (153).JPG,corn,Blight,Blight,Corn_Blight (153).JPG,12696,0
/Applications/XAMPP/xamppfiles/htdocs/cmu_aiot/leaf workshop/corn_dataset/Gray_Leaf_Spot/Corn_Gray_Spot (502).JPG,corn,Gray_Leaf_Spot,Gray_Leaf_Spot,Corn_Gray_Spot (502).JPG,20062,2
/Applications/XAMPP/xamppfiles/htdocs/cmu_aiot/leaf workshop/corn_dataset/Healthy/Corn_Health (888).jpg,corn,Healthy,Healthy,Corn_Health (888).jpg,10954,3
/Applications/XAMPP/xamppfiles/htdocs/cmu_aiot/leaf workshop/corn_dataset/Common_Rust/Corn_Common_Rust (241).JPG,corn,Common_Rust,Common_Rust,Corn_Common_Rust (241).JPG,14001,1
/Applications/XAMPP/xamppfiles/htdocs/cmu_aiot/leaf workshop/corn_dataset/Common_Rust/Corn_Common_Rust (362).JPG,corn,Common_Rust,Common_Rust,Corn_Common_Rust (362).JPG,16339,1
/Applications/XAMPP/xamppfiles/htdocs/cmu_aiot/leaf workshop/corn_dataset/Healthy/Corn_Health (821).jpg,corn,Healthy,Healthy,Corn_Health (821).jpg,11285,3
/Applications/XAMPP/xamppfiles/htdocs/cmu_aiot/leaf workshop/corn_dataset/Common_Rust/Corn_Common_Rust (325).JPG,corn,Common_Rust,Common_Rust,Corn_Common_Rust (325).JPG,11472,1
/Applications/XAMPP/xamppfiles/htdocs/cmu_aiot/leaf workshop/corn_dataset/Common_Rust/Corn_Common_Rust (314).JPG,corn,Common_Rust,Common_Rust,Corn_Common_Rust (314).JPG,13748,1
/Applications/XAMPP/xamppfiles/htdocs/cmu_aiot/leaf workshop/corn_dataset/Healthy/Corn_Health (1028).JPG,corn,Healthy,Healthy,Corn_Health (1028).JPG,8299,3
/Applications/XAMPP/xamppfiles/htdocs/cmu_aiot/leaf workshop/corn_dataset/Blight/Corn_Blight (289)(1).JPG,corn,Blight,Blight,Corn_Blight (289)(1).JPG,14805,0
/Applications/XAMPP/xamppfiles/htdocs/cmu_aiot/leaf workshop/corn_dataset/Gray_Leaf_Spot/Corn_Gray_Spot (409).jpg,corn,Gray_Leaf_Spot,Gray_Leaf_Spot,Corn_Gray_Spot (409).jpg,10513,2
/Applications/XAMPP/xamppfiles/htdocs/cmu_aiot/leaf workshop/corn_dataset/Healthy/Corn_Health (1149).jpg,corn,Healthy,Healthy,Corn_Health (1149).jpg,8996,3
/Applications/XAMPP/xamppfiles/htdocs/cmu_aiot/leaf workshop/corn_dataset/Common_Rust/Corn_Common_Rust (1227).JPG,corn,Common_Rust,Common_Rust,Corn_Common_Rust (1227).JPG,14179,1
/Applications/XAMPP/xamppfiles/htdocs/cmu_aiot/leaf workshop/corn_dataset/Healthy/Corn_Health (1146).jpg,corn,Healthy,Healthy,Corn_Health (1146).jpg,9788,3
/Applications/XAMPP/xamppfiles/htdocs/cmu_aiot/leaf workshop/corn_dataset/Blight/Corn_Blight (147).jpg,corn,Blight,Blight,Corn_Blight (147).jpg,13984,0
/Applications/XAMPP/xamppfiles/htdocs/cmu_aiot/leaf workshop/corn_dataset/Healthy/Corn_Health (452).jpg,corn,Healthy,Healthy,Corn_Health (452).jpg,14484,3
/Applications/XAMPP/xamppfiles/htdocs/cmu_aiot/leaf workshop/corn_dataset/Blight/Corn_Blight (1085).JPG,corn,Blight,Blight,Corn_Blight (1085).JPG,14241,0
/Applications/XAMPP/xamppfiles/htdocs/cmu_aiot/leaf workshop/corn_dataset/Blight/Corn_Blight (853).jpg,corn,Blight,Blight,Corn_Blight (853).jpg,13221,0
/Applications/XAMPP/xamppfiles/htdocs/cmu_aiot/leaf workshop/corn_dataset/Healthy/Corn_Health (308).jpg,corn,Healthy,Healthy,Corn_Health (308).jpg,11030,3
/Applications/XAMPP/xamppfiles/htdocs/cmu_aiot/leaf workshop/corn_dataset/Gray_Leaf_Spot/Corn_Gray_Spot (17).jpg,corn,Gray_Leaf_Spot,Gray_Leaf_Spot,Corn_Gray_Spot (17).jpg,228137,2
/Applications/XAMPP/xamppfiles/htdocs/cmu_aiot/leaf workshop/corn_dataset/Common_Rust/Corn_Common_Rust (149).JPG,corn,Common_Rust,Common_Rust,Corn_Common_Rust (149).JPG,11848,1
/Applications/XAMPP/xamppfiles/htdocs/cmu_aiot/leaf workshop/corn_dataset/Healthy/Corn_Health (768).jpg,corn,Healthy,Healthy,Corn_Health (768).jpg,15464,3
/Applications/XAMPP/xamppfiles/htdocs/cmu_aiot/leaf workshop/corn_dataset/Common_Rust/Corn_Common_Rust (419).JPG,corn,Common_Rust,Common_Rust,Corn_Common_Rust (419).JPG,12799,1
/Applications/XAMPP/xamppfiles/htdocs/cmu_aiot/leaf workshop/corn_dataset/Healthy/Corn_Health (698).jpg,corn,Healthy,Healthy,Corn_Health (698).jpg,15998,3
/Applications/XAMPP/xamppfiles/htdocs/cmu_aiot/leaf workshop/corn_dataset/Common_Rust/Corn_Common_Rust (698).JPG,corn,Common_Rust,Common_Rust,Corn_Common_Rust (698).JPG,13703,1
/Applications/XAMPP/xamppfiles/htdocs/cmu_aiot/leaf workshop/corn_dataset/Blight/Corn_Blight (194).JPG,corn,Blight,Blight,Corn_Blight (194).JPG,13405,0
/Applications/XAMPP/xamppfiles/htdocs/cmu_aiot/leaf workshop/corn_dataset/Gray_Leaf_Spot/Corn_Gray_Spot (362).jpg,corn,Gray_Leaf_Spot,Gray_Leaf_Spot,Corn_Gray_Spot (362).jpg,16537,2
/Applications/XAMPP/xamppfiles/htdocs/cmu_aiot/leaf workshop/corn_dataset/Healthy/Corn_Health (775).jpg,corn,Healthy,Healthy,Corn_Health (775).jpg,8697,3
/Applications/XAMPP/xamppfiles/htdocs/cmu_aiot/leaf workshop/corn_dataset/Gray_Leaf_Spot/Corn_Gray_Spot (349).JPG,corn,Gray_Leaf_Spot,Gray_Leaf_Spot,Corn_Gray_Spot (349).JPG,16209,2
/Applications/XAMPP/xamppfiles/htdocs/cmu_aiot/leaf workshop/corn_dataset/Healthy/Corn_Health (140).jpg,corn,Healthy,Healthy,Corn_Health (140).jpg,13802,3
/Applications/XAMPP/xamppfiles/htdocs/cmu_aiot/leaf workshop/corn_dataset/Healthy/Corn_Health (970).jpg,corn,Healthy,Healthy,Corn_Health (970).jpg,8410,3
/Applications/XAMPP/xamppfiles/htdocs/cmu_aiot/leaf workshop/corn_dataset/Gray_Leaf_Spot/Corn_Gray_Spot (352).JPG,corn,Gray_Leaf_Spot,Gray_Leaf_Spot,Corn_Gray_Spot (352).JPG,16444,2
/Applications/XAMPP/xamppfiles/htdocs/cmu_aiot/leaf workshop/corn_dataset/Healthy/Corn_Health (940).jpg,corn,Healthy,Healthy,Corn_Health (940).jpg,8994,3
/Applications/XAMPP/xamppfiles/htdocs/cmu_aiot/leaf workshop/corn_dataset/Blight/Corn_Blight (664).JPG,corn,Blight,Blight,Corn_Blight (664).JPG,12807,0
/Applications/XAMPP/xamppfiles/htdocs/cmu_aiot/leaf workshop/corn_dataset/Healthy/Corn_Health (901).jpg,corn,Healthy,Healthy,Corn_Health (901).jpg,12017,3
/Applications/XAMPP/xamppfiles/htdocs/cmu_aiot/leaf workshop/corn_dataset/Gray_Leaf_Spot/Corn_Gray_Spot (433).JPG,corn,Gray_Leaf_Spot,Gray_Leaf_Spot,Corn_Gray_Spot (433).JPG,19119,2
/Applications/XAMPP/xamppfiles/htdocs/cmu_aiot/leaf workshop/corn_dataset/Healthy/Corn_Health (201).jpg,corn,Healthy,Healthy,Corn_Health (201).jpg,8727,3
/Applications/XAMPP/xamppfiles/htdocs/cmu_aiot/leaf workshop/corn_dataset/Healthy/Corn_Health (176).JPG,corn,Healthy,Healthy,Corn_Health (176).JPG,15123,3
/Applications/XAMPP/xamppfiles/htdocs/cmu_aiot/leaf workshop/corn_dataset/Gray_Leaf_Spot/Corn_Gray_Spot (504).JPG,corn,Gray_Leaf_Spot,Gray_Leaf_Spot,Corn_Gray_Spot (504).JPG,15543,2
/Applications/XAMPP/xamppfiles/htdocs/cmu_aiot/leaf workshop/corn_dataset/Healthy/Corn_Health (647).jpg,corn,Healthy,Healthy,Corn_Health (647).jpg,10089,3
/Applications/XAMPP/xamppfiles/htdocs/cmu_aiot/leaf workshop/corn_dataset/Healthy/Corn_Health (299).jpg,corn,Healthy,Healthy,Corn_Health (299).jpg,12037,3
/Applications/XAMPP/xamppfiles/htdocs/cmu_aiot/leaf workshop/corn_dataset/Common_Rust/Corn_Common_Rust (266).JPG,corn,Common_Rust,Common_Rust,Corn_Common_Rust (266).JPG,15279,1
/Applications/XAMPP/xamppfiles/htdocs/cmu_aiot/leaf workshop/corn_dataset/Healthy/Corn_Health (290).jpg,corn,Healthy,Healthy,Corn_Health (290).jpg,8967,3
/Applications/XAMPP/xamppfiles/htdocs/cmu_aiot/leaf workshop/corn_dataset/Healthy/Corn_Health (632).jpg,corn,Healthy,Healthy,Corn_Health (632).jpg,14873,3
/Applications/XAMPP/xamppfiles/htdocs/cmu_aiot/leaf workshop/corn_dataset/Common_Rust/Corn_Common_Rust (1139).JPG,corn,Common_Rust,Common_Rust,Corn_Common_Rust (1139).JPG,13004,1
/Applications/XAMPP/xamppfiles/htdocs/cmu_aiot/leaf workshop/corn_dataset/Common_Rust/Corn_Common_Rust (1270).jpg,corn,Common_Rust,Common_Rust,Corn_Common_Rust (1270).jpg,163113,1
/Applications/XAMPP/xamppfiles/htdocs/cmu_aiot/leaf workshop/corn_dataset/Healthy/Corn_Health (366).jpg,corn,Healthy,Healthy,Corn_Health (366).jpg,14081,3
/Applications/XAMPP/xamppfiles/htdocs/cmu_aiot/leaf workshop/corn_dataset/Blight/Corn_Blight (924).JPG,corn,Blight,Blight,Corn_Blight (924).JPG,13425,0
/Applications/XAMPP/xamppfiles/htdocs/cmu_aiot/leaf workshop/corn_dataset/Healthy/Corn_Health (121).jpg,corn,Healthy,Healthy,Corn_Health (121).jpg,8664,3
/Applications/XAMPP/xamppfiles/htdocs/cmu_aiot/leaf workshop/corn_dataset/Blight/Corn_Blight (482).JPG,corn,Blight,Blight,Corn_Blight (482).JPG,14114,0
/Applications/XAMPP/xamppfiles/htdocs/cmu_aiot/leaf workshop/corn_dataset/Healthy/Corn_Health (54).jpg,corn,Healthy,Healthy,Corn_Health (54).jpg,10605,3
/Applications/XAMPP/xamppfiles/htdocs/cmu_aiot/leaf workshop/corn_dataset/Common_Rust/Corn_Common_Rust (1084).JPG,corn,Common_Rust,Common_Rust,Corn_Common_Rust (1084).JPG,16038,1
/Applications/XAMPP/xamppfiles/htdocs/cmu_aiot/leaf workshop/corn_dataset/Healthy/Corn_Health (831).jpg,corn,Healthy,Healthy,Corn_Health (831).jpg,7851,3
/Applications/XAMPP/xamppfiles/htdocs/cmu_aiot/leaf workshop/corn_dataset/Healthy/Corn_Health (711).jpg,corn,Healthy,Healthy,Corn_Health (711).jpg,14968,3
/Applications/XAMPP/xamppfiles/htdocs/cmu_aiot/leaf workshop/corn_dataset/Gray_Leaf_Spot/Corn_Gray_Spot (38).jpg,corn,Gray_Leaf_Spot,Gray_Leaf_Spot,Corn_Gray_Spot (38).jpg,228364,2
/Applications/XAMPP/xamppfiles/htdocs/cmu_aiot/leaf workshop/corn_dataset/Healthy/Corn_Health (707).jpg,corn,Healthy,Healthy,Corn_Health (707).jpg,11228,3
/Applications/XAMPP/xamppfiles/htdocs/cmu_aiot/leaf workshop/corn_dataset/Gray_Leaf_Spot/Corn_Gray_Spot (160).JPG,corn,Gray_Leaf_Spot,Gray_Leaf_Spot,Corn_Gray_Spot (160).JPG,12983,2
/Applications/XAMPP/xamppfiles/htdocs/cmu_aiot/leaf workshop/corn_dataset/Common_Rust/Corn_Common_Rust (1186).JPG,corn,Common_Rust,Common_Rust,Corn_Common_Rust (1186).JPG,15622,1
/Applications/XAMPP/xamppfiles/htdocs/cmu_aiot/leaf workshop/corn_dataset/Blight/Corn_Blight (218).JPG,corn,Blight,Blight,Corn_Blight (218).JPG,13433,0
/Applications/XAMPP/xamppfiles/htdocs/cmu_aiot/leaf workshop/corn_dataset/Common_Rust/Corn_Common_Rust (199).JPG,corn,Common_Rust,Common_Rust,Corn_Common_Rust (199).JPG,9038,1
/Applications/XAMPP/xamppfiles/htdocs/cmu_aiot/leaf workshop/corn_dataset/Blight/Corn_Blight (449).JPG,corn,Blight,Blight,Corn_Blight (449).JPG,11449,0
/Applications/XAMPP/xamppfiles/htdocs/cmu_aiot/leaf workshop/corn_dataset/Common_Rust/Corn_Common_Rust (130).JPG,corn,Common_Rust,Common_Rust,Corn_Common_Rust (130).JPG,16012,1
/Applications/XAMPP/xamppfiles/htdocs/cmu_aiot/leaf workshop/corn_dataset/Healthy/Corn_Health (697).jpg,corn,Healthy,Healthy,Corn_Health (697).jpg,22866,3
/Applications/XAMPP/xamppfiles/htdocs/cmu_aiot/leaf workshop/corn_dataset/Blight/Corn_Blight (956).JPG,corn,Blight,Blight,Corn_Blight (956).JPG,15903,0
/Applications/XAMPP/xamppfiles/htdocs/cmu_aiot/leaf workshop/corn_dataset/Blight/Corn_Blight (213).JPG,corn,Blight,Blight,Corn_Blight (213).JPG,16450,0
/Applications/XAMPP/xamppfiles/htdocs/cmu_aiot/leaf workshop/corn_dataset/Blight/Corn_Blight (456).JPG,corn,Blight,Blight,Corn_Blight (456).JPG,11197,0
/Applications/XAMPP/xamppfiles/htdocs/cmu_aiot/leaf workshop/corn_dataset/Gray_Leaf_Spot/Corn_Gray_Spot (198).JPG,corn,Gray_Leaf_Spot,Gray_Leaf_Spot,Corn_Gray_Spot (198).JPG,11478,2
/Applications/XAMPP/xamppfiles/htdocs/cmu_aiot/leaf workshop/corn_dataset/Gray_Leaf_Spot/Corn_Gray_Spot (91).JPG,corn,Gray_Leaf_Spot,Gray_Leaf_Spot,Corn_Gray_Spot (91).JPG,14375,2
/Applications/XAMPP/xamppfiles/htdocs/cmu_aiot/leaf workshop/corn_dataset/Gray_Leaf_Spot/Corn_Gray_Spot (483).JPG,corn,Gray_Leaf_Spot,Gray_Leaf_Spot,Corn_Gray_Spot (483).JPG,14118,2
/Applications/XAMPP/xamppfiles/htdocs/cmu_aiot/leaf workshop/corn_dataset/Common_Rust/Corn_Common_Rust (1076).JPG,corn,Common_Rust,Common_Rust,Corn_Common_Rust (1076).JPG,11837,1
/Applications/XAMPP/xamppfiles/htdocs/cmu_aiot/leaf workshop/corn_dataset/Blight/Corn_Blight (192).JPG,corn,Blight,Blight,Corn_Blight (192).JPG,13648,0
/Applications/XAMPP/xamppfiles/htdocs/cmu_aiot/leaf workshop/corn_dataset/Common_Rust/Corn_Common_Rust (48).jpg,corn,Common_Rust,Common_Rust,Corn_Common_Rust (48).jpg,281372,1
/Applications/XAMPP/xamppfiles/htdocs/cmu_aiot/leaf workshop/corn_dataset/Common_Rust/Corn_Common_Rust (717).JPG,corn,Common_Rust,Common_Rust,Corn_Common_Rust (717).JPG,15339,1
/Applications/XAMPP/xamppfiles/htdocs/cmu_aiot/leaf workshop/corn_dataset/Common_Rust/Corn_Common_Rust (725).JPG,corn,Common_Rust,Common_Rust,Corn_Common_Rust (725).JPG,14340,1
/Applications/XAMPP/xamppfiles/htdocs/cmu_aiot/leaf workshop/corn_dataset/Healthy/Corn_Health (585).jpg,corn,Healthy,Healthy,Corn_Health (585).jpg,6359,3
/Applications/XAMPP/xamppfiles/htdocs/cmu_aiot/leaf workshop/corn_dataset/Blight/Corn_Blight (524).JPG,corn,Blight,Blight,Corn_Blight (524).JPG,13902,0
/Applications/XAMPP/xamppfiles/htdocs/cmu_aiot/leaf workshop/corn_dataset/Healthy/Corn_Health (413).jpg,corn,Healthy,Healthy,Corn_Health (413).jpg,12772,3
/Applications/XAMPP/xamppfiles/htdocs/cmu_aiot/leaf workshop/corn_dataset/Common_Rust/Corn_Common_Rust (455).JPG,corn,Common_Rust,Common_Rust,Corn_Common_Rust (455).JPG,11180,1
/Applications/XAMPP/xamppfiles/htdocs/cmu_aiot/leaf workshop/corn_dataset/Healthy/Corn_Health (472).jpg,corn,Healthy,Healthy,Corn_Health (472).jpg,14161,3
/Applications/XAMPP/xamppfiles/htdocs/cmu_aiot/leaf workshop/corn_dataset/Gray_Leaf_Spot/Corn_Gray_Spot (384).JPG,corn,Gray_Leaf_Spot,Gray_Leaf_Spot,Corn_Gray_Spot (384).JPG,19907,2
/Applications/XAMPP/xamppfiles/htdocs/cmu_aiot/leaf workshop/corn_dataset/Healthy/Corn_Health (1137).jpg,corn,Healthy,Healthy,Corn_Health (1137).jpg,12300,3
/Applications/XAMPP/xamppfiles/htdocs/cmu_aiot/leaf workshop/corn_dataset/Healthy/Corn_Health (1131).jpg,corn,Healthy,Healthy,Corn_Health (1131).jpg,8956,3
/Applications/XAMPP/xamppfiles/htdocs/cmu_aiot/leaf workshop/corn_dataset/Gray_Leaf_Spot/Corn_Gray_Spot (418).JPG,corn,Gray_Leaf_Spot,Gray_Leaf_Spot,Corn_Gray_Spot (418).JPG,15885,2
/Applications/XAMPP/xamppfiles/htdocs/cmu_aiot/leaf workshop/corn_dataset/Gray_Leaf_Spot/Corn_Gray_Spot (487).JPG,corn,Gray_Leaf_Spot,Gray_Leaf_Spot,Corn_Gray_Spot (487).JPG,13926,2
/Applications/XAMPP/xamppfiles/htdocs/cmu_aiot/leaf workshop/corn_dataset/Blight/Corn_Blight (1051).JPG,corn,Blight,Blight,Corn_Blight (1051).JPG,9495,0
/Applications/XAMPP/xamppfiles/htdocs/cmu_aiot/leaf workshop/corn_dataset/Gray_Leaf_Spot/Corn_Gray_Spot (111).JPG,corn,Gray_Leaf_Spot,Gray_Leaf_Spot,Corn_Gray_Spot (111).JPG,13734,2
/Applications/XAMPP/xamppfiles/htdocs/cmu_aiot/leaf workshop/corn_dataset/Common_Rust/Corn_Common_Rust (640).JPG,corn,Common_Rust,Common_Rust,Corn_Common_Rust (640).JPG,13370,1
/Applications/XAMPP/xamppfiles/htdocs/cmu_aiot/leaf workshop/corn_dataset/Common_Rust/Corn_Common_Rust (180).JPG,corn,Common_Rust,Common_Rust,Corn_Common_Rust (180).JPG,13561,1
/Applications/XAMPP/xamppfiles/htdocs/cmu_aiot/leaf workshop/corn_dataset/Common_Rust/Corn_Common_Rust (174).JPG,corn,Common_Rust,Common_Rust,Corn_Common_Rust (174).JPG,15897,1
/Applications/XAMPP/xamppfiles/htdocs/cmu_aiot/leaf workshop/corn_dataset/Common_Rust/Corn_Common_Rust (1055).JPG,corn,Common_Rust,Common_Rust,Corn_Common_Rust (1055).JPG,16749,1
/Applications/XAMPP/xamppfiles/htdocs/cmu_aiot/leaf workshop/corn_dataset/Gray_Leaf_Spot/Corn_Gray_Spot (564).jpg,corn,Gray_Leaf_Spot,Gray_Leaf_Spot,Corn_Gray_Spot (564).jpg,1577792,2
/Applications/XAMPP/xamppfiles/htdocs/cmu_aiot/leaf workshop/corn_dataset/Common_Rust/Corn_Common_Rust (577).JPG,corn,Common_Rust,Common_Rust,Corn_Common_Rust (577).JPG,15542,1
/Applications/XAMPP/xamppfiles/htdocs/cmu_aiot/leaf workshop/corn_dataset/Blight/Corn_Blight (542).jpg,corn,Blight,Blight,Corn_Blight (542).jpg,13154,0
/Applications/XAMPP/xamppfiles/htdocs/cmu_aiot/leaf workshop/corn_dataset/Healthy/Corn_Health (511).jpg,corn,Healthy,Healthy,Corn_Health (511).jpg,9625,3
/Applications/XAMPP/xamppfiles/htdocs/cmu_aiot/leaf workshop/corn_dataset/Common_Rust/Corn_Common_Rust (151).JPG,corn,Common_Rust,Common_Rust,Corn_Common_Rust (151).JPG,15953,1
/Applications/XAMPP/xamppfiles/htdocs/cmu_aiot/leaf workshop/corn_dataset/Gray_Leaf_Spot/Corn_Gray_Spot (213).jpg,corn,Gray_Leaf_Spot,Gray_Leaf_Spot,Corn_Gray_Spot (213).jpg,14781,2
/Applications/XAMPP/xamppfiles/htdocs/cmu_aiot/leaf workshop/corn_dataset/Blight/Corn_Blight (370).JPG,corn,Blight,Blight,Corn_Blight (370).JPG,13519,0
/Applications/XAMPP/xamppfiles/htdocs/cmu_aiot/leaf workshop/corn_dataset/Common_Rust/Corn_Common_Rust (706).JPG,corn,Common_Rust,Common_Rust,Corn_Common_Rust (706).JPG,15742,1
/Applications/XAMPP/xamppfiles/htdocs/cmu_aiot/leaf workshop/corn_dataset/Common_Rust/Corn_Common_Rust (695).JPG,corn,Common_Rust,Common_Rust,Corn_Common_Rust (695).JPG,11687,1
/Applications/XAMPP/xamppfiles/htdocs/cmu_aiot/leaf workshop/corn_dataset/Healthy/Corn_Health (1135).jpg,corn,Healthy,Healthy,Corn_Health (1135).jpg,6730,3
/Applications/XAMPP/xamppfiles/htdocs/cmu_aiot/leaf workshop/corn_dataset/Blight/Corn_Blight (638).jpg,corn,Blight,Blight,Corn_Blight (638).jpg,12433,0
/Applications/XAMPP/xamppfiles/htdocs/cmu_aiot/leaf workshop/corn_dataset/Healthy/Corn_Health (199).JPG,corn,Healthy,Healthy,Corn_Health (199).JPG,19326,3
/Applications/XAMPP/xamppfiles/htdocs/cmu_aiot/leaf workshop/corn_dataset/Gray_Leaf_Spot/Corn_Gray_Spot (29).jpg,corn,Gray_Leaf_Spot,Gray_Leaf_Spot,Corn_Gray_Spot (29).jpg,45292,2
/Applications/XAMPP/xamppfiles/htdocs/cmu_aiot/leaf workshop/corn_dataset/Gray_Leaf_Spot/Corn_Gray_Spot (188).JPG,corn,Gray_Leaf_Spot,Gray_Leaf_Spot,Corn_Gray_Spot (188).JPG,17044,2
/Applications/XAMPP/xamppfiles/htdocs/cmu_aiot/leaf workshop/corn_dataset/Healthy/Corn_Health (415).jpg,corn,Healthy,Healthy,Corn_Health (415).jpg,7449,3
/Applications/XAMPP/xamppfiles/htdocs/cmu_aiot/leaf workshop/corn_dataset/Common_Rust/Corn_Common_Rust (641).JPG,corn,Common_Rust,Common_Rust,Corn_Common_Rust (641).JPG,10019,1
/Applications/XAMPP/xamppfiles/htdocs/cmu_aiot/leaf workshop/corn_dataset/Common_Rust/Corn_Common_Rust (329).JPG,corn,Common_Rust,Common_Rust,Corn_Common_Rust (329).JPG,11999,1
/Applications/XAMPP/xamppfiles/htdocs/cmu_aiot/leaf workshop/corn_dataset/Blight/Corn_Blight (67).jpg,corn,Blight,Blight,Corn_Blight (67).jpg,15003,0
/Applications/XAMPP/xamppfiles/htdocs/cmu_aiot/leaf workshop/corn_dataset/Common_Rust/Corn_Common_Rust (588).JPG,corn,Common_Rust,Common_Rust,Corn_Common_Rust (588).JPG,14177,1
/Applications/XAMPP/xamppfiles/htdocs/cmu_aiot/leaf workshop/corn_dataset/Blight/Corn_Blight (617).JPG,corn,Blight,Blight,Corn_Blight (617).JPG,12182,0
/Applications/XAMPP/xamppfiles/htdocs/cmu_aiot/leaf workshop/corn_dataset/Healthy/Corn_Health (254).jpg,corn,Healthy,Healthy,Corn_Health (254).jpg,9471,3
/Applications/XAMPP/xamppfiles/htdocs/cmu_aiot/leaf workshop/corn_dataset/Healthy/Corn_Health (1057).jpg,corn,Healthy,Healthy,Corn_Health (1057).jpg,19636,3
/Applications/XAMPP/xamppfiles/htdocs/cmu_aiot/leaf workshop/corn_dataset/Gray_Leaf_Spot/Corn_Gray_Spot (139).JPG,corn,Gray_Leaf_Spot,Gray_Leaf_Spot,Corn_Gray_Spot (139).JPG,11843,2
/Applications/XAMPP/xamppfiles/htdocs/cmu_aiot/leaf workshop/corn_dataset/Gray_Leaf_Spot/Corn_Gray_Spot (71).JPG,corn,Gray_Leaf_Spot,Gray_Leaf_Spot,Corn_Gray_Spot (71).JPG,12161,2
/Applications/XAMPP/xamppfiles/htdocs/cmu_aiot/leaf workshop/corn_dataset/Blight/Corn_Blight (974).JPG,corn,Blight,Blight,Corn_Blight (974).JPG,14762,0
/Applications/XAMPP/xamppfiles/htdocs/cmu_aiot/leaf workshop/corn_dataset/Common_Rust/Corn_Common_Rust (509).JPG,corn,Common_Rust,Common_Rust,Corn_Common_Rust (509).JPG,12517,1
/Applications/XAMPP/xamppfiles/htdocs/cmu_aiot/leaf workshop/corn_dataset/Healthy/Corn_Health (336).jpg,corn,Healthy,Healthy,Corn_Health (336).jpg,5911,3
/Applications/XAMPP/xamppfiles/htdocs/cmu_aiot/leaf workshop/corn_dataset/Blight/Corn_Blight (330).JPG,corn,Blight,Blight,Corn_Blight (330).JPG,14870,0
/Applications/XAMPP/xamppfiles/htdocs/cmu_aiot/leaf workshop/corn_dataset/Blight/Corn_Blight (343).JPG,corn,Blight,Blight,Corn_Blight (343).JPG,16102,0
/Applications/XAMPP/xamppfiles/htdocs/cmu_aiot/leaf workshop/corn_dataset/Blight/Corn_Blight (460).JPG,corn,Blight,Blight,Corn_Blight (460).JPG,16295,0
/Applications/XAMPP/xamppfiles/htdocs/cmu_aiot/leaf workshop/corn_dataset/Healthy/Corn_Health (194).jpg,corn,Healthy,Healthy,Corn_Health (194).jpg,7923,3
/Applications/XAMPP/xamppfiles/htdocs/cmu_aiot/leaf workshop/corn_dataset/Common_Rust/Corn_Common_Rust (604).JPG,corn,Common_Rust,Common_Rust,Corn_Common_Rust (604).JPG,16587,1
/Applications/XAMPP/xamppfiles/htdocs/cmu_aiot/leaf workshop/corn_dataset/Blight/Corn_Blight (639).JPG,corn,Blight,Blight,Corn_Blight (639).JPG,11322,0
/Applications/XAMPP/xamppfiles/htdocs/cmu_aiot/leaf workshop/corn_dataset/Common_Rust/Corn_Common_Rust (1086).JPG,corn,Common_Rust,Common_Rust,Corn_Common_Rust (1086).JPG,15920,1
/Applications/XAMPP/xamppfiles/htdocs/cmu_aiot/leaf workshop/corn_dataset/Gray_Leaf_Spot/Corn_Gray_Spot (8).jpg,corn,Gray_Leaf_Spot,Gray_Leaf_Spot,Corn_Gray_Spot (8).jpg,347147,2
/Applications/XAMPP/xamppfiles/htdocs/cmu_aiot/leaf workshop/corn_dataset/Healthy/Corn_Health (1122).jpg,corn,Healthy,Healthy,Corn_Health (1122).jpg,13886,3
/Applications/XAMPP/xamppfiles/htdocs/cmu_aiot/leaf workshop/corn_dataset/Healthy/Corn_Health (806).jpg,corn,Healthy,Healthy,Corn_Health (806).jpg,5336,3
/Applications/XAMPP/xamppfiles/htdocs/cmu_aiot/leaf workshop/corn_dataset/Healthy/Corn_Health (1054).jpg,corn,Healthy,Healthy,Corn_Health (1054).jpg,10030,3
/Applications/XAMPP/xamppfiles/htdocs/cmu_aiot/leaf workshop/corn_dataset/Common_Rust/Corn_Common_Rust (343).JPG,corn,Common_Rust,Common_Rust,Corn_Common_Rust (343).JPG,12375,1
/Applications/XAMPP/xamppfiles/htdocs/cmu_aiot/leaf workshop/corn_dataset/Blight/Corn_Blight (750).JPG,corn,Blight,Blight,Corn_Blight (750).JPG,12634,0
/Applications/XAMPP/xamppfiles/htdocs/cmu_aiot/leaf workshop/corn_dataset/Healthy/Corn_Health (976).jpg,corn,Healthy,Healthy,Corn_Health (976).jpg,10953,3
/Applications/XAMPP/xamppfiles/htdocs/cmu_aiot/leaf workshop/corn_dataset/Healthy/Corn_Health (147).jpg,corn,Healthy,Healthy,Corn_Health (147).jpg,7781,3
/Applications/XAMPP/xamppfiles/htdocs/cmu_aiot/leaf workshop/corn_dataset/Healthy/Corn_Health (1112).jpg,corn,Healthy,Healthy,Corn_Health (1112).jpg,9629,3
/Applications/XAMPP/xamppfiles/htdocs/cmu_aiot/leaf workshop/corn_dataset/Blight/Corn_Blight (108).jpg,corn,Blight,Blight,Corn_Blight (108).jpg,95892,0
/Applications/XAMPP/xamppfiles/htdocs/cmu_aiot/leaf workshop/corn_dataset/Blight/Corn_Blight (128).JPG,corn,Blight,Blight,Corn_Blight (128).JPG,16558,0
/Applications/XAMPP/xamppfiles/htdocs/cmu_aiot/leaf workshop/corn_dataset/Healthy/Corn_Health (795).jpg,corn,Healthy,Healthy,Corn_Health (795).jpg,8307,3
/Applications/XAMPP/xamppfiles/htdocs/cmu_aiot/leaf workshop/corn_dataset/Healthy/Corn_Health (835).jpg,corn,Healthy,Healthy,Corn_Health (835).jpg,14627,3
/Applications/XAMPP/xamppfiles/htdocs/cmu_aiot/leaf workshop/corn_dataset/Common_Rust/Corn_Common_Rust (1277).jpg,corn,Common_Rust,Common_Rust,Corn_Common_Rust (1277).jpg,275029,1
/Applications/XAMPP/xamppfiles/htdocs/cmu_aiot/leaf workshop/corn_dataset/Blight/Corn_Blight (19).jpg,corn,Blight,Blight,Corn_Blight (19).jpg,24040,0
/Applications/XAMPP/xamppfiles/htdocs/cmu_aiot/leaf workshop/corn_dataset/Blight/Corn_Blight (426).JPG,corn,Blight,Blight,Corn_Blight (426).JPG,13981,0
/Applications/XAMPP/xamppfiles/htdocs/cmu_aiot/leaf workshop/corn_dataset/Healthy/Corn_Health (1036).jpg,corn,Healthy,Healthy,Corn_Health (1036).jpg,12543,3
/Applications/XAMPP/xamppfiles/htdocs/cmu_aiot/leaf workshop/corn_dataset/Blight/Corn_Blight (872).JPG,corn,Blight,Blight,Corn_Blight (872).JPG,14577,0
/Applications/XAMPP/xamppfiles/htdocs/cmu_aiot/leaf workshop/corn_dataset/Blight/Corn_Blight (1124).jpg,corn,Blight,Blight,Corn_Blight (1124).jpg,99256,0
/Applications/XAMPP/xamppfiles/htdocs/cmu_aiot/leaf workshop/corn_dataset/Healthy/Corn_Health (1091).jpg,corn,Healthy,Healthy,Corn_Health (1091).jpg,10547,3
/Applications/XAMPP/xamppfiles/htdocs/cmu_aiot/leaf workshop/corn_dataset/Common_Rust/Corn_Common_Rust (1221).JPG,corn,Common_Rust,Common_Rust,Corn_Common_Rust (1221).JPG,14643,1
/Applications/XAMPP/xamppfiles/htdocs/cmu_aiot/leaf workshop/corn_dataset/Healthy/Corn_Health (338).jpg,corn,Healthy,Healthy,Corn_Health (338).jpg,14720,3
/Applications/XAMPP/xamppfiles/htdocs/cmu_aiot/leaf workshop/corn_dataset/Blight/Corn_Blight (25).jpg,corn,Blight,Blight,Corn_Blight (25).jpg,33803,0
/Applications/XAMPP/xamppfiles/htdocs/cmu_aiot/leaf workshop/corn_dataset/Healthy/Corn_Health (460).jpg,corn,Healthy,Healthy,Corn_Health (460).jpg,8700,3
/Applications/XAMPP/xamppfiles/htdocs/cmu_aiot/leaf workshop/corn_dataset/Common_Rust/Corn_Common_Rust (619).JPG,corn,Common_Rust,Common_Rust,Corn_Common_Rust (619).JPG,12941,1
/Applications/XAMPP/xamppfiles/htdocs/cmu_aiot/leaf workshop/corn_dataset/Common_Rust/Corn_Common_Rust (502).JPG,corn,Common_Rust,Common_Rust,Corn_Common_Rust (502).JPG,15842,1
/Applications/XAMPP/xamppfiles/htdocs/cmu_aiot/leaf workshop/corn_dataset/Common_Rust/Corn_Common_Rust (1047).JPG,corn,Common_Rust,Common_Rust,Corn_Common_Rust (1047).JPG,12712,1
/Applications/XAMPP/xamppfiles/htdocs/cmu_aiot/leaf workshop/corn_dataset/Healthy/Corn_Health (383).jpg,corn,Healthy,Healthy,Corn_Health (383).jpg,11988,3
/Applications/XAMPP/xamppfiles/htdocs/cmu_aiot/leaf workshop/corn_dataset/Healthy/Corn_Health (1161).jpg,corn,Healthy,Healthy,Corn_Health (1161).jpg,15073,3
/Applications/XAMPP/xamppfiles/htdocs/cmu_aiot/leaf workshop/corn_dataset/Gray_Leaf_Spot/Corn_Gray_Spot (416).JPG,corn,Gray_Leaf_Spot,Gray_Leaf_Spot,Corn_Gray_Spot (416).JPG,20195,2
/Applications/XAMPP/xamppfiles/htdocs/cmu_aiot/leaf workshop/corn_dataset/Blight/Corn_Blight (702).JPG,corn,Blight,Blight,Corn_Blight (702).JPG,13964,0
/Applications/XAMPP/xamppfiles/htdocs/cmu_aiot/leaf workshop/corn_dataset/Blight/Corn_Blight (27).jpg,corn,Blight,Blight,Corn_Blight (27).jpg,32963,0
/Applications/XAMPP/xamppfiles/htdocs/cmu_aiot/leaf workshop/corn_dataset/Gray_Leaf_Spot/Corn_Gray_Spot (72).JPG,corn,Gray_Leaf_Spot,Gray_Leaf_Spot,Corn_Gray_Spot (72).JPG,17933,2
/Applications/XAMPP/xamppfiles/htdocs/cmu_aiot/leaf workshop/corn_dataset/Blight/Corn_Blight (748).JPG,corn,Blight,Blight,Corn_Blight (748).JPG,13431,0
/Applications/XAMPP/xamppfiles/htdocs/cmu_aiot/leaf workshop/corn_dataset/Gray_Leaf_Spot/Corn_Gray_Spot (232).JPG,corn,Gray_Leaf_Spot,Gray_Leaf_Spot,Corn_Gray_Spot (232).JPG,16204,2
/Applications/XAMPP/xamppfiles/htdocs/cmu_aiot/leaf workshop/corn_dataset/Gray_Leaf_Spot/Corn_Gray_Spot (395).JPG,corn,Gray_Leaf_Spot,Gray_Leaf_Spot,Corn_Gray_Spot (395).JPG,14046,2
/Applications/XAMPP/xamppfiles/htdocs/cmu_aiot/leaf workshop/corn_dataset/Healthy/Corn_Health (399).jpg,corn,Healthy,Healthy,Corn_Health (399).jpg,17016,3
/Applications/XAMPP/xamppfiles/htdocs/cmu_aiot/leaf workshop/corn_dataset/Healthy/Corn_Health (629).jpg,corn,Healthy,Healthy,Corn_Health (629).jpg,8034,3
/Applications/XAMPP/xamppfiles/htdocs/cmu_aiot/leaf workshop/corn_dataset/Healthy/Corn_Health (375).jpg,corn,Healthy,Healthy,Corn_Health (375).jpg,18554,3
/Applications/XAMPP/xamppfiles/htdocs/cmu_aiot/leaf workshop/corn_dataset/Healthy/Corn_Health (679).jpg,corn,Healthy,Healthy,Corn_Health (679).jpg,9123,3
/Applications/XAMPP/xamppfiles/htdocs/cmu_aiot/leaf workshop/corn_dataset/Common_Rust/Corn_Common_Rust (73).JPG,corn,Common_Rust,Common_Rust,Corn_Common_Rust (73).JPG,11818,1
/Applications/XAMPP/xamppfiles/htdocs/cmu_aiot/leaf workshop/corn_dataset/Common_Rust/Corn_Common_Rust (46).jpg,corn,Common_Rust,Common_Rust,Corn_Common_Rust (46).jpg,1114595,1
/Applications/XAMPP/xamppfiles/htdocs/cmu_aiot/leaf workshop/corn_dataset/Blight/Corn_Blight (318).JPG,corn,Blight,Blight,Corn_Blight (318).JPG,15229,0
/Applications/XAMPP/xamppfiles/htdocs/cmu_aiot/leaf workshop/corn_dataset/Common_Rust/Corn_Common_Rust (1109).JPG,corn,Common_Rust,Common_Rust,Corn_Common_Rust (1109).JPG,12240,1
/Applications/XAMPP/xamppfiles/htdocs/cmu_aiot/leaf workshop/corn_dataset/Healthy/Corn_Health (1039).jpg,corn,Healthy,Healthy,Corn_Health (1039).jpg,13877,3
/Applications/XAMPP/xamppfiles/htdocs/cmu_aiot/leaf workshop/corn_dataset/Common_Rust/Corn_Common_Rust (1050).JPG,corn,Common_Rust,Common_Rust,Corn_Common_Rust (1050).JPG,10731,1
/Applications/XAMPP/xamppfiles/htdocs/cmu_aiot/leaf workshop/corn_dataset/Healthy/Corn_Health (827).jpg,corn,Healthy,Healthy,Corn_Health (827).jpg,6752,3
/Applications/XAMPP/xamppfiles/htdocs/cmu_aiot/leaf workshop/corn_dataset/Common_Rust/Corn_Common_Rust (1207).JPG,corn,Common_Rust,Common_Rust,Corn_Common_Rust (1207).JPG,13352,1
/Applications/XAMPP/xamppfiles/htdocs/cmu_aiot/leaf workshop/corn_dataset/Healthy/Corn_Health (70).jpg,corn,Healthy,Healthy,Corn_Health (70).jpg,7634,3
/Applications/XAMPP/xamppfiles/htdocs/cmu_aiot/leaf workshop/corn_dataset/Common_Rust/Corn_Common_Rust (1027).JPG,corn,Common_Rust,Common_Rust,Corn_Common_Rust (1027).JPG,13355,1
/Applications/XAMPP/xamppfiles/htdocs/cmu_aiot/leaf workshop/corn_dataset/Healthy/Corn_Health (245).jpg,corn,Healthy,Healthy,Corn_Health (245).jpg,7585,3
/Applications/XAMPP/xamppfiles/htdocs/cmu_aiot/leaf workshop/corn_dataset/Gray_Leaf_Spot/Corn_Gray_Spot (351).JPG,corn,Gray_Leaf_Spot,Gray_Leaf_Spot,Corn_Gray_Spot (351).JPG,16699,2
/Applications/XAMPP/xamppfiles/htdocs/cmu_aiot/leaf workshop/corn_dataset/Blight/Corn_Blight (112).JPG,corn,Blight,Blight,Corn_Blight (112).JPG,9226,0
/Applications/XAMPP/xamppfiles/htdocs/cmu_aiot/leaf workshop/corn_dataset/Blight/Corn_Blight (990).jpg,corn,Blight,Blight,Corn_Blight (990).jpg,9475,0
/Applications/XAMPP/xamppfiles/htdocs/cmu_aiot/leaf workshop/corn_dataset/Common_Rust/Corn_Common_Rust (1291).jpg,corn,Common_Rust,Common_Rust,Corn_Common_Rust (1291).jpg,676607,1
/Applications/XAMPP/xamppfiles/htdocs/cmu_aiot/leaf workshop/corn_dataset/Common_Rust/Corn_Common_Rust (1131).JPG,corn,Common_Rust,Common_Rust,Corn_Common_Rust (1131).JPG,12159,1
/Applications/XAMPP/xamppfiles/htdocs/cmu_aiot/leaf workshop/corn_dataset/Healthy/Corn_Health (1152).jpg,corn,Healthy,Healthy,Corn_Health (1152).jpg,11533,3
/Applications/XAMPP/xamppfiles/htdocs/cmu_aiot/leaf workshop/corn_dataset/Common_Rust/Corn_Common_Rust (1224).JPG,corn,Common_Rust,Common_Rust,Corn_Common_Rust (1224).JPG,14314,1
/Applications/XAMPP/xamppfiles/htdocs/cmu_aiot/leaf workshop/corn_dataset/Common_Rust/Corn_Common_Rust (1001).JPG,corn,Common_Rust,Common_Rust,Corn_Common_Rust (1001).JPG,15145,1
/Applications/XAMPP/xamppfiles/htdocs/cmu_aiot/leaf workshop/corn_dataset/Gray_Leaf_Spot/Corn_Gray_Spot (482).JPG,corn,Gray_Leaf_Spot,Gray_Leaf_Spot,Corn_Gray_Spot (482).JPG,13383,2
/Applications/XAMPP/xamppfiles/htdocs/cmu_aiot/leaf workshop/corn_dataset/Healthy/Corn_Health (847).jpg,corn,Healthy,Healthy,Corn_Health (847).jpg,14200,3
/Applications/XAMPP/xamppfiles/htdocs/cmu_aiot/leaf workshop/corn_dataset/Blight/Corn_Blight (202).JPG,corn,Blight,Blight,Corn_Blight (202).JPG,13303,0
/Applications/XAMPP/xamppfiles/htdocs/cmu_aiot/leaf workshop/corn_dataset/Gray_Leaf_Spot/Corn_Gray_Spot (399).JPG,corn,Gray_Leaf_Spot,Gray_Leaf_Spot,Corn_Gray_Spot (399).JPG,17425,2
/Applications/XAMPP/xamppfiles/htdocs/cmu_aiot/leaf workshop/corn_dataset/Healthy/Corn_Health (1035).jpg,corn,Healthy,Healthy,Corn_Health (1035).jpg,11564,3
/Applications/XAMPP/xamppfiles/htdocs/cmu_aiot/leaf workshop/corn_dataset/Blight/Corn_Blight (113).JPG,corn,Blight,Blight,Corn_Blight (113).JPG,13420,0
/Applications/XAMPP/xamppfiles/htdocs/cmu_aiot/leaf workshop/corn_dataset/Common_Rust/Corn_Common_Rust (1175).JPG,corn,Common_Rust,Common_Rust,Corn_Common_Rust (1175).JPG,15713,1
/Applications/XAMPP/xamppfiles/htdocs/cmu_aiot/leaf workshop/corn_dataset/Healthy/Corn_Health (566).jpg,corn,Healthy,Healthy,Corn_Health (566).jpg,15455,3
/Applications/XAMPP/xamppfiles/htdocs/cmu_aiot/leaf workshop/corn_dataset/Gray_Leaf_Spot/Corn_Gray_Spot (7).jpg,corn,Gray_Leaf_Spot,Gray_Leaf_Spot,Corn_Gray_Spot (7).jpg,28374,2
/Applications/XAMPP/xamppfiles/htdocs/cmu_aiot/leaf workshop/corn_dataset/Common_Rust/Corn_Common_Rust (591).JPG,corn,Common_Rust,Common_Rust,Corn_Common_Rust (591).JPG,12726,1
/Applications/XAMPP/xamppfiles/htdocs/cmu_aiot/leaf workshop/corn_dataset/Gray_Leaf_Spot/Corn_Gray_Spot (570).jpg,corn,Gray_Leaf_Spot,Gray_Leaf_Spot,Corn_Gray_Spot (570).jpg,46362,2
/Applications/XAMPP/xamppfiles/htdocs/cmu_aiot/leaf workshop/corn_dataset/Gray_Leaf_Spot/Corn_Gray_Spot (511).JPG,corn,Gray_Leaf_Spot,Gray_Leaf_Spot,Corn_Gray_Spot (511).JPG,21419,2
/Applications/XAMPP/xamppfiles/htdocs/cmu_aiot/leaf workshop/corn_dataset/Healthy/Corn_Health (174).jpg,corn,Healthy,Healthy,Corn_Health (174).jpg,9414,3
/Applications/XAMPP/xamppfiles/htdocs/cmu_aiot/leaf workshop/corn_dataset/Blight/Corn_Blight (610).JPG,corn,Blight,Blight,Corn_Blight (610).JPG,12644,0
/Applications/XAMPP/xamppfiles/htdocs/cmu_aiot/leaf workshop/corn_dataset/Common_Rust/Corn_Common_Rust (1107).JPG,corn,Common_Rust,Common_Rust,Corn_Common_Rust (1107).JPG,13312,1
/Applications/XAMPP/xamppfiles/htdocs/cmu_aiot/leaf workshop/corn_dataset/Healthy/Corn_Health (380).jpg,corn,Healthy,Healthy,Corn_Health (380).jpg,8928,3
/Applications/XAMPP/xamppfiles/htdocs/cmu_aiot/leaf workshop/corn_dataset/Common_Rust/Corn_Common_Rust (613).JPG,corn,Common_Rust,Common_Rust,Corn_Common_Rust (613).JPG,14865,1
/Applications/XAMPP/xamppfiles/htdocs/cmu_aiot/leaf workshop/corn_dataset/Common_Rust/Corn_Common_Rust (1101).JPG,corn,Common_Rust,Common_Rust,Corn_Common_Rust (1101).JPG,11280,1
/Applications/XAMPP/xamppfiles/htdocs/cmu_aiot/leaf workshop/corn_dataset/Blight/Corn_Blight (349).JPG,corn,Blight,Blight,Corn_Blight (349).JPG,14247,0
/Applications/XAMPP/xamppfiles/htdocs/cmu_aiot/leaf workshop/corn_dataset/Blight/Corn_Blight (845).JPG,corn,Blight,Blight,Corn_Blight (845).JPG,9770,0
/Applications/XAMPP/xamppfiles/htdocs/cmu_aiot/leaf workshop/corn_dataset/Blight/Corn_Blight (60).jpg,corn,Blight,Blight,Corn_Blight (60).jpg,100429,0
/Applications/XAMPP/xamppfiles/htdocs/cmu_aiot/leaf workshop/corn_dataset/Gray_Leaf_Spot/Corn_Gray_Spot (553).JPG,corn,Gray_Leaf_Spot,Gray_Leaf_Spot,Corn_Gray_Spot (553).JPG,16676,2
/Applications/XAMPP/xamppfiles/htdocs/cmu_aiot/leaf workshop/corn_dataset/Gray_Leaf_Spot/Corn_Gray_Spot (219).JPG,corn,Gray_Leaf_Spot,Gray_Leaf_Spot,Corn_Gray_Spot (219).JPG,17519,2
/Applications/XAMPP/xamppfiles/htdocs/cmu_aiot/leaf workshop/corn_dataset/Gray_Leaf_Spot/Corn_Gray_Spot (197).JPG,corn,Gray_Leaf_Spot,Gray_Leaf_Spot,Corn_Gray_Spot (197).JPG,17973,2
/Applications/XAMPP/xamppfiles/htdocs/cmu_aiot/leaf workshop/corn_dataset/Common_Rust/Corn_Common_Rust (1066).JPG,corn,Common_Rust,Common_Rust,Corn_Common_Rust (1066).JPG,11103,1
/Applications/XAMPP/xamppfiles/htdocs/cmu_aiot/leaf workshop/corn_dataset/Gray_Leaf_Spot/Corn_Gray_Spot (540).jpg,corn,Gray_Leaf_Spot,Gray_Leaf_Spot,Corn_Gray_Spot (540).jpg,18305,2
/Applications/XAMPP/xamppfiles/htdocs/cmu_aiot/leaf workshop/corn_dataset/Healthy/Corn_Health (301).jpg,corn,Healthy,Healthy,Corn_Health (301).jpg,19332,3
/Applications/XAMPP/xamppfiles/htdocs/cmu_aiot/leaf workshop/corn_dataset/Blight/Corn_Blight (605).JPG,corn,Blight,Blight,Corn_Blight (605).JPG,15260,0
/Applications/XAMPP/xamppfiles/htdocs/cmu_aiot/leaf workshop/corn_dataset/Blight/Corn_Blight (576).JPG,corn,Blight,Blight,Corn_Blight (576).JPG,16281,0
/Applications/XAMPP/xamppfiles/htdocs/cmu_aiot/leaf workshop/corn_dataset/Common_Rust/Corn_Common_Rust (223).JPG,corn,Common_Rust,Common_Rust,Corn_Common_Rust (223).JPG,18128,1
/Applications/XAMPP/xamppfiles/htdocs/cmu_aiot/leaf workshop/corn_dataset/Healthy/Corn_Health (935).jpg,corn,Healthy,Healthy,Corn_Health (935).jpg,13032,3
/Applications/XAMPP/xamppfiles/htdocs/cmu_aiot/leaf workshop/corn_dataset/Common_Rust/Corn_Common_Rust (390).JPG,corn,Common_Rust,Common_Rust,Corn_Common_Rust (390).JPG,15029,1
/Applications/XAMPP/xamppfiles/htdocs/cmu_aiot/leaf workshop/corn_dataset/Blight/Corn_Blight (419).JPG,corn,Blight,Blight,Corn_Blight (419).JPG,13744,0
/Applications/XAMPP/xamppfiles/htdocs/cmu_aiot/leaf workshop/corn_dataset/Common_Rust/Corn_Common_Rust (576).JPG,corn,Common_Rust,Common_Rust,Corn_Common_Rust (576).JPG,16961,1
/Applications/XAMPP/xamppfiles/htdocs/cmu_aiot/leaf workshop/corn_dataset/Healthy/Corn_Health (1050).jpg,corn,Healthy,Healthy,Corn_Health (1050).jpg,8135,3
/Applications/XAMPP/xamppfiles/htdocs/cmu_aiot/leaf workshop/corn_dataset/Common_Rust/Corn_Common_Rust (367).JPG,corn,Common_Rust,Common_Rust,Corn_Common_Rust (367).JPG,11684,1
/Applications/XAMPP/xamppfiles/htdocs/cmu_aiot/leaf workshop/corn_dataset/Common_Rust/Corn_Common_Rust (482).JPG,corn,Common_Rust,Common_Rust,Corn_Common_Rust (482).JPG,12889,1
/Applications/XAMPP/xamppfiles/htdocs/cmu_aiot/leaf workshop/corn_dataset/Gray_Leaf_Spot/Corn_Gray_Spot (222).JPG,corn,Gray_Leaf_Spot,Gray_Leaf_Spot,Corn_Gray_Spot (222).JPG,10418,2
/Applications/XAMPP/xamppfiles/htdocs/cmu_aiot/leaf workshop/corn_dataset/Blight/Corn_Blight (393).JPG,corn,Blight,Blight,Corn_Blight (393).JPG,12772,0
/Applications/XAMPP/xamppfiles/htdocs/cmu_aiot/leaf workshop/corn_dataset/Blight/Corn_Blight (164).JPG,corn,Blight,Blight,Corn_Blight (164).JPG,15524,0
/Applications/XAMPP/xamppfiles/htdocs/cmu_aiot/leaf workshop/corn_dataset/Common_Rust/Corn_Common_Rust (533).JPG,corn,Common_Rust,Common_Rust,Corn_Common_Rust (533).JPG,9250,1
/Applications/XAMPP/xamppfiles/htdocs/cmu_aiot/leaf workshop/corn_dataset/Healthy/Corn_Health (360).jpg,corn,Healthy,Healthy,Corn_Health (360).jpg,9211,3
/Applications/XAMPP/xamppfiles/htdocs/cmu_aiot/leaf workshop/corn_dataset/Healthy/Corn_Health (915).jpg,corn,Healthy,Healthy,Corn_Health (915).jpg,13729,3
/Applications/XAMPP/xamppfiles/htdocs/cmu_aiot/leaf workshop/corn_dataset/Common_Rust/Corn_Common_Rust (513).JPG,corn,Common_Rust,Common_Rust,Corn_Common_Rust (513).JPG,11749,1
/Applications/XAMPP/xamppfiles/htdocs/cmu_aiot/leaf workshop/corn_dataset/Blight/Corn_Blight (1014).JPG,corn,Blight,Blight,Corn_Blight (1014).JPG,18463,0
/Applications/XAMPP/xamppfiles/htdocs/cmu_aiot/leaf workshop/corn_dataset/Gray_Leaf_Spot/Corn_Gray_Spot (337).jpg,corn,Gray_Leaf_Spot,Gray_Leaf_Spot,Corn_Gray_Spot (337).jpg,14153,2
/Applications/XAMPP/xamppfiles/htdocs/cmu_aiot/leaf workshop/corn_dataset/Blight/Corn_Blight (408).JPG,corn,Blight,Blight,Corn_Blight (408).JPG,11579,0
/Applications/XAMPP/xamppfiles/htdocs/cmu_aiot/leaf workshop/corn_dataset/Common_Rust/Corn_Common_Rust (307).JPG,corn,Common_Rust,Common_Rust,Corn_Common_Rust (307).JPG,15858,1
/Applications/XAMPP/xamppfiles/htdocs/cmu_aiot/leaf workshop/corn_dataset/Blight/Corn_Blight (620).JPG,corn,Blight,Blight,Corn_Blight (620).JPG,15534,0
/Applications/XAMPP/xamppfiles/htdocs/cmu_aiot/leaf workshop/corn_dataset/Healthy/Corn_Health (197).jpg,corn,Healthy,Healthy,Corn_Health (197).jpg,9459,3
/Applications/XAMPP/xamppfiles/htdocs/cmu_aiot/leaf workshop/corn_dataset/Gray_Leaf_Spot/Corn_Gray_Spot (280).jpg,corn,Gray_Leaf_Spot,Gray_Leaf_Spot,Corn_Gray_Spot (280).jpg,13461,2
/Applications/XAMPP/xamppfiles/htdocs/cmu_aiot/leaf workshop/corn_dataset/Gray_Leaf_Spot/Corn_Gray_Spot (20).jpg,corn,Gray_Leaf_Spot,Gray_Leaf_Spot,Corn_Gray_Spot (20).jpg,16038,2
/Applications/XAMPP/xamppfiles/htdocs/cmu_aiot/leaf workshop/corn_dataset/Blight/Corn_Blight (895).JPG,corn,Blight,Blight,Corn_Blight (895).JPG,12488,0
/Applications/XAMPP/xamppfiles/htdocs/cmu_aiot/leaf workshop/corn_dataset/Healthy/Corn_Health (207).jpg,corn,Healthy,Healthy,Corn_Health (207).jpg,7421,3
/Applications/XAMPP/xamppfiles/htdocs/cmu_aiot/leaf workshop/corn_dataset/Blight/Corn_Blight (8).jpg,corn,Blight,Blight,Corn_Blight (8).jpg,348672,0
/Applications/XAMPP/xamppfiles/htdocs/cmu_aiot/leaf workshop/corn_dataset/Healthy/Corn_Health (300).jpg,corn,Healthy,Healthy,Corn_Health (300).jpg,15834,3
/Applications/XAMPP/xamppfiles/htdocs/cmu_aiot/leaf workshop/corn_dataset/Common_Rust/Corn_Common_Rust (478).JPG,corn,Common_Rust,Common_Rust,Corn_Common_Rust (478).JPG,14361,1
/Applications/XAMPP/xamppfiles/htdocs/cmu_aiot/leaf workshop/corn_dataset/Common_Rust/Corn_Common_Rust (627).JPG,corn,Common_Rust,Common_Rust,Corn_Common_Rust (627).JPG,18613,1
/Applications/XAMPP/xamppfiles/htdocs/cmu_aiot/leaf workshop/corn_dataset/Healthy/Corn_Health (759).jpg,corn,Healthy,Healthy,Corn_Health (759).jpg,12307,3
/Applications/XAMPP/xamppfiles/htdocs/cmu_aiot/leaf workshop/corn_dataset/Healthy/Corn_Health (1123).jpg,corn,Healthy,Healthy,Corn_Health (1123).jpg,14396,3
/Applications/XAMPP/xamppfiles/htdocs/cmu_aiot/leaf workshop/corn_dataset/Common_Rust/Corn_Common_Rust (1247).JPG,corn,Common_Rust,Common_Rust,Corn_Common_Rust (1247).JPG,11068,1
/Applications/XAMPP/xamppfiles/htdocs/cmu_aiot/leaf workshop/corn_dataset/Healthy/Corn_Health (220).jpg,corn,Healthy,Healthy,Corn_Health (220).jpg,5943,3
/Applications/XAMPP/xamppfiles/htdocs/cmu_aiot/leaf workshop/corn_dataset/Healthy/Corn_Health (27).jpg,corn,Healthy,Healthy,Corn_Health (27).jpg,11330,3
/Applications/XAMPP/xamppfiles/htdocs/cmu_aiot/leaf workshop/corn_dataset/Blight/Corn_Blight (1017).JPG,corn,Blight,Blight,Corn_Blight (1017).JPG,11667,0
/Applications/XAMPP/xamppfiles/htdocs/cmu_aiot/leaf workshop/corn_dataset/Gray_Leaf_Spot/Corn_Gray_Spot (449).JPG,corn,Gray_Leaf_Spot,Gray_Leaf_Spot,Corn_Gray_Spot (449).JPG,13355,2
/Applications/XAMPP/xamppfiles/htdocs/cmu_aiot/leaf workshop/corn_dataset/Blight/Corn_Blight (947).JPG,corn,Blight,Blight,Corn_Blight (947).JPG,15489,0
/Applications/XAMPP/xamppfiles/htdocs/cmu_aiot/leaf workshop/corn_dataset/Healthy/Corn_Health (1007).jpg,corn,Healthy,Healthy,Corn_Health (1007).jpg,12954,3
/Applications/XAMPP/xamppfiles/htdocs/cmu_aiot/leaf workshop/corn_dataset/Common_Rust/Corn_Common_Rust (734).JPG,corn,Common_Rust,Common_Rust,Corn_Common_Rust (734).JPG,14527,1
/Applications/XAMPP/xamppfiles/htdocs/cmu_aiot/leaf workshop/corn_dataset/Healthy/Corn_Health (757).jpg,corn,Healthy,Healthy,Corn_Health (757).jpg,9202,3
/Applications/XAMPP/xamppfiles/htdocs/cmu_aiot/leaf workshop/corn_dataset/Blight/Corn_Blight (140).JPG,corn,Blight,Blight,Corn_Blight (140).JPG,11907,0
/Applications/XAMPP/xamppfiles/htdocs/cmu_aiot/leaf workshop/corn_dataset/Gray_Leaf_Spot/Corn_Gray_Spot (527).JPG,corn,Gray_Leaf_Spot,Gray_Leaf_Spot,Corn_Gray_Spot (527).JPG,16560,2
/Applications/XAMPP/xamppfiles/htdocs/cmu_aiot/leaf workshop/corn_dataset/Common_Rust/Corn_Common_Rust (745).JPG,corn,Common_Rust,Common_Rust,Corn_Common_Rust (745).JPG,18812,1
/Applications/XAMPP/xamppfiles/htdocs/cmu_aiot/leaf workshop/corn_dataset/Common_Rust/Corn_Common_Rust (160).JPG,corn,Common_Rust,Common_Rust,Corn_Common_Rust (160).JPG,11750,1
/Applications/XAMPP/xamppfiles/htdocs/cmu_aiot/leaf workshop/corn_dataset/Healthy/Corn_Health (129).jpg,corn,Healthy,Healthy,Corn_Health (129).jpg,9472,3
/Applications/XAMPP/xamppfiles/htdocs/cmu_aiot/leaf workshop/corn_dataset/Common_Rust/Corn_Common_Rust (44).jpg,corn,Common_Rust,Common_Rust,Corn_Common_Rust (44).jpg,71341,1
/Applications/XAMPP/xamppfiles/htdocs/cmu_aiot/leaf workshop/corn_dataset/Healthy/Corn_Health (579).jpg,corn,Healthy,Healthy,Corn_Health (579).jpg,14115,3
/Applications/XAMPP/xamppfiles/htdocs/cmu_aiot/leaf workshop/corn_dataset/Common_Rust/Corn_Common_Rust (257).JPG,corn,Common_Rust,Common_Rust,Corn_Common_Rust (257).JPG,11835,1
/Applications/XAMPP/xamppfiles/htdocs/cmu_aiot/leaf workshop/corn_dataset/Blight/Corn_Blight (190).JPG,corn,Blight,Blight,Corn_Blight (190).JPG,12115,0
/Applications/XAMPP/xamppfiles/htdocs/cmu_aiot/leaf workshop/corn_dataset/Healthy/Corn_Health (984).jpg,corn,Healthy,Healthy,Corn_Health (984).jpg,15918,3
/Applications/XAMPP/xamppfiles/htdocs/cmu_aiot/leaf workshop/corn_dataset/Common_Rust/Corn_Common_Rust (146).JPG,corn,Common_Rust,Common_Rust,Corn_Common_Rust (146).JPG,14946,1
/Applications/XAMPP/xamppfiles/htdocs/cmu_aiot/leaf workshop/corn_dataset/Blight/Corn_Blight (645).JPG,corn,Blight,Blight,Corn_Blight (645).JPG,12348,0
/Applications/XAMPP/xamppfiles/htdocs/cmu_aiot/leaf workshop/corn_dataset/Blight/Corn_Blight (1034).JPG,corn,Blight,Blight,Corn_Blight (1034).JPG,18250,0
/Applications/XAMPP/xamppfiles/htdocs/cmu_aiot/leaf workshop/corn_dataset/Healthy/Corn_Health (997).jpg,corn,Healthy,Healthy,Corn_Health (997).jpg,9195,3
/Applications/XAMPP/xamppfiles/htdocs/cmu_aiot/leaf workshop/corn_dataset/Blight/Corn_Blight (175).jpg,corn,Blight,Blight,Corn_Blight (175).jpg,12865,0
/Applications/XAMPP/xamppfiles/htdocs/cmu_aiot/leaf workshop/corn_dataset/Blight/Corn_Blight (744).JPG,corn,Blight,Blight,Corn_Blight (744).JPG,13064,0
/Applications/XAMPP/xamppfiles/htdocs/cmu_aiot/leaf workshop/corn_dataset/Common_Rust/Corn_Common_Rust (285).JPG,corn,Common_Rust,Common_Rust,Corn_Common_Rust (285).JPG,10117,1
/Applications/XAMPP/xamppfiles/htdocs/cmu_aiot/leaf workshop/corn_dataset/Common_Rust/Corn_Common_Rust (684).JPG,corn,Common_Rust,Common_Rust,Corn_Common_Rust (684).JPG,14685,1
/Applications/XAMPP/xamppfiles/htdocs/cmu_aiot/leaf workshop/corn_dataset/Healthy/Corn_Health (864).jpg,corn,Healthy,Healthy,Corn_Health (864).jpg,18232,3
/Applications/XAMPP/xamppfiles/htdocs/cmu_aiot/leaf workshop/corn_dataset/Common_Rust/Corn_Common_Rust (611).JPG,corn,Common_Rust,Common_Rust,Corn_Common_Rust (611).JPG,12302,1
/Applications/XAMPP/xamppfiles/htdocs/cmu_aiot/leaf workshop/corn_dataset/Blight/Corn_Blight (193).JPG,corn,Blight,Blight,Corn_Blight (193).JPG,15207,0
/Applications/XAMPP/xamppfiles/htdocs/cmu_aiot/leaf workshop/corn_dataset/Healthy/Corn_Health (496).jpg,corn,Healthy,Healthy,Corn_Health (496).jpg,11967,3
/Applications/XAMPP/xamppfiles/htdocs/cmu_aiot/leaf workshop/corn_dataset/Healthy/Corn_Health (865).jpg,corn,Healthy,Healthy,Corn_Health (865).jpg,18244,3
/Applications/XAMPP/xamppfiles/htdocs/cmu_aiot/leaf workshop/corn_dataset/Healthy/Corn_Health (637).jpg,corn,Healthy,Healthy,Corn_Health (637).jpg,9158,3
/Applications/XAMPP/xamppfiles/htdocs/cmu_aiot/leaf workshop/corn_dataset/Blight/Corn_Blight (85).jpg,corn,Blight,Blight,Corn_Blight (85).jpg,814569,0
/Applications/XAMPP/xamppfiles/htdocs/cmu_aiot/leaf workshop/corn_dataset/Common_Rust/Corn_Common_Rust (357).JPG,corn,Common_Rust,Common_Rust,Corn_Common_Rust (357).JPG,14911,1
/Applications/XAMPP/xamppfiles/htdocs/cmu_aiot/leaf workshop/corn_dataset/Common_Rust/Corn_Common_Rust (1063).JPG,corn,Common_Rust,Common_Rust,Corn_Common_Rust (1063).JPG,13633,1
/Applications/XAMPP/xamppfiles/htdocs/cmu_aiot/leaf workshop/corn_dataset/Healthy/Corn_Health (780).jpg,corn,Healthy,Healthy,Corn_Health (780).jpg,6713,3
/Applications/XAMPP/xamppfiles/htdocs/cmu_aiot/leaf workshop/corn_dataset/Healthy/Corn_Health (1082).jpg,corn,Healthy,Healthy,Corn_Health (1082).jpg,15670,3
/Applications/XAMPP/xamppfiles/htdocs/cmu_aiot/leaf workshop/corn_dataset/Blight/Corn_Blight (1117).jpg,corn,Blight,Blight,Corn_Blight (1117).jpg,185838,0
/Applications/XAMPP/xamppfiles/htdocs/cmu_aiot/leaf workshop/corn_dataset/Common_Rust/Corn_Common_Rust (312).JPG,corn,Common_Rust,Common_Rust,Corn_Common_Rust (312).JPG,12814,1
/Applications/XAMPP/xamppfiles/htdocs/cmu_aiot/leaf workshop/corn_dataset/Common_Rust/Corn_Common_Rust (529).JPG,corn,Common_Rust,Common_Rust,Corn_Common_Rust (529).JPG,16018,1
/Applications/XAMPP/xamppfiles/htdocs/cmu_aiot/leaf workshop/corn_dataset/Healthy/Corn_Health (12).jpg,corn,Healthy,Healthy,Corn_Health (12).jpg,9552,3
/Applications/XAMPP/xamppfiles/htdocs/cmu_aiot/leaf workshop/corn_dataset/Blight/Corn_Blight (229).JPG,corn,Blight,Blight,Corn_Blight (229).JPG,11816,0
/Applications/XAMPP/xamppfiles/htdocs/cmu_aiot/leaf workshop/corn_dataset/Blight/Corn_Blight (792).JPG,corn,Blight,Blight,Corn_Blight (792).JPG,10986,0
/Applications/XAMPP/xamppfiles/htdocs/cmu_aiot/leaf workshop/corn_dataset/Common_Rust/Corn_Common_Rust (618).JPG,corn,Common_Rust,Common_Rust,Corn_Common_Rust (618).JPG,14846,1
/Applications/XAMPP/xamppfiles/htdocs/cmu_aiot/leaf workshop/corn_dataset/Gray_Leaf_Spot/Corn_Gray_Spot (208).JPG,corn,Gray_Leaf_Spot,Gray_Leaf_Spot,Corn_Gray_Spot (208).JPG,21607,2
/Applications/XAMPP/xamppfiles/htdocs/cmu_aiot/leaf workshop/corn_dataset/Blight/Corn_Blight (254).JPG,corn,Blight,Blight,Corn_Blight (254).JPG,13698,0
/Applications/XAMPP/xamppfiles/htdocs/cmu_aiot/leaf workshop/corn_dataset/Healthy/Corn_Health (434).jpg,corn,Healthy,Healthy,Corn_Health (434).jpg,14982,3
/Applications/XAMPP/xamppfiles/htdocs/cmu_aiot/leaf workshop/corn_dataset/Healthy/Corn_Health (636).jpg,corn,Healthy,Healthy,Corn_Health (636).jpg,9023,3
/Applications/XAMPP/xamppfiles/htdocs/cmu_aiot/leaf workshop/corn_dataset/Common_Rust/Corn_Common_Rust (403).JPG,corn,Common_Rust,Common_Rust,Corn_Common_Rust (403).JPG,10940,1
/Applications/XAMPP/xamppfiles/htdocs/cmu_aiot/leaf workshop/corn_dataset/Gray_Leaf_Spot/Corn_Gray_Spot (404).JPG,corn,Gray_Leaf_Spot,Gray_Leaf_Spot,Corn_Gray_Spot (404).JPG,19834,2
/Applications/XAMPP/xamppfiles/htdocs/cmu_aiot/leaf workshop/corn_dataset/Blight/Corn_Blight (993).JPG,corn,Blight,Blight,Corn_Blight (993).JPG,10288,0
/Applications/XAMPP/xamppfiles/htdocs/cmu_aiot/leaf workshop/corn_dataset/Blight/Corn_Blight (1094).JPG,corn,Blight,Blight,Corn_Blight (1094).JPG,17145,0
/Applications/XAMPP/xamppfiles/htdocs/cmu_aiot/leaf workshop/corn_dataset/Common_Rust/Corn_Common_Rust (1080).JPG,corn,Common_Rust,Common_Rust,Corn_Common_Rust (1080).JPG,14229,1
/Applications/XAMPP/xamppfiles/htdocs/cmu_aiot/leaf workshop/corn_dataset/Blight/Corn_Blight (641).JPG,corn,Blight,Blight,Corn_Blight (641).JPG,14846,0
/Applications/XAMPP/xamppfiles/htdocs/cmu_aiot/leaf workshop/corn_dataset/Gray_Leaf_Spot/Corn_Gray_Spot (467).JPG,corn,Gray_Leaf_Spot,Gray_Leaf_Spot,Corn_Gray_Spot (467).JPG,21322,2
/Applications/XAMPP/xamppfiles/htdocs/cmu_aiot/leaf workshop/corn_dataset/Common_Rust/Corn_Common_Rust (756).JPG,corn,Common_Rust,Common_Rust,Corn_Common_Rust (756).JPG,15025,1
/Applications/XAMPP/xamppfiles/htdocs/cmu_aiot/leaf workshop/corn_dataset/Blight/Corn_Blight (391).JPG,corn,Blight,Blight,Corn_Blight (391).JPG,14832,0
/Applications/XAMPP/xamppfiles/htdocs/cmu_aiot/leaf workshop/corn_dataset/Healthy/Corn_Health (72).jpg,corn,Healthy,Healthy,Corn_Health (72).jpg,7533,3
/Applications/XAMPP/xamppfiles/htdocs/cmu_aiot/leaf workshop/corn_dataset/Common_Rust/Corn_Common_Rust (1284).jpg,corn,Common_Rust,Common_Rust,Corn_Common_Rust (1284).jpg,76863,1
/Applications/XAMPP/xamppfiles/htdocs/cmu_aiot/leaf workshop/corn_dataset/Blight/Corn_Blight (406).JPG,corn,Blight,Blight,Corn_Blight (406).JPG,14539,0
/Applications/XAMPP/xamppfiles/htdocs/cmu_aiot/leaf workshop/corn_dataset/Blight/Corn_Blight (257).JPG,corn,Blight,Blight,Corn_Blight (257).JPG,13159,0
/Applications/XAMPP/xamppfiles/htdocs/cmu_aiot/leaf workshop/corn_dataset/Common_Rust/Corn_Common_Rust (7).jpg,corn,Common_Rust,Common_Rust,Corn_Common_Rust (7).jpg,23587,1
/Applications/XAMPP/xamppfiles/htdocs/cmu_aiot/leaf workshop/corn_dataset/Gray_Leaf_Spot/Corn_Gray_Spot (238).JPG,corn,Gray_Leaf_Spot,Gray_Leaf_Spot,Corn_Gray_Spot (238).JPG,13878,2
/Applications/XAMPP/xamppfiles/htdocs/cmu_aiot/leaf workshop/corn_dataset/Common_Rust/Corn_Common_Rust (408).JPG,corn,Common_Rust,Common_Rust,Corn_Common_Rust (408).JPG,15130,1
/Applications/XAMPP/xamppfiles/htdocs/cmu_aiot/leaf workshop/corn_dataset/Common_Rust/Corn_Common_Rust (188).JPG,corn,Common_Rust,Common_Rust,Corn_Common_Rust (188).JPG,7874,1
/Applications/XAMPP/xamppfiles/htdocs/cmu_aiot/leaf workshop/corn_dataset/Common_Rust/Corn_Common_Rust (430).JPG,corn,Common_Rust,Common_Rust,Corn_Common_Rust (430).JPG,10376,1
/Applications/XAMPP/xamppfiles/htdocs/cmu_aiot/leaf workshop/corn_dataset/Healthy/Corn_Health (761).jpg,corn,Healthy,Healthy,Corn_Health (761).jpg,12152,3
/Applications/XAMPP/xamppfiles/htdocs/cmu_aiot/leaf workshop/corn_dataset/Blight/Corn_Blight (528).JPG,corn,Blight,Blight,Corn_Blight (528).JPG,14679,0
/Applications/XAMPP/xamppfiles/htdocs/cmu_aiot/leaf workshop/corn_dataset/Common_Rust/Corn_Common_Rust (1206).JPG,corn,Common_Rust,Common_Rust,Corn_Common_Rust (1206).JPG,10702,1
/Applications/XAMPP/xamppfiles/htdocs/cmu_aiot/leaf workshop/corn_dataset/Gray_Leaf_Spot/Corn_Gray_Spot (284).JPG,corn,Gray_Leaf_Spot,Gray_Leaf_Spot,Corn_Gray_Spot (284).JPG,21789,2
/Applications/XAMPP/xamppfiles/htdocs/cmu_aiot/leaf workshop/corn_dataset/Common_Rust/Corn_Common_Rust (1118).JPG,corn,Common_Rust,Common_Rust,Corn_Common_Rust (1118).JPG,14708,1
/Applications/XAMPP/xamppfiles/htdocs/cmu_aiot/leaf workshop/corn_dataset/Common_Rust/Corn_Common_Rust (1253).JPG,corn,Common_Rust,Common_Rust,Corn_Common_Rust (1253).JPG,14161,1
/Applications/XAMPP/xamppfiles/htdocs/cmu_aiot/leaf workshop/corn_dataset/Blight/Corn_Blight (672).JPG,corn,Blight,Blight,Corn_Blight (672).JPG,17640,0
/Applications/XAMPP/xamppfiles/htdocs/cmu_aiot/leaf workshop/corn_dataset/Blight/Corn_Blight (891).JPG,corn,Blight,Blight,Corn_Blight (891).JPG,12061,0
/Applications/XAMPP/xamppfiles/htdocs/cmu_aiot/leaf workshop/corn_dataset/Healthy/Corn_Health (581).jpg,corn,Healthy,Healthy,Corn_Health (581).jpg,9822,3
/Applications/XAMPP/xamppfiles/htdocs/cmu_aiot/leaf workshop/corn_dataset/Gray_Leaf_Spot/Corn_Gray_Spot (100).JPG,corn,Gray_Leaf_Spot,Gray_Leaf_Spot,Corn_Gray_Spot (100).JPG,14481,2
/Applications/XAMPP/xamppfiles/htdocs/cmu_aiot/leaf workshop/corn_dataset/Healthy/Corn_Health (1142).jpg,corn,Healthy,Healthy,Corn_Health (1142).jpg,19001,3
/Applications/XAMPP/xamppfiles/htdocs/cmu_aiot/leaf workshop/corn_dataset/Blight/Corn_Blight (1125).jpg,corn,Blight,Blight,Corn_Blight (1125).jpg,14226,0
/Applications/XAMPP/xamppfiles/htdocs/cmu_aiot/leaf workshop/corn_dataset/Healthy/Corn_Health (446).jpg,corn,Healthy,Healthy,Corn_Health (446).jpg,11632,3
/Applications/XAMPP/xamppfiles/htdocs/cmu_aiot/leaf workshop/corn_dataset/Blight/Corn_Blight (239).JPG,corn,Blight,Blight,Corn_Blight (239).JPG,13852,0
/Applications/XAMPP/xamppfiles/htdocs/cmu_aiot/leaf workshop/corn_dataset/Blight/Corn_Blight (644).JPG,corn,Blight,Blight,Corn_Blight (644).JPG,15129,0
/Applications/XAMPP/xamppfiles/htdocs/cmu_aiot/leaf workshop/corn_dataset/Blight/Corn_Blight (450).JPG,corn,Blight,Blight,Corn_Blight (450).JPG,12286,0
/Applications/XAMPP/xamppfiles/htdocs/cmu_aiot/leaf workshop/corn_dataset/Healthy/Corn_Health (471).jpg,corn,Healthy,Healthy,Corn_Health (471).jpg,13986,3
/Applications/XAMPP/xamppfiles/htdocs/cmu_aiot/leaf workshop/corn_dataset/Blight/Corn_Blight (633).JPG,corn,Blight,Blight,Corn_Blight (633).JPG,13041,0
/Applications/XAMPP/xamppfiles/htdocs/cmu_aiot/leaf workshop/corn_dataset/Healthy/Corn_Health (10).jpg,corn,Healthy,Healthy,Corn_Health (10).jpg,9085,3
/Applications/XAMPP/xamppfiles/htdocs/cmu_aiot/leaf workshop/corn_dataset/Healthy/Corn_Health (896).jpg,corn,Healthy,Healthy,Corn_Health (896).jpg,9820,3
/Applications/XAMPP/xamppfiles/htdocs/cmu_aiot/leaf workshop/corn_dataset/Common_Rust/Corn_Common_Rust (425).JPG,corn,Common_Rust,Common_Rust,Corn_Common_Rust (425).JPG,12936,1
/Applications/XAMPP/xamppfiles/htdocs/cmu_aiot/leaf workshop/corn_dataset/Blight/Corn_Blight (142).JPG,corn,Blight,Blight,Corn_Blight (142).JPG,15445,0
/Applications/XAMPP/xamppfiles/htdocs/cmu_aiot/leaf workshop/corn_dataset/Healthy/Corn_Health (750).jpg,corn,Healthy,Healthy,Corn_Health (750).jpg,12800,3
/Applications/XAMPP/xamppfiles/htdocs/cmu_aiot/leaf workshop/corn_dataset/Blight/Corn_Blight (507).JPG,corn,Blight,Blight,Corn_Blight (507).JPG,11553,0
/Applications/XAMPP/xamppfiles/htdocs/cmu_aiot/leaf workshop/corn_dataset/Common_Rust/Corn_Common_Rust (1122).JPG,corn,Common_Rust,Common_Rust,Corn_Common_Rust (1122).JPG,14012,1
/Applications/XAMPP/xamppfiles/htdocs/cmu_aiot/leaf workshop/corn_dataset/Blight/Corn_Blight (491).jpg,corn,Blight,Blight,Corn_Blight (491).jpg,16046,0
/Applications/XAMPP/xamppfiles/htdocs/cmu_aiot/leaf workshop/corn_dataset/Healthy/Corn_Health (33).jpg,corn,Healthy,Healthy,Corn_Health (33).jpg,6576,3
/Applications/XAMPP/xamppfiles/htdocs/cmu_aiot/leaf workshop/corn_dataset/Blight/Corn_Blight (1122).jpg,corn,Blight,Blight,Corn_Blight (1122).jpg,117916,0
/Applications/XAMPP/xamppfiles/htdocs/cmu_aiot/leaf workshop/corn_dataset/Gray_Leaf_Spot/Corn_Gray_Spot (559).JPG,corn,Gray_Leaf_Spot,Gray_Leaf_Spot,Corn_Gray_Spot (559).JPG,16126,2
/Applications/XAMPP/xamppfiles/htdocs/cmu_aiot/leaf workshop/corn_dataset/Blight/Corn_Blight (1075).JPG,corn,Blight,Blight,Corn_Blight (1075).JPG,11902,0
/Applications/XAMPP/xamppfiles/htdocs/cmu_aiot/leaf workshop/corn_dataset/Gray_Leaf_Spot/Corn_Gray_Spot (217).JPG,corn,Gray_Leaf_Spot,Gray_Leaf_Spot,Corn_Gray_Spot (217).JPG,15412,2
/Applications/XAMPP/xamppfiles/htdocs/cmu_aiot/leaf workshop/corn_dataset/Healthy/Corn_Health (357).jpg,corn,Healthy,Healthy,Corn_Health (357).jpg,11199,3
/Applications/XAMPP/xamppfiles/htdocs/cmu_aiot/leaf workshop/corn_dataset/Healthy/Corn_Health (329).jpg,corn,Healthy,Healthy,Corn_Health (329).jpg,15544,3
/Applications/XAMPP/xamppfiles/htdocs/cmu_aiot/leaf workshop/corn_dataset/Gray_Leaf_Spot/Corn_Gray_Spot (415).JPG,corn,Gray_Leaf_Spot,Gray_Leaf_Spot,Corn_Gray_Spot (415).JPG,10252,2
/Applications/XAMPP/xamppfiles/htdocs/cmu_aiot/leaf workshop/corn_dataset/Healthy/Corn_Health (523).jpg,corn,Healthy,Healthy,Corn_Health (523).jpg,14247,3
/Applications/XAMPP/xamppfiles/htdocs/cmu_aiot/leaf workshop/corn_dataset/Common_Rust/Corn_Common_Rust (688).JPG,corn,Common_Rust,Common_Rust,Corn_Common_Rust (688).JPG,13223,1
/Applications/XAMPP/xamppfiles/htdocs/cmu_aiot/leaf workshop/corn_dataset/Blight/Corn_Blight (1001).JPG,corn,Blight,Blight,Corn_Blight (1001).JPG,11935,0
/Applications/XAMPP/xamppfiles/htdocs/cmu_aiot/leaf workshop/corn_dataset/Common_Rust/Corn_Common_Rust (750).JPG,corn,Common_Rust,Common_Rust,Corn_Common_Rust (750).JPG,17805,1
/Applications/XAMPP/xamppfiles/htdocs/cmu_aiot/leaf workshop/corn_dataset/Blight/Corn_Blight (951).JPG,corn,Blight,Blight,Corn_Blight (951).JPG,14088,0
/Applications/XAMPP/xamppfiles/htdocs/cmu_aiot/leaf workshop/corn_dataset/Gray_Leaf_Spot/Corn_Gray_Spot (267).JPG,corn,Gray_Leaf_Spot,Gray_Leaf_Spot,Corn_Gray_Spot (267).JPG,18785,2
/Applications/XAMPP/xamppfiles/htdocs/cmu_aiot/leaf workshop/corn_dataset/Blight/Corn_Blight (182).JPG,corn,Blight,Blight,Corn_Blight (182).JPG,16023,0
/Applications/XAMPP/xamppfiles/htdocs/cmu_aiot/leaf workshop/corn_dataset/Blight/Corn_Blight (204).jpg,corn,Blight,Blight,Corn_Blight (204).jpg,9368,0
/Applications/XAMPP/xamppfiles/htdocs/cmu_aiot/leaf workshop/corn_dataset/Blight/Corn_Blight (35).jpg,corn,Blight,Blight,Corn_Blight (35).jpg,107335,0
/Applications/XAMPP/xamppfiles/htdocs/cmu_aiot/leaf workshop/corn_dataset/Common_Rust/Corn_Common_Rust (376).JPG,corn,Common_Rust,Common_Rust,Corn_Common_Rust (376).JPG,10985,1
/Applications/XAMPP/xamppfiles/htdocs/cmu_aiot/leaf workshop/corn_dataset/Blight/Corn_Blight (866).JPG,corn,Blight,Blight,Corn_Blight (866).JPG,16422,0
/Applications/XAMPP/xamppfiles/htdocs/cmu_aiot/leaf workshop/corn_dataset/Blight/Corn_Blight (467).JPG,corn,Blight,Blight,Corn_Blight (467).JPG,12774,0
/Applications/XAMPP/xamppfiles/htdocs/cmu_aiot/leaf workshop/corn_dataset/Gray_Leaf_Spot/Corn_Gray_Spot (441).JPG,corn,Gray_Leaf_Spot,Gray_Leaf_Spot,Corn_Gray_Spot (441).JPG,19919,2
/Applications/XAMPP/xamppfiles/htdocs/cmu_aiot/leaf workshop/corn_dataset/Healthy/Corn_Health (232).jpg,corn,Healthy,Healthy,Corn_Health (232).jpg,10020,3
/Applications/XAMPP/xamppfiles/htdocs/cmu_aiot/leaf workshop/corn_dataset/Common_Rust/Corn_Common_Rust (548).JPG,corn,Common_Rust,Common_Rust,Corn_Common_Rust (548).JPG,14718,1
/Applications/XAMPP/xamppfiles/htdocs/cmu_aiot/leaf workshop/corn_dataset/Healthy/Corn_Health (811).jpg,corn,Healthy,Healthy,Corn_Health (811).jpg,11705,3
/Applications/XAMPP/xamppfiles/htdocs/cmu_aiot/leaf workshop/corn_dataset/Common_Rust/Corn_Common_Rust (275).JPG,corn,Common_Rust,Common_Rust,Corn_Common_Rust (275).JPG,12696,1
/Applications/XAMPP/xamppfiles/htdocs/cmu_aiot/leaf workshop/corn_dataset/Gray_Leaf_Spot/Corn_Gray_Spot (273).JPG,corn,Gray_Leaf_Spot,Gray_Leaf_Spot,Corn_Gray_Spot (273).JPG,12357,2
/Applications/XAMPP/xamppfiles/htdocs/cmu_aiot/leaf workshop/corn_dataset/Healthy/Corn_Health (528).jpg,corn,Healthy,Healthy,Corn_Health (528).jpg,8009,3
/Applications/XAMPP/xamppfiles/htdocs/cmu_aiot/leaf workshop/corn_dataset/Blight/Corn_Blight (887).JPG,corn,Blight,Blight,Corn_Blight (887).JPG,13063,0
/Applications/XAMPP/xamppfiles/htdocs/cmu_aiot/leaf workshop/corn_dataset/Common_Rust/Corn_Common_Rust (369).JPG,corn,Common_Rust,Common_Rust,Corn_Common_Rust (369).JPG,14068,1
/Applications/XAMPP/xamppfiles/htdocs/cmu_aiot/leaf workshop/corn_dataset/Common_Rust/Corn_Common_Rust (755).JPG,corn,Common_Rust,Common_Rust,Corn_Common_Rust (755).JPG,14197,1
/Applications/XAMPP/xamppfiles/htdocs/cmu_aiot/leaf workshop/corn_dataset/Gray_Leaf_Spot/Corn_Gray_Spot (471).JPG,corn,Gray_Leaf_Spot,Gray_Leaf_Spot,Corn_Gray_Spot (471).JPG,15363,2
/Applications/XAMPP/xamppfiles/htdocs/cmu_aiot/leaf workshop/corn_dataset/Common_Rust/Corn_Common_Rust (203).JPG,corn,Common_Rust,Common_Rust,Corn_Common_Rust (203).JPG,14945,1
/Applications/XAMPP/xamppfiles/htdocs/cmu_aiot/leaf workshop/corn_dataset/Common_Rust/Corn_Common_Rust (363).JPG,corn,Common_Rust,Common_Rust,Corn_Common_Rust (363).JPG,15918,1
/Applications/XAMPP/xamppfiles/htdocs/cmu_aiot/leaf workshop/corn_dataset/Healthy/Corn_Health (598).jpg,corn,Healthy,Healthy,Corn_Health (598).jpg,11707,3
/Applications/XAMPP/xamppfiles/htdocs/cmu_aiot/leaf workshop/corn_dataset/Common_Rust/Corn_Common_Rust (1266).jpg,corn,Common_Rust,Common_Rust,Corn_Common_Rust (1266).jpg,24633,1
/Applications/XAMPP/xamppfiles/htdocs/cmu_aiot/leaf workshop/corn_dataset/Common_Rust/Corn_Common_Rust (741).JPG,corn,Common_Rust,Common_Rust,Corn_Common_Rust (741).JPG,16605,1
/Applications/XAMPP/xamppfiles/htdocs/cmu_aiot/leaf workshop/corn_dataset/Healthy/Corn_Health (1014).jpg,corn,Healthy,Healthy,Corn_Health (1014).jpg,9417,3
/Applications/XAMPP/xamppfiles/htdocs/cmu_aiot/leaf workshop/corn_dataset/Blight/Corn_Blight (651).JPG,corn,Blight,Blight,Corn_Blight (651).JPG,16619,0
/Applications/XAMPP/xamppfiles/htdocs/cmu_aiot/leaf workshop/corn_dataset/Blight/Corn_Blight (807).JPG,corn,Blight,Blight,Corn_Blight (807).JPG,16951,0
/Applications/XAMPP/xamppfiles/htdocs/cmu_aiot/leaf workshop/corn_dataset/Healthy/Corn_Health (590).jpg,corn,Healthy,Healthy,Corn_Health (590).jpg,7454,3
/Applications/XAMPP/xamppfiles/htdocs/cmu_aiot/leaf workshop/corn_dataset/Healthy/Corn_Health (961).jpg,corn,Healthy,Healthy,Corn_Health (961).jpg,6673,3
/Applications/XAMPP/xamppfiles/htdocs/cmu_aiot/leaf workshop/corn_dataset/Gray_Leaf_Spot/Corn_Gray_Spot (347).JPG,corn,Gray_Leaf_Spot,Gray_Leaf_Spot,Corn_Gray_Spot (347).JPG,13157,2
/Applications/XAMPP/xamppfiles/htdocs/cmu_aiot/leaf workshop/corn_dataset/Gray_Leaf_Spot/Corn_Gray_Spot (57).JPG,corn,Gray_Leaf_Spot,Gray_Leaf_Spot,Corn_Gray_Spot (57).JPG,16833,2
/Applications/XAMPP/xamppfiles/htdocs/cmu_aiot/leaf workshop/corn_dataset/Common_Rust/Corn_Common_Rust (1111).JPG,corn,Common_Rust,Common_Rust,Corn_Common_Rust (1111).JPG,10613,1
/Applications/XAMPP/xamppfiles/htdocs/cmu_aiot/leaf workshop/corn_dataset/Common_Rust/Corn_Common_Rust (454).JPG,corn,Common_Rust,Common_Rust,Corn_Common_Rust (454).JPG,10351,1
/Applications/XAMPP/xamppfiles/htdocs/cmu_aiot/leaf workshop/corn_dataset/Blight/Corn_Blight (865).JPG,corn,Blight,Blight,Corn_Blight (865).JPG,13175,0
/Applications/XAMPP/xamppfiles/htdocs/cmu_aiot/leaf workshop/corn_dataset/Common_Rust/Corn_Common_Rust (1244).JPG,corn,Common_Rust,Common_Rust,Corn_Common_Rust (1244).JPG,15465,1
/Applications/XAMPP/xamppfiles/htdocs/cmu_aiot/leaf workshop/corn_dataset/Gray_Leaf_Spot/Corn_Gray_Spot (152).JPG,corn,Gray_Leaf_Spot,Gray_Leaf_Spot,Corn_Gray_Spot (152).JPG,17351,2
/Applications/XAMPP/xamppfiles/htdocs/cmu_aiot/leaf workshop/corn_dataset/Blight/Corn_Blight (432).JPG,corn,Blight,Blight,Corn_Blight (432).JPG,15990,0
/Applications/XAMPP/xamppfiles/htdocs/cmu_aiot/leaf workshop/corn_dataset/Healthy/Corn_Health (105).jpg,corn,Healthy,Healthy,Corn_Health (105).jpg,6987,3
/Applications/XAMPP/xamppfiles/htdocs/cmu_aiot/leaf workshop/corn_dataset/Blight/Corn_Blight (215).JPG,corn,Blight,Blight,Corn_Blight (215).JPG,17427,0
/Applications/XAMPP/xamppfiles/htdocs/cmu_aiot/leaf workshop/corn_dataset/Gray_Leaf_Spot/Corn_Gray_Spot (481).JPG,corn,Gray_Leaf_Spot,Gray_Leaf_Spot,Corn_Gray_Spot (481).JPG,19194,2
/Applications/XAMPP/xamppfiles/htdocs/cmu_aiot/leaf workshop/corn_dataset/Gray_Leaf_Spot/Corn_Gray_Spot (199).JPG,corn,Gray_Leaf_Spot,Gray_Leaf_Spot,Corn_Gray_Spot (199).JPG,12139,2
/Applications/XAMPP/xamppfiles/htdocs/cmu_aiot/leaf workshop/corn_dataset/Blight/Corn_Blight (117).JPG,corn,Blight,Blight,Corn_Blight (117).JPG,10790,0
/Applications/XAMPP/xamppfiles/htdocs/cmu_aiot/leaf workshop/corn_dataset/Common_Rust/Corn_Common_Rust (65).jpg,corn,Common_Rust,Common_Rust,Corn_Common_Rust (65).jpg,246400,1
/Applications/XAMPP/xamppfiles/htdocs/cmu_aiot/leaf workshop/corn_dataset/Common_Rust/Corn_Common_Rust (364).JPG,corn,Common_Rust,Common_Rust,Corn_Common_Rust (364).JPG,14264,1
/Applications/XAMPP/xamppfiles/htdocs/cmu_aiot/leaf workshop/corn_dataset/Healthy/Corn_Health (959).jpg,corn,Healthy,Healthy,Corn_Health (959).jpg,17690,3
/Applications/XAMPP/xamppfiles/htdocs/cmu_aiot/leaf workshop/corn_dataset/Common_Rust/Corn_Common_Rust (197).JPG,corn,Common_Rust,Common_Rust,Corn_Common_Rust (197).JPG,12057,1
/Applications/XAMPP/xamppfiles/htdocs/cmu_aiot/leaf workshop/corn_dataset/Blight/Corn_Blight (831).jpg,corn,Blight,Blight,Corn_Blight (831).jpg,16202,0
/Applications/XAMPP/xamppfiles/htdocs/cmu_aiot/leaf workshop/corn_dataset/Blight/Corn_Blight (216).JPG,corn,Blight,Blight,Corn_Blight (216).JPG,14693,0
/Applications/XAMPP/xamppfiles/htdocs/cmu_aiot/leaf workshop/corn_dataset/Healthy/Corn_Health (47).jpg,corn,Healthy,Healthy,Corn_Health (47).jpg,7565,3
/Applications/XAMPP/xamppfiles/htdocs/cmu_aiot/leaf workshop/corn_dataset/Healthy/Corn_Health (881).jpg,corn,Healthy,Healthy,Corn_Health (881).jpg,7194,3
/Applications/XAMPP/xamppfiles/htdocs/cmu_aiot/leaf workshop/corn_dataset/Gray_Leaf_Spot/Corn_Gray_Spot (419).JPG,corn,Gray_Leaf_Spot,Gray_Leaf_Spot,Corn_Gray_Spot (419).JPG,15626,2
/Applications/XAMPP/xamppfiles/htdocs/cmu_aiot/leaf workshop/corn_dataset/Gray_Leaf_Spot/Corn_Gray_Spot (101).JPG,corn,Gray_Leaf_Spot,Gray_Leaf_Spot,Corn_Gray_Spot (101).JPG,17461,2
/Applications/XAMPP/xamppfiles/htdocs/cmu_aiot/leaf workshop/corn_dataset/Common_Rust/Corn_Common_Rust (1051).JPG,corn,Common_Rust,Common_Rust,Corn_Common_Rust (1051).JPG,13169,1
/Applications/XAMPP/xamppfiles/htdocs/cmu_aiot/leaf workshop/corn_dataset/Gray_Leaf_Spot/Corn_Gray_Spot (524).JPG,corn,Gray_Leaf_Spot,Gray_Leaf_Spot,Corn_Gray_Spot (524).JPG,14599,2
/Applications/XAMPP/xamppfiles/htdocs/cmu_aiot/leaf workshop/corn_dataset/Gray_Leaf_Spot/Corn_Gray_Spot (159).JPG,corn,Gray_Leaf_Spot,Gray_Leaf_Spot,Corn_Gray_Spot (159).JPG,18958,2
/Applications/XAMPP/xamppfiles/htdocs/cmu_aiot/leaf workshop/corn_dataset/Healthy/Corn_Health (100).jpg,corn,Healthy,Healthy,Corn_Health (100).jpg,11932,3
/Applications/XAMPP/xamppfiles/htdocs/cmu_aiot/leaf workshop/corn_dataset/Common_Rust/Corn_Common_Rust (733).JPG,corn,Common_Rust,Common_Rust,Corn_Common_Rust (733).JPG,13118,1
/Applications/XAMPP/xamppfiles/htdocs/cmu_aiot/leaf workshop/corn_dataset/Healthy/Corn_Health (717).jpg,corn,Healthy,Healthy,Corn_Health (717).jpg,11371,3
/Applications/XAMPP/xamppfiles/htdocs/cmu_aiot/leaf workshop/corn_dataset/Gray_Leaf_Spot/Corn_Gray_Spot (491).JPG,corn,Gray_Leaf_Spot,Gray_Leaf_Spot,Corn_Gray_Spot (491).JPG,13228,2
/Applications/XAMPP/xamppfiles/htdocs/cmu_aiot/leaf workshop/corn_dataset/Blight/Corn_Blight (705).JPG,corn,Blight,Blight,Corn_Blight (705).JPG,11295,0
/Applications/XAMPP/xamppfiles/htdocs/cmu_aiot/leaf workshop/corn_dataset/Blight/Corn_Blight (843).JPG,corn,Blight,Blight,Corn_Blight (843).JPG,16665,0
/Applications/XAMPP/xamppfiles/htdocs/cmu_aiot/leaf workshop/corn_dataset/Blight/Corn_Blight (170).JPG,corn,Blight,Blight,Corn_Blight (170).JPG,10651,0
/Applications/XAMPP/xamppfiles/htdocs/cmu_aiot/leaf workshop/corn_dataset/Common_Rust/Corn_Common_Rust (565).JPG,corn,Common_Rust,Common_Rust,Corn_Common_Rust (565).JPG,16593,1
/Applications/XAMPP/xamppfiles/htdocs/cmu_aiot/leaf workshop/corn_dataset/Blight/Corn_Blight (53).jpg,corn,Blight,Blight,Corn_Blight (53).jpg,91994,0
/Applications/XAMPP/xamppfiles/htdocs/cmu_aiot/leaf workshop/corn_dataset/Healthy/Corn_Health (1080).jpg,corn,Healthy,Healthy,Corn_Health (1080).jpg,11282,3
/Applications/XAMPP/xamppfiles/htdocs/cmu_aiot/leaf workshop/corn_dataset/Gray_Leaf_Spot/Corn_Gray_Spot (320).JPG,corn,Gray_Leaf_Spot,Gray_Leaf_Spot,Corn_Gray_Spot (320).JPG,16266,2
/Applications/XAMPP/xamppfiles/htdocs/cmu_aiot/leaf workshop/corn_dataset/Healthy/Corn_Health (998).jpg,corn,Healthy,Healthy,Corn_Health (998).jpg,13793,3
/Applications/XAMPP/xamppfiles/htdocs/cmu_aiot/leaf workshop/corn_dataset/Blight/Corn_Blight (324).JPG,corn,Blight,Blight,Corn_Blight (324).JPG,11839,0
/Applications/XAMPP/xamppfiles/htdocs/cmu_aiot/leaf workshop/corn_dataset/Healthy/Corn_Health (616).jpg,corn,Healthy,Healthy,Corn_Health (616).jpg,15784,3
/Applications/XAMPP/xamppfiles/htdocs/cmu_aiot/leaf workshop/corn_dataset/Common_Rust/Corn_Common_Rust (5).jpg,corn,Common_Rust,Common_Rust,Corn_Common_Rust (5).jpg,38824,1
/Applications/XAMPP/xamppfiles/htdocs/cmu_aiot/leaf workshop/corn_dataset/Healthy/Corn_Health (803).jpg,corn,Healthy,Healthy,Corn_Health (803).jpg,10398,3
/Applications/XAMPP/xamppfiles/htdocs/cmu_aiot/leaf workshop/corn_dataset/Blight/Corn_Blight (385).JPG,corn,Blight,Blight,Corn_Blight (385).JPG,16574,0
/Applications/XAMPP/xamppfiles/htdocs/cmu_aiot/leaf workshop/corn_dataset/Blight/Corn_Blight (230).JPG,corn,Blight,Blight,Corn_Blight (230).JPG,15847,0
/Applications/XAMPP/xamppfiles/htdocs/cmu_aiot/leaf workshop/corn_dataset/Common_Rust/Corn_Common_Rust (471).JPG,corn,Common_Rust,Common_Rust,Corn_Common_Rust (471).JPG,13941,1
/Applications/XAMPP/xamppfiles/htdocs/cmu_aiot/leaf workshop/corn_dataset/Blight/Corn_Blight (420).JPG,corn,Blight,Blight,Corn_Blight (420).JPG,13591,0
/Applications/XAMPP/xamppfiles/htdocs/cmu_aiot/leaf workshop/corn_dataset/Common_Rust/Corn_Common_Rust (17).jpg,corn,Common_Rust,Common_Rust,Corn_Common_Rust (17).jpg,302297,1
/Applications/XAMPP/xamppfiles/htdocs/cmu_aiot/leaf workshop/corn_dataset/Common_Rust/Corn_Common_Rust (395).JPG,corn,Common_Rust,Common_Rust,Corn_Common_Rust (395).JPG,12087,1
/Applications/XAMPP/xamppfiles/htdocs/cmu_aiot/leaf workshop/corn_dataset/Blight/Corn_Blight (1079).JPG,corn,Blight,Blight,Corn_Blight (1079).JPG,10964,0
/Applications/XAMPP/xamppfiles/htdocs/cmu_aiot/leaf workshop/corn_dataset/Healthy/Corn_Health (409).jpg,corn,Healthy,Healthy,Corn_Health (409).jpg,7869,3
/Applications/XAMPP/xamppfiles/htdocs/cmu_aiot/leaf workshop/corn_dataset/Healthy/Corn_Health (475).jpg,corn,Healthy,Healthy,Corn_Health (475).jpg,11186,3
/Applications/XAMPP/xamppfiles/htdocs/cmu_aiot/leaf workshop/corn_dataset/Healthy/Corn_Health (202).jpg,corn,Healthy,Healthy,Corn_Health (202).jpg,9112,3
/Applications/XAMPP/xamppfiles/htdocs/cmu_aiot/leaf workshop/corn_dataset/Gray_Leaf_Spot/Corn_Gray_Spot (276).JPG,corn,Gray_Leaf_Spot,Gray_Leaf_Spot,Corn_Gray_Spot (276).JPG,15129,2
/Applications/XAMPP/xamppfiles/htdocs/cmu_aiot/leaf workshop/corn_dataset/Common_Rust/Corn_Common_Rust (1305).jpg,corn,Common_Rust,Common_Rust,Corn_Common_Rust (1305).jpg,24603,1
/Applications/XAMPP/xamppfiles/htdocs/cmu_aiot/leaf workshop/corn_dataset/Blight/Corn_Blight (7).jpg,corn,Blight,Blight,Corn_Blight (7).jpg,22292,0
/Applications/XAMPP/xamppfiles/htdocs/cmu_aiot/leaf workshop/corn_dataset/Blight/Corn_Blight (612).JPG,corn,Blight,Blight,Corn_Blight (612).JPG,17953,0
/Applications/XAMPP/xamppfiles/htdocs/cmu_aiot/leaf workshop/corn_dataset/Healthy/Corn_Health (118).jpg,corn,Healthy,Healthy,Corn_Health (118).jpg,9172,3
/Applications/XAMPP/xamppfiles/htdocs/cmu_aiot/leaf workshop/corn_dataset/Gray_Leaf_Spot/Corn_Gray_Spot (70).JPG,corn,Gray_Leaf_Spot,Gray_Leaf_Spot,Corn_Gray_Spot (70).JPG,10819,2
/Applications/XAMPP/xamppfiles/htdocs/cmu_aiot/leaf workshop/corn_dataset/Common_Rust/Corn_Common_Rust (1198).JPG,corn,Common_Rust,Common_Rust,Corn_Common_Rust (1198).JPG,13226,1
/Applications/XAMPP/xamppfiles/htdocs/cmu_aiot/leaf workshop/corn_dataset/Healthy/Corn_Health (980).jpg,corn,Healthy,Healthy,Corn_Health (980).jpg,11310,3
/Applications/XAMPP/xamppfiles/htdocs/cmu_aiot/leaf workshop/corn_dataset/Blight/Corn_Blight (252).JPG,corn,Blight,Blight,Corn_Blight (252).JPG,16298,0
/Applications/XAMPP/xamppfiles/htdocs/cmu_aiot/leaf workshop/corn_dataset/Common_Rust/Corn_Common_Rust (244).JPG,corn,Common_Rust,Common_Rust,Corn_Common_Rust (244).JPG,11539,1
/Applications/XAMPP/xamppfiles/htdocs/cmu_aiot/leaf workshop/corn_dataset/Healthy/Corn_Health (787).jpg,corn,Healthy,Healthy,Corn_Health (787).jpg,10517,3
/Applications/XAMPP/xamppfiles/htdocs/cmu_aiot/leaf workshop/corn_dataset/Blight/Corn_Blight (758).JPG,corn,Blight,Blight,Corn_Blight (758).JPG,11760,0
/Applications/XAMPP/xamppfiles/htdocs/cmu_aiot/leaf workshop/corn_dataset/Gray_Leaf_Spot/Corn_Gray_Spot (475).JPG,corn,Gray_Leaf_Spot,Gray_Leaf_Spot,Corn_Gray_Spot (475).JPG,13116,2
/Applications/XAMPP/xamppfiles/htdocs/cmu_aiot/leaf workshop/corn_dataset/Common_Rust/Corn_Common_Rust (668).JPG,corn,Common_Rust,Common_Rust,Corn_Common_Rust (668).JPG,15021,1
/Applications/XAMPP/xamppfiles/htdocs/cmu_aiot/leaf workshop/corn_dataset/Healthy/Corn_Health (793).jpg,corn,Healthy,Healthy,Corn_Health (793).jpg,7309,3
/Applications/XAMPP/xamppfiles/htdocs/cmu_aiot/leaf workshop/corn_dataset/Gray_Leaf_Spot/Corn_Gray_Spot (466).JPG,corn,Gray_Leaf_Spot,Gray_Leaf_Spot,Corn_Gray_Spot (466).JPG,19680,2
/Applications/XAMPP/xamppfiles/htdocs/cmu_aiot/leaf workshop/corn_dataset/Gray_Leaf_Spot/Corn_Gray_Spot (370).JPG,corn,Gray_Leaf_Spot,Gray_Leaf_Spot,Corn_Gray_Spot (370).JPG,15103,2
/Applications/XAMPP/xamppfiles/htdocs/cmu_aiot/leaf workshop/corn_dataset/Healthy/Corn_Health (85).jpg,corn,Healthy,Healthy,Corn_Health (85).jpg,10744,3
/Applications/XAMPP/xamppfiles/htdocs/cmu_aiot/leaf workshop/corn_dataset/Common_Rust/Corn_Common_Rust (168).JPG,corn,Common_Rust,Common_Rust,Corn_Common_Rust (168).JPG,14085,1
/Applications/XAMPP/xamppfiles/htdocs/cmu_aiot/leaf workshop/corn_dataset/Common_Rust/Corn_Common_Rust (747).JPG,corn,Common_Rust,Common_Rust,Corn_Common_Rust (747).JPG,15759,1
/Applications/XAMPP/xamppfiles/htdocs/cmu_aiot/leaf workshop/corn_dataset/Common_Rust/Corn_Common_Rust (412).JPG,corn,Common_Rust,Common_Rust,Corn_Common_Rust (412).JPG,12660,1
/Applications/XAMPP/xamppfiles/htdocs/cmu_aiot/leaf workshop/corn_dataset/Gray_Leaf_Spot/Corn_Gray_Spot (39).jpg,corn,Gray_Leaf_Spot,Gray_Leaf_Spot,Corn_Gray_Spot (39).jpg,66568,2
/Applications/XAMPP/xamppfiles/htdocs/cmu_aiot/leaf workshop/corn_dataset/Common_Rust/Corn_Common_Rust (551).JPG,corn,Common_Rust,Common_Rust,Corn_Common_Rust (551).JPG,15650,1
/Applications/XAMPP/xamppfiles/htdocs/cmu_aiot/leaf workshop/corn_dataset/Blight/Corn_Blight (544).JPG,corn,Blight,Blight,Corn_Blight (544).JPG,13747,0
/Applications/XAMPP/xamppfiles/htdocs/cmu_aiot/leaf workshop/corn_dataset/Healthy/Corn_Health (928).jpg,corn,Healthy,Healthy,Corn_Health (928).jpg,7595,3
/Applications/XAMPP/xamppfiles/htdocs/cmu_aiot/leaf workshop/corn_dataset/Gray_Leaf_Spot/Corn_Gray_Spot (383).JPG,corn,Gray_Leaf_Spot,Gray_Leaf_Spot,Corn_Gray_Spot (383).JPG,22486,2
/Applications/XAMPP/xamppfiles/htdocs/cmu_aiot/leaf workshop/corn_dataset/Common_Rust/Corn_Common_Rust (315).JPG,corn,Common_Rust,Common_Rust,Corn_Common_Rust (315).JPG,15742,1
/Applications/XAMPP/xamppfiles/htdocs/cmu_aiot/leaf workshop/corn_dataset/Blight/Corn_Blight (800).JPG,corn,Blight,Blight,Corn_Blight (800).JPG,12414,0
/Applications/XAMPP/xamppfiles/htdocs/cmu_aiot/leaf workshop/corn_dataset/Blight/Corn_Blight (395).JPG,corn,Blight,Blight,Corn_Blight (395).JPG,14203,0
/Applications/XAMPP/xamppfiles/htdocs/cmu_aiot/leaf workshop/corn_dataset/Healthy/Corn_Health (725).jpg,corn,Healthy,Healthy,Corn_Health (725).jpg,9777,3
/Applications/XAMPP/xamppfiles/htdocs/cmu_aiot/leaf workshop/corn_dataset/Gray_Leaf_Spot/Corn_Gray_Spot (488).JPG,corn,Gray_Leaf_Spot,Gray_Leaf_Spot,Corn_Gray_Spot (488).JPG,18872,2
/Applications/XAMPP/xamppfiles/htdocs/cmu_aiot/leaf workshop/corn_dataset/Healthy/Corn_Health (1128).jpg,corn,Healthy,Healthy,Corn_Health (1128).jpg,9478,3
/Applications/XAMPP/xamppfiles/htdocs/cmu_aiot/leaf workshop/corn_dataset/Common_Rust/Corn_Common_Rust (70).jpg,corn,Common_Rust,Common_Rust,Corn_Common_Rust (70).jpg,124800,1
/Applications/XAMPP/xamppfiles/htdocs/cmu_aiot/leaf workshop/corn_dataset/Healthy/Corn_Health (87).jpg,corn,Healthy,Healthy,Corn_Health (87).jpg,17704,3
/Applications/XAMPP/xamppfiles/htdocs/cmu_aiot/leaf workshop/corn_dataset/Healthy/Corn_Health (92).jpg,corn,Healthy,Healthy,Corn_Health (92).jpg,8730,3
/Applications/XAMPP/xamppfiles/htdocs/cmu_aiot/leaf workshop/corn_dataset/Healthy/Corn_Health (20).jpg,corn,Healthy,Healthy,Corn_Health (20).jpg,10619,3
/Applications/XAMPP/xamppfiles/htdocs/cmu_aiot/leaf workshop/corn_dataset/Blight/Corn_Blight (463).JPG,corn,Blight,Blight,Corn_Blight (463).JPG,12528,0
/Applications/XAMPP/xamppfiles/htdocs/cmu_aiot/leaf workshop/corn_dataset/Common_Rust/Corn_Common_Rust (155).JPG,corn,Common_Rust,Common_Rust,Corn_Common_Rust (155).JPG,17356,1
/Applications/XAMPP/xamppfiles/htdocs/cmu_aiot/leaf workshop/corn_dataset/Common_Rust/Corn_Common_Rust (677).JPG,corn,Common_Rust,Common_Rust,Corn_Common_Rust (677).JPG,14732,1
/Applications/XAMPP/xamppfiles/htdocs/cmu_aiot/leaf workshop/corn_dataset/Healthy/Corn_Health (218).jpg,corn,Healthy,Healthy,Corn_Health (218).jpg,7928,3
/Applications/XAMPP/xamppfiles/htdocs/cmu_aiot/leaf workshop/corn_dataset/Blight/Corn_Blight (684).JPG,corn,Blight,Blight,Corn_Blight (684).JPG,16686,0
/Applications/XAMPP/xamppfiles/htdocs/cmu_aiot/leaf workshop/corn_dataset/Blight/Corn_Blight (401).JPG,corn,Blight,Blight,Corn_Blight (401).JPG,11299,0
/Applications/XAMPP/xamppfiles/htdocs/cmu_aiot/leaf workshop/corn_dataset/Common_Rust/Corn_Common_Rust (111).JPG,corn,Common_Rust,Common_Rust,Corn_Common_Rust (111).JPG,13406,1
/Applications/XAMPP/xamppfiles/htdocs/cmu_aiot/leaf workshop/corn_dataset/Blight/Corn_Blight (43).jpg,corn,Blight,Blight,Corn_Blight (43).jpg,46983,0
/Applications/XAMPP/xamppfiles/htdocs/cmu_aiot/leaf workshop/corn_dataset/Healthy/Corn_Health (483).jpg,corn,Healthy,Healthy,Corn_Health (483).jpg,6813,3
/Applications/XAMPP/xamppfiles/htdocs/cmu_aiot/leaf workshop/corn_dataset/Common_Rust/Corn_Common_Rust (260).JPG,corn,Common_Rust,Common_Rust,Corn_Common_Rust (260).JPG,13251,1
/Applications/XAMPP/xamppfiles/htdocs/cmu_aiot/leaf workshop/corn_dataset/Blight/Corn_Blight (272).JPG,corn,Blight,Blight,Corn_Blight (272).JPG,12750,0
/Applications/XAMPP/xamppfiles/htdocs/cmu_aiot/leaf workshop/corn_dataset/Blight/Corn_Blight (80).jpg,corn,Blight,Blight,Corn_Blight (80).jpg,90531,0
/Applications/XAMPP/xamppfiles/htdocs/cmu_aiot/leaf workshop/corn_dataset/Healthy/Corn_Health (128).jpg,corn,Healthy,Healthy,Corn_Health (128).jpg,10754,3
/Applications/XAMPP/xamppfiles/htdocs/cmu_aiot/leaf workshop/corn_dataset/Healthy/Corn_Health (668).jpg,corn,Healthy,Healthy,Corn_Health (668).jpg,7588,3
/Applications/XAMPP/xamppfiles/htdocs/cmu_aiot/leaf workshop/corn_dataset/Healthy/Corn_Health (169).jpg,corn,Healthy,Healthy,Corn_Health (169).jpg,8225,3
/Applications/XAMPP/xamppfiles/htdocs/cmu_aiot/leaf workshop/corn_dataset/Blight/Corn_Blight (468).JPG,corn,Blight,Blight,Corn_Blight (468).JPG,17161,0
/Applications/XAMPP/xamppfiles/htdocs/cmu_aiot/leaf workshop/corn_dataset/Healthy/Corn_Health (615).jpg,corn,Healthy,Healthy,Corn_Health (615).jpg,7840,3
/Applications/XAMPP/xamppfiles/htdocs/cmu_aiot/leaf workshop/corn_dataset/Healthy/Corn_Health (291).jpg,corn,Healthy,Healthy,Corn_Health (291).jpg,14836,3
/Applications/XAMPP/xamppfiles/htdocs/cmu_aiot/leaf workshop/corn_dataset/Blight/Corn_Blight (29).jpg,corn,Blight,Blight,Corn_Blight (29).jpg,106355,0
/Applications/XAMPP/xamppfiles/htdocs/cmu_aiot/leaf workshop/corn_dataset/Common_Rust/Corn_Common_Rust (1165).JPG,corn,Common_Rust,Common_Rust,Corn_Common_Rust (1165).JPG,13873,1
/Applications/XAMPP/xamppfiles/htdocs/cmu_aiot/leaf workshop/corn_dataset/Blight/Corn_Blight (447).JPG,corn,Blight,Blight,Corn_Blight (447).JPG,12413,0
/Applications/XAMPP/xamppfiles/htdocs/cmu_aiot/leaf workshop/corn_dataset/Healthy/Corn_Health (954).jpg,corn,Healthy,Healthy,Corn_Health (954).jpg,11798,3
/Applications/XAMPP/xamppfiles/htdocs/cmu_aiot/leaf workshop/corn_dataset/Common_Rust/Corn_Common_Rust (418).JPG,corn,Common_Rust,Common_Rust,Corn_Common_Rust (418).JPG,13712,1
/Applications/XAMPP/xamppfiles/htdocs/cmu_aiot/leaf workshop/corn_dataset/Blight/Corn_Blight (656).JPG,corn,Blight,Blight,Corn_Blight (656).JPG,10034,0
/Applications/XAMPP/xamppfiles/htdocs/cmu_aiot/leaf workshop/corn_dataset/Healthy/Corn_Health (871).jpg,corn,Healthy,Healthy,Corn_Health (871).jpg,6781,3
/Applications/XAMPP/xamppfiles/htdocs/cmu_aiot/leaf workshop/corn_dataset/Blight/Corn_Blight (854).JPG,corn,Blight,Blight,Corn_Blight (854).JPG,13115,0
/Applications/XAMPP/xamppfiles/htdocs/cmu_aiot/leaf workshop/corn_dataset/Blight/Corn_Blight (279).JPG,corn,Blight,Blight,Corn_Blight (279).JPG,14447,0
/Applications/XAMPP/xamppfiles/htdocs/cmu_aiot/leaf workshop/corn_dataset/Common_Rust/Corn_Common_Rust (472).JPG,corn,Common_Rust,Common_Rust,Corn_Common_Rust (472).JPG,12817,1
/Applications/XAMPP/xamppfiles/htdocs/cmu_aiot/leaf workshop/corn_dataset/Common_Rust/Corn_Common_Rust (538).JPG,corn,Common_Rust,Common_Rust,Corn_Common_Rust (538).JPG,10097,1
/Applications/XAMPP/xamppfiles/htdocs/cmu_aiot/leaf workshop/corn_dataset/Blight/Corn_Blight (509).JPG,corn,Blight,Blight,Corn_Blight (509).JPG,14271,0
/Applications/XAMPP/xamppfiles/htdocs/cmu_aiot/leaf workshop/corn_dataset/Healthy/Corn_Health (726).jpg,corn,Healthy,Healthy,Corn_Health (726).jpg,16369,3
/Applications/XAMPP/xamppfiles/htdocs/cmu_aiot/leaf workshop/corn_dataset/Healthy/Corn_Health (1023).jpg,corn,Healthy,Healthy,Corn_Health (1023).jpg,9188,3
/Applications/XAMPP/xamppfiles/htdocs/cmu_aiot/leaf workshop/corn_dataset/Gray_Leaf_Spot/Corn_Gray_Spot (59).JPG,corn,Gray_Leaf_Spot,Gray_Leaf_Spot,Corn_Gray_Spot (59).JPG,15821,2
/Applications/XAMPP/xamppfiles/htdocs/cmu_aiot/leaf workshop/corn_dataset/Healthy/Corn_Health (112).jpg,corn,Healthy,Healthy,Corn_Health (112).jpg,5509,3
/Applications/XAMPP/xamppfiles/htdocs/cmu_aiot/leaf workshop/corn_dataset/Healthy/Corn_Health (327).jpg,corn,Healthy,Healthy,Corn_Health (327).jpg,6908,3
/Applications/XAMPP/xamppfiles/htdocs/cmu_aiot/leaf workshop/corn_dataset/Healthy/Corn_Health (213).jpg,corn,Healthy,Healthy,Corn_Health (213).jpg,11360,3
/Applications/XAMPP/xamppfiles/htdocs/cmu_aiot/leaf workshop/corn_dataset/Healthy/Corn_Health (508).jpg,corn,Healthy,Healthy,Corn_Health (508).jpg,11994,3
/Applications/XAMPP/xamppfiles/htdocs/cmu_aiot/leaf workshop/corn_dataset/Gray_Leaf_Spot/Corn_Gray_Spot (264).JPG,corn,Gray_Leaf_Spot,Gray_Leaf_Spot,Corn_Gray_Spot (264).JPG,20168,2
/Applications/XAMPP/xamppfiles/htdocs/cmu_aiot/leaf workshop/corn_dataset/Blight/Corn_Blight (537).JPG,corn,Blight,Blight,Corn_Blight (537).JPG,14928,0
/Applications/XAMPP/xamppfiles/htdocs/cmu_aiot/leaf workshop/corn_dataset/Blight/Corn_Blight (646).jpg,corn,Blight,Blight,Corn_Blight (646).jpg,13059,0
/Applications/XAMPP/xamppfiles/htdocs/cmu_aiot/leaf workshop/corn_dataset/Blight/Corn_Blight (850).JPG,corn,Blight,Blight,Corn_Blight (850).JPG,12871,0
/Applications/XAMPP/xamppfiles/htdocs/cmu_aiot/leaf workshop/corn_dataset/Blight/Corn_Blight (952).JPG,corn,Blight,Blight,Corn_Blight (952).JPG,13749,0
/Applications/XAMPP/xamppfiles/htdocs/cmu_aiot/leaf workshop/corn_dataset/Gray_Leaf_Spot/Corn_Gray_Spot (393).jpg,corn,Gray_Leaf_Spot,Gray_Leaf_Spot,Corn_Gray_Spot (393).jpg,14737,2
/Applications/XAMPP/xamppfiles/htdocs/cmu_aiot/leaf workshop/corn_dataset/Gray_Leaf_Spot/Corn_Gray_Spot (66).JPG,corn,Gray_Leaf_Spot,Gray_Leaf_Spot,Corn_Gray_Spot (66).JPG,15632,2
/Applications/XAMPP/xamppfiles/htdocs/cmu_aiot/leaf workshop/corn_dataset/Common_Rust/Corn_Common_Rust (293).JPG,corn,Common_Rust,Common_Rust,Corn_Common_Rust (293).JPG,12500,1
/Applications/XAMPP/xamppfiles/htdocs/cmu_aiot/leaf workshop/corn_dataset/Blight/Corn_Blight (371).JPG,corn,Blight,Blight,Corn_Blight (371).JPG,12592,0
/Applications/XAMPP/xamppfiles/htdocs/cmu_aiot/leaf workshop/corn_dataset/Blight/Corn_Blight (1052).JPG,corn,Blight,Blight,Corn_Blight (1052).JPG,15076,0
/Applications/XAMPP/xamppfiles/htdocs/cmu_aiot/leaf workshop/corn_dataset/Gray_Leaf_Spot/Corn_Gray_Spot (74).JPG,corn,Gray_Leaf_Spot,Gray_Leaf_Spot,Corn_Gray_Spot (74).JPG,16030,2
/Applications/XAMPP/xamppfiles/htdocs/cmu_aiot/leaf workshop/corn_dataset/Common_Rust/Corn_Common_Rust (120).JPG,corn,Common_Rust,Common_Rust,Corn_Common_Rust (120).JPG,15414,1
/Applications/XAMPP/xamppfiles/htdocs/cmu_aiot/leaf workshop/corn_dataset/Gray_Leaf_Spot/Corn_Gray_Spot (550).JPG,corn,Gray_Leaf_Spot,Gray_Leaf_Spot,Corn_Gray_Spot (550).JPG,13828,2
/Applications/XAMPP/xamppfiles/htdocs/cmu_aiot/leaf workshop/corn_dataset/Gray_Leaf_Spot/Corn_Gray_Spot (241).JPG,corn,Gray_Leaf_Spot,Gray_Leaf_Spot,Corn_Gray_Spot (241).JPG,20264,2
/Applications/XAMPP/xamppfiles/htdocs/cmu_aiot/leaf workshop/corn_dataset/Healthy/Corn_Health (320).jpg,corn,Healthy,Healthy,Corn_Health (320).jpg,12915,3
/Applications/XAMPP/xamppfiles/htdocs/cmu_aiot/leaf workshop/corn_dataset/Healthy/Corn_Health (809).jpg,corn,Healthy,Healthy,Corn_Health (809).jpg,11805,3
/Applications/XAMPP/xamppfiles/htdocs/cmu_aiot/leaf workshop/corn_dataset/Blight/Corn_Blight (311).JPG,corn,Blight,Blight,Corn_Blight (311).JPG,13595,0
/Applications/XAMPP/xamppfiles/htdocs/cmu_aiot/leaf workshop/corn_dataset/Gray_Leaf_Spot/Corn_Gray_Spot (278).JPG,corn,Gray_Leaf_Spot,Gray_Leaf_Spot,Corn_Gray_Spot (278).JPG,19069,2
/Applications/XAMPP/xamppfiles/htdocs/cmu_aiot/leaf workshop/corn_dataset/Blight/Corn_Blight (794).JPG,corn,Blight,Blight,Corn_Blight (794).JPG,17038,0
/Applications/XAMPP/xamppfiles/htdocs/cmu_aiot/leaf workshop/corn_dataset/Healthy/Corn_Health (492).jpg,corn,Healthy,Healthy,Corn_Health (492).jpg,10670,3
/Applications/XAMPP/xamppfiles/htdocs/cmu_aiot/leaf workshop/corn_dataset/Healthy/Corn_Health (136).jpg,corn,Healthy,Healthy,Corn_Health (136).jpg,17858,3
/Applications/XAMPP/xamppfiles/htdocs/cmu_aiot/leaf workshop/corn_dataset/Blight/Corn_Blight (1129).jpg,corn,Blight,Blight,Corn_Blight (1129).jpg,35427,0
/Applications/XAMPP/xamppfiles/htdocs/cmu_aiot/leaf workshop/corn_dataset/Healthy/Corn_Health (120).jpg,corn,Healthy,Healthy,Corn_Health (120).jpg,6046,3
/Applications/XAMPP/xamppfiles/htdocs/cmu_aiot/leaf workshop/corn_dataset/Healthy/Corn_Health (1160).jpg,corn,Healthy,Healthy,Corn_Health (1160).jpg,7501,3
/Applications/XAMPP/xamppfiles/htdocs/cmu_aiot/leaf workshop/corn_dataset/Common_Rust/Corn_Common_Rust (623).JPG,corn,Common_Rust,Common_Rust,Corn_Common_Rust (623).JPG,14705,1
/Applications/XAMPP/xamppfiles/htdocs/cmu_aiot/leaf workshop/corn_dataset/Blight/Corn_Blight (856).JPG,corn,Blight,Blight,Corn_Blight (856).JPG,17886,0
/Applications/XAMPP/xamppfiles/htdocs/cmu_aiot/leaf workshop/corn_dataset/Blight/Corn_Blight (1120).jpg,corn,Blight,Blight,Corn_Blight (1120).jpg,47779,0
/Applications/XAMPP/xamppfiles/htdocs/cmu_aiot/leaf workshop/corn_dataset/Common_Rust/Corn_Common_Rust (590).JPG,corn,Common_Rust,Common_Rust,Corn_Common_Rust (590).JPG,15571,1
/Applications/XAMPP/xamppfiles/htdocs/cmu_aiot/leaf workshop/corn_dataset/Blight/Corn_Blight (492).JPG,corn,Blight,Blight,Corn_Blight (492).JPG,14570,0
/Applications/XAMPP/xamppfiles/htdocs/cmu_aiot/leaf workshop/corn_dataset/Gray_Leaf_Spot/Corn_Gray_Spot (453).JPG,corn,Gray_Leaf_Spot,Gray_Leaf_Spot,Corn_Gray_Spot (453).JPG,12476,2
/Applications/XAMPP/xamppfiles/htdocs/cmu_aiot/leaf workshop/corn_dataset/Blight/Corn_Blight (604).JPG,corn,Blight,Blight,Corn_Blight (604).JPG,15469,0
/Applications/XAMPP/xamppfiles/htdocs/cmu_aiot/leaf workshop/corn_dataset/Common_Rust/Corn_Common_Rust (535).JPG,corn,Common_Rust,Common_Rust,Corn_Common_Rust (535).JPG,15539,1
/Applications/XAMPP/xamppfiles/htdocs/cmu_aiot/leaf workshop/corn_dataset/Healthy/Corn_Health (886).jpg,corn,Healthy,Healthy,Corn_Health (886).jpg,9725,3
/Applications/XAMPP/xamppfiles/htdocs/cmu_aiot/leaf workshop/corn_dataset/Gray_Leaf_Spot/Corn_Gray_Spot (335).jpg,corn,Gray_Leaf_Spot,Gray_Leaf_Spot,Corn_Gray_Spot (335).jpg,16726,2
/Applications/XAMPP/xamppfiles/htdocs/cmu_aiot/leaf workshop/corn_dataset/Blight/Corn_Blight (410).JPG,corn,Blight,Blight,Corn_Blight (410).JPG,13595,0
/Applications/XAMPP/xamppfiles/htdocs/cmu_aiot/leaf workshop/corn_dataset/Healthy/Corn_Health (715).jpg,corn,Healthy,Healthy,Corn_Health (715).jpg,13924,3
/Applications/XAMPP/xamppfiles/htdocs/cmu_aiot/leaf workshop/corn_dataset/Common_Rust/Corn_Common_Rust (310).JPG,corn,Common_Rust,Common_Rust,Corn_Common_Rust (310).JPG,17819,1
/Applications/XAMPP/xamppfiles/htdocs/cmu_aiot/leaf workshop/corn_dataset/Gray_Leaf_Spot/Corn_Gray_Spot (30).jpg,corn,Gray_Leaf_Spot,Gray_Leaf_Spot,Corn_Gray_Spot (30).jpg,37266,2
/Applications/XAMPP/xamppfiles/htdocs/cmu_aiot/leaf workshop/corn_dataset/Gray_Leaf_Spot/Corn_Gray_Spot (256).jpg,corn,Gray_Leaf_Spot,Gray_Leaf_Spot,Corn_Gray_Spot (256).jpg,12812,2
/Applications/XAMPP/xamppfiles/htdocs/cmu_aiot/leaf workshop/corn_dataset/Common_Rust/Corn_Common_Rust (1013).JPG,corn,Common_Rust,Common_Rust,Corn_Common_Rust (1013).JPG,16188,1
/Applications/XAMPP/xamppfiles/htdocs/cmu_aiot/leaf workshop/corn_dataset/Common_Rust/Corn_Common_Rust (570).JPG,corn,Common_Rust,Common_Rust,Corn_Common_Rust (570).JPG,14936,1
/Applications/XAMPP/xamppfiles/htdocs/cmu_aiot/leaf workshop/corn_dataset/Gray_Leaf_Spot/Corn_Gray_Spot (86).JPG,corn,Gray_Leaf_Spot,Gray_Leaf_Spot,Corn_Gray_Spot (86).JPG,17205,2
/Applications/XAMPP/xamppfiles/htdocs/cmu_aiot/leaf workshop/corn_dataset/Common_Rust/Corn_Common_Rust (1098).JPG,corn,Common_Rust,Common_Rust,Corn_Common_Rust (1098).JPG,11480,1
/Applications/XAMPP/xamppfiles/htdocs/cmu_aiot/leaf workshop/corn_dataset/Healthy/Corn_Health (388).jpg,corn,Healthy,Healthy,Corn_Health (388).jpg,7953,3
/Applications/XAMPP/xamppfiles/htdocs/cmu_aiot/leaf workshop/corn_dataset/Common_Rust/Corn_Common_Rust (422).JPG,corn,Common_Rust,Common_Rust,Corn_Common_Rust (422).JPG,11069,1
/Applications/XAMPP/xamppfiles/htdocs/cmu_aiot/leaf workshop/corn_dataset/Common_Rust/Corn_Common_Rust (689).JPG,corn,Common_Rust,Common_Rust,Corn_Common_Rust (689).JPG,17113,1
/Applications/XAMPP/xamppfiles/htdocs/cmu_aiot/leaf workshop/corn_dataset/Healthy/Corn_Health (953).jpg,corn,Healthy,Healthy,Corn_Health (953).jpg,8154,3
/Applications/XAMPP/xamppfiles/htdocs/cmu_aiot/leaf workshop/corn_dataset/Common_Rust/Corn_Common_Rust (648).JPG,corn,Common_Rust,Common_Rust,Corn_Common_Rust (648).JPG,17992,1
/Applications/XAMPP/xamppfiles/htdocs/cmu_aiot/leaf workshop/corn_dataset/Healthy/Corn_Health (1046).jpg,corn,Healthy,Healthy,Corn_Health (1046).jpg,11900,3
/Applications/XAMPP/xamppfiles/htdocs/cmu_aiot/leaf workshop/corn_dataset/Gray_Leaf_Spot/Corn_Gray_Spot (35).jpg,corn,Gray_Leaf_Spot,Gray_Leaf_Spot,Corn_Gray_Spot (35).jpg,96203,2
/Applications/XAMPP/xamppfiles/htdocs/cmu_aiot/leaf workshop/corn_dataset/Blight/Corn_Blight (181).JPG,corn,Blight,Blight,Corn_Blight (181).JPG,14863,0
/Applications/XAMPP/xamppfiles/htdocs/cmu_aiot/leaf workshop/corn_dataset/Blight/Corn_Blight (1087).JPG,corn,Blight,Blight,Corn_Blight (1087).JPG,12128,0
/Applications/XAMPP/xamppfiles/htdocs/cmu_aiot/leaf workshop/corn_dataset/Gray_Leaf_Spot/Corn_Gray_Spot (263).JPG,corn,Gray_Leaf_Spot,Gray_Leaf_Spot,Corn_Gray_Spot (263).JPG,16810,2
/Applications/XAMPP/xamppfiles/htdocs/cmu_aiot/leaf workshop/corn_dataset/Healthy/Corn_Health (842).jpg,corn,Healthy,Healthy,Corn_Health (842).jpg,9956,3
/Applications/XAMPP/xamppfiles/htdocs/cmu_aiot/leaf workshop/corn_dataset/Blight/Corn_Blight (771).JPG,corn,Blight,Blight,Corn_Blight (771).JPG,9653,0
/Applications/XAMPP/xamppfiles/htdocs/cmu_aiot/leaf workshop/corn_dataset/Blight/Corn_Blight (225).JPG,corn,Blight,Blight,Corn_Blight (225).JPG,16078,0
/Applications/XAMPP/xamppfiles/htdocs/cmu_aiot/leaf workshop/corn_dataset/Common_Rust/Corn_Common_Rust (691).JPG,corn,Common_Rust,Common_Rust,Corn_Common_Rust (691).JPG,12302,1
/Applications/XAMPP/xamppfiles/htdocs/cmu_aiot/leaf workshop/corn_dataset/Common_Rust/Corn_Common_Rust (294).JPG,corn,Common_Rust,Common_Rust,Corn_Common_Rust (294).JPG,18614,1
/Applications/XAMPP/xamppfiles/htdocs/cmu_aiot/leaf workshop/corn_dataset/Healthy/Corn_Health (1038).jpg,corn,Healthy,Healthy,Corn_Health (1038).jpg,16765,3
/Applications/XAMPP/xamppfiles/htdocs/cmu_aiot/leaf workshop/corn_dataset/Common_Rust/Corn_Common_Rust (291).JPG,corn,Common_Rust,Common_Rust,Corn_Common_Rust (291).JPG,16221,1
/Applications/XAMPP/xamppfiles/htdocs/cmu_aiot/leaf workshop/corn_dataset/Blight/Corn_Blight (199).JPG,corn,Blight,Blight,Corn_Blight (199).JPG,9707,0
/Applications/XAMPP/xamppfiles/htdocs/cmu_aiot/leaf workshop/corn_dataset/Common_Rust/Corn_Common_Rust (209).JPG,corn,Common_Rust,Common_Rust,Corn_Common_Rust (209).JPG,13170,1
/Applications/XAMPP/xamppfiles/htdocs/cmu_aiot/leaf workshop/corn_dataset/Healthy/Corn_Health (448).jpg,corn,Healthy,Healthy,Corn_Health (448).jpg,10538,3
/Applications/XAMPP/xamppfiles/htdocs/cmu_aiot/leaf workshop/corn_dataset/Gray_Leaf_Spot/Corn_Gray_Spot (173).JPG,corn,Gray_Leaf_Spot,Gray_Leaf_Spot,Corn_Gray_Spot (173).JPG,21185,2
/Applications/XAMPP/xamppfiles/htdocs/cmu_aiot/leaf workshop/corn_dataset/Healthy/Corn_Health (534).jpg,corn,Healthy,Healthy,Corn_Health (534).jpg,11153,3
/Applications/XAMPP/xamppfiles/htdocs/cmu_aiot/leaf workshop/corn_dataset/Healthy/Corn_Health (991).jpg,corn,Healthy,Healthy,Corn_Health (991).jpg,7232,3
/Applications/XAMPP/xamppfiles/htdocs/cmu_aiot/leaf workshop/corn_dataset/Blight/Corn_Blight (222).JPG,corn,Blight,Blight,Corn_Blight (222).JPG,13984,0
/Applications/XAMPP/xamppfiles/htdocs/cmu_aiot/leaf workshop/corn_dataset/Healthy/Corn_Health (1000).jpg,corn,Healthy,Healthy,Corn_Health (1000).jpg,4907,3
/Applications/XAMPP/xamppfiles/htdocs/cmu_aiot/leaf workshop/corn_dataset/Healthy/Corn_Health (652).jpg,corn,Healthy,Healthy,Corn_Health (652).jpg,11676,3
/Applications/XAMPP/xamppfiles/htdocs/cmu_aiot/leaf workshop/corn_dataset/Blight/Corn_Blight (803).JPG,corn,Blight,Blight,Corn_Blight (803).JPG,13248,0
/Applications/XAMPP/xamppfiles/htdocs/cmu_aiot/leaf workshop/corn_dataset/Common_Rust/Corn_Common_Rust (735).JPG,corn,Common_Rust,Common_Rust,Corn_Common_Rust (735).JPG,15994,1
/Applications/XAMPP/xamppfiles/htdocs/cmu_aiot/leaf workshop/corn_dataset/Blight/Corn_Blight (442).JPG,corn,Blight,Blight,Corn_Blight (442).JPG,15771,0
/Applications/XAMPP/xamppfiles/htdocs/cmu_aiot/leaf workshop/corn_dataset/Blight/Corn_Blight (910).JPG,corn,Blight,Blight,Corn_Blight (910).JPG,13876,0
/Applications/XAMPP/xamppfiles/htdocs/cmu_aiot/leaf workshop/corn_dataset/Common_Rust/Corn_Common_Rust (506).JPG,corn,Common_Rust,Common_Rust,Corn_Common_Rust (506).JPG,11297,1
/Applications/XAMPP/xamppfiles/htdocs/cmu_aiot/leaf workshop/corn_dataset/Gray_Leaf_Spot/Corn_Gray_Spot (318).JPG,corn,Gray_Leaf_Spot,Gray_Leaf_Spot,Corn_Gray_Spot (318).JPG,12969,2
/Applications/XAMPP/xamppfiles/htdocs/cmu_aiot/leaf workshop/corn_dataset/Healthy/Corn_Health (358).jpg,corn,Healthy,Healthy,Corn_Health (358).jpg,7520,3
/Applications/XAMPP/xamppfiles/htdocs/cmu_aiot/leaf workshop/corn_dataset/Healthy/Corn_Health (385).jpg,corn,Healthy,Healthy,Corn_Health (385).jpg,7039,3
/Applications/XAMPP/xamppfiles/htdocs/cmu_aiot/leaf workshop/corn_dataset/Healthy/Corn_Health (131).jpg,corn,Healthy,Healthy,Corn_Health (131).jpg,8828,3
/Applications/XAMPP/xamppfiles/htdocs/cmu_aiot/leaf workshop/corn_dataset/Blight/Corn_Blight (971).JPG,corn,Blight,Blight,Corn_Blight (971).JPG,15129,0
/Applications/XAMPP/xamppfiles/htdocs/cmu_aiot/leaf workshop/corn_dataset/Healthy/Corn_Health (115).jpg,corn,Healthy,Healthy,Corn_Health (115).jpg,14234,3
/Applications/XAMPP/xamppfiles/htdocs/cmu_aiot/leaf workshop/corn_dataset/Gray_Leaf_Spot/Corn_Gray_Spot (439).JPG,corn,Gray_Leaf_Spot,Gray_Leaf_Spot,Corn_Gray_Spot (439).JPG,16165,2
/Applications/XAMPP/xamppfiles/htdocs/cmu_aiot/leaf workshop/corn_dataset/Blight/Corn_Blight (342).JPG,corn,Blight,Blight,Corn_Blight (342).JPG,16175,0
/Applications/XAMPP/xamppfiles/htdocs/cmu_aiot/leaf workshop/corn_dataset/Blight/Corn_Blight (535).JPG,corn,Blight,Blight,Corn_Blight (535).JPG,16776,0
/Applications/XAMPP/xamppfiles/htdocs/cmu_aiot/leaf workshop/corn_dataset/Gray_Leaf_Spot/Corn_Gray_Spot (568).jpg,corn,Gray_Leaf_Spot,Gray_Leaf_Spot,Corn_Gray_Spot (568).jpg,116910,2
/Applications/XAMPP/xamppfiles/htdocs/cmu_aiot/leaf workshop/corn_dataset/Healthy/Corn_Health (665).jpg,corn,Healthy,Healthy,Corn_Health (665).jpg,11104,3
/Applications/XAMPP/xamppfiles/htdocs/cmu_aiot/leaf workshop/corn_dataset/Healthy/Corn_Health (987).jpg,corn,Healthy,Healthy,Corn_Health (987).jpg,13012,3
/Applications/XAMPP/xamppfiles/htdocs/cmu_aiot/leaf workshop/corn_dataset/Common_Rust/Corn_Common_Rust (1061).JPG,corn,Common_Rust,Common_Rust,Corn_Common_Rust (1061).JPG,13806,1
/Applications/XAMPP/xamppfiles/htdocs/cmu_aiot/leaf workshop/corn_dataset/Common_Rust/Corn_Common_Rust (213).JPG,corn,Common_Rust,Common_Rust,Corn_Common_Rust (213).JPG,15916,1
/Applications/XAMPP/xamppfiles/htdocs/cmu_aiot/leaf workshop/corn_dataset/Common_Rust/Corn_Common_Rust (1068).JPG,corn,Common_Rust,Common_Rust,Corn_Common_Rust (1068).JPG,15080,1
/Applications/XAMPP/xamppfiles/htdocs/cmu_aiot/leaf workshop/corn_dataset/Blight/Corn_Blight (543).JPG,corn,Blight,Blight,Corn_Blight (543).JPG,12830,0
/Applications/XAMPP/xamppfiles/htdocs/cmu_aiot/leaf workshop/corn_dataset/Healthy/Corn_Health (260).jpg,corn,Healthy,Healthy,Corn_Health (260).jpg,15470,3
/Applications/XAMPP/xamppfiles/htdocs/cmu_aiot/leaf workshop/corn_dataset/Gray_Leaf_Spot/Corn_Gray_Spot (215).jpg,corn,Gray_Leaf_Spot,Gray_Leaf_Spot,Corn_Gray_Spot (215).jpg,13573,2
/Applications/XAMPP/xamppfiles/htdocs/cmu_aiot/leaf workshop/corn_dataset/Blight/Corn_Blight (1108).jpg,corn,Blight,Blight,Corn_Blight (1108).jpg,35944,0
/Applications/XAMPP/xamppfiles/htdocs/cmu_aiot/leaf workshop/corn_dataset/Blight/Corn_Blight (578).JPG,corn,Blight,Blight,Corn_Blight (578).JPG,11198,0
/Applications/XAMPP/xamppfiles/htdocs/cmu_aiot/leaf workshop/corn_dataset/Blight/Corn_Blight (819).JPG,corn,Blight,Blight,Corn_Blight (819).JPG,14805,0
/Applications/XAMPP/xamppfiles/htdocs/cmu_aiot/leaf workshop/corn_dataset/Gray_Leaf_Spot/Corn_Gray_Spot (388).JPG,corn,Gray_Leaf_Spot,Gray_Leaf_Spot,Corn_Gray_Spot (388).JPG,12784,2
/Applications/XAMPP/xamppfiles/htdocs/cmu_aiot/leaf workshop/corn_dataset/Healthy/Corn_Health (426).jpg,corn,Healthy,Healthy,Corn_Health (426).jpg,12259,3
/Applications/XAMPP/xamppfiles/htdocs/cmu_aiot/leaf workshop/corn_dataset/Blight/Corn_Blight (273).JPG,corn,Blight,Blight,Corn_Blight (273).JPG,18834,0
/Applications/XAMPP/xamppfiles/htdocs/cmu_aiot/leaf workshop/corn_dataset/Healthy/Corn_Health (558).jpg,corn,Healthy,Healthy,Corn_Health (558).jpg,12520,3
/Applications/XAMPP/xamppfiles/htdocs/cmu_aiot/leaf workshop/corn_dataset/Blight/Corn_Blight (464).JPG,corn,Blight,Blight,Corn_Blight (464).JPG,12768,0
/Applications/XAMPP/xamppfiles/htdocs/cmu_aiot/leaf workshop/corn_dataset/Blight/Corn_Blight (709).jpg,corn,Blight,Blight,Corn_Blight (709).jpg,14418,0
/Applications/XAMPP/xamppfiles/htdocs/cmu_aiot/leaf workshop/corn_dataset/Common_Rust/Corn_Common_Rust (57).jpg,corn,Common_Rust,Common_Rust,Corn_Common_Rust (57).jpg,205687,1
/Applications/XAMPP/xamppfiles/htdocs/cmu_aiot/leaf workshop/corn_dataset/Blight/Corn_Blight (93).jpg,corn,Blight,Blight,Corn_Blight (93).jpg,56239,0
/Applications/XAMPP/xamppfiles/htdocs/cmu_aiot/leaf workshop/corn_dataset/Gray_Leaf_Spot/Corn_Gray_Spot (3).jpg,corn,Gray_Leaf_Spot,Gray_Leaf_Spot,Corn_Gray_Spot (3).jpg,73619,2
/Applications/XAMPP/xamppfiles/htdocs/cmu_aiot/leaf workshop/corn_dataset/Healthy/Corn_Health (979).jpg,corn,Healthy,Healthy,Corn_Health (979).jpg,12620,3
/Applications/XAMPP/xamppfiles/htdocs/cmu_aiot/leaf workshop/corn_dataset/Gray_Leaf_Spot/Corn_Gray_Spot (270).JPG,corn,Gray_Leaf_Spot,Gray_Leaf_Spot,Corn_Gray_Spot (270).JPG,12964,2
/Applications/XAMPP/xamppfiles/htdocs/cmu_aiot/leaf workshop/corn_dataset/Blight/Corn_Blight (159).JPG,corn,Blight,Blight,Corn_Blight (159).JPG,13742,0
/Applications/XAMPP/xamppfiles/htdocs/cmu_aiot/leaf workshop/corn_dataset/Blight/Corn_Blight (626).JPG,corn,Blight,Blight,Corn_Blight (626).JPG,12600,0
/Applications/XAMPP/xamppfiles/htdocs/cmu_aiot/leaf workshop/corn_dataset/Common_Rust/Corn_Common_Rust (539).JPG,corn,Common_Rust,Common_Rust,Corn_Common_Rust (539).JPG,11041,1
/Applications/XAMPP/xamppfiles/htdocs/cmu_aiot/leaf workshop/corn_dataset/Healthy/Corn_Health (738).jpg,corn,Healthy,Healthy,Corn_Health (738).jpg,15681,3
/Applications/XAMPP/xamppfiles/htdocs/cmu_aiot/leaf workshop/corn_dataset/Common_Rust/Corn_Common_Rust (622).JPG,corn,Common_Rust,Common_Rust,Corn_Common_Rust (622).JPG,14907,1
/Applications/XAMPP/xamppfiles/htdocs/cmu_aiot/leaf workshop/corn_dataset/Common_Rust/Corn_Common_Rust (483).JPG,corn,Common_Rust,Common_Rust,Corn_Common_Rust (483).JPG,12129,1
/Applications/XAMPP/xamppfiles/htdocs/cmu_aiot/leaf workshop/corn_dataset/Blight/Corn_Blight (583).JPG,corn,Blight,Blight,Corn_Blight (583).JPG,16934,0
/Applications/XAMPP/xamppfiles/htdocs/cmu_aiot/leaf workshop/corn_dataset/Blight/Corn_Blight (876).jpg,corn,Blight,Blight,Corn_Blight (876).jpg,15744,0
/Applications/XAMPP/xamppfiles/htdocs/cmu_aiot/leaf workshop/corn_dataset/Blight/Corn_Blight (383).JPG,corn,Blight,Blight,Corn_Blight (383).JPG,18208,0
/Applications/XAMPP/xamppfiles/htdocs/cmu_aiot/leaf workshop/corn_dataset/Healthy/Corn_Health (613).jpg,corn,Healthy,Healthy,Corn_Health (613).jpg,21293,3
/Applications/XAMPP/xamppfiles/htdocs/cmu_aiot/leaf workshop/corn_dataset/Blight/Corn_Blight (455).JPG,corn,Blight,Blight,Corn_Blight (455).JPG,16497,0
/Applications/XAMPP/xamppfiles/htdocs/cmu_aiot/leaf workshop/corn_dataset/Blight/Corn_Blight (1119).jpg,corn,Blight,Blight,Corn_Blight (1119).jpg,2271286,0
/Applications/XAMPP/xamppfiles/htdocs/cmu_aiot/leaf workshop/corn_dataset/Common_Rust/Corn_Common_Rust (1163).JPG,corn,Common_Rust,Common_Rust,Corn_Common_Rust (1163).JPG,14466,1
/Applications/XAMPP/xamppfiles/htdocs/cmu_aiot/leaf workshop/corn_dataset/Blight/Corn_Blight (973).jpg,corn,Blight,Blight,Corn_Blight (973).jpg,18560,0
/Applications/XAMPP/xamppfiles/htdocs/cmu_aiot/leaf workshop/corn_dataset/Healthy/Corn_Health (662).jpg,corn,Healthy,Healthy,Corn_Health (662).jpg,7101,3
/Applications/XAMPP/xamppfiles/htdocs/cmu_aiot/leaf workshop/corn_dataset/Common_Rust/Corn_Common_Rust (56).jpg,corn,Common_Rust,Common_Rust,Corn_Common_Rust (56).jpg,181969,1
/Applications/XAMPP/xamppfiles/htdocs/cmu_aiot/leaf workshop/corn_dataset/Blight/Corn_Blight (498).jpg,corn,Blight,Blight,Corn_Blight (498).jpg,12517,0
/Applications/XAMPP/xamppfiles/htdocs/cmu_aiot/leaf workshop/corn_dataset/Healthy/Corn_Health (495).jpg,corn,Healthy,Healthy,Corn_Health (495).jpg,10991,3
/Applications/XAMPP/xamppfiles/htdocs/cmu_aiot/leaf workshop/corn_dataset/Healthy/Corn_Health (546).jpg,corn,Healthy,Healthy,Corn_Health (546).jpg,9558,3
/Applications/XAMPP/xamppfiles/htdocs/cmu_aiot/leaf workshop/corn_dataset/Healthy/Corn_Health (625).jpg,corn,Healthy,Healthy,Corn_Health (625).jpg,8962,3
/Applications/XAMPP/xamppfiles/htdocs/cmu_aiot/leaf workshop/corn_dataset/Gray_Leaf_Spot/Corn_Gray_Spot (148).JPG,corn,Gray_Leaf_Spot,Gray_Leaf_Spot,Corn_Gray_Spot (148).JPG,20350,2
/Applications/XAMPP/xamppfiles/htdocs/cmu_aiot/leaf workshop/corn_dataset/Healthy/Corn_Health (451).jpg,corn,Healthy,Healthy,Corn_Health (451).jpg,12878,3
/Applications/XAMPP/xamppfiles/htdocs/cmu_aiot/leaf workshop/corn_dataset/Blight/Corn_Blight (571).JPG,corn,Blight,Blight,Corn_Blight (571).JPG,13395,0
/Applications/XAMPP/xamppfiles/htdocs/cmu_aiot/leaf workshop/corn_dataset/Blight/Corn_Blight (835).JPG,corn,Blight,Blight,Corn_Blight (835).JPG,14315,0
/Applications/XAMPP/xamppfiles/htdocs/cmu_aiot/leaf workshop/corn_dataset/Gray_Leaf_Spot/Corn_Gray_Spot (299).JPG,corn,Gray_Leaf_Spot,Gray_Leaf_Spot,Corn_Gray_Spot (299).JPG,17692,2
/Applications/XAMPP/xamppfiles/htdocs/cmu_aiot/leaf workshop/corn_dataset/Healthy/Corn_Health (830).jpg,corn,Healthy,Healthy,Corn_Health (830).jpg,11029,3
/Applications/XAMPP/xamppfiles/htdocs/cmu_aiot/leaf workshop/corn_dataset/Common_Rust/Corn_Common_Rust (198).JPG,corn,Common_Rust,Common_Rust,Corn_Common_Rust (198).JPG,12492,1
/Applications/XAMPP/xamppfiles/htdocs/cmu_aiot/leaf workshop/corn_dataset/Blight/Corn_Blight (677).jpg,corn,Blight,Blight,Corn_Blight (677).jpg,14849,0
/Applications/XAMPP/xamppfiles/htdocs/cmu_aiot/leaf workshop/corn_dataset/Healthy/Corn_Health (302).jpg,corn,Healthy,Healthy,Corn_Health (302).jpg,9342,3
/Applications/XAMPP/xamppfiles/htdocs/cmu_aiot/leaf workshop/corn_dataset/Common_Rust/Corn_Common_Rust (692).JPG,corn,Common_Rust,Common_Rust,Corn_Common_Rust (692).JPG,16817,1
/Applications/XAMPP/xamppfiles/htdocs/cmu_aiot/leaf workshop/corn_dataset/Blight/Corn_Blight (797).jpg,corn,Blight,Blight,Corn_Blight (797).jpg,13671,0
/Applications/XAMPP/xamppfiles/htdocs/cmu_aiot/leaf workshop/corn_dataset/Blight/Corn_Blight (380).JPG,corn,Blight,Blight,Corn_Blight (380).JPG,11534,0
/Applications/XAMPP/xamppfiles/htdocs/cmu_aiot/leaf workshop/corn_dataset/Common_Rust/Corn_Common_Rust (1195).JPG,corn,Common_Rust,Common_Rust,Corn_Common_Rust (1195).JPG,13567,1
/Applications/XAMPP/xamppfiles/htdocs/cmu_aiot/leaf workshop/corn_dataset/Common_Rust/Corn_Common_Rust (279).JPG,corn,Common_Rust,Common_Rust,Corn_Common_Rust (279).JPG,13902,1
/Applications/XAMPP/xamppfiles/htdocs/cmu_aiot/leaf workshop/corn_dataset/Healthy/Corn_Health (519).jpg,corn,Healthy,Healthy,Corn_Health (519).jpg,17375,3
/Applications/XAMPP/xamppfiles/htdocs/cmu_aiot/leaf workshop/corn_dataset/Blight/Corn_Blight (894).JPG,corn,Blight,Blight,Corn_Blight (894).JPG,16073,0
/Applications/XAMPP/xamppfiles/htdocs/cmu_aiot/leaf workshop/corn_dataset/Common_Rust/Corn_Common_Rust (1045).JPG,corn,Common_Rust,Common_Rust,Corn_Common_Rust (1045).JPG,14263,1
/Applications/XAMPP/xamppfiles/htdocs/cmu_aiot/leaf workshop/corn_dataset/Common_Rust/Corn_Common_Rust (109).JPG,corn,Common_Rust,Common_Rust,Corn_Common_Rust (109).JPG,13086,1
/Applications/XAMPP/xamppfiles/htdocs/cmu_aiot/leaf workshop/corn_dataset/Healthy/Corn_Health (829).jpg,corn,Healthy,Healthy,Corn_Health (829).jpg,10235,3
/Applications/XAMPP/xamppfiles/htdocs/cmu_aiot/leaf workshop/corn_dataset/Common_Rust/Corn_Common_Rust (32).jpg,corn,Common_Rust,Common_Rust,Corn_Common_Rust (32).jpg,246965,1
/Applications/XAMPP/xamppfiles/htdocs/cmu_aiot/leaf workshop/corn_dataset/Blight/Corn_Blight (906).jpg,corn,Blight,Blight,Corn_Blight (906).jpg,11788,0
/Applications/XAMPP/xamppfiles/htdocs/cmu_aiot/leaf workshop/corn_dataset/Healthy/Corn_Health (473).jpg,corn,Healthy,Healthy,Corn_Health (473).jpg,10731,3
/Applications/XAMPP/xamppfiles/htdocs/cmu_aiot/leaf workshop/corn_dataset/Blight/Corn_Blight (448).JPG,corn,Blight,Blight,Corn_Blight (448).JPG,15907,0
/Applications/XAMPP/xamppfiles/htdocs/cmu_aiot/leaf workshop/corn_dataset/Common_Rust/Corn_Common_Rust (647).JPG,corn,Common_Rust,Common_Rust,Corn_Common_Rust (647).JPG,19830,1
/Applications/XAMPP/xamppfiles/htdocs/cmu_aiot/leaf workshop/corn_dataset/Healthy/Corn_Health (180).jpg,corn,Healthy,Healthy,Corn_Health (180).jpg,11822,3
/Applications/XAMPP/xamppfiles/htdocs/cmu_aiot/leaf workshop/corn_dataset/Blight/Corn_Blight (687).JPG,corn,Blight,Blight,Corn_Blight (687).JPG,14434,0
/Applications/XAMPP/xamppfiles/htdocs/cmu_aiot/leaf workshop/corn_dataset/Blight/Corn_Blight (773).JPG,corn,Blight,Blight,Corn_Blight (773).JPG,15688,0
/Applications/XAMPP/xamppfiles/htdocs/cmu_aiot/leaf workshop/corn_dataset/Common_Rust/Corn_Common_Rust (317).JPG,corn,Common_Rust,Common_Rust,Corn_Common_Rust (317).JPG,14032,1
/Applications/XAMPP/xamppfiles/htdocs/cmu_aiot/leaf workshop/corn_dataset/Blight/Corn_Blight (670).JPG,corn,Blight,Blight,Corn_Blight (670).JPG,16227,0
/Applications/XAMPP/xamppfiles/htdocs/cmu_aiot/leaf workshop/corn_dataset/Common_Rust/Corn_Common_Rust (728).JPG,corn,Common_Rust,Common_Rust,Corn_Common_Rust (728).JPG,16642,1
/Applications/XAMPP/xamppfiles/htdocs/cmu_aiot/leaf workshop/corn_dataset/Blight/Corn_Blight (417).JPG,corn,Blight,Blight,Corn_Blight (417).JPG,13647,0
/Applications/XAMPP/xamppfiles/htdocs/cmu_aiot/leaf workshop/corn_dataset/Blight/Corn_Blight (716).JPG,corn,Blight,Blight,Corn_Blight (716).JPG,16862,0
/Applications/XAMPP/xamppfiles/htdocs/cmu_aiot/leaf workshop/corn_dataset/Blight/Corn_Blight (275).jpg,corn,Blight,Blight,Corn_Blight (275).jpg,18552,0
/Applications/XAMPP/xamppfiles/htdocs/cmu_aiot/leaf workshop/corn_dataset/Common_Rust/Corn_Common_Rust (258).JPG,corn,Common_Rust,Common_Rust,Corn_Common_Rust (258).JPG,14525,1
/Applications/XAMPP/xamppfiles/htdocs/cmu_aiot/leaf workshop/corn_dataset/Gray_Leaf_Spot/Corn_Gray_Spot (26).jpg,corn,Gray_Leaf_Spot,Gray_Leaf_Spot,Corn_Gray_Spot (26).jpg,139046,2
/Applications/XAMPP/xamppfiles/htdocs/cmu_aiot/leaf workshop/corn_dataset/Gray_Leaf_Spot/Corn_Gray_Spot (109).JPG,corn,Gray_Leaf_Spot,Gray_Leaf_Spot,Corn_Gray_Spot (109).JPG,14991,2
/Applications/XAMPP/xamppfiles/htdocs/cmu_aiot/leaf workshop/corn_dataset/Gray_Leaf_Spot/Corn_Gray_Spot (298).JPG,corn,Gray_Leaf_Spot,Gray_Leaf_Spot,Corn_Gray_Spot (298).JPG,14829,2
/Applications/XAMPP/xamppfiles/htdocs/cmu_aiot/leaf workshop/corn_dataset/Blight/Corn_Blight (585).JPG,corn,Blight,Blight,Corn_Blight (585).JPG,10947,0
/Applications/XAMPP/xamppfiles/htdocs/cmu_aiot/leaf workshop/corn_dataset/Common_Rust/Corn_Common_Rust (1222).JPG,corn,Common_Rust,Common_Rust,Corn_Common_Rust (1222).JPG,16564,1
/Applications/XAMPP/xamppfiles/htdocs/cmu_aiot/leaf workshop/corn_dataset/Blight/Corn_Blight (14).jpg,corn,Blight,Blight,Corn_Blight (14).jpg,47175,0
/Applications/XAMPP/xamppfiles/htdocs/cmu_aiot/leaf workshop/corn_dataset/Gray_Leaf_Spot/Corn_Gray_Spot (328).JPG,corn,Gray_Leaf_Spot,Gray_Leaf_Spot,Corn_Gray_Spot (328).JPG,14795,2
/Applications/XAMPP/xamppfiles/htdocs/cmu_aiot/leaf workshop/corn_dataset/Healthy/Corn_Health (1052).jpg,corn,Healthy,Healthy,Corn_Health (1052).jpg,8050,3
/Applications/XAMPP/xamppfiles/htdocs/cmu_aiot/leaf workshop/corn_dataset/Healthy/Corn_Health (565).jpg,corn,Healthy,Healthy,Corn_Health (565).jpg,12495,3
/Applications/XAMPP/xamppfiles/htdocs/cmu_aiot/leaf workshop/corn_dataset/Blight/Corn_Blight (1083).JPG,corn,Blight,Blight,Corn_Blight (1083).JPG,13033,0
/Applications/XAMPP/xamppfiles/htdocs/cmu_aiot/leaf workshop/corn_dataset/Healthy/Corn_Health (83).jpg,corn,Healthy,Healthy,Corn_Health (83).jpg,9119,3
/Applications/XAMPP/xamppfiles/htdocs/cmu_aiot/leaf workshop/corn_dataset/Blight/Corn_Blight (1065).JPG,corn,Blight,Blight,Corn_Blight (1065).JPG,17028,0
/Applications/XAMPP/xamppfiles/htdocs/cmu_aiot/leaf workshop/corn_dataset/Common_Rust/Corn_Common_Rust (711).JPG,corn,Common_Rust,Common_Rust,Corn_Common_Rust (711).JPG,11376,1
/Applications/XAMPP/xamppfiles/htdocs/cmu_aiot/leaf workshop/corn_dataset/Common_Rust/Corn_Common_Rust (667).JPG,corn,Common_Rust,Common_Rust,Corn_Common_Rust (667).JPG,16085,1
/Applications/XAMPP/xamppfiles/htdocs/cmu_aiot/leaf workshop/corn_dataset/Blight/Corn_Blight (962).JPG,corn,Blight,Blight,Corn_Blight (962).JPG,20892,0
/Applications/XAMPP/xamppfiles/htdocs/cmu_aiot/leaf workshop/corn_dataset/Blight/Corn_Blight (242).JPG,corn,Blight,Blight,Corn_Blight (242).JPG,17939,0
/Applications/XAMPP/xamppfiles/htdocs/cmu_aiot/leaf workshop/corn_dataset/Blight/Corn_Blight (812).JPG,corn,Blight,Blight,Corn_Blight (812).JPG,13256,0
/Applications/XAMPP/xamppfiles/htdocs/cmu_aiot/leaf workshop/corn_dataset/Blight/Corn_Blight (862).JPG,corn,Blight,Blight,Corn_Blight (862).JPG,13859,0
/Applications/XAMPP/xamppfiles/htdocs/cmu_aiot/leaf workshop/corn_dataset/Common_Rust/Corn_Common_Rust (1203).JPG,corn,Common_Rust,Common_Rust,Corn_Common_Rust (1203).JPG,12237,1
/Applications/XAMPP/xamppfiles/htdocs/cmu_aiot/leaf workshop/corn_dataset/Gray_Leaf_Spot/Corn_Gray_Spot (545).JPG,corn,Gray_Leaf_Spot,Gray_Leaf_Spot,Corn_Gray_Spot (545).JPG,12716,2
/Applications/XAMPP/xamppfiles/htdocs/cmu_aiot/leaf workshop/corn_dataset/Healthy/Corn_Health (578).jpg,corn,Healthy,Healthy,Corn_Health (578).jpg,7341,3
/Applications/XAMPP/xamppfiles/htdocs/cmu_aiot/leaf workshop/corn_dataset/Healthy/Corn_Health (379).jpg,corn,Healthy,Healthy,Corn_Health (379).jpg,9097,3
/Applications/XAMPP/xamppfiles/htdocs/cmu_aiot/leaf workshop/corn_dataset/Blight/Corn_Blight (372).JPG,corn,Blight,Blight,Corn_Blight (372).JPG,10584,0
/Applications/XAMPP/xamppfiles/htdocs/cmu_aiot/leaf workshop/corn_dataset/Blight/Corn_Blight (3).jpg,corn,Blight,Blight,Corn_Blight (3).jpg,101172,0
/Applications/XAMPP/xamppfiles/htdocs/cmu_aiot/leaf workshop/corn_dataset/Healthy/Corn_Health (185).jpg,corn,Healthy,Healthy,Corn_Health (185).jpg,13259,3
/Applications/XAMPP/xamppfiles/htdocs/cmu_aiot/leaf workshop/corn_dataset/Gray_Leaf_Spot/Corn_Gray_Spot (462).JPG,corn,Gray_Leaf_Spot,Gray_Leaf_Spot,Corn_Gray_Spot (462).JPG,12227,2
/Applications/XAMPP/xamppfiles/htdocs/cmu_aiot/leaf workshop/corn_dataset/Common_Rust/Corn_Common_Rust (360).JPG,corn,Common_Rust,Common_Rust,Corn_Common_Rust (360).JPG,13337,1
/Applications/XAMPP/xamppfiles/htdocs/cmu_aiot/leaf workshop/corn_dataset/Blight/Corn_Blight (227).JPG,corn,Blight,Blight,Corn_Blight (227).JPG,15012,0
/Applications/XAMPP/xamppfiles/htdocs/cmu_aiot/leaf workshop/corn_dataset/Common_Rust/Corn_Common_Rust (128).JPG,corn,Common_Rust,Common_Rust,Corn_Common_Rust (128).JPG,17269,1
/Applications/XAMPP/xamppfiles/htdocs/cmu_aiot/leaf workshop/corn_dataset/Healthy/Corn_Health (175).jpg,corn,Healthy,Healthy,Corn_Health (175).jpg,8146,3
/Applications/XAMPP/xamppfiles/htdocs/cmu_aiot/leaf workshop/corn_dataset/Healthy/Corn_Health (315).jpg,corn,Healthy,Healthy,Corn_Health (315).jpg,12712,3
/Applications/XAMPP/xamppfiles/htdocs/cmu_aiot/leaf workshop/corn_dataset/Common_Rust/Corn_Common_Rust (389).JPG,corn,Common_Rust,Common_Rust,Corn_Common_Rust (389).JPG,11412,1
/Applications/XAMPP/xamppfiles/htdocs/cmu_aiot/leaf workshop/corn_dataset/Blight/Corn_Blight (84).jpg,corn,Blight,Blight,Corn_Blight (84).jpg,171309,0
/Applications/XAMPP/xamppfiles/htdocs/cmu_aiot/leaf workshop/corn_dataset/Gray_Leaf_Spot/Corn_Gray_Spot (446).JPG,corn,Gray_Leaf_Spot,Gray_Leaf_Spot,Corn_Gray_Spot (446).JPG,12984,2
/Applications/XAMPP/xamppfiles/htdocs/cmu_aiot/leaf workshop/corn_dataset/Common_Rust/Corn_Common_Rust (379).JPG,corn,Common_Rust,Common_Rust,Corn_Common_Rust (379).JPG,13748,1
/Applications/XAMPP/xamppfiles/htdocs/cmu_aiot/leaf workshop/corn_dataset/Common_Rust/Corn_Common_Rust (1104).JPG,corn,Common_Rust,Common_Rust,Corn_Common_Rust (1104).JPG,12457,1
/Applications/XAMPP/xamppfiles/htdocs/cmu_aiot/leaf workshop/corn_dataset/Blight/Corn_Blight (959).jpg,corn,Blight,Blight,Corn_Blight (959).jpg,15450,0
/Applications/XAMPP/xamppfiles/htdocs/cmu_aiot/leaf workshop/corn_dataset/Healthy/Corn_Health (235).jpg,corn,Healthy,Healthy,Corn_Health (235).jpg,9363,3
/Applications/XAMPP/xamppfiles/htdocs/cmu_aiot/leaf workshop/corn_dataset/Common_Rust/Corn_Common_Rust (1212).JPG,corn,Common_Rust,Common_Rust,Corn_Common_Rust (1212).JPG,12661,1
/Applications/XAMPP/xamppfiles/htdocs/cmu_aiot/leaf workshop/corn_dataset/Common_Rust/Corn_Common_Rust (229).JPG,corn,Common_Rust,Common_Rust,Corn_Common_Rust (229).JPG,14245,1
/Applications/XAMPP/xamppfiles/htdocs/cmu_aiot/leaf workshop/corn_dataset/Healthy/Corn_Health (234).jpg,corn,Healthy,Healthy,Corn_Health (234).jpg,12860,3
/Applications/XAMPP/xamppfiles/htdocs/cmu_aiot/leaf workshop/corn_dataset/Healthy/Corn_Health (512).jpg,corn,Healthy,Healthy,Corn_Health (512).jpg,11432,3
/Applications/XAMPP/xamppfiles/htdocs/cmu_aiot/leaf workshop/corn_dataset/Blight/Corn_Blight (1110).jpg,corn,Blight,Blight,Corn_Blight (1110).jpg,132576,0
/Applications/XAMPP/xamppfiles/htdocs/cmu_aiot/leaf workshop/corn_dataset/Healthy/Corn_Health (879).jpg,corn,Healthy,Healthy,Corn_Health (879).jpg,9468,3
/Applications/XAMPP/xamppfiles/htdocs/cmu_aiot/leaf workshop/corn_dataset/Healthy/Corn_Health (246).jpg,corn,Healthy,Healthy,Corn_Health (246).jpg,10545,3
/Applications/XAMPP/xamppfiles/htdocs/cmu_aiot/leaf workshop/corn_dataset/Gray_Leaf_Spot/Corn_Gray_Spot (339).JPG,corn,Gray_Leaf_Spot,Gray_Leaf_Spot,Corn_Gray_Spot (339).JPG,18137,2
/Applications/XAMPP/xamppfiles/htdocs/cmu_aiot/leaf workshop/corn_dataset/Common_Rust/Corn_Common_Rust (479).JPG,corn,Common_Rust,Common_Rust,Corn_Common_Rust (479).JPG,15360,1
/Applications/XAMPP/xamppfiles/htdocs/cmu_aiot/leaf workshop/corn_dataset/Common_Rust/Corn_Common_Rust (476).JPG,corn,Common_Rust,Common_Rust,Corn_Common_Rust (476).JPG,13781,1
/Applications/XAMPP/xamppfiles/htdocs/cmu_aiot/leaf workshop/corn_dataset/Gray_Leaf_Spot/Corn_Gray_Spot (558).JPG,corn,Gray_Leaf_Spot,Gray_Leaf_Spot,Corn_Gray_Spot (558).JPG,17199,2
/Applications/XAMPP/xamppfiles/htdocs/cmu_aiot/leaf workshop/corn_dataset/Gray_Leaf_Spot/Corn_Gray_Spot (192).JPG,corn,Gray_Leaf_Spot,Gray_Leaf_Spot,Corn_Gray_Spot (192).JPG,17079,2
/Applications/XAMPP/xamppfiles/htdocs/cmu_aiot/leaf workshop/corn_dataset/Healthy/Corn_Health (989).jpg,corn,Healthy,Healthy,Corn_Health (989).jpg,11696,3
/Applications/XAMPP/xamppfiles/htdocs/cmu_aiot/leaf workshop/corn_dataset/Blight/Corn_Blight (471).JPG,corn,Blight,Blight,Corn_Blight (471).JPG,11867,0
/Applications/XAMPP/xamppfiles/htdocs/cmu_aiot/leaf workshop/corn_dataset/Blight/Corn_Blight (642).JPG,corn,Blight,Blight,Corn_Blight (642).JPG,13427,0
/Applications/XAMPP/xamppfiles/htdocs/cmu_aiot/leaf workshop/corn_dataset/Blight/Corn_Blight (64).jpg,corn,Blight,Blight,Corn_Blight (64).jpg,84561,0
/Applications/XAMPP/xamppfiles/htdocs/cmu_aiot/leaf workshop/corn_dataset/Blight/Corn_Blight (743).jpg,corn,Blight,Blight,Corn_Blight (743).jpg,14035,0
/Applications/XAMPP/xamppfiles/htdocs/cmu_aiot/leaf workshop/corn_dataset/Healthy/Corn_Health (924).jpg,corn,Healthy,Healthy,Corn_Health (924).jpg,9570,3
/Applications/XAMPP/xamppfiles/htdocs/cmu_aiot/leaf workshop/corn_dataset/Healthy/Corn_Health (539).jpg,corn,Healthy,Healthy,Corn_Health (539).jpg,7498,3
/Applications/XAMPP/xamppfiles/htdocs/cmu_aiot/leaf workshop/corn_dataset/Healthy/Corn_Health (1055).jpg,corn,Healthy,Healthy,Corn_Health (1055).jpg,6312,3
/Applications/XAMPP/xamppfiles/htdocs/cmu_aiot/leaf workshop/corn_dataset/Blight/Corn_Blight (937).JPG,corn,Blight,Blight,Corn_Blight (937).JPG,13870,0
/Applications/XAMPP/xamppfiles/htdocs/cmu_aiot/leaf workshop/corn_dataset/Gray_Leaf_Spot/Corn_Gray_Spot (312).JPG,corn,Gray_Leaf_Spot,Gray_Leaf_Spot,Corn_Gray_Spot (312).JPG,17711,2
/Applications/XAMPP/xamppfiles/htdocs/cmu_aiot/leaf workshop/corn_dataset/Healthy/Corn_Health (319).jpg,corn,Healthy,Healthy,Corn_Health (319).jpg,11146,3
/Applications/XAMPP/xamppfiles/htdocs/cmu_aiot/leaf workshop/corn_dataset/Gray_Leaf_Spot/Corn_Gray_Spot (516).JPG,corn,Gray_Leaf_Spot,Gray_Leaf_Spot,Corn_Gray_Spot (516).JPG,12846,2
/Applications/XAMPP/xamppfiles/htdocs/cmu_aiot/leaf workshop/corn_dataset/Healthy/Corn_Health (562).jpg,corn,Healthy,Healthy,Corn_Health (562).jpg,6405,3
/Applications/XAMPP/xamppfiles/htdocs/cmu_aiot/leaf workshop/corn_dataset/Healthy/Corn_Health (952).jpg,corn,Healthy,Healthy,Corn_Health (952).jpg,10454,3
/Applications/XAMPP/xamppfiles/htdocs/cmu_aiot/leaf workshop/corn_dataset/Common_Rust/Corn_Common_Rust (1121).JPG,corn,Common_Rust,Common_Rust,Corn_Common_Rust (1121).JPG,16333,1
/Applications/XAMPP/xamppfiles/htdocs/cmu_aiot/leaf workshop/corn_dataset/Healthy/Corn_Health (850).jpg,corn,Healthy,Healthy,Corn_Health (850).jpg,12513,3
/Applications/XAMPP/xamppfiles/htdocs/cmu_aiot/leaf workshop/corn_dataset/Blight/Corn_Blight (186).JPG,corn,Blight,Blight,Corn_Blight (186).JPG,12855,0
/Applications/XAMPP/xamppfiles/htdocs/cmu_aiot/leaf workshop/corn_dataset/Blight/Corn_Blight (760).JPG,corn,Blight,Blight,Corn_Blight (760).JPG,16345,0
/Applications/XAMPP/xamppfiles/htdocs/cmu_aiot/leaf workshop/corn_dataset/Healthy/Corn_Health (306).jpg,corn,Healthy,Healthy,Corn_Health (306).jpg,17048,3
/Applications/XAMPP/xamppfiles/htdocs/cmu_aiot/leaf workshop/corn_dataset/Blight/Corn_Blight (363).JPG,corn,Blight,Blight,Corn_Blight (363).JPG,11282,0
/Applications/XAMPP/xamppfiles/htdocs/cmu_aiot/leaf workshop/corn_dataset/Common_Rust/Corn_Common_Rust (1231).JPG,corn,Common_Rust,Common_Rust,Corn_Common_Rust (1231).JPG,11780,1
/Applications/XAMPP/xamppfiles/htdocs/cmu_aiot/leaf workshop/corn_dataset/Gray_Leaf_Spot/Corn_Gray_Spot (237).JPG,corn,Gray_Leaf_Spot,Gray_Leaf_Spot,Corn_Gray_Spot (237).JPG,16017,2
/Applications/XAMPP/xamppfiles/htdocs/cmu_aiot/leaf workshop/corn_dataset/Common_Rust/Corn_Common_Rust (644).JPG,corn,Common_Rust,Common_Rust,Corn_Common_Rust (644).JPG,18140,1
/Applications/XAMPP/xamppfiles/htdocs/cmu_aiot/leaf workshop/corn_dataset/Healthy/Corn_Health (41).jpg,corn,Healthy,Healthy,Corn_Health (41).jpg,8816,3
/Applications/XAMPP/xamppfiles/htdocs/cmu_aiot/leaf workshop/corn_dataset/Blight/Corn_Blight (680).JPG,corn,Blight,Blight,Corn_Blight (680).JPG,13961,0
/Applications/XAMPP/xamppfiles/htdocs/cmu_aiot/leaf workshop/corn_dataset/Common_Rust/Corn_Common_Rust (211).JPG,corn,Common_Rust,Common_Rust,Corn_Common_Rust (211).JPG,17666,1
/Applications/XAMPP/xamppfiles/htdocs/cmu_aiot/leaf workshop/corn_dataset/Gray_Leaf_Spot/Corn_Gray_Spot (189).JPG,corn,Gray_Leaf_Spot,Gray_Leaf_Spot,Corn_Gray_Spot (189).JPG,18798,2
/Applications/XAMPP/xamppfiles/htdocs/cmu_aiot/leaf workshop/corn_dataset/Common_Rust/Corn_Common_Rust (1158).JPG,corn,Common_Rust,Common_Rust,Corn_Common_Rust (1158).JPG,17028,1
/Applications/XAMPP/xamppfiles/htdocs/cmu_aiot/leaf workshop/corn_dataset/Blight/Corn_Blight (37).jpg,corn,Blight,Blight,Corn_Blight (37).jpg,27638,0
/Applications/XAMPP/xamppfiles/htdocs/cmu_aiot/leaf workshop/corn_dataset/Gray_Leaf_Spot/Corn_Gray_Spot (34).jpg,corn,Gray_Leaf_Spot,Gray_Leaf_Spot,Corn_Gray_Spot (34).jpg,108095,2
/Applications/XAMPP/xamppfiles/htdocs/cmu_aiot/leaf workshop/corn_dataset/Healthy/Corn_Health (410).jpg,corn,Healthy,Healthy,Corn_Health (410).jpg,12260,3
/Applications/XAMPP/xamppfiles/htdocs/cmu_aiot/leaf workshop/corn_dataset/Healthy/Corn_Health (15).jpg,corn,Healthy,Healthy,Corn_Health (15).jpg,6145,3
/Applications/XAMPP/xamppfiles/htdocs/cmu_aiot/leaf workshop/corn_dataset/Common_Rust/Corn_Common_Rust (140).JPG,corn,Common_Rust,Common_Rust,Corn_Common_Rust (140).JPG,13525,1
/Applications/XAMPP/xamppfiles/htdocs/cmu_aiot/leaf workshop/corn_dataset/Healthy/Corn_Health (696).jpg,corn,Healthy,Healthy,Corn_Health (696).jpg,10398,3
/Applications/XAMPP/xamppfiles/htdocs/cmu_aiot/leaf workshop/corn_dataset/Healthy/Corn_Health (713).jpg,corn,Healthy,Healthy,Corn_Health (713).jpg,16302,3
/Applications/XAMPP/xamppfiles/htdocs/cmu_aiot/leaf workshop/corn_dataset/Blight/Corn_Blight (600).jpg,corn,Blight,Blight,Corn_Blight (600).jpg,16223,0
/Applications/XAMPP/xamppfiles/htdocs/cmu_aiot/leaf workshop/corn_dataset/Blight/Corn_Blight (1063).JPG,corn,Blight,Blight,Corn_Blight (1063).JPG,15958,0
/Applications/XAMPP/xamppfiles/htdocs/cmu_aiot/leaf workshop/corn_dataset/Common_Rust/Corn_Common_Rust (101).JPG,corn,Common_Rust,Common_Rust,Corn_Common_Rust (101).JPG,18025,1
/Applications/XAMPP/xamppfiles/htdocs/cmu_aiot/leaf workshop/corn_dataset/Healthy/Corn_Health (778).jpg,corn,Healthy,Healthy,Corn_Health (778).jpg,9955,3
/Applications/XAMPP/xamppfiles/htdocs/cmu_aiot/leaf workshop/corn_dataset/Blight/Corn_Blight (790).JPG,corn,Blight,Blight,Corn_Blight (790).JPG,10826,0
/Applications/XAMPP/xamppfiles/htdocs/cmu_aiot/leaf workshop/corn_dataset/Blight/Corn_Blight (127).JPG,corn,Blight,Blight,Corn_Blight (127).JPG,13483,0
/Applications/XAMPP/xamppfiles/htdocs/cmu_aiot/leaf workshop/corn_dataset/Common_Rust/Corn_Common_Rust (263).JPG,corn,Common_Rust,Common_Rust,Corn_Common_Rust (263).JPG,12845,1
/Applications/XAMPP/xamppfiles/htdocs/cmu_aiot/leaf workshop/corn_dataset/Blight/Corn_Blight (581).JPG,corn,Blight,Blight,Corn_Blight (581).JPG,13905,0
/Applications/XAMPP/xamppfiles/htdocs/cmu_aiot/leaf workshop/corn_dataset/Healthy/Corn_Health (1129).jpg,corn,Healthy,Healthy,Corn_Health (1129).jpg,15177,3
/Applications/XAMPP/xamppfiles/htdocs/cmu_aiot/leaf workshop/corn_dataset/Common_Rust/Corn_Common_Rust (460).JPG,corn,Common_Rust,Common_Rust,Corn_Common_Rust (460).JPG,11281,1
/Applications/XAMPP/xamppfiles/htdocs/cmu_aiot/leaf workshop/corn_dataset/Healthy/Corn_Health (287).jpg,corn,Healthy,Healthy,Corn_Health (287).jpg,7994,3
/Applications/XAMPP/xamppfiles/htdocs/cmu_aiot/leaf workshop/corn_dataset/Healthy/Corn_Health (758).jpg,corn,Healthy,Healthy,Corn_Health (758).jpg,13937,3
/Applications/XAMPP/xamppfiles/htdocs/cmu_aiot/leaf workshop/corn_dataset/Blight/Corn_Blight (820).jpg,corn,Blight,Blight,Corn_Blight (820).jpg,15868,0
/Applications/XAMPP/xamppfiles/htdocs/cmu_aiot/leaf workshop/corn_dataset/Gray_Leaf_Spot/Corn_Gray_Spot (490).JPG,corn,Gray_Leaf_Spot,Gray_Leaf_Spot,Corn_Gray_Spot (490).JPG,16523,2
/Applications/XAMPP/xamppfiles/htdocs/cmu_aiot/leaf workshop/corn_dataset/Common_Rust/Corn_Common_Rust (1000).JPG,corn,Common_Rust,Common_Rust,Corn_Common_Rust (1000).JPG,11701,1
/Applications/XAMPP/xamppfiles/htdocs/cmu_aiot/leaf workshop/corn_dataset/Healthy/Corn_Health (661).jpg,corn,Healthy,Healthy,Corn_Health (661).jpg,13583,3
/Applications/XAMPP/xamppfiles/htdocs/cmu_aiot/leaf workshop/corn_dataset/Blight/Corn_Blight (1114).jpg,corn,Blight,Blight,Corn_Blight (1114).jpg,112239,0
/Applications/XAMPP/xamppfiles/htdocs/cmu_aiot/leaf workshop/corn_dataset/Healthy/Corn_Health (994).jpg,corn,Healthy,Healthy,Corn_Health (994).jpg,12474,3
/Applications/XAMPP/xamppfiles/htdocs/cmu_aiot/leaf workshop/corn_dataset/Common_Rust/Corn_Common_Rust (727).JPG,corn,Common_Rust,Common_Rust,Corn_Common_Rust (727).JPG,18073,1
/Applications/XAMPP/xamppfiles/htdocs/cmu_aiot/leaf workshop/corn_dataset/Common_Rust/Corn_Common_Rust (34).jpg,corn,Common_Rust,Common_Rust,Corn_Common_Rust (34).jpg,30954,1
/Applications/XAMPP/xamppfiles/htdocs/cmu_aiot/leaf workshop/corn_dataset/Common_Rust/Corn_Common_Rust (1005).JPG,corn,Common_Rust,Common_Rust,Corn_Common_Rust (1005).JPG,16101,1
/Applications/XAMPP/xamppfiles/htdocs/cmu_aiot/leaf workshop/corn_dataset/Gray_Leaf_Spot/Corn_Gray_Spot (498).JPG,corn,Gray_Leaf_Spot,Gray_Leaf_Spot,Corn_Gray_Spot (498).JPG,19037,2
/Applications/XAMPP/xamppfiles/htdocs/cmu_aiot/leaf workshop/corn_dataset/Common_Rust/Corn_Common_Rust (114).JPG,corn,Common_Rust,Common_Rust,Corn_Common_Rust (114).JPG,10253,1
/Applications/XAMPP/xamppfiles/htdocs/cmu_aiot/leaf workshop/corn_dataset/Blight/Corn_Blight (808).JPG,corn,Blight,Blight,Corn_Blight (808).JPG,16943,0
/Applications/XAMPP/xamppfiles/htdocs/cmu_aiot/leaf workshop/corn_dataset/Blight/Corn_Blight (303).jpg,corn,Blight,Blight,Corn_Blight (303).jpg,14528,0
/Applications/XAMPP/xamppfiles/htdocs/cmu_aiot/leaf workshop/corn_dataset/Blight/Corn_Blight (427).JPG,corn,Blight,Blight,Corn_Blight (427).JPG,14013,0
/Applications/XAMPP/xamppfiles/htdocs/cmu_aiot/leaf workshop/corn_dataset/Healthy/Corn_Health (367).jpg,corn,Healthy,Healthy,Corn_Health (367).jpg,11765,3
/Applications/XAMPP/xamppfiles/htdocs/cmu_aiot/leaf workshop/corn_dataset/Gray_Leaf_Spot/Corn_Gray_Spot (200).JPG,corn,Gray_Leaf_Spot,Gray_Leaf_Spot,Corn_Gray_Spot (200).JPG,17809,2
/Applications/XAMPP/xamppfiles/htdocs/cmu_aiot/leaf workshop/corn_dataset/Healthy/Corn_Health (3).jpg,corn,Healthy,Healthy,Corn_Health (3).jpg,8462,3
/Applications/XAMPP/xamppfiles/htdocs/cmu_aiot/leaf workshop/corn_dataset/Blight/Corn_Blight (268).JPG,corn,Blight,Blight,Corn_Blight (268).JPG,14769,0
/Applications/XAMPP/xamppfiles/htdocs/cmu_aiot/leaf workshop/corn_dataset/Blight/Corn_Blight (120).JPG,corn,Blight,Blight,Corn_Blight (120).JPG,11926,0
/Applications/XAMPP/xamppfiles/htdocs/cmu_aiot/leaf workshop/corn_dataset/Common_Rust/Corn_Common_Rust (1102).JPG,corn,Common_Rust,Common_Rust,Corn_Common_Rust (1102).JPG,14001,1
/Applications/XAMPP/xamppfiles/htdocs/cmu_aiot/leaf workshop/corn_dataset/Common_Rust/Corn_Common_Rust (383).JPG,corn,Common_Rust,Common_Rust,Corn_Common_Rust (383).JPG,14161,1
/Applications/XAMPP/xamppfiles/htdocs/cmu_aiot/leaf workshop/corn_dataset/Gray_Leaf_Spot/Corn_Gray_Spot (500).JPG,corn,Gray_Leaf_Spot,Gray_Leaf_Spot,Corn_Gray_Spot (500).JPG,12191,2
/Applications/XAMPP/xamppfiles/htdocs/cmu_aiot/leaf workshop/corn_dataset/Gray_Leaf_Spot/Corn_Gray_Spot (406).JPG,corn,Gray_Leaf_Spot,Gray_Leaf_Spot,Corn_Gray_Spot (406).JPG,14201,2
/Applications/XAMPP/xamppfiles/htdocs/cmu_aiot/leaf workshop/corn_dataset/Common_Rust/Corn_Common_Rust (1097).JPG,corn,Common_Rust,Common_Rust,Corn_Common_Rust (1097).JPG,11437,1
/Applications/XAMPP/xamppfiles/htdocs/cmu_aiot/leaf workshop/corn_dataset/Blight/Corn_Blight (1123).jpg,corn,Blight,Blight,Corn_Blight (1123).jpg,343185,0
/Applications/XAMPP/xamppfiles/htdocs/cmu_aiot/leaf workshop/corn_dataset/Gray_Leaf_Spot/Corn_Gray_Spot (431).JPG,corn,Gray_Leaf_Spot,Gray_Leaf_Spot,Corn_Gray_Spot (431).JPG,19300,2
/Applications/XAMPP/xamppfiles/htdocs/cmu_aiot/leaf workshop/corn_dataset/Gray_Leaf_Spot/Corn_Gray_Spot (529).jpg,corn,Gray_Leaf_Spot,Gray_Leaf_Spot,Corn_Gray_Spot (529).jpg,16193,2
/Applications/XAMPP/xamppfiles/htdocs/cmu_aiot/leaf workshop/corn_dataset/Gray_Leaf_Spot/Corn_Gray_Spot (11).jpg,corn,Gray_Leaf_Spot,Gray_Leaf_Spot,Corn_Gray_Spot (11).jpg,20441,2
/Applications/XAMPP/xamppfiles/htdocs/cmu_aiot/leaf workshop/corn_dataset/Blight/Corn_Blight (909).jpg,corn,Blight,Blight,Corn_Blight (909).jpg,13947,0
/Applications/XAMPP/xamppfiles/htdocs/cmu_aiot/leaf workshop/corn_dataset/Healthy/Corn_Health (26).jpg,corn,Healthy,Healthy,Corn_Health (26).jpg,17806,3
/Applications/XAMPP/xamppfiles/htdocs/cmu_aiot/leaf workshop/corn_dataset/Healthy/Corn_Health (1127).jpg,corn,Healthy,Healthy,Corn_Health (1127).jpg,13508,3
/Applications/XAMPP/xamppfiles/htdocs/cmu_aiot/leaf workshop/corn_dataset/Healthy/Corn_Health (824).jpg,corn,Healthy,Healthy,Corn_Health (824).jpg,6731,3
/Applications/XAMPP/xamppfiles/htdocs/cmu_aiot/leaf workshop/corn_dataset/Healthy/Corn_Health (493).jpg,corn,Healthy,Healthy,Corn_Health (493).jpg,5596,3
/Applications/XAMPP/xamppfiles/htdocs/cmu_aiot/leaf workshop/corn_dataset/Common_Rust/Corn_Common_Rust (748).JPG,corn,Common_Rust,Common_Rust,Corn_Common_Rust (748).JPG,16441,1
/Applications/XAMPP/xamppfiles/htdocs/cmu_aiot/leaf workshop/corn_dataset/Healthy/Corn_Health (172).jpg,corn,Healthy,Healthy,Corn_Health (172).jpg,15774,3
/Applications/XAMPP/xamppfiles/htdocs/cmu_aiot/leaf workshop/corn_dataset/Common_Rust/Corn_Common_Rust (553).JPG,corn,Common_Rust,Common_Rust,Corn_Common_Rust (553).JPG,16395,1
/Applications/XAMPP/xamppfiles/htdocs/cmu_aiot/leaf workshop/corn_dataset/Common_Rust/Corn_Common_Rust (173).JPG,corn,Common_Rust,Common_Rust,Corn_Common_Rust (173).JPG,17214,1
/Applications/XAMPP/xamppfiles/htdocs/cmu_aiot/leaf workshop/corn_dataset/Common_Rust/Corn_Common_Rust (1032).JPG,corn,Common_Rust,Common_Rust,Corn_Common_Rust (1032).JPG,15735,1
/Applications/XAMPP/xamppfiles/htdocs/cmu_aiot/leaf workshop/corn_dataset/Blight/Corn_Blight (335).JPG,corn,Blight,Blight,Corn_Blight (335).JPG,15205,0
/Applications/XAMPP/xamppfiles/htdocs/cmu_aiot/leaf workshop/corn_dataset/Healthy/Corn_Health (372).jpg,corn,Healthy,Healthy,Corn_Health (372).jpg,19395,3
/Applications/XAMPP/xamppfiles/htdocs/cmu_aiot/leaf workshop/corn_dataset/Healthy/Corn_Health (538).jpg,corn,Healthy,Healthy,Corn_Health (538).jpg,12802,3
/Applications/XAMPP/xamppfiles/htdocs/cmu_aiot/leaf workshop/corn_dataset/Blight/Corn_Blight (307).jpg,corn,Blight,Blight,Corn_Blight (307).jpg,15262,0
/Applications/XAMPP/xamppfiles/htdocs/cmu_aiot/leaf workshop/corn_dataset/Common_Rust/Corn_Common_Rust (1115).JPG,corn,Common_Rust,Common_Rust,Corn_Common_Rust (1115).JPG,14474,1
/Applications/XAMPP/xamppfiles/htdocs/cmu_aiot/leaf workshop/corn_dataset/Healthy/Corn_Health (646).jpg,corn,Healthy,Healthy,Corn_Health (646).jpg,8221,3
/Applications/XAMPP/xamppfiles/htdocs/cmu_aiot/leaf workshop/corn_dataset/Blight/Corn_Blight (364).JPG,corn,Blight,Blight,Corn_Blight (364).JPG,13021,0
/Applications/XAMPP/xamppfiles/htdocs/cmu_aiot/leaf workshop/corn_dataset/Healthy/Corn_Health (880).jpg,corn,Healthy,Healthy,Corn_Health (880).jpg,11610,3
/Applications/XAMPP/xamppfiles/htdocs/cmu_aiot/leaf workshop/corn_dataset/Common_Rust/Corn_Common_Rust (1146).JPG,corn,Common_Rust,Common_Rust,Corn_Common_Rust (1146).JPG,13905,1
/Applications/XAMPP/xamppfiles/htdocs/cmu_aiot/leaf workshop/corn_dataset/Common_Rust/Corn_Common_Rust (669).JPG,corn,Common_Rust,Common_Rust,Corn_Common_Rust (669).JPG,13554,1
/Applications/XAMPP/xamppfiles/htdocs/cmu_aiot/leaf workshop/corn_dataset/Gray_Leaf_Spot/Corn_Gray_Spot (33).jpg,corn,Gray_Leaf_Spot,Gray_Leaf_Spot,Corn_Gray_Spot (33).jpg,173931,2
/Applications/XAMPP/xamppfiles/htdocs/cmu_aiot/leaf workshop/corn_dataset/Healthy/Corn_Health (734).jpg,corn,Healthy,Healthy,Corn_Health (734).jpg,15301,3
/Applications/XAMPP/xamppfiles/htdocs/cmu_aiot/leaf workshop/corn_dataset/Blight/Corn_Blight (99).jpg,corn,Blight,Blight,Corn_Blight (99).jpg,36700,0
/Applications/XAMPP/xamppfiles/htdocs/cmu_aiot/leaf workshop/corn_dataset/Common_Rust/Corn_Common_Rust (40).jpg,corn,Common_Rust,Common_Rust,Corn_Common_Rust (40).jpg,55375,1
/Applications/XAMPP/xamppfiles/htdocs/cmu_aiot/leaf workshop/corn_dataset/Common_Rust/Corn_Common_Rust (249).JPG,corn,Common_Rust,Common_Rust,Corn_Common_Rust (249).JPG,14156,1
/Applications/XAMPP/xamppfiles/htdocs/cmu_aiot/leaf workshop/corn_dataset/Healthy/Corn_Health (435).JPG,corn,Healthy,Healthy,Corn_Health (435).JPG,17613,3
/Applications/XAMPP/xamppfiles/htdocs/cmu_aiot/leaf workshop/corn_dataset/Blight/Corn_Blight (707).JPG,corn,Blight,Blight,Corn_Blight (707).JPG,14136,0
/Applications/XAMPP/xamppfiles/htdocs/cmu_aiot/leaf workshop/corn_dataset/Common_Rust/Corn_Common_Rust (295).JPG,corn,Common_Rust,Common_Rust,Corn_Common_Rust (295).JPG,15755,1
/Applications/XAMPP/xamppfiles/htdocs/cmu_aiot/leaf workshop/corn_dataset/Blight/Corn_Blight (1140).jpg,corn,Blight,Blight,Corn_Blight (1140).jpg,70950,0
/Applications/XAMPP/xamppfiles/htdocs/cmu_aiot/leaf workshop/corn_dataset/Blight/Corn_Blight (879).JPG,corn,Blight,Blight,Corn_Blight (879).JPG,12961,0
/Applications/XAMPP/xamppfiles/htdocs/cmu_aiot/leaf workshop/corn_dataset/Gray_Leaf_Spot/Corn_Gray_Spot (523).jpg,corn,Gray_Leaf_Spot,Gray_Leaf_Spot,Corn_Gray_Spot (523).jpg,15792,2
/Applications/XAMPP/xamppfiles/htdocs/cmu_aiot/leaf workshop/corn_dataset/Common_Rust/Corn_Common_Rust (468).JPG,corn,Common_Rust,Common_Rust,Corn_Common_Rust (468).JPG,12014,1
/Applications/XAMPP/xamppfiles/htdocs/cmu_aiot/leaf workshop/corn_dataset/Gray_Leaf_Spot/Corn_Gray_Spot (407).JPG,corn,Gray_Leaf_Spot,Gray_Leaf_Spot,Corn_Gray_Spot (407).JPG,13637,2
/Applications/XAMPP/xamppfiles/htdocs/cmu_aiot/leaf workshop/corn_dataset/Blight/Corn_Blight (917).JPG,corn,Blight,Blight,Corn_Blight (917).JPG,15174,0
/Applications/XAMPP/xamppfiles/htdocs/cmu_aiot/leaf workshop/corn_dataset/Common_Rust/Corn_Common_Rust (475).JPG,corn,Common_Rust,Common_Rust,Corn_Common_Rust (475).JPG,10557,1
/Applications/XAMPP/xamppfiles/htdocs/cmu_aiot/leaf workshop/corn_dataset/Common_Rust/Corn_Common_Rust (323).JPG,corn,Common_Rust,Common_Rust,Corn_Common_Rust (323).JPG,11384,1
/Applications/XAMPP/xamppfiles/htdocs/cmu_aiot/leaf workshop/corn_dataset/Common_Rust/Corn_Common_Rust (726).JPG,corn,Common_Rust,Common_Rust,Corn_Common_Rust (726).JPG,17568,1
/Applications/XAMPP/xamppfiles/htdocs/cmu_aiot/leaf workshop/corn_dataset/Gray_Leaf_Spot/Corn_Gray_Spot (396).JPG,corn,Gray_Leaf_Spot,Gray_Leaf_Spot,Corn_Gray_Spot (396).JPG,13601,2
/Applications/XAMPP/xamppfiles/htdocs/cmu_aiot/leaf workshop/corn_dataset/Blight/Corn_Blight (319).JPG,corn,Blight,Blight,Corn_Blight (319).JPG,15193,0
/Applications/XAMPP/xamppfiles/htdocs/cmu_aiot/leaf workshop/corn_dataset/Blight/Corn_Blight (940).JPG,corn,Blight,Blight,Corn_Blight (940).JPG,13861,0
/Applications/XAMPP/xamppfiles/htdocs/cmu_aiot/leaf workshop/corn_dataset/Healthy/Corn_Health (732).jpg,corn,Healthy,Healthy,Corn_Health (732).jpg,12946,3
/Applications/XAMPP/xamppfiles/htdocs/cmu_aiot/leaf workshop/corn_dataset/Healthy/Corn_Health (925).jpg,corn,Healthy,Healthy,Corn_Health (925).jpg,8730,3
/Applications/XAMPP/xamppfiles/htdocs/cmu_aiot/leaf workshop/corn_dataset/Common_Rust/Corn_Common_Rust (1173).JPG,corn,Common_Rust,Common_Rust,Corn_Common_Rust (1173).JPG,16547,1
/Applications/XAMPP/xamppfiles/htdocs/cmu_aiot/leaf workshop/corn_dataset/Healthy/Corn_Health (1065).jpg,corn,Healthy,Healthy,Corn_Health (1065).jpg,11302,3
/Applications/XAMPP/xamppfiles/htdocs/cmu_aiot/leaf workshop/corn_dataset/Blight/Corn_Blight (121).JPG,corn,Blight,Blight,Corn_Blight (121).JPG,14445,0
/Applications/XAMPP/xamppfiles/htdocs/cmu_aiot/leaf workshop/corn_dataset/Common_Rust/Corn_Common_Rust (435).JPG,corn,Common_Rust,Common_Rust,Corn_Common_Rust (435).JPG,14058,1
/Applications/XAMPP/xamppfiles/htdocs/cmu_aiot/leaf workshop/corn_dataset/Blight/Corn_Blight (568).JPG,corn,Blight,Blight,Corn_Blight (568).JPG,11183,0
/Applications/XAMPP/xamppfiles/htdocs/cmu_aiot/leaf workshop/corn_dataset/Blight/Corn_Blight (75).jpg,corn,Blight,Blight,Corn_Blight (75).jpg,507714,0
/Applications/XAMPP/xamppfiles/htdocs/cmu_aiot/leaf workshop/corn_dataset/Common_Rust/Corn_Common_Rust (104).JPG,corn,Common_Rust,Common_Rust,Corn_Common_Rust (104).JPG,13854,1
/Applications/XAMPP/xamppfiles/htdocs/cmu_aiot/leaf workshop/corn_dataset/Common_Rust/Corn_Common_Rust (456).JPG,corn,Common_Rust,Common_Rust,Corn_Common_Rust (456).JPG,11865,1
/Applications/XAMPP/xamppfiles/htdocs/cmu_aiot/leaf workshop/corn_dataset/Healthy/Corn_Health (416).jpg,corn,Healthy,Healthy,Corn_Health (416).jpg,10604,3
/Applications/XAMPP/xamppfiles/htdocs/cmu_aiot/leaf workshop/corn_dataset/Gray_Leaf_Spot/Corn_Gray_Spot (283).JPG,corn,Gray_Leaf_Spot,Gray_Leaf_Spot,Corn_Gray_Spot (283).JPG,13862,2
/Applications/XAMPP/xamppfiles/htdocs/cmu_aiot/leaf workshop/corn_dataset/Blight/Corn_Blight (1055).JPG,corn,Blight,Blight,Corn_Blight (1055).JPG,14633,0
/Applications/XAMPP/xamppfiles/htdocs/cmu_aiot/leaf workshop/corn_dataset/Healthy/Corn_Health (1124).jpg,corn,Healthy,Healthy,Corn_Health (1124).jpg,9137,3
/Applications/XAMPP/xamppfiles/htdocs/cmu_aiot/leaf workshop/corn_dataset/Healthy/Corn_Health (965).jpg,corn,Healthy,Healthy,Corn_Health (965).jpg,12791,3
/Applications/XAMPP/xamppfiles/htdocs/cmu_aiot/leaf workshop/corn_dataset/Common_Rust/Corn_Common_Rust (135).JPG,corn,Common_Rust,Common_Rust,Corn_Common_Rust (135).JPG,13397,1
/Applications/XAMPP/xamppfiles/htdocs/cmu_aiot/leaf workshop/corn_dataset/Healthy/Corn_Health (476).jpg,corn,Healthy,Healthy,Corn_Health (476).jpg,13818,3
/Applications/XAMPP/xamppfiles/htdocs/cmu_aiot/leaf workshop/corn_dataset/Common_Rust/Corn_Common_Rust (186).JPG,corn,Common_Rust,Common_Rust,Corn_Common_Rust (186).JPG,14165,1
/Applications/XAMPP/xamppfiles/htdocs/cmu_aiot/leaf workshop/corn_dataset/Blight/Corn_Blight (90).jpg,corn,Blight,Blight,Corn_Blight (90).jpg,2774730,0
/Applications/XAMPP/xamppfiles/htdocs/cmu_aiot/leaf workshop/corn_dataset/Gray_Leaf_Spot/Corn_Gray_Spot (533).JPG,corn,Gray_Leaf_Spot,Gray_Leaf_Spot,Corn_Gray_Spot (533).JPG,16251,2
/Applications/XAMPP/xamppfiles/htdocs/cmu_aiot/leaf workshop/corn_dataset/Common_Rust/Corn_Common_Rust (2).jpg,corn,Common_Rust,Common_Rust,Corn_Common_Rust (2).jpg,35155,1
/Applications/XAMPP/xamppfiles/htdocs/cmu_aiot/leaf workshop/corn_dataset/Blight/Corn_Blight (457).JPG,corn,Blight,Blight,Corn_Blight (457).JPG,16119,0
/Applications/XAMPP/xamppfiles/htdocs/cmu_aiot/leaf workshop/corn_dataset/Blight/Corn_Blight (1102).jpg,corn,Blight,Blight,Corn_Blight (1102).jpg,1759488,0
/Applications/XAMPP/xamppfiles/htdocs/cmu_aiot/leaf workshop/corn_dataset/Blight/Corn_Blight (782).JPG,corn,Blight,Blight,Corn_Blight (782).JPG,12883,0
/Applications/XAMPP/xamppfiles/htdocs/cmu_aiot/leaf workshop/corn_dataset/Healthy/Corn_Health (342).jpg,corn,Healthy,Healthy,Corn_Health (342).jpg,17781,3
/Applications/XAMPP/xamppfiles/htdocs/cmu_aiot/leaf workshop/corn_dataset/Common_Rust/Corn_Common_Rust (744).JPG,corn,Common_Rust,Common_Rust,Corn_Common_Rust (744).JPG,17933,1
/Applications/XAMPP/xamppfiles/htdocs/cmu_aiot/leaf workshop/corn_dataset/Common_Rust/Corn_Common_Rust (1003).JPG,corn,Common_Rust,Common_Rust,Corn_Common_Rust (1003).JPG,11426,1
/Applications/XAMPP/xamppfiles/htdocs/cmu_aiot/leaf workshop/corn_dataset/Blight/Corn_Blight (708).JPG,corn,Blight,Blight,Corn_Blight (708).JPG,16364,0
/Applications/XAMPP/xamppfiles/htdocs/cmu_aiot/leaf workshop/corn_dataset/Blight/Corn_Blight (1088).JPG,corn,Blight,Blight,Corn_Blight (1088).JPG,10829,0
/Applications/XAMPP/xamppfiles/htdocs/cmu_aiot/leaf workshop/corn_dataset/Blight/Corn_Blight (1029).JPG,corn,Blight,Blight,Corn_Blight (1029).JPG,14170,0
/Applications/XAMPP/xamppfiles/htdocs/cmu_aiot/leaf workshop/corn_dataset/Healthy/Corn_Health (1099).jpg,corn,Healthy,Healthy,Corn_Health (1099).jpg,12276,3
/Applications/XAMPP/xamppfiles/htdocs/cmu_aiot/leaf workshop/corn_dataset/Blight/Corn_Blight (1080).JPG,corn,Blight,Blight,Corn_Blight (1080).JPG,13325,0
/Applications/XAMPP/xamppfiles/htdocs/cmu_aiot/leaf workshop/corn_dataset/Common_Rust/Corn_Common_Rust (1223).JPG,corn,Common_Rust,Common_Rust,Corn_Common_Rust (1223).JPG,15235,1
/Applications/XAMPP/xamppfiles/htdocs/cmu_aiot/leaf workshop/corn_dataset/Blight/Corn_Blight (325).JPG,corn,Blight,Blight,Corn_Blight (325).JPG,17795,0
/Applications/XAMPP/xamppfiles/htdocs/cmu_aiot/leaf workshop/corn_dataset/Common_Rust/Corn_Common_Rust (226).JPG,corn,Common_Rust,Common_Rust,Corn_Common_Rust (226).JPG,14727,1
/Applications/XAMPP/xamppfiles/htdocs/cmu_aiot/leaf workshop/corn_dataset/Common_Rust/Corn_Common_Rust (1210).JPG,corn,Common_Rust,Common_Rust,Corn_Common_Rust (1210).JPG,12946,1
/Applications/XAMPP/xamppfiles/htdocs/cmu_aiot/leaf workshop/corn_dataset/Blight/Corn_Blight (836).JPG,corn,Blight,Blight,Corn_Blight (836).JPG,12330,0
/Applications/XAMPP/xamppfiles/htdocs/cmu_aiot/leaf workshop/corn_dataset/Healthy/Corn_Health (203).jpg,corn,Healthy,Healthy,Corn_Health (203).jpg,13463,3
/Applications/XAMPP/xamppfiles/htdocs/cmu_aiot/leaf workshop/corn_dataset/Healthy/Corn_Health (1119).jpg,corn,Healthy,Healthy,Corn_Health (1119).jpg,6731,3
/Applications/XAMPP/xamppfiles/htdocs/cmu_aiot/leaf workshop/corn_dataset/Blight/Corn_Blight (1118).jpg,corn,Blight,Blight,Corn_Blight (1118).jpg,19138,0
/Applications/XAMPP/xamppfiles/htdocs/cmu_aiot/leaf workshop/corn_dataset/Gray_Leaf_Spot/Corn_Gray_Spot (44).jpg,corn,Gray_Leaf_Spot,Gray_Leaf_Spot,Corn_Gray_Spot (44).jpg,221893,2
/Applications/XAMPP/xamppfiles/htdocs/cmu_aiot/leaf workshop/corn_dataset/Blight/Corn_Blight (185).JPG,corn,Blight,Blight,Corn_Blight (185).JPG,13991,0
/Applications/XAMPP/xamppfiles/htdocs/cmu_aiot/leaf workshop/corn_dataset/Blight/Corn_Blight (1130).jpg,corn,Blight,Blight,Corn_Blight (1130).jpg,594155,0
/Applications/XAMPP/xamppfiles/htdocs/cmu_aiot/leaf workshop/corn_dataset/Blight/Corn_Blight (749).JPG,corn,Blight,Blight,Corn_Blight (749).JPG,11908,0
/Applications/XAMPP/xamppfiles/htdocs/cmu_aiot/leaf workshop/corn_dataset/Healthy/Corn_Health (258).jpg,corn,Healthy,Healthy,Corn_Health (258).jpg,7634,3
/Applications/XAMPP/xamppfiles/htdocs/cmu_aiot/leaf workshop/corn_dataset/Healthy/Corn_Health (441).jpg,corn,Healthy,Healthy,Corn_Health (441).jpg,13681,3
/Applications/XAMPP/xamppfiles/htdocs/cmu_aiot/leaf workshop/corn_dataset/Common_Rust/Corn_Common_Rust (189).JPG,corn,Common_Rust,Common_Rust,Corn_Common_Rust (189).JPG,15149,1
/Applications/XAMPP/xamppfiles/htdocs/cmu_aiot/leaf workshop/corn_dataset/Healthy/Corn_Health (397).jpg,corn,Healthy,Healthy,Corn_Health (397).jpg,14205,3
/Applications/XAMPP/xamppfiles/htdocs/cmu_aiot/leaf workshop/corn_dataset/Gray_Leaf_Spot/Corn_Gray_Spot (138).JPG,corn,Gray_Leaf_Spot,Gray_Leaf_Spot,Corn_Gray_Spot (138).JPG,17651,2
/Applications/XAMPP/xamppfiles/htdocs/cmu_aiot/leaf workshop/corn_dataset/Healthy/Corn_Health (917).jpg,corn,Healthy,Healthy,Corn_Health (917).jpg,13444,3
/Applications/XAMPP/xamppfiles/htdocs/cmu_aiot/leaf workshop/corn_dataset/Common_Rust/Corn_Common_Rust (1216).JPG,corn,Common_Rust,Common_Rust,Corn_Common_Rust (1216).JPG,11953,1
/Applications/XAMPP/xamppfiles/htdocs/cmu_aiot/leaf workshop/corn_dataset/Common_Rust/Corn_Common_Rust (145).JPG,corn,Common_Rust,Common_Rust,Corn_Common_Rust (145).JPG,17593,1
/Applications/XAMPP/xamppfiles/htdocs/cmu_aiot/leaf workshop/corn_dataset/Common_Rust/Corn_Common_Rust (671).JPG,corn,Common_Rust,Common_Rust,Corn_Common_Rust (671).JPG,14665,1
/Applications/XAMPP/xamppfiles/htdocs/cmu_aiot/leaf workshop/corn_dataset/Common_Rust/Corn_Common_Rust (1201).JPG,corn,Common_Rust,Common_Rust,Corn_Common_Rust (1201).JPG,15212,1
/Applications/XAMPP/xamppfiles/htdocs/cmu_aiot/leaf workshop/corn_dataset/Blight/Corn_Blight (255).JPG,corn,Blight,Blight,Corn_Blight (255).JPG,17931,0
/Applications/XAMPP/xamppfiles/htdocs/cmu_aiot/leaf workshop/corn_dataset/Common_Rust/Corn_Common_Rust (1280).jpg,corn,Common_Rust,Common_Rust,Corn_Common_Rust (1280).jpg,823030,1
/Applications/XAMPP/xamppfiles/htdocs/cmu_aiot/leaf workshop/corn_dataset/Blight/Corn_Blight (98).jpg,corn,Blight,Blight,Corn_Blight (98).jpg,307018,0
/Applications/XAMPP/xamppfiles/htdocs/cmu_aiot/leaf workshop/corn_dataset/Common_Rust/Corn_Common_Rust (420).JPG,corn,Common_Rust,Common_Rust,Corn_Common_Rust (420).JPG,13699,1
/Applications/XAMPP/xamppfiles/htdocs/cmu_aiot/leaf workshop/corn_dataset/Gray_Leaf_Spot/Corn_Gray_Spot (196).JPG,corn,Gray_Leaf_Spot,Gray_Leaf_Spot,Corn_Gray_Spot (196).JPG,17497,2
/Applications/XAMPP/xamppfiles/htdocs/cmu_aiot/leaf workshop/corn_dataset/Common_Rust/Corn_Common_Rust (1190).JPG,corn,Common_Rust,Common_Rust,Corn_Common_Rust (1190).JPG,15515,1
/Applications/XAMPP/xamppfiles/htdocs/cmu_aiot/leaf workshop/corn_dataset/Gray_Leaf_Spot/Corn_Gray_Spot (340).JPG,corn,Gray_Leaf_Spot,Gray_Leaf_Spot,Corn_Gray_Spot (340).JPG,17233,2
/Applications/XAMPP/xamppfiles/htdocs/cmu_aiot/leaf workshop/corn_dataset/Common_Rust/Corn_Common_Rust (690).JPG,corn,Common_Rust,Common_Rust,Corn_Common_Rust (690).JPG,12235,1
/Applications/XAMPP/xamppfiles/htdocs/cmu_aiot/leaf workshop/corn_dataset/Blight/Corn_Blight (989).JPG,corn,Blight,Blight,Corn_Blight (989).JPG,12141,0
/Applications/XAMPP/xamppfiles/htdocs/cmu_aiot/leaf workshop/corn_dataset/Blight/Corn_Blight (555).JPG,corn,Blight,Blight,Corn_Blight (555).JPG,15258,0
/Applications/XAMPP/xamppfiles/htdocs/cmu_aiot/leaf workshop/corn_dataset/Blight/Corn_Blight (732).JPG,corn,Blight,Blight,Corn_Blight (732).JPG,12439,0
/Applications/XAMPP/xamppfiles/htdocs/cmu_aiot/leaf workshop/corn_dataset/Gray_Leaf_Spot/Corn_Gray_Spot (23).jpg,corn,Gray_Leaf_Spot,Gray_Leaf_Spot,Corn_Gray_Spot (23).jpg,358384,2
/Applications/XAMPP/xamppfiles/htdocs/cmu_aiot/leaf workshop/corn_dataset/Blight/Corn_Blight (523).JPG,corn,Blight,Blight,Corn_Blight (523).JPG,11632,0
/Applications/XAMPP/xamppfiles/htdocs/cmu_aiot/leaf workshop/corn_dataset/Blight/Corn_Blight (658).JPG,corn,Blight,Blight,Corn_Blight (658).JPG,13287,0
/Applications/XAMPP/xamppfiles/htdocs/cmu_aiot/leaf workshop/corn_dataset/Healthy/Corn_Health (1108).jpg,corn,Healthy,Healthy,Corn_Health (1108).jpg,12366,3
/Applications/XAMPP/xamppfiles/htdocs/cmu_aiot/leaf workshop/corn_dataset/Gray_Leaf_Spot/Corn_Gray_Spot (201).JPG,corn,Gray_Leaf_Spot,Gray_Leaf_Spot,Corn_Gray_Spot (201).JPG,16288,2
/Applications/XAMPP/xamppfiles/htdocs/cmu_aiot/leaf workshop/corn_dataset/Common_Rust/Corn_Common_Rust (634).JPG,corn,Common_Rust,Common_Rust,Corn_Common_Rust (634).JPG,15466,1
/Applications/XAMPP/xamppfiles/htdocs/cmu_aiot/leaf workshop/corn_dataset/Healthy/Corn_Health (633).jpg,corn,Healthy,Healthy,Corn_Health (633).jpg,9419,3
/Applications/XAMPP/xamppfiles/htdocs/cmu_aiot/leaf workshop/corn_dataset/Blight/Corn_Blight (377).JPG,corn,Blight,Blight,Corn_Blight (377).JPG,16386,0
/Applications/XAMPP/xamppfiles/htdocs/cmu_aiot/leaf workshop/corn_dataset/Blight/Corn_Blight (291).JPG,corn,Blight,Blight,Corn_Blight (291).JPG,11104,0
/Applications/XAMPP/xamppfiles/htdocs/cmu_aiot/leaf workshop/corn_dataset/Common_Rust/Corn_Common_Rust (381).JPG,corn,Common_Rust,Common_Rust,Corn_Common_Rust (381).JPG,13697,1
/Applications/XAMPP/xamppfiles/htdocs/cmu_aiot/leaf workshop/corn_dataset/Common_Rust/Corn_Common_Rust (752).JPG,corn,Common_Rust,Common_Rust,Corn_Common_Rust (752).JPG,17773,1
/Applications/XAMPP/xamppfiles/htdocs/cmu_aiot/leaf workshop/corn_dataset/Common_Rust/Corn_Common_Rust (335).JPG,corn,Common_Rust,Common_Rust,Corn_Common_Rust (335).JPG,11726,1
/Applications/XAMPP/xamppfiles/htdocs/cmu_aiot/leaf workshop/corn_dataset/Common_Rust/Corn_Common_Rust (712).JPG,corn,Common_Rust,Common_Rust,Corn_Common_Rust (712).JPG,14371,1
/Applications/XAMPP/xamppfiles/htdocs/cmu_aiot/leaf workshop/corn_dataset/Healthy/Corn_Health (853).jpg,corn,Healthy,Healthy,Corn_Health (853).jpg,11278,3
/Applications/XAMPP/xamppfiles/htdocs/cmu_aiot/leaf workshop/corn_dataset/Common_Rust/Corn_Common_Rust (1249).JPG,corn,Common_Rust,Common_Rust,Corn_Common_Rust (1249).JPG,11384,1
/Applications/XAMPP/xamppfiles/htdocs/cmu_aiot/leaf workshop/corn_dataset/Blight/Corn_Blight (72).jpg,corn,Blight,Blight,Corn_Blight (72).jpg,102830,0
/Applications/XAMPP/xamppfiles/htdocs/cmu_aiot/leaf workshop/corn_dataset/Blight/Corn_Blight (306).JPG,corn,Blight,Blight,Corn_Blight (306).JPG,15120,0
/Applications/XAMPP/xamppfiles/htdocs/cmu_aiot/leaf workshop/corn_dataset/Blight/Corn_Blight (293).JPG,corn,Blight,Blight,Corn_Blight (293).JPG,12789,0
/Applications/XAMPP/xamppfiles/htdocs/cmu_aiot/leaf workshop/corn_dataset/Healthy/Corn_Health (507).jpg,corn,Healthy,Healthy,Corn_Health (507).jpg,9060,3
/Applications/XAMPP/xamppfiles/htdocs/cmu_aiot/leaf workshop/corn_dataset/Blight/Corn_Blight (236).JPG,corn,Blight,Blight,Corn_Blight (236).JPG,11431,0
/Applications/XAMPP/xamppfiles/htdocs/cmu_aiot/leaf workshop/corn_dataset/Common_Rust/Corn_Common_Rust (424).JPG,corn,Common_Rust,Common_Rust,Corn_Common_Rust (424).JPG,12568,1
/Applications/XAMPP/xamppfiles/htdocs/cmu_aiot/leaf workshop/corn_dataset/Common_Rust/Corn_Common_Rust (1176).JPG,corn,Common_Rust,Common_Rust,Corn_Common_Rust (1176).JPG,13695,1
/Applications/XAMPP/xamppfiles/htdocs/cmu_aiot/leaf workshop/corn_dataset/Common_Rust/Corn_Common_Rust (474).JPG,corn,Common_Rust,Common_Rust,Corn_Common_Rust (474).JPG,14755,1
/Applications/XAMPP/xamppfiles/htdocs/cmu_aiot/leaf workshop/corn_dataset/Healthy/Corn_Health (653).jpg,corn,Healthy,Healthy,Corn_Health (653).jpg,11200,3
/Applications/XAMPP/xamppfiles/htdocs/cmu_aiot/leaf workshop/corn_dataset/Common_Rust/Corn_Common_Rust (587).JPG,corn,Common_Rust,Common_Rust,Corn_Common_Rust (587).JPG,13455,1
/Applications/XAMPP/xamppfiles/htdocs/cmu_aiot/leaf workshop/corn_dataset/Common_Rust/Corn_Common_Rust (1016).JPG,corn,Common_Rust,Common_Rust,Corn_Common_Rust (1016).JPG,16068,1
/Applications/XAMPP/xamppfiles/htdocs/cmu_aiot/leaf workshop/corn_dataset/Blight/Corn_Blight (666).JPG,corn,Blight,Blight,Corn_Blight (666).JPG,11955,0
/Applications/XAMPP/xamppfiles/htdocs/cmu_aiot/leaf workshop/corn_dataset/Healthy/Corn_Health (281).jpg,corn,Healthy,Healthy,Corn_Health (281).jpg,10922,3
/Applications/XAMPP/xamppfiles/htdocs/cmu_aiot/leaf workshop/corn_dataset/Blight/Corn_Blight (692).JPG,corn,Blight,Blight,Corn_Blight (692).JPG,16292,0
/Applications/XAMPP/xamppfiles/htdocs/cmu_aiot/leaf workshop/corn_dataset/Healthy/Corn_Health (318).jpg,corn,Healthy,Healthy,Corn_Health (318).jpg,13222,3
/Applications/XAMPP/xamppfiles/htdocs/cmu_aiot/leaf workshop/corn_dataset/Common_Rust/Corn_Common_Rust (276).JPG,corn,Common_Rust,Common_Rust,Corn_Common_Rust (276).JPG,16463,1
/Applications/XAMPP/xamppfiles/htdocs/cmu_aiot/leaf workshop/corn_dataset/Gray_Leaf_Spot/Corn_Gray_Spot (562).jpg,corn,Gray_Leaf_Spot,Gray_Leaf_Spot,Corn_Gray_Spot (562).jpg,163393,2
/Applications/XAMPP/xamppfiles/htdocs/cmu_aiot/leaf workshop/corn_dataset/Blight/Corn_Blight (210).JPG,corn,Blight,Blight,Corn_Blight (210).JPG,13709,0
/Applications/XAMPP/xamppfiles/htdocs/cmu_aiot/leaf workshop/corn_dataset/Common_Rust/Corn_Common_Rust (552).JPG,corn,Common_Rust,Common_Rust,Corn_Common_Rust (552).JPG,11364,1
/Applications/XAMPP/xamppfiles/htdocs/cmu_aiot/leaf workshop/corn_dataset/Common_Rust/Corn_Common_Rust (575).JPG,corn,Common_Rust,Common_Rust,Corn_Common_Rust (575).JPG,16967,1
/Applications/XAMPP/xamppfiles/htdocs/cmu_aiot/leaf workshop/corn_dataset/Healthy/Corn_Health (485).jpg,corn,Healthy,Healthy,Corn_Health (485).jpg,17808,3
/Applications/XAMPP/xamppfiles/htdocs/cmu_aiot/leaf workshop/corn_dataset/Healthy/Corn_Health (772).jpg,corn,Healthy,Healthy,Corn_Health (772).jpg,9011,3
/Applications/XAMPP/xamppfiles/htdocs/cmu_aiot/leaf workshop/corn_dataset/Healthy/Corn_Health (378).jpg,corn,Healthy,Healthy,Corn_Health (378).jpg,18330,3
/Applications/XAMPP/xamppfiles/htdocs/cmu_aiot/leaf workshop/corn_dataset/Healthy/Corn_Health (938).jpg,corn,Healthy,Healthy,Corn_Health (938).jpg,10647,3
/Applications/XAMPP/xamppfiles/htdocs/cmu_aiot/leaf workshop/corn_dataset/Common_Rust/Corn_Common_Rust (59).jpg,corn,Common_Rust,Common_Rust,Corn_Common_Rust (59).jpg,71015,1
/Applications/XAMPP/xamppfiles/htdocs/cmu_aiot/leaf workshop/corn_dataset/Blight/Corn_Blight (1032).JPG,corn,Blight,Blight,Corn_Blight (1032).JPG,13835,0
/Applications/XAMPP/xamppfiles/htdocs/cmu_aiot/leaf workshop/corn_dataset/Blight/Corn_Blight (754).jpg,corn,Blight,Blight,Corn_Blight (754).jpg,12385,0
/Applications/XAMPP/xamppfiles/htdocs/cmu_aiot/leaf workshop/corn_dataset/Healthy/Corn_Health (403).jpg,corn,Healthy,Healthy,Corn_Health (403).jpg,12576,3
/Applications/XAMPP/xamppfiles/htdocs/cmu_aiot/leaf workshop/corn_dataset/Common_Rust/Corn_Common_Rust (1130).JPG,corn,Common_Rust,Common_Rust,Corn_Common_Rust (1130).JPG,13026,1
/Applications/XAMPP/xamppfiles/htdocs/cmu_aiot/leaf workshop/corn_dataset/Healthy/Corn_Health (297).jpg,corn,Healthy,Healthy,Corn_Health (297).jpg,11416,3
/Applications/XAMPP/xamppfiles/htdocs/cmu_aiot/leaf workshop/corn_dataset/Common_Rust/Corn_Common_Rust (1078).JPG,corn,Common_Rust,Common_Rust,Corn_Common_Rust (1078).JPG,14893,1
/Applications/XAMPP/xamppfiles/htdocs/cmu_aiot/leaf workshop/corn_dataset/Gray_Leaf_Spot/Corn_Gray_Spot (254).JPG,corn,Gray_Leaf_Spot,Gray_Leaf_Spot,Corn_Gray_Spot (254).JPG,18829,2
/Applications/XAMPP/xamppfiles/htdocs/cmu_aiot/leaf workshop/corn_dataset/Gray_Leaf_Spot/Corn_Gray_Spot (367).JPG,corn,Gray_Leaf_Spot,Gray_Leaf_Spot,Corn_Gray_Spot (367).JPG,17634,2
/Applications/XAMPP/xamppfiles/htdocs/cmu_aiot/leaf workshop/corn_dataset/Blight/Corn_Blight (863).JPG,corn,Blight,Blight,Corn_Blight (863).JPG,14059,0
/Applications/XAMPP/xamppfiles/htdocs/cmu_aiot/leaf workshop/corn_dataset/Blight/Corn_Blight (696).JPG,corn,Blight,Blight,Corn_Blight (696).JPG,11699,0
/Applications/XAMPP/xamppfiles/htdocs/cmu_aiot/leaf workshop/corn_dataset/Healthy/Corn_Health (612).jpg,corn,Healthy,Healthy,Corn_Health (612).jpg,6136,3
/Applications/XAMPP/xamppfiles/htdocs/cmu_aiot/leaf workshop/corn_dataset/Gray_Leaf_Spot/Corn_Gray_Spot (163).JPG,corn,Gray_Leaf_Spot,Gray_Leaf_Spot,Corn_Gray_Spot (163).JPG,21406,2
/Applications/XAMPP/xamppfiles/htdocs/cmu_aiot/leaf workshop/corn_dataset/Blight/Corn_Blight (607).JPG,corn,Blight,Blight,Corn_Blight (607).JPG,16476,0
/Applications/XAMPP/xamppfiles/htdocs/cmu_aiot/leaf workshop/corn_dataset/Blight/Corn_Blight (359).JPG,corn,Blight,Blight,Corn_Blight (359).JPG,13189,0
/Applications/XAMPP/xamppfiles/htdocs/cmu_aiot/leaf workshop/corn_dataset/Healthy/Corn_Health (840).jpg,corn,Healthy,Healthy,Corn_Health (840).jpg,8794,3
/Applications/XAMPP/xamppfiles/htdocs/cmu_aiot/leaf workshop/corn_dataset/Blight/Corn_Blight (266).JPG,corn,Blight,Blight,Corn_Blight (266).JPG,10974,0
/Applications/XAMPP/xamppfiles/htdocs/cmu_aiot/leaf workshop/corn_dataset/Common_Rust/Corn_Common_Rust (106).JPG,corn,Common_Rust,Common_Rust,Corn_Common_Rust (106).JPG,16975,1
/Applications/XAMPP/xamppfiles/htdocs/cmu_aiot/leaf workshop/corn_dataset/Healthy/Corn_Health (549).jpg,corn,Healthy,Healthy,Corn_Health (549).jpg,20648,3
/Applications/XAMPP/xamppfiles/htdocs/cmu_aiot/leaf workshop/corn_dataset/Common_Rust/Corn_Common_Rust (637).JPG,corn,Common_Rust,Common_Rust,Corn_Common_Rust (637).JPG,11783,1
/Applications/XAMPP/xamppfiles/htdocs/cmu_aiot/leaf workshop/corn_dataset/Common_Rust/Corn_Common_Rust (1125).JPG,corn,Common_Rust,Common_Rust,Corn_Common_Rust (1125).JPG,15162,1
/Applications/XAMPP/xamppfiles/htdocs/cmu_aiot/leaf workshop/corn_dataset/Gray_Leaf_Spot/Corn_Gray_Spot (411).jpg,corn,Gray_Leaf_Spot,Gray_Leaf_Spot,Corn_Gray_Spot (411).jpg,16426,2
/Applications/XAMPP/xamppfiles/htdocs/cmu_aiot/leaf workshop/corn_dataset/Healthy/Corn_Health (374).jpg,corn,Healthy,Healthy,Corn_Health (374).jpg,14332,3
/Applications/XAMPP/xamppfiles/htdocs/cmu_aiot/leaf workshop/corn_dataset/Healthy/Corn_Health (44).jpg,corn,Healthy,Healthy,Corn_Health (44).jpg,11792,3
/Applications/XAMPP/xamppfiles/htdocs/cmu_aiot/leaf workshop/corn_dataset/Healthy/Corn_Health (272).jpg,corn,Healthy,Healthy,Corn_Health (272).jpg,7033,3
/Applications/XAMPP/xamppfiles/htdocs/cmu_aiot/leaf workshop/corn_dataset/Common_Rust/Corn_Common_Rust (1152).JPG,corn,Common_Rust,Common_Rust,Corn_Common_Rust (1152).JPG,14764,1
/Applications/XAMPP/xamppfiles/htdocs/cmu_aiot/leaf workshop/corn_dataset/Blight/Corn_Blight (143).JPG,corn,Blight,Blight,Corn_Blight (143).JPG,12264,0
/Applications/XAMPP/xamppfiles/htdocs/cmu_aiot/leaf workshop/corn_dataset/Healthy/Corn_Health (436).jpg,corn,Healthy,Healthy,Corn_Health (436).jpg,16059,3
/Applications/XAMPP/xamppfiles/htdocs/cmu_aiot/leaf workshop/corn_dataset/Blight/Corn_Blight (358).JPG,corn,Blight,Blight,Corn_Blight (358).JPG,15254,0
/Applications/XAMPP/xamppfiles/htdocs/cmu_aiot/leaf workshop/corn_dataset/Blight/Corn_Blight (61).jpg,corn,Blight,Blight,Corn_Blight (61).jpg,120374,0
/Applications/XAMPP/xamppfiles/htdocs/cmu_aiot/leaf workshop/corn_dataset/Blight/Corn_Blight (761).JPG,corn,Blight,Blight,Corn_Blight (761).JPG,14186,0
/Applications/XAMPP/xamppfiles/htdocs/cmu_aiot/leaf workshop/corn_dataset/Common_Rust/Corn_Common_Rust (158).JPG,corn,Common_Rust,Common_Rust,Corn_Common_Rust (158).JPG,13428,1
/Applications/XAMPP/xamppfiles/htdocs/cmu_aiot/leaf workshop/corn_dataset/Healthy/Corn_Health (1130).jpg,corn,Healthy,Healthy,Corn_Health (1130).jpg,18309,3
/Applications/XAMPP/xamppfiles/htdocs/cmu_aiot/leaf workshop/corn_dataset/Blight/Corn_Blight (1056).JPG,corn,Blight,Blight,Corn_Blight (1056).JPG,12889,0
/Applications/XAMPP/xamppfiles/htdocs/cmu_aiot/leaf workshop/corn_dataset/Blight/Corn_Blight (79).jpg,corn,Blight,Blight,Corn_Blight (79).jpg,325809,0
/Applications/XAMPP/xamppfiles/htdocs/cmu_aiot/leaf workshop/corn_dataset/Healthy/Corn_Health (1031).jpg,corn,Healthy,Healthy,Corn_Health (1031).jpg,10283,3
/Applications/XAMPP/xamppfiles/htdocs/cmu_aiot/leaf workshop/corn_dataset/Healthy/Corn_Health (237).jpg,corn,Healthy,Healthy,Corn_Health (237).jpg,15852,3
/Applications/XAMPP/xamppfiles/htdocs/cmu_aiot/leaf workshop/corn_dataset/Common_Rust/Corn_Common_Rust (289).JPG,corn,Common_Rust,Common_Rust,Corn_Common_Rust (289).JPG,14149,1
/Applications/XAMPP/xamppfiles/htdocs/cmu_aiot/leaf workshop/corn_dataset/Gray_Leaf_Spot/Corn_Gray_Spot (286).JPG,corn,Gray_Leaf_Spot,Gray_Leaf_Spot,Corn_Gray_Spot (286).JPG,14312,2
/Applications/XAMPP/xamppfiles/htdocs/cmu_aiot/leaf workshop/corn_dataset/Common_Rust/Corn_Common_Rust (205).JPG,corn,Common_Rust,Common_Rust,Corn_Common_Rust (205).JPG,15174,1
/Applications/XAMPP/xamppfiles/htdocs/cmu_aiot/leaf workshop/corn_dataset/Blight/Corn_Blight (878).JPG,corn,Blight,Blight,Corn_Blight (878).JPG,13561,0
/Applications/XAMPP/xamppfiles/htdocs/cmu_aiot/leaf workshop/corn_dataset/Gray_Leaf_Spot/Corn_Gray_Spot (183).JPG,corn,Gray_Leaf_Spot,Gray_Leaf_Spot,Corn_Gray_Spot (183).JPG,14415,2
/Applications/XAMPP/xamppfiles/htdocs/cmu_aiot/leaf workshop/corn_dataset/Gray_Leaf_Spot/Corn_Gray_Spot (261).JPG,corn,Gray_Leaf_Spot,Gray_Leaf_Spot,Corn_Gray_Spot (261).JPG,15234,2
/Applications/XAMPP/xamppfiles/htdocs/cmu_aiot/leaf workshop/corn_dataset/Common_Rust/Corn_Common_Rust (1241).JPG,corn,Common_Rust,Common_Rust,Corn_Common_Rust (1241).JPG,15070,1
/Applications/XAMPP/xamppfiles/htdocs/cmu_aiot/leaf workshop/corn_dataset/Gray_Leaf_Spot/Corn_Gray_Spot (435).JPG,corn,Gray_Leaf_Spot,Gray_Leaf_Spot,Corn_Gray_Spot (435).JPG,21179,2
/Applications/XAMPP/xamppfiles/htdocs/cmu_aiot/leaf workshop/corn_dataset/Healthy/Corn_Health (517).jpg,corn,Healthy,Healthy,Corn_Health (517).jpg,13110,3
/Applications/XAMPP/xamppfiles/htdocs/cmu_aiot/leaf workshop/corn_dataset/Gray_Leaf_Spot/Corn_Gray_Spot (268).jpg,corn,Gray_Leaf_Spot,Gray_Leaf_Spot,Corn_Gray_Spot (268).jpg,17521,2
/Applications/XAMPP/xamppfiles/htdocs/cmu_aiot/leaf workshop/corn_dataset/Healthy/Corn_Health (857).jpg,corn,Healthy,Healthy,Corn_Health (857).jpg,10945,3
/Applications/XAMPP/xamppfiles/htdocs/cmu_aiot/leaf workshop/corn_dataset/Healthy/Corn_Health (480).jpg,corn,Healthy,Healthy,Corn_Health (480).jpg,18933,3
/Applications/XAMPP/xamppfiles/htdocs/cmu_aiot/leaf workshop/corn_dataset/Gray_Leaf_Spot/Corn_Gray_Spot (161).JPG,corn,Gray_Leaf_Spot,Gray_Leaf_Spot,Corn_Gray_Spot (161).JPG,16932,2
/Applications/XAMPP/xamppfiles/htdocs/cmu_aiot/leaf workshop/corn_dataset/Common_Rust/Corn_Common_Rust (234).JPG,corn,Common_Rust,Common_Rust,Corn_Common_Rust (234).JPG,14220,1
/Applications/XAMPP/xamppfiles/htdocs/cmu_aiot/leaf workshop/corn_dataset/Healthy/Corn_Health (252).jpg,corn,Healthy,Healthy,Corn_Health (252).jpg,16076,3
/Applications/XAMPP/xamppfiles/htdocs/cmu_aiot/leaf workshop/corn_dataset/Blight/Corn_Blight (931).JPG,corn,Blight,Blight,Corn_Blight (931).JPG,12642,0
/Applications/XAMPP/xamppfiles/htdocs/cmu_aiot/leaf workshop/corn_dataset/Healthy/Corn_Health (350).jpg,corn,Healthy,Healthy,Corn_Health (350).jpg,9915,3
/Applications/XAMPP/xamppfiles/htdocs/cmu_aiot/leaf workshop/corn_dataset/Blight/Corn_Blight (440).JPG,corn,Blight,Blight,Corn_Blight (440).JPG,14877,0
/Applications/XAMPP/xamppfiles/htdocs/cmu_aiot/leaf workshop/corn_dataset/Healthy/Corn_Health (514).jpg,corn,Healthy,Healthy,Corn_Health (514).jpg,6986,3
/Applications/XAMPP/xamppfiles/htdocs/cmu_aiot/leaf workshop/corn_dataset/Blight/Corn_Blight (569).JPG,corn,Blight,Blight,Corn_Blight (569).JPG,11765,0
/Applications/XAMPP/xamppfiles/htdocs/cmu_aiot/leaf workshop/corn_dataset/Common_Rust/Corn_Common_Rust (1025).JPG,corn,Common_Rust,Common_Rust,Corn_Common_Rust (1025).JPG,13817,1
/Applications/XAMPP/xamppfiles/htdocs/cmu_aiot/leaf workshop/corn_dataset/Healthy/Corn_Health (601).jpg,corn,Healthy,Healthy,Corn_Health (601).jpg,10319,3
/Applications/XAMPP/xamppfiles/htdocs/cmu_aiot/leaf workshop/corn_dataset/Common_Rust/Corn_Common_Rust (441).JPG,corn,Common_Rust,Common_Rust,Corn_Common_Rust (441).JPG,12052,1
/Applications/XAMPP/xamppfiles/htdocs/cmu_aiot/leaf workshop/corn_dataset/Blight/Corn_Blight (421).JPG,corn,Blight,Blight,Corn_Blight (421).JPG,14127,0
/Applications/XAMPP/xamppfiles/htdocs/cmu_aiot/leaf workshop/corn_dataset/Common_Rust/Corn_Common_Rust (1177).JPG,corn,Common_Rust,Common_Rust,Corn_Common_Rust (1177).JPG,10866,1
/Applications/XAMPP/xamppfiles/htdocs/cmu_aiot/leaf workshop/corn_dataset/Blight/Corn_Blight (1077).JPG,corn,Blight,Blight,Corn_Blight (1077).JPG,8749,0
/Applications/XAMPP/xamppfiles/htdocs/cmu_aiot/leaf workshop/corn_dataset/Blight/Corn_Blight (918).JPG,corn,Blight,Blight,Corn_Blight (918).JPG,12540,0
/Applications/XAMPP/xamppfiles/htdocs/cmu_aiot/leaf workshop/corn_dataset/Healthy/Corn_Health (293).jpg,corn,Healthy,Healthy,Corn_Health (293).jpg,7142,3
/Applications/XAMPP/xamppfiles/htdocs/cmu_aiot/leaf workshop/corn_dataset/Blight/Corn_Blight (1072).JPG,corn,Blight,Blight,Corn_Blight (1072).JPG,14288,0
/Applications/XAMPP/xamppfiles/htdocs/cmu_aiot/leaf workshop/corn_dataset/Common_Rust/Corn_Common_Rust (606).JPG,corn,Common_Rust,Common_Rust,Corn_Common_Rust (606).JPG,14334,1
/Applications/XAMPP/xamppfiles/htdocs/cmu_aiot/leaf workshop/corn_dataset/Gray_Leaf_Spot/Corn_Gray_Spot (526).JPG,corn,Gray_Leaf_Spot,Gray_Leaf_Spot,Corn_Gray_Spot (526).JPG,12252,2
/Applications/XAMPP/xamppfiles/htdocs/cmu_aiot/leaf workshop/corn_dataset/Blight/Corn_Blight (673).JPG,corn,Blight,Blight,Corn_Blight (673).JPG,11895,0
/Applications/XAMPP/xamppfiles/htdocs/cmu_aiot/leaf workshop/corn_dataset/Blight/Corn_Blight (882).JPG,corn,Blight,Blight,Corn_Blight (882).JPG,16535,0
/Applications/XAMPP/xamppfiles/htdocs/cmu_aiot/leaf workshop/corn_dataset/Healthy/Corn_Health (22).jpg,corn,Healthy,Healthy,Corn_Health (22).jpg,17046,3
/Applications/XAMPP/xamppfiles/htdocs/cmu_aiot/leaf workshop/corn_dataset/Blight/Corn_Blight (577).JPG,corn,Blight,Blight,Corn_Blight (577).JPG,12741,0
/Applications/XAMPP/xamppfiles/htdocs/cmu_aiot/leaf workshop/corn_dataset/Blight/Corn_Blight (978).jpg,corn,Blight,Blight,Corn_Blight (978).jpg,14560,0
/Applications/XAMPP/xamppfiles/htdocs/cmu_aiot/leaf workshop/corn_dataset/Gray_Leaf_Spot/Corn_Gray_Spot (543).JPG,corn,Gray_Leaf_Spot,Gray_Leaf_Spot,Corn_Gray_Spot (543).JPG,14508,2
/Applications/XAMPP/xamppfiles/htdocs/cmu_aiot/leaf workshop/corn_dataset/Healthy/Corn_Health (382).jpg,corn,Healthy,Healthy,Corn_Health (382).jpg,15296,3
/Applications/XAMPP/xamppfiles/htdocs/cmu_aiot/leaf workshop/corn_dataset/Blight/Corn_Blight (527).JPG,corn,Blight,Blight,Corn_Blight (527).JPG,9908,0
/Applications/XAMPP/xamppfiles/htdocs/cmu_aiot/leaf workshop/corn_dataset/Common_Rust/Corn_Common_Rust (210).JPG,corn,Common_Rust,Common_Rust,Corn_Common_Rust (210).JPG,13120,1
/Applications/XAMPP/xamppfiles/htdocs/cmu_aiot/leaf workshop/corn_dataset/Common_Rust/Corn_Common_Rust (344).JPG,corn,Common_Rust,Common_Rust,Corn_Common_Rust (344).JPG,15516,1
/Applications/XAMPP/xamppfiles/htdocs/cmu_aiot/leaf workshop/corn_dataset/Blight/Corn_Blight (341).JPG,corn,Blight,Blight,Corn_Blight (341).JPG,13745,0
/Applications/XAMPP/xamppfiles/htdocs/cmu_aiot/leaf workshop/corn_dataset/Blight/Corn_Blight (221).JPG,corn,Blight,Blight,Corn_Blight (221).JPG,13758,0
/Applications/XAMPP/xamppfiles/htdocs/cmu_aiot/leaf workshop/corn_dataset/Blight/Corn_Blight (62).jpg,corn,Blight,Blight,Corn_Blight (62).jpg,76766,0
/Applications/XAMPP/xamppfiles/htdocs/cmu_aiot/leaf workshop/corn_dataset/Common_Rust/Corn_Common_Rust (331).JPG,corn,Common_Rust,Common_Rust,Corn_Common_Rust (331).JPG,16406,1
/Applications/XAMPP/xamppfiles/htdocs/cmu_aiot/leaf workshop/corn_dataset/Healthy/Corn_Health (843).jpg,corn,Healthy,Healthy,Corn_Health (843).jpg,5664,3
/Applications/XAMPP/xamppfiles/htdocs/cmu_aiot/leaf workshop/corn_dataset/Common_Rust/Corn_Common_Rust (423).JPG,corn,Common_Rust,Common_Rust,Corn_Common_Rust (423).JPG,14535,1
/Applications/XAMPP/xamppfiles/htdocs/cmu_aiot/leaf workshop/corn_dataset/Gray_Leaf_Spot/Corn_Gray_Spot (503).JPG,corn,Gray_Leaf_Spot,Gray_Leaf_Spot,Corn_Gray_Spot (503).JPG,13936,2
/Applications/XAMPP/xamppfiles/htdocs/cmu_aiot/leaf workshop/corn_dataset/Healthy/Corn_Health (770).jpg,corn,Healthy,Healthy,Corn_Health (770).jpg,15966,3
/Applications/XAMPP/xamppfiles/htdocs/cmu_aiot/leaf workshop/corn_dataset/Common_Rust/Corn_Common_Rust (646).JPG,corn,Common_Rust,Common_Rust,Corn_Common_Rust (646).JPG,12875,1
/Applications/XAMPP/xamppfiles/htdocs/cmu_aiot/leaf workshop/corn_dataset/Blight/Corn_Blight (519).JPG,corn,Blight,Blight,Corn_Blight (519).JPG,13593,0
/Applications/XAMPP/xamppfiles/htdocs/cmu_aiot/leaf workshop/corn_dataset/Common_Rust/Corn_Common_Rust (1239).JPG,corn,Common_Rust,Common_Rust,Corn_Common_Rust (1239).JPG,14625,1
/Applications/XAMPP/xamppfiles/htdocs/cmu_aiot/leaf workshop/corn_dataset/Common_Rust/Corn_Common_Rust (751).JPG,corn,Common_Rust,Common_Rust,Corn_Common_Rust (751).JPG,15841,1
/Applications/XAMPP/xamppfiles/htdocs/cmu_aiot/leaf workshop/corn_dataset/Common_Rust/Corn_Common_Rust (574).JPG,corn,Common_Rust,Common_Rust,Corn_Common_Rust (574).JPG,13043,1
/Applications/XAMPP/xamppfiles/htdocs/cmu_aiot/leaf workshop/corn_dataset/Healthy/Corn_Health (1051).jpg,corn,Healthy,Healthy,Corn_Health (1051).jpg,8388,3
/Applications/XAMPP/xamppfiles/htdocs/cmu_aiot/leaf workshop/corn_dataset/Healthy/Corn_Health (182).jpg,corn,Healthy,Healthy,Corn_Health (182).jpg,8163,3
/Applications/XAMPP/xamppfiles/htdocs/cmu_aiot/leaf workshop/corn_dataset/Blight/Corn_Blight (163).JPG,corn,Blight,Blight,Corn_Blight (163).JPG,11858,0
/Applications/XAMPP/xamppfiles/htdocs/cmu_aiot/leaf workshop/corn_dataset/Gray_Leaf_Spot/Corn_Gray_Spot (361).JPG,corn,Gray_Leaf_Spot,Gray_Leaf_Spot,Corn_Gray_Spot (361).JPG,16534,2
/Applications/XAMPP/xamppfiles/htdocs/cmu_aiot/leaf workshop/corn_dataset/Healthy/Corn_Health (162).jpg,corn,Healthy,Healthy,Corn_Health (162).jpg,13565,3
/Applications/XAMPP/xamppfiles/htdocs/cmu_aiot/leaf workshop/corn_dataset/Common_Rust/Corn_Common_Rust (161).JPG,corn,Common_Rust,Common_Rust,Corn_Common_Rust (161).JPG,18084,1
/Applications/XAMPP/xamppfiles/htdocs/cmu_aiot/leaf workshop/corn_dataset/Gray_Leaf_Spot/Corn_Gray_Spot (417).JPG,corn,Gray_Leaf_Spot,Gray_Leaf_Spot,Corn_Gray_Spot (417).JPG,14692,2
/Applications/XAMPP/xamppfiles/htdocs/cmu_aiot/leaf workshop/corn_dataset/Healthy/Corn_Health (353).jpg,corn,Healthy,Healthy,Corn_Health (353).jpg,7495,3
/Applications/XAMPP/xamppfiles/htdocs/cmu_aiot/leaf workshop/corn_dataset/Common_Rust/Corn_Common_Rust (665).JPG,corn,Common_Rust,Common_Rust,Corn_Common_Rust (665).JPG,14338,1
/Applications/XAMPP/xamppfiles/htdocs/cmu_aiot/leaf workshop/corn_dataset/Healthy/Corn_Health (1104).jpg,corn,Healthy,Healthy,Corn_Health (1104).jpg,9479,3
/Applications/XAMPP/xamppfiles/htdocs/cmu_aiot/leaf workshop/corn_dataset/Healthy/Corn_Health (1079).jpg,corn,Healthy,Healthy,Corn_Health (1079).jpg,11499,3
/Applications/XAMPP/xamppfiles/htdocs/cmu_aiot/leaf workshop/corn_dataset/Common_Rust/Corn_Common_Rust (1113).JPG,corn,Common_Rust,Common_Rust,Corn_Common_Rust (1113).JPG,15459,1
/Applications/XAMPP/xamppfiles/htdocs/cmu_aiot/leaf workshop/corn_dataset/Healthy/Corn_Health (521).jpg,corn,Healthy,Healthy,Corn_Health (521).jpg,15168,3
/Applications/XAMPP/xamppfiles/htdocs/cmu_aiot/leaf workshop/corn_dataset/Common_Rust/Corn_Common_Rust (1137).JPG,corn,Common_Rust,Common_Rust,Corn_Common_Rust (1137).JPG,13580,1
/Applications/XAMPP/xamppfiles/htdocs/cmu_aiot/leaf workshop/corn_dataset/Common_Rust/Corn_Common_Rust (321).JPG,corn,Common_Rust,Common_Rust,Corn_Common_Rust (321).JPG,13223,1
/Applications/XAMPP/xamppfiles/htdocs/cmu_aiot/leaf workshop/corn_dataset/Blight/Corn_Blight (466).JPG,corn,Blight,Blight,Corn_Blight (466).JPG,13919,0
/Applications/XAMPP/xamppfiles/htdocs/cmu_aiot/leaf workshop/corn_dataset/Healthy/Corn_Health (532).jpg,corn,Healthy,Healthy,Corn_Health (532).jpg,11331,3
/Applications/XAMPP/xamppfiles/htdocs/cmu_aiot/leaf workshop/corn_dataset/Healthy/Corn_Health (52).jpg,corn,Healthy,Healthy,Corn_Health (52).jpg,10388,3
/Applications/XAMPP/xamppfiles/htdocs/cmu_aiot/leaf workshop/corn_dataset/Healthy/Corn_Health (568).jpg,corn,Healthy,Healthy,Corn_Health (568).jpg,10982,3
/Applications/XAMPP/xamppfiles/htdocs/cmu_aiot/leaf workshop/corn_dataset/Common_Rust/Corn_Common_Rust (1023).JPG,corn,Common_Rust,Common_Rust,Corn_Common_Rust (1023).JPG,13897,1
/Applications/XAMPP/xamppfiles/htdocs/cmu_aiot/leaf workshop/corn_dataset/Common_Rust/Corn_Common_Rust (221).JPG,corn,Common_Rust,Common_Rust,Corn_Common_Rust (221).JPG,16900,1
/Applications/XAMPP/xamppfiles/htdocs/cmu_aiot/leaf workshop/corn_dataset/Blight/Corn_Blight (198).JPG,corn,Blight,Blight,Corn_Blight (198).JPG,17995,0
/Applications/XAMPP/xamppfiles/htdocs/cmu_aiot/leaf workshop/corn_dataset/Common_Rust/Corn_Common_Rust (415).JPG,corn,Common_Rust,Common_Rust,Corn_Common_Rust (415).JPG,13168,1
/Applications/XAMPP/xamppfiles/htdocs/cmu_aiot/leaf workshop/corn_dataset/Healthy/Corn_Health (96).jpg,corn,Healthy,Healthy,Corn_Health (96).jpg,9146,3
/Applications/XAMPP/xamppfiles/htdocs/cmu_aiot/leaf workshop/corn_dataset/Common_Rust/Corn_Common_Rust (446).JPG,corn,Common_Rust,Common_Rust,Corn_Common_Rust (446).JPG,13478,1
/Applications/XAMPP/xamppfiles/htdocs/cmu_aiot/leaf workshop/corn_dataset/Healthy/Corn_Health (559).jpg,corn,Healthy,Healthy,Corn_Health (559).jpg,14091,3
/Applications/XAMPP/xamppfiles/htdocs/cmu_aiot/leaf workshop/corn_dataset/Healthy/Corn_Health (752).jpg,corn,Healthy,Healthy,Corn_Health (752).jpg,10523,3
/Applications/XAMPP/xamppfiles/htdocs/cmu_aiot/leaf workshop/corn_dataset/Blight/Corn_Blight (350).JPG,corn,Blight,Blight,Corn_Blight (350).JPG,11880,0
/Applications/XAMPP/xamppfiles/htdocs/cmu_aiot/leaf workshop/corn_dataset/Blight/Corn_Blight (560).JPG,corn,Blight,Blight,Corn_Blight (560).JPG,14785,0
/Applications/XAMPP/xamppfiles/htdocs/cmu_aiot/leaf workshop/corn_dataset/Blight/Corn_Blight (326).JPG,corn,Blight,Blight,Corn_Blight (326).JPG,15492,0
/Applications/XAMPP/xamppfiles/htdocs/cmu_aiot/leaf workshop/corn_dataset/Common_Rust/Corn_Common_Rust (609).JPG,corn,Common_Rust,Common_Rust,Corn_Common_Rust (609).JPG,12167,1
/Applications/XAMPP/xamppfiles/htdocs/cmu_aiot/leaf workshop/corn_dataset/Gray_Leaf_Spot/Corn_Gray_Spot (191).JPG,corn,Gray_Leaf_Spot,Gray_Leaf_Spot,Corn_Gray_Spot (191).JPG,13606,2
/Applications/XAMPP/xamppfiles/htdocs/cmu_aiot/leaf workshop/corn_dataset/Healthy/Corn_Health (227).jpg,corn,Healthy,Healthy,Corn_Health (227).jpg,10499,3
/Applications/XAMPP/xamppfiles/htdocs/cmu_aiot/leaf workshop/corn_dataset/Blight/Corn_Blight (532).JPG,corn,Blight,Blight,Corn_Blight (532).JPG,19676,0
/Applications/XAMPP/xamppfiles/htdocs/cmu_aiot/leaf workshop/corn_dataset/Healthy/Corn_Health (641).jpg,corn,Healthy,Healthy,Corn_Health (641).jpg,7355,3
/Applications/XAMPP/xamppfiles/htdocs/cmu_aiot/leaf workshop/corn_dataset/Blight/Corn_Blight (624).JPG,corn,Blight,Blight,Corn_Blight (624).JPG,12855,0
/Applications/XAMPP/xamppfiles/htdocs/cmu_aiot/leaf workshop/corn_dataset/Healthy/Corn_Health (700).jpg,corn,Healthy,Healthy,Corn_Health (700).jpg,13292,3
/Applications/XAMPP/xamppfiles/htdocs/cmu_aiot/leaf workshop/corn_dataset/Blight/Corn_Blight (424).JPG,corn,Blight,Blight,Corn_Blight (424).JPG,11884,0
/Applications/XAMPP/xamppfiles/htdocs/cmu_aiot/leaf workshop/corn_dataset/Common_Rust/Corn_Common_Rust (237).JPG,corn,Common_Rust,Common_Rust,Corn_Common_Rust (237).JPG,14684,1
/Applications/XAMPP/xamppfiles/htdocs/cmu_aiot/leaf workshop/corn_dataset/Gray_Leaf_Spot/Corn_Gray_Spot (350).JPG,corn,Gray_Leaf_Spot,Gray_Leaf_Spot,Corn_Gray_Spot (350).JPG,16592,2
/Applications/XAMPP/xamppfiles/htdocs/cmu_aiot/leaf workshop/corn_dataset/Gray_Leaf_Spot/Corn_Gray_Spot (329).JPG,corn,Gray_Leaf_Spot,Gray_Leaf_Spot,Corn_Gray_Spot (329).JPG,15412,2
/Applications/XAMPP/xamppfiles/htdocs/cmu_aiot/leaf workshop/corn_dataset/Common_Rust/Corn_Common_Rust (1062).JPG,corn,Common_Rust,Common_Rust,Corn_Common_Rust (1062).JPG,12596,1
/Applications/XAMPP/xamppfiles/htdocs/cmu_aiot/leaf workshop/corn_dataset/Healthy/Corn_Health (50).jpg,corn,Healthy,Healthy,Corn_Health (50).jpg,10376,3
/Applications/XAMPP/xamppfiles/htdocs/cmu_aiot/leaf workshop/corn_dataset/Common_Rust/Corn_Common_Rust (1049).JPG,corn,Common_Rust,Common_Rust,Corn_Common_Rust (1049).JPG,11224,1
/Applications/XAMPP/xamppfiles/htdocs/cmu_aiot/leaf workshop/corn_dataset/Common_Rust/Corn_Common_Rust (501).JPG,corn,Common_Rust,Common_Rust,Corn_Common_Rust (501).JPG,16193,1
/Applications/XAMPP/xamppfiles/htdocs/cmu_aiot/leaf workshop/corn_dataset/Common_Rust/Corn_Common_Rust (445).JPG,corn,Common_Rust,Common_Rust,Corn_Common_Rust (445).JPG,16842,1
/Applications/XAMPP/xamppfiles/htdocs/cmu_aiot/leaf workshop/corn_dataset/Common_Rust/Corn_Common_Rust (393).JPG,corn,Common_Rust,Common_Rust,Corn_Common_Rust (393).JPG,12797,1
/Applications/XAMPP/xamppfiles/htdocs/cmu_aiot/leaf workshop/corn_dataset/Common_Rust/Corn_Common_Rust (196).JPG,corn,Common_Rust,Common_Rust,Corn_Common_Rust (196).JPG,13395,1
/Applications/XAMPP/xamppfiles/htdocs/cmu_aiot/leaf workshop/corn_dataset/Gray_Leaf_Spot/Corn_Gray_Spot (430).jpg,corn,Gray_Leaf_Spot,Gray_Leaf_Spot,Corn_Gray_Spot (430).jpg,12021,2
/Applications/XAMPP/xamppfiles/htdocs/cmu_aiot/leaf workshop/corn_dataset/Blight/Corn_Blight (972).JPG,corn,Blight,Blight,Corn_Blight (972).JPG,16123,0
/Applications/XAMPP/xamppfiles/htdocs/cmu_aiot/leaf workshop/corn_dataset/Blight/Corn_Blight (553).JPG,corn,Blight,Blight,Corn_Blight (553).JPG,15651,0
/Applications/XAMPP/xamppfiles/htdocs/cmu_aiot/leaf workshop/corn_dataset/Gray_Leaf_Spot/Corn_Gray_Spot (113).jpg,corn,Gray_Leaf_Spot,Gray_Leaf_Spot,Corn_Gray_Spot (113).jpg,16675,2
/Applications/XAMPP/xamppfiles/htdocs/cmu_aiot/leaf workshop/corn_dataset/Common_Rust/Corn_Common_Rust (126).JPG,corn,Common_Rust,Common_Rust,Corn_Common_Rust (126).JPG,17178,1
/Applications/XAMPP/xamppfiles/htdocs/cmu_aiot/leaf workshop/corn_dataset/Common_Rust/Corn_Common_Rust (649).JPG,corn,Common_Rust,Common_Rust,Corn_Common_Rust (649).JPG,14072,1
/Applications/XAMPP/xamppfiles/htdocs/cmu_aiot/leaf workshop/corn_dataset/Common_Rust/Corn_Common_Rust (283).JPG,corn,Common_Rust,Common_Rust,Corn_Common_Rust (283).JPG,12130,1
/Applications/XAMPP/xamppfiles/htdocs/cmu_aiot/leaf workshop/corn_dataset/Gray_Leaf_Spot/Corn_Gray_Spot (359).JPG,corn,Gray_Leaf_Spot,Gray_Leaf_Spot,Corn_Gray_Spot (359).JPG,19965,2
/Applications/XAMPP/xamppfiles/htdocs/cmu_aiot/leaf workshop/corn_dataset/Common_Rust/Corn_Common_Rust (1199).JPG,corn,Common_Rust,Common_Rust,Corn_Common_Rust (1199).JPG,14840,1
/Applications/XAMPP/xamppfiles/htdocs/cmu_aiot/leaf workshop/corn_dataset/Healthy/Corn_Health (981).jpg,corn,Healthy,Healthy,Corn_Health (981).jpg,12271,3
/Applications/XAMPP/xamppfiles/htdocs/cmu_aiot/leaf workshop/corn_dataset/Common_Rust/Corn_Common_Rust (230).JPG,corn,Common_Rust,Common_Rust,Corn_Common_Rust (230).JPG,13637,1
/Applications/XAMPP/xamppfiles/htdocs/cmu_aiot/leaf workshop/corn_dataset/Common_Rust/Corn_Common_Rust (194).JPG,corn,Common_Rust,Common_Rust,Corn_Common_Rust (194).JPG,14517,1
/Applications/XAMPP/xamppfiles/htdocs/cmu_aiot/leaf workshop/corn_dataset/Gray_Leaf_Spot/Corn_Gray_Spot (363).jpg,corn,Gray_Leaf_Spot,Gray_Leaf_Spot,Corn_Gray_Spot (363).jpg,19049,2
/Applications/XAMPP/xamppfiles/htdocs/cmu_aiot/leaf workshop/corn_dataset/Common_Rust/Corn_Common_Rust (521).JPG,corn,Common_Rust,Common_Rust,Corn_Common_Rust (521).JPG,13233,1
/Applications/XAMPP/xamppfiles/htdocs/cmu_aiot/leaf workshop/corn_dataset/Healthy/Corn_Health (710).jpg,corn,Healthy,Healthy,Corn_Health (710).jpg,11095,3
/Applications/XAMPP/xamppfiles/htdocs/cmu_aiot/leaf workshop/corn_dataset/Gray_Leaf_Spot/Corn_Gray_Spot (521).JPG,corn,Gray_Leaf_Spot,Gray_Leaf_Spot,Corn_Gray_Spot (521).JPG,16089,2
/Applications/XAMPP/xamppfiles/htdocs/cmu_aiot/leaf workshop/corn_dataset/Blight/Corn_Blight (1090).JPG,corn,Blight,Blight,Corn_Blight (1090).JPG,14828,0
/Applications/XAMPP/xamppfiles/htdocs/cmu_aiot/leaf workshop/corn_dataset/Healthy/Corn_Health (1138).jpg,corn,Healthy,Healthy,Corn_Health (1138).jpg,8359,3
/Applications/XAMPP/xamppfiles/htdocs/cmu_aiot/leaf workshop/corn_dataset/Blight/Corn_Blight (286).jpg,corn,Blight,Blight,Corn_Blight (286).jpg,13826,0
/Applications/XAMPP/xamppfiles/htdocs/cmu_aiot/leaf workshop/corn_dataset/Blight/Corn_Blight (416).JPG,corn,Blight,Blight,Corn_Blight (416).JPG,15354,0
/Applications/XAMPP/xamppfiles/htdocs/cmu_aiot/leaf workshop/corn_dataset/Common_Rust/Corn_Common_Rust (1251).JPG,corn,Common_Rust,Common_Rust,Corn_Common_Rust (1251).JPG,18269,1
/Applications/XAMPP/xamppfiles/htdocs/cmu_aiot/leaf workshop/corn_dataset/Blight/Corn_Blight (100).jpg,corn,Blight,Blight,Corn_Blight (100).jpg,55013,0
/Applications/XAMPP/xamppfiles/htdocs/cmu_aiot/leaf workshop/corn_dataset/Blight/Corn_Blight (74).jpg,corn,Blight,Blight,Corn_Blight (74).jpg,902633,0
/Applications/XAMPP/xamppfiles/htdocs/cmu_aiot/leaf workshop/corn_dataset/Gray_Leaf_Spot/Corn_Gray_Spot (158).JPG,corn,Gray_Leaf_Spot,Gray_Leaf_Spot,Corn_Gray_Spot (158).JPG,14885,2
/Applications/XAMPP/xamppfiles/htdocs/cmu_aiot/leaf workshop/corn_dataset/Healthy/Corn_Health (62).jpg,corn,Healthy,Healthy,Corn_Health (62).jpg,15402,3
/Applications/XAMPP/xamppfiles/htdocs/cmu_aiot/leaf workshop/corn_dataset/Common_Rust/Corn_Common_Rust (721).JPG,corn,Common_Rust,Common_Rust,Corn_Common_Rust (721).JPG,14065,1
/Applications/XAMPP/xamppfiles/htdocs/cmu_aiot/leaf workshop/corn_dataset/Healthy/Corn_Health (1117).jpg,corn,Healthy,Healthy,Corn_Health (1117).jpg,9604,3
/Applications/XAMPP/xamppfiles/htdocs/cmu_aiot/leaf workshop/corn_dataset/Common_Rust/Corn_Common_Rust (1293).jpg,corn,Common_Rust,Common_Rust,Corn_Common_Rust (1293).jpg,2125803,1
/Applications/XAMPP/xamppfiles/htdocs/cmu_aiot/leaf workshop/corn_dataset/Blight/Corn_Blight (1046).JPG,corn,Blight,Blight,Corn_Blight (1046).JPG,10821,0
/Applications/XAMPP/xamppfiles/htdocs/cmu_aiot/leaf workshop/corn_dataset/Healthy/Corn_Health (42).jpg,corn,Healthy,Healthy,Corn_Health (42).jpg,16377,3
/Applications/XAMPP/xamppfiles/htdocs/cmu_aiot/leaf workshop/corn_dataset/Healthy/Corn_Health (498).jpg,corn,Healthy,Healthy,Corn_Health (498).jpg,12446,3
/Applications/XAMPP/xamppfiles/htdocs/cmu_aiot/leaf workshop/corn_dataset/Gray_Leaf_Spot/Corn_Gray_Spot (423).JPG,corn,Gray_Leaf_Spot,Gray_Leaf_Spot,Corn_Gray_Spot (423).JPG,18757,2
/Applications/XAMPP/xamppfiles/htdocs/cmu_aiot/leaf workshop/corn_dataset/Blight/Corn_Blight (32).jpg,corn,Blight,Blight,Corn_Blight (32).jpg,160986,0
/Applications/XAMPP/xamppfiles/htdocs/cmu_aiot/leaf workshop/corn_dataset/Healthy/Corn_Health (572).jpg,corn,Healthy,Healthy,Corn_Health (572).jpg,14234,3
/Applications/XAMPP/xamppfiles/htdocs/cmu_aiot/leaf workshop/corn_dataset/Healthy/Corn_Health (798).jpg,corn,Healthy,Healthy,Corn_Health (798).jpg,8135,3
/Applications/XAMPP/xamppfiles/htdocs/cmu_aiot/leaf workshop/corn_dataset/Healthy/Corn_Health (130).jpg,corn,Healthy,Healthy,Corn_Health (130).jpg,13837,3
/Applications/XAMPP/xamppfiles/htdocs/cmu_aiot/leaf workshop/corn_dataset/Healthy/Corn_Health (656).jpg,corn,Healthy,Healthy,Corn_Health (656).jpg,15078,3
/Applications/XAMPP/xamppfiles/htdocs/cmu_aiot/leaf workshop/corn_dataset/Gray_Leaf_Spot/Corn_Gray_Spot (520).JPG,corn,Gray_Leaf_Spot,Gray_Leaf_Spot,Corn_Gray_Spot (520).JPG,20048,2
/Applications/XAMPP/xamppfiles/htdocs/cmu_aiot/leaf workshop/corn_dataset/Blight/Corn_Blight (357).JPG,corn,Blight,Blight,Corn_Blight (357).JPG,11490,0
/Applications/XAMPP/xamppfiles/htdocs/cmu_aiot/leaf workshop/corn_dataset/Blight/Corn_Blight (857).JPG,corn,Blight,Blight,Corn_Blight (857).JPG,10896,0
/Applications/XAMPP/xamppfiles/htdocs/cmu_aiot/leaf workshop/corn_dataset/Blight/Corn_Blight (793).JPG,corn,Blight,Blight,Corn_Blight (793).JPG,13062,0
/Applications/XAMPP/xamppfiles/htdocs/cmu_aiot/leaf workshop/corn_dataset/Blight/Corn_Blight (752).JPG,corn,Blight,Blight,Corn_Blight (752).JPG,16546,0
/Applications/XAMPP/xamppfiles/htdocs/cmu_aiot/leaf workshop/corn_dataset/Gray_Leaf_Spot/Corn_Gray_Spot (333).JPG,corn,Gray_Leaf_Spot,Gray_Leaf_Spot,Corn_Gray_Spot (333).JPG,19134,2
/Applications/XAMPP/xamppfiles/htdocs/cmu_aiot/leaf workshop/corn_dataset/Blight/Corn_Blight (802).JPG,corn,Blight,Blight,Corn_Blight (802).JPG,17514,0
/Applications/XAMPP/xamppfiles/htdocs/cmu_aiot/leaf workshop/corn_dataset/Common_Rust/Corn_Common_Rust (152).JPG,corn,Common_Rust,Common_Rust,Corn_Common_Rust (152).JPG,12881,1
/Applications/XAMPP/xamppfiles/htdocs/cmu_aiot/leaf workshop/corn_dataset/Common_Rust/Corn_Common_Rust (642).JPG,corn,Common_Rust,Common_Rust,Corn_Common_Rust (642).JPG,11521,1
/Applications/XAMPP/xamppfiles/htdocs/cmu_aiot/leaf workshop/corn_dataset/Blight/Corn_Blight (310).JPG,corn,Blight,Blight,Corn_Blight (310).JPG,15655,0
/Applications/XAMPP/xamppfiles/htdocs/cmu_aiot/leaf workshop/corn_dataset/Common_Rust/Corn_Common_Rust (720).JPG,corn,Common_Rust,Common_Rust,Corn_Common_Rust (720).JPG,18553,1
/Applications/XAMPP/xamppfiles/htdocs/cmu_aiot/leaf workshop/corn_dataset/Healthy/Corn_Health (825).jpg,corn,Healthy,Healthy,Corn_Health (825).jpg,7918,3
/Applications/XAMPP/xamppfiles/htdocs/cmu_aiot/leaf workshop/corn_dataset/Healthy/Corn_Health (1056).jpg,corn,Healthy,Healthy,Corn_Health (1056).jpg,13149,3
/Applications/XAMPP/xamppfiles/htdocs/cmu_aiot/leaf workshop/corn_dataset/Gray_Leaf_Spot/Corn_Gray_Spot (567).jpg,corn,Gray_Leaf_Spot,Gray_Leaf_Spot,Corn_Gray_Spot (567).jpg,89239,2
/Applications/XAMPP/xamppfiles/htdocs/cmu_aiot/leaf workshop/corn_dataset/Common_Rust/Corn_Common_Rust (1089).JPG,corn,Common_Rust,Common_Rust,Corn_Common_Rust (1089).JPG,13253,1
/Applications/XAMPP/xamppfiles/htdocs/cmu_aiot/leaf workshop/corn_dataset/Gray_Leaf_Spot/Corn_Gray_Spot (133).JPG,corn,Gray_Leaf_Spot,Gray_Leaf_Spot,Corn_Gray_Spot (133).JPG,14299,2
/Applications/XAMPP/xamppfiles/htdocs/cmu_aiot/leaf workshop/corn_dataset/Common_Rust/Corn_Common_Rust (1294).jpg,corn,Common_Rust,Common_Rust,Corn_Common_Rust (1294).jpg,6483951,1
/Applications/XAMPP/xamppfiles/htdocs/cmu_aiot/leaf workshop/corn_dataset/Blight/Corn_Blight (400).JPG,corn,Blight,Blight,Corn_Blight (400).JPG,10147,0
/Applications/XAMPP/xamppfiles/htdocs/cmu_aiot/leaf workshop/corn_dataset/Common_Rust/Corn_Common_Rust (297).JPG,corn,Common_Rust,Common_Rust,Corn_Common_Rust (297).JPG,9883,1
/Applications/XAMPP/xamppfiles/htdocs/cmu_aiot/leaf workshop/corn_dataset/Blight/Corn_Blight (614).JPG,corn,Blight,Blight,Corn_Blight (614).JPG,15433,0
/Applications/XAMPP/xamppfiles/htdocs/cmu_aiot/leaf workshop/corn_dataset/Healthy/Corn_Health (537).jpg,corn,Healthy,Healthy,Corn_Health (537).jpg,10322,3
/Applications/XAMPP/xamppfiles/htdocs/cmu_aiot/leaf workshop/corn_dataset/Common_Rust/Corn_Common_Rust (1260).JPG,corn,Common_Rust,Common_Rust,Corn_Common_Rust (1260).JPG,18887,1
/Applications/XAMPP/xamppfiles/htdocs/cmu_aiot/leaf workshop/corn_dataset/Healthy/Corn_Health (731).jpg,corn,Healthy,Healthy,Corn_Health (731).jpg,6667,3
/Applications/XAMPP/xamppfiles/htdocs/cmu_aiot/leaf workshop/corn_dataset/Healthy/Corn_Health (198).jpg,corn,Healthy,Healthy,Corn_Health (198).jpg,17176,3
/Applications/XAMPP/xamppfiles/htdocs/cmu_aiot/leaf workshop/corn_dataset/Blight/Corn_Blight (404).jpg,corn,Blight,Blight,Corn_Blight (404).jpg,13817,0
/Applications/XAMPP/xamppfiles/htdocs/cmu_aiot/leaf workshop/corn_dataset/Blight/Corn_Blight (282).JPG,corn,Blight,Blight,Corn_Blight (282).JPG,15149,0
/Applications/XAMPP/xamppfiles/htdocs/cmu_aiot/leaf workshop/corn_dataset/Gray_Leaf_Spot/Corn_Gray_Spot (489).JPG,corn,Gray_Leaf_Spot,Gray_Leaf_Spot,Corn_Gray_Spot (489).JPG,14987,2
/Applications/XAMPP/xamppfiles/htdocs/cmu_aiot/leaf workshop/corn_dataset/Common_Rust/Corn_Common_Rust (3).jpg,corn,Common_Rust,Common_Rust,Corn_Common_Rust (3).jpg,33414,1
/Applications/XAMPP/xamppfiles/htdocs/cmu_aiot/leaf workshop/corn_dataset/Healthy/Corn_Health (823).jpg,corn,Healthy,Healthy,Corn_Health (823).jpg,12328,3
/Applications/XAMPP/xamppfiles/htdocs/cmu_aiot/leaf workshop/corn_dataset/Blight/Corn_Blight (652).JPG,corn,Blight,Blight,Corn_Blight (652).JPG,15428,0
/Applications/XAMPP/xamppfiles/htdocs/cmu_aiot/leaf workshop/corn_dataset/Blight/Corn_Blight (76).jpg,corn,Blight,Blight,Corn_Blight (76).jpg,381820,0
/Applications/XAMPP/xamppfiles/htdocs/cmu_aiot/leaf workshop/corn_dataset/Common_Rust/Corn_Common_Rust (701).JPG,corn,Common_Rust,Common_Rust,Corn_Common_Rust (701).JPG,14818,1
/Applications/XAMPP/xamppfiles/htdocs/cmu_aiot/leaf workshop/corn_dataset/Healthy/Corn_Health (1083).jpg,corn,Healthy,Healthy,Corn_Health (1083).jpg,5905,3
/Applications/XAMPP/xamppfiles/htdocs/cmu_aiot/leaf workshop/corn_dataset/Blight/Corn_Blight (667).JPG,corn,Blight,Blight,Corn_Blight (667).JPG,12476,0
/Applications/XAMPP/xamppfiles/htdocs/cmu_aiot/leaf workshop/corn_dataset/Blight/Corn_Blight (106).jpg,corn,Blight,Blight,Corn_Blight (106).jpg,36274,0
/Applications/XAMPP/xamppfiles/htdocs/cmu_aiot/leaf workshop/corn_dataset/Healthy/Corn_Health (676).jpg,corn,Healthy,Healthy,Corn_Health (676).jpg,7850,3
/Applications/XAMPP/xamppfiles/htdocs/cmu_aiot/leaf workshop/corn_dataset/Blight/Corn_Blight (1003).JPG,corn,Blight,Blight,Corn_Blight (1003).JPG,15404,0
/Applications/XAMPP/xamppfiles/htdocs/cmu_aiot/leaf workshop/corn_dataset/Common_Rust/Corn_Common_Rust (182).JPG,corn,Common_Rust,Common_Rust,Corn_Common_Rust (182).JPG,10209,1
/Applications/XAMPP/xamppfiles/htdocs/cmu_aiot/leaf workshop/corn_dataset/Blight/Corn_Blight (219).JPG,corn,Blight,Blight,Corn_Blight (219).JPG,12282,0
/Applications/XAMPP/xamppfiles/htdocs/cmu_aiot/leaf workshop/corn_dataset/Blight/Corn_Blight (584).JPG,corn,Blight,Blight,Corn_Blight (584).JPG,10768,0
/Applications/XAMPP/xamppfiles/htdocs/cmu_aiot/leaf workshop/corn_dataset/Healthy/Corn_Health (289).jpg,corn,Healthy,Healthy,Corn_Health (289).jpg,11634,3
/Applications/XAMPP/xamppfiles/htdocs/cmu_aiot/leaf workshop/corn_dataset/Gray_Leaf_Spot/Corn_Gray_Spot (397).jpg,corn,Gray_Leaf_Spot,Gray_Leaf_Spot,Corn_Gray_Spot (397).jpg,13576,2
/Applications/XAMPP/xamppfiles/htdocs/cmu_aiot/leaf workshop/corn_dataset/Blight/Corn_Blight (970).JPG,corn,Blight,Blight,Corn_Blight (970).JPG,10587,0
/Applications/XAMPP/xamppfiles/htdocs/cmu_aiot/leaf workshop/corn_dataset/Gray_Leaf_Spot/Corn_Gray_Spot (135).JPG,corn,Gray_Leaf_Spot,Gray_Leaf_Spot,Corn_Gray_Spot (135).JPG,14084,2
/Applications/XAMPP/xamppfiles/htdocs/cmu_aiot/leaf workshop/corn_dataset/Common_Rust/Corn_Common_Rust (1213).JPG,corn,Common_Rust,Common_Rust,Corn_Common_Rust (1213).JPG,12801,1
/Applications/XAMPP/xamppfiles/htdocs/cmu_aiot/leaf workshop/corn_dataset/Healthy/Corn_Health (783).jpg,corn,Healthy,Healthy,Corn_Health (783).jpg,16949,3
/Applications/XAMPP/xamppfiles/htdocs/cmu_aiot/leaf workshop/corn_dataset/Blight/Corn_Blight (966).jpg,corn,Blight,Blight,Corn_Blight (966).jpg,13819,0
/Applications/XAMPP/xamppfiles/htdocs/cmu_aiot/leaf workshop/corn_dataset/Common_Rust/Corn_Common_Rust (580).JPG,corn,Common_Rust,Common_Rust,Corn_Common_Rust (580).JPG,12225,1
/Applications/XAMPP/xamppfiles/htdocs/cmu_aiot/leaf workshop/corn_dataset/Blight/Corn_Blight (1082).jpg,corn,Blight,Blight,Corn_Blight (1082).jpg,16068,0
/Applications/XAMPP/xamppfiles/htdocs/cmu_aiot/leaf workshop/corn_dataset/Blight/Corn_Blight (1050).JPG,corn,Blight,Blight,Corn_Blight (1050).JPG,16328,0
/Applications/XAMPP/xamppfiles/htdocs/cmu_aiot/leaf workshop/corn_dataset/Blight/Corn_Blight (1009).JPG,corn,Blight,Blight,Corn_Blight (1009).JPG,14782,0
/Applications/XAMPP/xamppfiles/htdocs/cmu_aiot/leaf workshop/corn_dataset/Healthy/Corn_Health (219).jpg,corn,Healthy,Healthy,Corn_Health (219).jpg,11671,3
/Applications/XAMPP/xamppfiles/htdocs/cmu_aiot/leaf workshop/corn_dataset/Blight/Corn_Blight (515).JPG,corn,Blight,Blight,Corn_Blight (515).JPG,10847,0
/Applications/XAMPP/xamppfiles/htdocs/cmu_aiot/leaf workshop/corn_dataset/Gray_Leaf_Spot/Corn_Gray_Spot (190).JPG,corn,Gray_Leaf_Spot,Gray_Leaf_Spot,Corn_Gray_Spot (190).JPG,19632,2
/Applications/XAMPP/xamppfiles/htdocs/cmu_aiot/leaf workshop/corn_dataset/Healthy/Corn_Health (161).jpg,corn,Healthy,Healthy,Corn_Health (161).jpg,8016,3
/Applications/XAMPP/xamppfiles/htdocs/cmu_aiot/leaf workshop/corn_dataset/Healthy/Corn_Health (921).jpg,corn,Healthy,Healthy,Corn_Health (921).jpg,6938,3
/Applications/XAMPP/xamppfiles/htdocs/cmu_aiot/leaf workshop/corn_dataset/Blight/Corn_Blight (717).JPG,corn,Blight,Blight,Corn_Blight (717).JPG,14189,0
/Applications/XAMPP/xamppfiles/htdocs/cmu_aiot/leaf workshop/corn_dataset/Healthy/Corn_Health (1147).jpg,corn,Healthy,Healthy,Corn_Health (1147).jpg,10190,3
/Applications/XAMPP/xamppfiles/htdocs/cmu_aiot/leaf workshop/corn_dataset/Healthy/Corn_Health (509).jpg,corn,Healthy,Healthy,Corn_Health (509).jpg,21665,3
/Applications/XAMPP/xamppfiles/htdocs/cmu_aiot/leaf workshop/corn_dataset/Gray_Leaf_Spot/Corn_Gray_Spot (88).JPG,corn,Gray_Leaf_Spot,Gray_Leaf_Spot,Corn_Gray_Spot (88).JPG,14371,2
/Applications/XAMPP/xamppfiles/htdocs/cmu_aiot/leaf workshop/corn_dataset/Common_Rust/Corn_Common_Rust (547).JPG,corn,Common_Rust,Common_Rust,Corn_Common_Rust (547).JPG,13434,1
/Applications/XAMPP/xamppfiles/htdocs/cmu_aiot/leaf workshop/corn_dataset/Gray_Leaf_Spot/Corn_Gray_Spot (372).JPG,corn,Gray_Leaf_Spot,Gray_Leaf_Spot,Corn_Gray_Spot (372).JPG,17130,2
/Applications/XAMPP/xamppfiles/htdocs/cmu_aiot/leaf workshop/corn_dataset/Gray_Leaf_Spot/Corn_Gray_Spot (40).jpg,corn,Gray_Leaf_Spot,Gray_Leaf_Spot,Corn_Gray_Spot (40).jpg,31704,2
/Applications/XAMPP/xamppfiles/htdocs/cmu_aiot/leaf workshop/corn_dataset/Blight/Corn_Blight (984).JPG,corn,Blight,Blight,Corn_Blight (984).JPG,12230,0
/Applications/XAMPP/xamppfiles/htdocs/cmu_aiot/leaf workshop/corn_dataset/Common_Rust/Corn_Common_Rust (503).JPG,corn,Common_Rust,Common_Rust,Corn_Common_Rust (503).JPG,12062,1
/Applications/XAMPP/xamppfiles/htdocs/cmu_aiot/leaf workshop/corn_dataset/Common_Rust/Corn_Common_Rust (1289).jpg,corn,Common_Rust,Common_Rust,Corn_Common_Rust (1289).jpg,608961,1
/Applications/XAMPP/xamppfiles/htdocs/cmu_aiot/leaf workshop/corn_dataset/Blight/Corn_Blight (287).JPG,corn,Blight,Blight,Corn_Blight (287).JPG,15589,0
/Applications/XAMPP/xamppfiles/htdocs/cmu_aiot/leaf workshop/corn_dataset/Blight/Corn_Blight (995).JPG,corn,Blight,Blight,Corn_Blight (995).JPG,13765,0
/Applications/XAMPP/xamppfiles/htdocs/cmu_aiot/leaf workshop/corn_dataset/Blight/Corn_Blight (452).JPG,corn,Blight,Blight,Corn_Blight (452).JPG,16248,0
/Applications/XAMPP/xamppfiles/htdocs/cmu_aiot/leaf workshop/corn_dataset/Gray_Leaf_Spot/Corn_Gray_Spot (310).JPG,corn,Gray_Leaf_Spot,Gray_Leaf_Spot,Corn_Gray_Spot (310).JPG,18284,2
/Applications/XAMPP/xamppfiles/htdocs/cmu_aiot/leaf workshop/corn_dataset/Gray_Leaf_Spot/Corn_Gray_Spot (80).JPG,corn,Gray_Leaf_Spot,Gray_Leaf_Spot,Corn_Gray_Spot (80).JPG,14749,2
/Applications/XAMPP/xamppfiles/htdocs/cmu_aiot/leaf workshop/corn_dataset/Gray_Leaf_Spot/Corn_Gray_Spot (424).JPG,corn,Gray_Leaf_Spot,Gray_Leaf_Spot,Corn_Gray_Spot (424).JPG,16152,2
/Applications/XAMPP/xamppfiles/htdocs/cmu_aiot/leaf workshop/corn_dataset/Blight/Corn_Blight (784).jpg,corn,Blight,Blight,Corn_Blight (784).jpg,13473,0
/Applications/XAMPP/xamppfiles/htdocs/cmu_aiot/leaf workshop/corn_dataset/Blight/Corn_Blight (988).JPG,corn,Blight,Blight,Corn_Blight (988).JPG,15600,0
/Applications/XAMPP/xamppfiles/htdocs/cmu_aiot/leaf workshop/corn_dataset/Healthy/Corn_Health (776).jpg,corn,Healthy,Healthy,Corn_Health (776).jpg,16005,3
/Applications/XAMPP/xamppfiles/htdocs/cmu_aiot/leaf workshop/corn_dataset/Blight/Corn_Blight (1039).jpg,corn,Blight,Blight,Corn_Blight (1039).jpg,14755,0
/Applications/XAMPP/xamppfiles/htdocs/cmu_aiot/leaf workshop/corn_dataset/Healthy/Corn_Health (211).jpg,corn,Healthy,Healthy,Corn_Health (211).jpg,12261,3
/Applications/XAMPP/xamppfiles/htdocs/cmu_aiot/leaf workshop/corn_dataset/Healthy/Corn_Health (91).jpg,corn,Healthy,Healthy,Corn_Health (91).jpg,9996,3
/Applications/XAMPP/xamppfiles/htdocs/cmu_aiot/leaf workshop/corn_dataset/Gray_Leaf_Spot/Corn_Gray_Spot (115).JPG,corn,Gray_Leaf_Spot,Gray_Leaf_Spot,Corn_Gray_Spot (115).JPG,15543,2
/Applications/XAMPP/xamppfiles/htdocs/cmu_aiot/leaf workshop/corn_dataset/Blight/Corn_Blight (353).JPG,corn,Blight,Blight,Corn_Blight (353).JPG,14565,0
/Applications/XAMPP/xamppfiles/htdocs/cmu_aiot/leaf workshop/corn_dataset/Blight/Corn_Blight (365).JPG,corn,Blight,Blight,Corn_Blight (365).JPG,12936,0
/Applications/XAMPP/xamppfiles/htdocs/cmu_aiot/leaf workshop/corn_dataset/Healthy/Corn_Health (740).jpg,corn,Healthy,Healthy,Corn_Health (740).jpg,12577,3
/Applications/XAMPP/xamppfiles/htdocs/cmu_aiot/leaf workshop/corn_dataset/Blight/Corn_Blight (71).jpg,corn,Blight,Blight,Corn_Blight (71).jpg,92345,0
/Applications/XAMPP/xamppfiles/htdocs/cmu_aiot/leaf workshop/corn_dataset/Healthy/Corn_Health (424).jpg,corn,Healthy,Healthy,Corn_Health (424).jpg,11369,3
/Applications/XAMPP/xamppfiles/htdocs/cmu_aiot/leaf workshop/corn_dataset/Healthy/Corn_Health (974).jpg,corn,Healthy,Healthy,Corn_Health (974).jpg,9123,3
/Applications/XAMPP/xamppfiles/htdocs/cmu_aiot/leaf workshop/corn_dataset/Blight/Corn_Blight (938).JPG,corn,Blight,Blight,Corn_Blight (938).JPG,18574,0
/Applications/XAMPP/xamppfiles/htdocs/cmu_aiot/leaf workshop/corn_dataset/Blight/Corn_Blight (497).JPG,corn,Blight,Blight,Corn_Blight (497).JPG,13515,0
/Applications/XAMPP/xamppfiles/htdocs/cmu_aiot/leaf workshop/corn_dataset/Healthy/Corn_Health (742).jpg,corn,Healthy,Healthy,Corn_Health (742).jpg,7445,3
/Applications/XAMPP/xamppfiles/htdocs/cmu_aiot/leaf workshop/corn_dataset/Common_Rust/Corn_Common_Rust (1117).JPG,corn,Common_Rust,Common_Rust,Corn_Common_Rust (1117).JPG,13373,1
/Applications/XAMPP/xamppfiles/htdocs/cmu_aiot/leaf workshop/corn_dataset/Healthy/Corn_Health (604).jpg,corn,Healthy,Healthy,Corn_Health (604).jpg,11512,3
/Applications/XAMPP/xamppfiles/htdocs/cmu_aiot/leaf workshop/corn_dataset/Healthy/Corn_Health (878).jpg,corn,Healthy,Healthy,Corn_Health (878).jpg,16024,3
/Applications/XAMPP/xamppfiles/htdocs/cmu_aiot/leaf workshop/corn_dataset/Healthy/Corn_Health (68).jpg,corn,Healthy,Healthy,Corn_Health (68).jpg,14115,3
/Applications/XAMPP/xamppfiles/htdocs/cmu_aiot/leaf workshop/corn_dataset/Gray_Leaf_Spot/Corn_Gray_Spot (556).jpg,corn,Gray_Leaf_Spot,Gray_Leaf_Spot,Corn_Gray_Spot (556).jpg,19195,2
/Applications/XAMPP/xamppfiles/htdocs/cmu_aiot/leaf workshop/corn_dataset/Gray_Leaf_Spot/Corn_Gray_Spot (405).JPG,corn,Gray_Leaf_Spot,Gray_Leaf_Spot,Corn_Gray_Spot (405).JPG,19043,2
/Applications/XAMPP/xamppfiles/htdocs/cmu_aiot/leaf workshop/corn_dataset/Blight/Corn_Blight (439).jpg,corn,Blight,Blight,Corn_Blight (439).jpg,12411,0
/Applications/XAMPP/xamppfiles/htdocs/cmu_aiot/leaf workshop/corn_dataset/Blight/Corn_Blight (69).jpg,corn,Blight,Blight,Corn_Blight (69).jpg,574294,0
/Applications/XAMPP/xamppfiles/htdocs/cmu_aiot/leaf workshop/corn_dataset/Healthy/Corn_Health (421).jpg,corn,Healthy,Healthy,Corn_Health (421).jpg,14570,3
/Applications/XAMPP/xamppfiles/htdocs/cmu_aiot/leaf workshop/corn_dataset/Blight/Corn_Blight (276).JPG,corn,Blight,Blight,Corn_Blight (276).JPG,13955,0
/Applications/XAMPP/xamppfiles/htdocs/cmu_aiot/leaf workshop/corn_dataset/Healthy/Corn_Health (877).jpg,corn,Healthy,Healthy,Corn_Health (877).jpg,7501,3
/Applications/XAMPP/xamppfiles/htdocs/cmu_aiot/leaf workshop/corn_dataset/Healthy/Corn_Health (215).jpg,corn,Healthy,Healthy,Corn_Health (215).jpg,11307,3
/Applications/XAMPP/xamppfiles/htdocs/cmu_aiot/leaf workshop/corn_dataset/Blight/Corn_Blight (593).JPG,corn,Blight,Blight,Corn_Blight (593).JPG,20156,0
/Applications/XAMPP/xamppfiles/htdocs/cmu_aiot/leaf workshop/corn_dataset/Healthy/Corn_Health (1005).jpg,corn,Healthy,Healthy,Corn_Health (1005).jpg,15646,3
/Applications/XAMPP/xamppfiles/htdocs/cmu_aiot/leaf workshop/corn_dataset/Healthy/Corn_Health (751).jpg,corn,Healthy,Healthy,Corn_Health (751).jpg,18339,3
/Applications/XAMPP/xamppfiles/htdocs/cmu_aiot/leaf workshop/corn_dataset/Blight/Corn_Blight (397).JPG,corn,Blight,Blight,Corn_Blight (397).JPG,16820,0
/Applications/XAMPP/xamppfiles/htdocs/cmu_aiot/leaf workshop/corn_dataset/Healthy/Corn_Health (157).jpg,corn,Healthy,Healthy,Corn_Health (157).jpg,13415,3
/Applications/XAMPP/xamppfiles/htdocs/cmu_aiot/leaf workshop/corn_dataset/Blight/Corn_Blight (437).JPG,corn,Blight,Blight,Corn_Blight (437).JPG,12025,0
/Applications/XAMPP/xamppfiles/htdocs/cmu_aiot/leaf workshop/corn_dataset/Gray_Leaf_Spot/Corn_Gray_Spot (46).jpg,corn,Gray_Leaf_Spot,Gray_Leaf_Spot,Corn_Gray_Spot (46).jpg,85715,2
/Applications/XAMPP/xamppfiles/htdocs/cmu_aiot/leaf workshop/corn_dataset/Healthy/Corn_Health (393).jpg,corn,Healthy,Healthy,Corn_Health (393).jpg,7729,3
/Applications/XAMPP/xamppfiles/htdocs/cmu_aiot/leaf workshop/corn_dataset/Healthy/Corn_Health (224).jpg,corn,Healthy,Healthy,Corn_Health (224).jpg,14479,3
/Applications/XAMPP/xamppfiles/htdocs/cmu_aiot/leaf workshop/corn_dataset/Common_Rust/Corn_Common_Rust (1044).JPG,corn,Common_Rust,Common_Rust,Corn_Common_Rust (1044).JPG,14327,1
/Applications/XAMPP/xamppfiles/htdocs/cmu_aiot/leaf workshop/corn_dataset/Healthy/Corn_Health (862).jpg,corn,Healthy,Healthy,Corn_Health (862).jpg,12040,3
/Applications/XAMPP/xamppfiles/htdocs/cmu_aiot/leaf workshop/corn_dataset/Healthy/Corn_Health (64).jpg,corn,Healthy,Healthy,Corn_Health (64).jpg,6528,3
/Applications/XAMPP/xamppfiles/htdocs/cmu_aiot/leaf workshop/corn_dataset/Healthy/Corn_Health (582).jpg,corn,Healthy,Healthy,Corn_Health (582).jpg,9538,3
/Applications/XAMPP/xamppfiles/htdocs/cmu_aiot/leaf workshop/corn_dataset/Blight/Corn_Blight (179).JPG,corn,Blight,Blight,Corn_Blight (179).JPG,17578,0
/Applications/XAMPP/xamppfiles/htdocs/cmu_aiot/leaf workshop/corn_dataset/Blight/Corn_Blight (805).JPG,corn,Blight,Blight,Corn_Blight (805).JPG,16833,0
/Applications/XAMPP/xamppfiles/htdocs/cmu_aiot/leaf workshop/corn_dataset/Common_Rust/Corn_Common_Rust (410).JPG,corn,Common_Rust,Common_Rust,Corn_Common_Rust (410).JPG,14732,1
/Applications/XAMPP/xamppfiles/htdocs/cmu_aiot/leaf workshop/corn_dataset/Healthy/Corn_Health (159).jpg,corn,Healthy,Healthy,Corn_Health (159).jpg,9301,3
/Applications/XAMPP/xamppfiles/htdocs/cmu_aiot/leaf workshop/corn_dataset/Blight/Corn_Blight (1000).JPG,corn,Blight,Blight,Corn_Blight (1000).JPG,19898,0
/Applications/XAMPP/xamppfiles/htdocs/cmu_aiot/leaf workshop/corn_dataset/Blight/Corn_Blight (618).JPG,corn,Blight,Blight,Corn_Blight (618).JPG,16935,0
/Applications/XAMPP/xamppfiles/htdocs/cmu_aiot/leaf workshop/corn_dataset/Common_Rust/Corn_Common_Rust (450).JPG,corn,Common_Rust,Common_Rust,Corn_Common_Rust (450).JPG,11508,1
/Applications/XAMPP/xamppfiles/htdocs/cmu_aiot/leaf workshop/corn_dataset/Healthy/Corn_Health (269).jpg,corn,Healthy,Healthy,Corn_Health (269).jpg,12859,3
/Applications/XAMPP/xamppfiles/htdocs/cmu_aiot/leaf workshop/corn_dataset/Common_Rust/Corn_Common_Rust (1151).JPG,corn,Common_Rust,Common_Rust,Corn_Common_Rust (1151).JPG,14148,1
/Applications/XAMPP/xamppfiles/htdocs/cmu_aiot/leaf workshop/corn_dataset/Healthy/Corn_Health (148).jpg,corn,Healthy,Healthy,Corn_Health (148).jpg,15921,3
/Applications/XAMPP/xamppfiles/htdocs/cmu_aiot/leaf workshop/corn_dataset/Healthy/Corn_Health (543).jpg,corn,Healthy,Healthy,Corn_Health (543).jpg,10693,3
/Applications/XAMPP/xamppfiles/htdocs/cmu_aiot/leaf workshop/corn_dataset/Blight/Corn_Blight (629).JPG,corn,Blight,Blight,Corn_Blight (629).JPG,12936,0
/Applications/XAMPP/xamppfiles/htdocs/cmu_aiot/leaf workshop/corn_dataset/Blight/Corn_Blight (625).JPG,corn,Blight,Blight,Corn_Blight (625).JPG,16114,0
/Applications/XAMPP/xamppfiles/htdocs/cmu_aiot/leaf workshop/corn_dataset/Gray_Leaf_Spot/Corn_Gray_Spot (234).JPG,corn,Gray_Leaf_Spot,Gray_Leaf_Spot,Corn_Gray_Spot (234).JPG,19025,2
/Applications/XAMPP/xamppfiles/htdocs/cmu_aiot/leaf workshop/corn_dataset/Blight/Corn_Blight (237).JPG,corn,Blight,Blight,Corn_Blight (237).JPG,15685,0
/Applications/XAMPP/xamppfiles/htdocs/cmu_aiot/leaf workshop/corn_dataset/Common_Rust/Corn_Common_Rust (617).JPG,corn,Common_Rust,Common_Rust,Corn_Common_Rust (617).JPG,11443,1
/Applications/XAMPP/xamppfiles/htdocs/cmu_aiot/leaf workshop/corn_dataset/Healthy/Corn_Health (455).jpg,corn,Healthy,Healthy,Corn_Health (455).jpg,13424,3
/Applications/XAMPP/xamppfiles/htdocs/cmu_aiot/leaf workshop/corn_dataset/Blight/Corn_Blight (1066).JPG,corn,Blight,Blight,Corn_Blight (1066).JPG,12051,0
/Applications/XAMPP/xamppfiles/htdocs/cmu_aiot/leaf workshop/corn_dataset/Blight/Corn_Blight (774).JPG,corn,Blight,Blight,Corn_Blight (774).JPG,17475,0
/Applications/XAMPP/xamppfiles/htdocs/cmu_aiot/leaf workshop/corn_dataset/Common_Rust/Corn_Common_Rust (1233).JPG,corn,Common_Rust,Common_Rust,Corn_Common_Rust (1233).JPG,13958,1
/Applications/XAMPP/xamppfiles/htdocs/cmu_aiot/leaf workshop/corn_dataset/Healthy/Corn_Health (516).jpg,corn,Healthy,Healthy,Corn_Health (516).jpg,12048,3
/Applications/XAMPP/xamppfiles/htdocs/cmu_aiot/leaf workshop/corn_dataset/Healthy/Corn_Health (735).jpg,corn,Healthy,Healthy,Corn_Health (735).jpg,10111,3
/Applications/XAMPP/xamppfiles/htdocs/cmu_aiot/leaf workshop/corn_dataset/Healthy/Corn_Health (748).jpg,corn,Healthy,Healthy,Corn_Health (748).jpg,10419,3
/Applications/XAMPP/xamppfiles/htdocs/cmu_aiot/leaf workshop/corn_dataset/Common_Rust/Corn_Common_Rust (730).JPG,corn,Common_Rust,Common_Rust,Corn_Common_Rust (730).JPG,11104,1
/Applications/XAMPP/xamppfiles/htdocs/cmu_aiot/leaf workshop/corn_dataset/Healthy/Corn_Health (941).jpg,corn,Healthy,Healthy,Corn_Health (941).jpg,8243,3
/Applications/XAMPP/xamppfiles/htdocs/cmu_aiot/leaf workshop/corn_dataset/Healthy/Corn_Health (101).jpg,corn,Healthy,Healthy,Corn_Health (101).jpg,12957,3
/Applications/XAMPP/xamppfiles/htdocs/cmu_aiot/leaf workshop/corn_dataset/Healthy/Corn_Health (951).jpg,corn,Healthy,Healthy,Corn_Health (951).jpg,8313,3
/Applications/XAMPP/xamppfiles/htdocs/cmu_aiot/leaf workshop/corn_dataset/Gray_Leaf_Spot/Corn_Gray_Spot (387).JPG,corn,Gray_Leaf_Spot,Gray_Leaf_Spot,Corn_Gray_Spot (387).JPG,13049,2
/Applications/XAMPP/xamppfiles/htdocs/cmu_aiot/leaf workshop/corn_dataset/Healthy/Corn_Health (846).jpg,corn,Healthy,Healthy,Corn_Health (846).jpg,15443,3
/Applications/XAMPP/xamppfiles/htdocs/cmu_aiot/leaf workshop/corn_dataset/Gray_Leaf_Spot/Corn_Gray_Spot (114).jpg,corn,Gray_Leaf_Spot,Gray_Leaf_Spot,Corn_Gray_Spot (114).jpg,15925,2
/Applications/XAMPP/xamppfiles/htdocs/cmu_aiot/leaf workshop/corn_dataset/Blight/Corn_Blight (907).JPG,corn,Blight,Blight,Corn_Blight (907).JPG,12794,0
/Applications/XAMPP/xamppfiles/htdocs/cmu_aiot/leaf workshop/corn_dataset/Gray_Leaf_Spot/Corn_Gray_Spot (476).JPG,corn,Gray_Leaf_Spot,Gray_Leaf_Spot,Corn_Gray_Spot (476).JPG,17083,2
/Applications/XAMPP/xamppfiles/htdocs/cmu_aiot/leaf workshop/corn_dataset/Common_Rust/Corn_Common_Rust (1071).JPG,corn,Common_Rust,Common_Rust,Corn_Common_Rust (1071).JPG,10776,1
/Applications/XAMPP/xamppfiles/htdocs/cmu_aiot/leaf workshop/corn_dataset/Gray_Leaf_Spot/Corn_Gray_Spot (379).JPG,corn,Gray_Leaf_Spot,Gray_Leaf_Spot,Corn_Gray_Spot (379).JPG,11188,2
/Applications/XAMPP/xamppfiles/htdocs/cmu_aiot/leaf workshop/corn_dataset/Gray_Leaf_Spot/Corn_Gray_Spot (90).JPG,corn,Gray_Leaf_Spot,Gray_Leaf_Spot,Corn_Gray_Spot (90).JPG,14266,2
/Applications/XAMPP/xamppfiles/htdocs/cmu_aiot/leaf workshop/corn_dataset/Healthy/Corn_Health (1098).jpg,corn,Healthy,Healthy,Corn_Health (1098).jpg,10562,3
/Applications/XAMPP/xamppfiles/htdocs/cmu_aiot/leaf workshop/corn_dataset/Blight/Corn_Blight (783).JPG,corn,Blight,Blight,Corn_Blight (783).JPG,17739,0
/Applications/XAMPP/xamppfiles/htdocs/cmu_aiot/leaf workshop/corn_dataset/Blight/Corn_Blight (277).JPG,corn,Blight,Blight,Corn_Blight (277).JPG,13142,0
/Applications/XAMPP/xamppfiles/htdocs/cmu_aiot/leaf workshop/corn_dataset/Common_Rust/Corn_Common_Rust (374).JPG,corn,Common_Rust,Common_Rust,Corn_Common_Rust (374).JPG,12274,1
/Applications/XAMPP/xamppfiles/htdocs/cmu_aiot/leaf workshop/corn_dataset/Common_Rust/Corn_Common_Rust (13).jpg,corn,Common_Rust,Common_Rust,Corn_Common_Rust (13).jpg,234755,1
/Applications/XAMPP/xamppfiles/htdocs/cmu_aiot/leaf workshop/corn_dataset/Common_Rust/Corn_Common_Rust (1105).JPG,corn,Common_Rust,Common_Rust,Corn_Common_Rust (1105).JPG,14370,1
/Applications/XAMPP/xamppfiles/htdocs/cmu_aiot/leaf workshop/corn_dataset/Blight/Corn_Blight (699).JPG,corn,Blight,Blight,Corn_Blight (699).JPG,13725,0
/Applications/XAMPP/xamppfiles/htdocs/cmu_aiot/leaf workshop/corn_dataset/Common_Rust/Corn_Common_Rust (139).JPG,corn,Common_Rust,Common_Rust,Corn_Common_Rust (139).JPG,13003,1
/Applications/XAMPP/xamppfiles/htdocs/cmu_aiot/leaf workshop/corn_dataset/Gray_Leaf_Spot/Corn_Gray_Spot (186).JPG,corn,Gray_Leaf_Spot,Gray_Leaf_Spot,Corn_Gray_Spot (186).JPG,15507,2
/Applications/XAMPP/xamppfiles/htdocs/cmu_aiot/leaf workshop/corn_dataset/Healthy/Corn_Health (1076).jpg,corn,Healthy,Healthy,Corn_Health (1076).jpg,9862,3
/Applications/XAMPP/xamppfiles/htdocs/cmu_aiot/leaf workshop/corn_dataset/Common_Rust/Corn_Common_Rust (498).JPG,corn,Common_Rust,Common_Rust,Corn_Common_Rust (498).JPG,14379,1
/Applications/XAMPP/xamppfiles/htdocs/cmu_aiot/leaf workshop/corn_dataset/Common_Rust/Corn_Common_Rust (532).JPG,corn,Common_Rust,Common_Rust,Corn_Common_Rust (532).JPG,13408,1
/Applications/XAMPP/xamppfiles/htdocs/cmu_aiot/leaf workshop/corn_dataset/Healthy/Corn_Health (986).jpg,corn,Healthy,Healthy,Corn_Health (986).jpg,8576,3
/Applications/XAMPP/xamppfiles/htdocs/cmu_aiot/leaf workshop/corn_dataset/Common_Rust/Corn_Common_Rust (102).JPG,corn,Common_Rust,Common_Rust,Corn_Common_Rust (102).JPG,17288,1
/Applications/XAMPP/xamppfiles/htdocs/cmu_aiot/leaf workshop/corn_dataset/Blight/Corn_Blight (746).JPG,corn,Blight,Blight,Corn_Blight (746).JPG,17132,0
/Applications/XAMPP/xamppfiles/htdocs/cmu_aiot/leaf workshop/corn_dataset/Common_Rust/Corn_Common_Rust (659).JPG,corn,Common_Rust,Common_Rust,Corn_Common_Rust (659).JPG,13381,1
/Applications/XAMPP/xamppfiles/htdocs/cmu_aiot/leaf workshop/corn_dataset/Blight/Corn_Blight (481).JPG,corn,Blight,Blight,Corn_Blight (481).JPG,13247,0
/Applications/XAMPP/xamppfiles/htdocs/cmu_aiot/leaf workshop/corn_dataset/Gray_Leaf_Spot/Corn_Gray_Spot (177).JPG,corn,Gray_Leaf_Spot,Gray_Leaf_Spot,Corn_Gray_Spot (177).JPG,15280,2
/Applications/XAMPP/xamppfiles/htdocs/cmu_aiot/leaf workshop/corn_dataset/Healthy/Corn_Health (591).jpg,corn,Healthy,Healthy,Corn_Health (591).jpg,8086,3
/Applications/XAMPP/xamppfiles/htdocs/cmu_aiot/leaf workshop/corn_dataset/Common_Rust/Corn_Common_Rust (246).JPG,corn,Common_Rust,Common_Rust,Corn_Common_Rust (246).JPG,16369,1
/Applications/XAMPP/xamppfiles/htdocs/cmu_aiot/leaf workshop/corn_dataset/Common_Rust/Corn_Common_Rust (409).JPG,corn,Common_Rust,Common_Rust,Corn_Common_Rust (409).JPG,12965,1
/Applications/XAMPP/xamppfiles/htdocs/cmu_aiot/leaf workshop/corn_dataset/Blight/Corn_Blight (469).JPG,corn,Blight,Blight,Corn_Blight (469).JPG,15643,0
/Applications/XAMPP/xamppfiles/htdocs/cmu_aiot/leaf workshop/corn_dataset/Healthy/Corn_Health (499).jpg,corn,Healthy,Healthy,Corn_Health (499).jpg,12621,3
/Applications/XAMPP/xamppfiles/htdocs/cmu_aiot/leaf workshop/corn_dataset/Blight/Corn_Blight (1113).jpg,corn,Blight,Blight,Corn_Blight (1113).jpg,753590,0
/Applications/XAMPP/xamppfiles/htdocs/cmu_aiot/leaf workshop/corn_dataset/Common_Rust/Corn_Common_Rust (421).JPG,corn,Common_Rust,Common_Rust,Corn_Common_Rust (421).JPG,10661,1
/Applications/XAMPP/xamppfiles/htdocs/cmu_aiot/leaf workshop/corn_dataset/Blight/Corn_Blight (767).JPG,corn,Blight,Blight,Corn_Blight (767).JPG,15452,0
/Applications/XAMPP/xamppfiles/htdocs/cmu_aiot/leaf workshop/corn_dataset/Blight/Corn_Blight (640).JPG,corn,Blight,Blight,Corn_Blight (640).JPG,13716,0
/Applications/XAMPP/xamppfiles/htdocs/cmu_aiot/leaf workshop/corn_dataset/Blight/Corn_Blight (309).jpg,corn,Blight,Blight,Corn_Blight (309).jpg,15145,0
/Applications/XAMPP/xamppfiles/htdocs/cmu_aiot/leaf workshop/corn_dataset/Healthy/Corn_Health (183).jpg,corn,Healthy,Healthy,Corn_Health (183).jpg,10726,3
/Applications/XAMPP/xamppfiles/htdocs/cmu_aiot/leaf workshop/corn_dataset/Gray_Leaf_Spot/Corn_Gray_Spot (13).jpg,corn,Gray_Leaf_Spot,Gray_Leaf_Spot,Corn_Gray_Spot (13).jpg,134442,2
/Applications/XAMPP/xamppfiles/htdocs/cmu_aiot/leaf workshop/corn_dataset/Gray_Leaf_Spot/Corn_Gray_Spot (253).JPG,corn,Gray_Leaf_Spot,Gray_Leaf_Spot,Corn_Gray_Spot (253).JPG,14521,2
/Applications/XAMPP/xamppfiles/htdocs/cmu_aiot/leaf workshop/corn_dataset/Common_Rust/Corn_Common_Rust (687).JPG,corn,Common_Rust,Common_Rust,Corn_Common_Rust (687).JPG,17401,1
/Applications/XAMPP/xamppfiles/htdocs/cmu_aiot/leaf workshop/corn_dataset/Healthy/Corn_Health (737).jpg,corn,Healthy,Healthy,Corn_Health (737).jpg,13730,3
/Applications/XAMPP/xamppfiles/htdocs/cmu_aiot/leaf workshop/corn_dataset/Healthy/Corn_Health (190).jpg,corn,Healthy,Healthy,Corn_Health (190).jpg,12765,3
/Applications/XAMPP/xamppfiles/htdocs/cmu_aiot/leaf workshop/corn_dataset/Blight/Corn_Blight (529).JPG,corn,Blight,Blight,Corn_Blight (529).JPG,10638,0
/Applications/XAMPP/xamppfiles/htdocs/cmu_aiot/leaf workshop/corn_dataset/Common_Rust/Corn_Common_Rust (1220).JPG,corn,Common_Rust,Common_Rust,Corn_Common_Rust (1220).JPG,15322,1
/Applications/XAMPP/xamppfiles/htdocs/cmu_aiot/leaf workshop/corn_dataset/Healthy/Corn_Health (820).jpg,corn,Healthy,Healthy,Corn_Health (820).jpg,11698,3
/Applications/XAMPP/xamppfiles/htdocs/cmu_aiot/leaf workshop/corn_dataset/Gray_Leaf_Spot/Corn_Gray_Spot (336).JPG,corn,Gray_Leaf_Spot,Gray_Leaf_Spot,Corn_Gray_Spot (336).JPG,13542,2
/Applications/XAMPP/xamppfiles/htdocs/cmu_aiot/leaf workshop/corn_dataset/Common_Rust/Corn_Common_Rust (1106).JPG,corn,Common_Rust,Common_Rust,Corn_Common_Rust (1106).JPG,13972,1
/Applications/XAMPP/xamppfiles/htdocs/cmu_aiot/leaf workshop/corn_dataset/Healthy/Corn_Health (745).jpg,corn,Healthy,Healthy,Corn_Health (745).jpg,9779,3
/Applications/XAMPP/xamppfiles/htdocs/cmu_aiot/leaf workshop/corn_dataset/Healthy/Corn_Health (621).jpg,corn,Healthy,Healthy,Corn_Health (621).jpg,17427,3
/Applications/XAMPP/xamppfiles/htdocs/cmu_aiot/leaf workshop/corn_dataset/Healthy/Corn_Health (442).jpg,corn,Healthy,Healthy,Corn_Health (442).jpg,8119,3
/Applications/XAMPP/xamppfiles/htdocs/cmu_aiot/leaf workshop/corn_dataset/Healthy/Corn_Health (266).jpg,corn,Healthy,Healthy,Corn_Health (266).jpg,13990,3
/Applications/XAMPP/xamppfiles/htdocs/cmu_aiot/leaf workshop/corn_dataset/Common_Rust/Corn_Common_Rust (499).JPG,corn,Common_Rust,Common_Rust,Corn_Common_Rust (499).JPG,15809,1
/Applications/XAMPP/xamppfiles/htdocs/cmu_aiot/leaf workshop/corn_dataset/Common_Rust/Corn_Common_Rust (704).JPG,corn,Common_Rust,Common_Rust,Corn_Common_Rust (704).JPG,16624,1
/Applications/XAMPP/xamppfiles/htdocs/cmu_aiot/leaf workshop/corn_dataset/Blight/Corn_Blight (508).JPG,corn,Blight,Blight,Corn_Blight (508).JPG,14021,0
/Applications/XAMPP/xamppfiles/htdocs/cmu_aiot/leaf workshop/corn_dataset/Gray_Leaf_Spot/Corn_Gray_Spot (193).JPG,corn,Gray_Leaf_Spot,Gray_Leaf_Spot,Corn_Gray_Spot (193).JPG,13878,2
/Applications/XAMPP/xamppfiles/htdocs/cmu_aiot/leaf workshop/corn_dataset/Common_Rust/Corn_Common_Rust (154).JPG,corn,Common_Rust,Common_Rust,Corn_Common_Rust (154).JPG,17396,1
/Applications/XAMPP/xamppfiles/htdocs/cmu_aiot/leaf workshop/corn_dataset/Common_Rust/Corn_Common_Rust (1272).jpg,corn,Common_Rust,Common_Rust,Corn_Common_Rust (1272).jpg,254238,1
/Applications/XAMPP/xamppfiles/htdocs/cmu_aiot/leaf workshop/corn_dataset/Common_Rust/Corn_Common_Rust (1261).JPG,corn,Common_Rust,Common_Rust,Corn_Common_Rust (1261).JPG,17808,1
/Applications/XAMPP/xamppfiles/htdocs/cmu_aiot/leaf workshop/corn_dataset/Common_Rust/Corn_Common_Rust (742).JPG,corn,Common_Rust,Common_Rust,Corn_Common_Rust (742).JPG,14043,1
/Applications/XAMPP/xamppfiles/htdocs/cmu_aiot/leaf workshop/corn_dataset/Gray_Leaf_Spot/Corn_Gray_Spot (228).JPG,corn,Gray_Leaf_Spot,Gray_Leaf_Spot,Corn_Gray_Spot (228).JPG,18721,2
/Applications/XAMPP/xamppfiles/htdocs/cmu_aiot/leaf workshop/corn_dataset/Healthy/Corn_Health (788).jpg,corn,Healthy,Healthy,Corn_Health (788).jpg,17982,3
/Applications/XAMPP/xamppfiles/htdocs/cmu_aiot/leaf workshop/corn_dataset/Blight/Corn_Blight (903).JPG,corn,Blight,Blight,Corn_Blight (903).JPG,13979,0
/Applications/XAMPP/xamppfiles/htdocs/cmu_aiot/leaf workshop/corn_dataset/Blight/Corn_Blight (316).JPG,corn,Blight,Blight,Corn_Blight (316).JPG,15296,0
/Applications/XAMPP/xamppfiles/htdocs/cmu_aiot/leaf workshop/corn_dataset/Healthy/Corn_Health (838).jpg,corn,Healthy,Healthy,Corn_Health (838).jpg,10917,3
/Applications/XAMPP/xamppfiles/htdocs/cmu_aiot/leaf workshop/corn_dataset/Common_Rust/Corn_Common_Rust (208).JPG,corn,Common_Rust,Common_Rust,Corn_Common_Rust (208).JPG,15083,1
/Applications/XAMPP/xamppfiles/htdocs/cmu_aiot/leaf workshop/corn_dataset/Healthy/Corn_Health (362).jpg,corn,Healthy,Healthy,Corn_Health (362).jpg,10151,3
/Applications/XAMPP/xamppfiles/htdocs/cmu_aiot/leaf workshop/corn_dataset/Healthy/Corn_Health (685).jpg,corn,Healthy,Healthy,Corn_Health (685).jpg,15869,3
/Applications/XAMPP/xamppfiles/htdocs/cmu_aiot/leaf workshop/corn_dataset/Blight/Corn_Blight (189).JPG,corn,Blight,Blight,Corn_Blight (189).JPG,12578,0
/Applications/XAMPP/xamppfiles/htdocs/cmu_aiot/leaf workshop/corn_dataset/Healthy/Corn_Health (1162).jpg,corn,Healthy,Healthy,Corn_Health (1162).jpg,17950,3
/Applications/XAMPP/xamppfiles/htdocs/cmu_aiot/leaf workshop/corn_dataset/Healthy/Corn_Health (657).jpg,corn,Healthy,Healthy,Corn_Health (657).jpg,7946,3
/Applications/XAMPP/xamppfiles/htdocs/cmu_aiot/leaf workshop/corn_dataset/Gray_Leaf_Spot/Corn_Gray_Spot (119).JPG,corn,Gray_Leaf_Spot,Gray_Leaf_Spot,Corn_Gray_Spot (119).JPG,15885,2
/Applications/XAMPP/xamppfiles/htdocs/cmu_aiot/leaf workshop/corn_dataset/Common_Rust/Corn_Common_Rust (380).JPG,corn,Common_Rust,Common_Rust,Corn_Common_Rust (380).JPG,13167,1
/Applications/XAMPP/xamppfiles/htdocs/cmu_aiot/leaf workshop/corn_dataset/Healthy/Corn_Health (1078).jpg,corn,Healthy,Healthy,Corn_Health (1078).jpg,14152,3
/Applications/XAMPP/xamppfiles/htdocs/cmu_aiot/leaf workshop/corn_dataset/Gray_Leaf_Spot/Corn_Gray_Spot (402).JPG,corn,Gray_Leaf_Spot,Gray_Leaf_Spot,Corn_Gray_Spot (402).JPG,16358,2
/Applications/XAMPP/xamppfiles/htdocs/cmu_aiot/leaf workshop/corn_dataset/Healthy/Corn_Health (635).jpg,corn,Healthy,Healthy,Corn_Health (635).jpg,12775,3
/Applications/XAMPP/xamppfiles/htdocs/cmu_aiot/leaf workshop/corn_dataset/Healthy/Corn_Health (870).jpg,corn,Healthy,Healthy,Corn_Health (870).jpg,16640,3
/Applications/XAMPP/xamppfiles/htdocs/cmu_aiot/leaf workshop/corn_dataset/Healthy/Corn_Health (316).jpg,corn,Healthy,Healthy,Corn_Health (316).jpg,7350,3
/Applications/XAMPP/xamppfiles/htdocs/cmu_aiot/leaf workshop/corn_dataset/Common_Rust/Corn_Common_Rust (1275).jpg,corn,Common_Rust,Common_Rust,Corn_Common_Rust (1275).jpg,227600,1
/Applications/XAMPP/xamppfiles/htdocs/cmu_aiot/leaf workshop/corn_dataset/Common_Rust/Corn_Common_Rust (49).jpg,corn,Common_Rust,Common_Rust,Corn_Common_Rust (49).jpg,1411249,1
/Applications/XAMPP/xamppfiles/htdocs/cmu_aiot/leaf workshop/corn_dataset/Healthy/Corn_Health (944).jpg,corn,Healthy,Healthy,Corn_Health (944).jpg,17248,3
/Applications/XAMPP/xamppfiles/htdocs/cmu_aiot/leaf workshop/corn_dataset/Blight/Corn_Blight (738).JPG,corn,Blight,Blight,Corn_Blight (738).JPG,17060,0
/Applications/XAMPP/xamppfiles/htdocs/cmu_aiot/leaf workshop/corn_dataset/Common_Rust/Corn_Common_Rust (554).JPG,corn,Common_Rust,Common_Rust,Corn_Common_Rust (554).JPG,18605,1
/Applications/XAMPP/xamppfiles/htdocs/cmu_aiot/leaf workshop/corn_dataset/Blight/Corn_Blight (250).JPG,corn,Blight,Blight,Corn_Blight (250).JPG,11917,0
/Applications/XAMPP/xamppfiles/htdocs/cmu_aiot/leaf workshop/corn_dataset/Gray_Leaf_Spot/Corn_Gray_Spot (279).JPG,corn,Gray_Leaf_Spot,Gray_Leaf_Spot,Corn_Gray_Spot (279).JPG,21230,2
/Applications/XAMPP/xamppfiles/htdocs/cmu_aiot/leaf workshop/corn_dataset/Blight/Corn_Blight (1098).jpg,corn,Blight,Blight,Corn_Blight (1098).jpg,1030422,0
/Applications/XAMPP/xamppfiles/htdocs/cmu_aiot/leaf workshop/corn_dataset/Common_Rust/Corn_Common_Rust (227).JPG,corn,Common_Rust,Common_Rust,Corn_Common_Rust (227).JPG,17410,1
/Applications/XAMPP/xamppfiles/htdocs/cmu_aiot/leaf workshop/corn_dataset/Blight/Corn_Blight (44).jpg,corn,Blight,Blight,Corn_Blight (44).jpg,71856,0
/Applications/XAMPP/xamppfiles/htdocs/cmu_aiot/leaf workshop/corn_dataset/Common_Rust/Corn_Common_Rust (1174).JPG,corn,Common_Rust,Common_Rust,Corn_Common_Rust (1174).JPG,14101,1
/Applications/XAMPP/xamppfiles/htdocs/cmu_aiot/leaf workshop/corn_dataset/Blight/Corn_Blight (339).jpg,corn,Blight,Blight,Corn_Blight (339).jpg,10203,0
/Applications/XAMPP/xamppfiles/htdocs/cmu_aiot/leaf workshop/corn_dataset/Gray_Leaf_Spot/Corn_Gray_Spot (108).JPG,corn,Gray_Leaf_Spot,Gray_Leaf_Spot,Corn_Gray_Spot (108).JPG,15862,2
/Applications/XAMPP/xamppfiles/htdocs/cmu_aiot/leaf workshop/corn_dataset/Blight/Corn_Blight (811).JPG,corn,Blight,Blight,Corn_Blight (811).JPG,21716,0
/Applications/XAMPP/xamppfiles/htdocs/cmu_aiot/leaf workshop/corn_dataset/Common_Rust/Corn_Common_Rust (492).JPG,corn,Common_Rust,Common_Rust,Corn_Common_Rust (492).JPG,15121,1
/Applications/XAMPP/xamppfiles/htdocs/cmu_aiot/leaf workshop/corn_dataset/Healthy/Corn_Health (449).jpg,corn,Healthy,Healthy,Corn_Health (449).jpg,14747,3
/Applications/XAMPP/xamppfiles/htdocs/cmu_aiot/leaf workshop/corn_dataset/Common_Rust/Corn_Common_Rust (1028).JPG,corn,Common_Rust,Common_Rust,Corn_Common_Rust (1028).JPG,17729,1
/Applications/XAMPP/xamppfiles/htdocs/cmu_aiot/leaf workshop/corn_dataset/Healthy/Corn_Health (992).jpg,corn,Healthy,Healthy,Corn_Health (992).jpg,15784,3
/Applications/XAMPP/xamppfiles/htdocs/cmu_aiot/leaf workshop/corn_dataset/Gray_Leaf_Spot/Corn_Gray_Spot (277).JPG,corn,Gray_Leaf_Spot,Gray_Leaf_Spot,Corn_Gray_Spot (277).JPG,12564,2
/Applications/XAMPP/xamppfiles/htdocs/cmu_aiot/leaf workshop/corn_dataset/Common_Rust/Corn_Common_Rust (337).JPG,corn,Common_Rust,Common_Rust,Corn_Common_Rust (337).JPG,14565,1
/Applications/XAMPP/xamppfiles/htdocs/cmu_aiot/leaf workshop/corn_dataset/Common_Rust/Corn_Common_Rust (1132).JPG,corn,Common_Rust,Common_Rust,Corn_Common_Rust (1132).JPG,10263,1
/Applications/XAMPP/xamppfiles/htdocs/cmu_aiot/leaf workshop/corn_dataset/Healthy/Corn_Health (48).jpg,corn,Healthy,Healthy,Corn_Health (48).jpg,9389,3
/Applications/XAMPP/xamppfiles/htdocs/cmu_aiot/leaf workshop/corn_dataset/Common_Rust/Corn_Common_Rust (14).jpg,corn,Common_Rust,Common_Rust,Corn_Common_Rust (14).jpg,165186,1
/Applications/XAMPP/xamppfiles/htdocs/cmu_aiot/leaf workshop/corn_dataset/Healthy/Corn_Health (553).jpg,corn,Healthy,Healthy,Corn_Health (553).jpg,10587,3
/Applications/XAMPP/xamppfiles/htdocs/cmu_aiot/leaf workshop/corn_dataset/Healthy/Corn_Health (1150).jpg,corn,Healthy,Healthy,Corn_Health (1150).jpg,6098,3
/Applications/XAMPP/xamppfiles/htdocs/cmu_aiot/leaf workshop/corn_dataset/Blight/Corn_Blight (834).JPG,corn,Blight,Blight,Corn_Blight (834).JPG,10138,0
/Applications/XAMPP/xamppfiles/htdocs/cmu_aiot/leaf workshop/corn_dataset/Common_Rust/Corn_Common_Rust (181).JPG,corn,Common_Rust,Common_Rust,Corn_Common_Rust (181).JPG,13513,1
/Applications/XAMPP/xamppfiles/htdocs/cmu_aiot/leaf workshop/corn_dataset/Blight/Corn_Blight (522).JPG,corn,Blight,Blight,Corn_Blight (522).JPG,14629,0
/Applications/XAMPP/xamppfiles/htdocs/cmu_aiot/leaf workshop/corn_dataset/Gray_Leaf_Spot/Corn_Gray_Spot (257).JPG,corn,Gray_Leaf_Spot,Gray_Leaf_Spot,Corn_Gray_Spot (257).JPG,14118,2
/Applications/XAMPP/xamppfiles/htdocs/cmu_aiot/leaf workshop/corn_dataset/Common_Rust/Corn_Common_Rust (1079).JPG,corn,Common_Rust,Common_Rust,Corn_Common_Rust (1079).JPG,16067,1
/Applications/XAMPP/xamppfiles/htdocs/cmu_aiot/leaf workshop/corn_dataset/Gray_Leaf_Spot/Corn_Gray_Spot (341).JPG,corn,Gray_Leaf_Spot,Gray_Leaf_Spot,Corn_Gray_Spot (341).JPG,14584,2
/Applications/XAMPP/xamppfiles/htdocs/cmu_aiot/leaf workshop/corn_dataset/Blight/Corn_Blight (695).JPG,corn,Blight,Blight,Corn_Blight (695).JPG,14219,0
/Applications/XAMPP/xamppfiles/htdocs/cmu_aiot/leaf workshop/corn_dataset/Common_Rust/Corn_Common_Rust (429).JPG,corn,Common_Rust,Common_Rust,Corn_Common_Rust (429).JPG,11508,1
/Applications/XAMPP/xamppfiles/htdocs/cmu_aiot/leaf workshop/corn_dataset/Common_Rust/Corn_Common_Rust (572).JPG,corn,Common_Rust,Common_Rust,Corn_Common_Rust (572).JPG,13322,1
/Applications/XAMPP/xamppfiles/htdocs/cmu_aiot/leaf workshop/corn_dataset/Healthy/Corn_Health (658).jpg,corn,Healthy,Healthy,Corn_Health (658).jpg,6971,3
/Applications/XAMPP/xamppfiles/htdocs/cmu_aiot/leaf workshop/corn_dataset/Common_Rust/Corn_Common_Rust (487).JPG,corn,Common_Rust,Common_Rust,Corn_Common_Rust (487).JPG,12949,1
/Applications/XAMPP/xamppfiles/htdocs/cmu_aiot/leaf workshop/corn_dataset/Healthy/Corn_Health (1045).jpg,corn,Healthy,Healthy,Corn_Health (1045).jpg,5300,3
/Applications/XAMPP/xamppfiles/htdocs/cmu_aiot/leaf workshop/corn_dataset/Gray_Leaf_Spot/Corn_Gray_Spot (262).JPG,corn,Gray_Leaf_Spot,Gray_Leaf_Spot,Corn_Gray_Spot (262).JPG,18007,2
/Applications/XAMPP/xamppfiles/htdocs/cmu_aiot/leaf workshop/corn_dataset/Blight/Corn_Blight (334).JPG,corn,Blight,Blight,Corn_Blight (334).JPG,11016,0
/Applications/XAMPP/xamppfiles/htdocs/cmu_aiot/leaf workshop/corn_dataset/Gray_Leaf_Spot/Corn_Gray_Spot (297).JPG,corn,Gray_Leaf_Spot,Gray_Leaf_Spot,Corn_Gray_Spot (297).JPG,17554,2
/Applications/XAMPP/xamppfiles/htdocs/cmu_aiot/leaf workshop/corn_dataset/Healthy/Corn_Health (746).jpg,corn,Healthy,Healthy,Corn_Health (746).jpg,16357,3
/Applications/XAMPP/xamppfiles/htdocs/cmu_aiot/leaf workshop/corn_dataset/Common_Rust/Corn_Common_Rust (736).JPG,corn,Common_Rust,Common_Rust,Corn_Common_Rust (736).JPG,18202,1
/Applications/XAMPP/xamppfiles/htdocs/cmu_aiot/leaf workshop/corn_dataset/Healthy/Corn_Health (351).jpg,corn,Healthy,Healthy,Corn_Health (351).jpg,12011,3
/Applications/XAMPP/xamppfiles/htdocs/cmu_aiot/leaf workshop/corn_dataset/Common_Rust/Corn_Common_Rust (191).JPG,corn,Common_Rust,Common_Rust,Corn_Common_Rust (191).JPG,14619,1
/Applications/XAMPP/xamppfiles/htdocs/cmu_aiot/leaf workshop/corn_dataset/Common_Rust/Corn_Common_Rust (248).JPG,corn,Common_Rust,Common_Rust,Corn_Common_Rust (248).JPG,9964,1
/Applications/XAMPP/xamppfiles/htdocs/cmu_aiot/leaf workshop/corn_dataset/Healthy/Corn_Health (465).jpg,corn,Healthy,Healthy,Corn_Health (465).jpg,6940,3
/Applications/XAMPP/xamppfiles/htdocs/cmu_aiot/leaf workshop/corn_dataset/Healthy/Corn_Health (489).jpg,corn,Healthy,Healthy,Corn_Health (489).jpg,15405,3
/Applications/XAMPP/xamppfiles/htdocs/cmu_aiot/leaf workshop/corn_dataset/Healthy/Corn_Health (580).jpg,corn,Healthy,Healthy,Corn_Health (580).jpg,10644,3
/Applications/XAMPP/xamppfiles/htdocs/cmu_aiot/leaf workshop/corn_dataset/Gray_Leaf_Spot/Corn_Gray_Spot (229).JPG,corn,Gray_Leaf_Spot,Gray_Leaf_Spot,Corn_Gray_Spot (229).JPG,11776,2
/Applications/XAMPP/xamppfiles/htdocs/cmu_aiot/leaf workshop/corn_dataset/Gray_Leaf_Spot/Corn_Gray_Spot (315).JPG,corn,Gray_Leaf_Spot,Gray_Leaf_Spot,Corn_Gray_Spot (315).JPG,20817,2
/Applications/XAMPP/xamppfiles/htdocs/cmu_aiot/leaf workshop/corn_dataset/Common_Rust/Corn_Common_Rust (124).JPG,corn,Common_Rust,Common_Rust,Corn_Common_Rust (124).JPG,14951,1
/Applications/XAMPP/xamppfiles/htdocs/cmu_aiot/leaf workshop/corn_dataset/Healthy/Corn_Health (943).jpg,corn,Healthy,Healthy,Corn_Health (943).jpg,9152,3
/Applications/XAMPP/xamppfiles/htdocs/cmu_aiot/leaf workshop/corn_dataset/Healthy/Corn_Health (630).jpg,corn,Healthy,Healthy,Corn_Health (630).jpg,15752,3
/Applications/XAMPP/xamppfiles/htdocs/cmu_aiot/leaf workshop/corn_dataset/Healthy/Corn_Health (145).jpg,corn,Healthy,Healthy,Corn_Health (145).jpg,20732,3
/Applications/XAMPP/xamppfiles/htdocs/cmu_aiot/leaf workshop/corn_dataset/Blight/Corn_Blight (943).JPG,corn,Blight,Blight,Corn_Blight (943).JPG,9047,0
/Applications/XAMPP/xamppfiles/htdocs/cmu_aiot/leaf workshop/corn_dataset/Blight/Corn_Blight (869).JPG,corn,Blight,Blight,Corn_Blight (869).JPG,16141,0
/Applications/XAMPP/xamppfiles/htdocs/cmu_aiot/leaf workshop/corn_dataset/Healthy/Corn_Health (908).jpg,corn,Healthy,Healthy,Corn_Health (908).jpg,8406,3
/Applications/XAMPP/xamppfiles/htdocs/cmu_aiot/leaf workshop/corn_dataset/Healthy/Corn_Health (760).jpg,corn,Healthy,Healthy,Corn_Health (760).jpg,16913,3
/Applications/XAMPP/xamppfiles/htdocs/cmu_aiot/leaf workshop/corn_dataset/Healthy/Corn_Health (82).jpg,corn,Healthy,Healthy,Corn_Health (82).jpg,14031,3
/Applications/XAMPP/xamppfiles/htdocs/cmu_aiot/leaf workshop/corn_dataset/Common_Rust/Corn_Common_Rust (232).JPG,corn,Common_Rust,Common_Rust,Corn_Common_Rust (232).JPG,10519,1
/Applications/XAMPP/xamppfiles/htdocs/cmu_aiot/leaf workshop/corn_dataset/Blight/Corn_Blight (114).JPG,corn,Blight,Blight,Corn_Blight (114).JPG,13728,0
/Applications/XAMPP/xamppfiles/htdocs/cmu_aiot/leaf workshop/corn_dataset/Blight/Corn_Blight (929).JPG,corn,Blight,Blight,Corn_Blight (929).JPG,17489,0
/Applications/XAMPP/xamppfiles/htdocs/cmu_aiot/leaf workshop/corn_dataset/Blight/Corn_Blight (814).JPG,corn,Blight,Blight,Corn_Blight (814).JPG,11333,0
/Applications/XAMPP/xamppfiles/htdocs/cmu_aiot/leaf workshop/corn_dataset/Blight/Corn_Blight (356).JPG,corn,Blight,Blight,Corn_Blight (356).JPG,14061,0
/Applications/XAMPP/xamppfiles/htdocs/cmu_aiot/leaf workshop/corn_dataset/Gray_Leaf_Spot/Corn_Gray_Spot (151).jpg,corn,Gray_Leaf_Spot,Gray_Leaf_Spot,Corn_Gray_Spot (151).jpg,16237,2
/Applications/XAMPP/xamppfiles/htdocs/cmu_aiot/leaf workshop/corn_dataset/Blight/Corn_Blight (176).jpg,corn,Blight,Blight,Corn_Blight (176).jpg,16454,0
/Applications/XAMPP/xamppfiles/htdocs/cmu_aiot/leaf workshop/corn_dataset/Healthy/Corn_Health (491).jpg,corn,Healthy,Healthy,Corn_Health (491).jpg,8001,3
/Applications/XAMPP/xamppfiles/htdocs/cmu_aiot/leaf workshop/corn_dataset/Healthy/Corn_Health (184).jpg,corn,Healthy,Healthy,Corn_Health (184).jpg,14904,3
/Applications/XAMPP/xamppfiles/htdocs/cmu_aiot/leaf workshop/corn_dataset/Healthy/Corn_Health (43).jpg,corn,Healthy,Healthy,Corn_Health (43).jpg,9448,3
/Applications/XAMPP/xamppfiles/htdocs/cmu_aiot/leaf workshop/corn_dataset/Healthy/Corn_Health (7).jpg,corn,Healthy,Healthy,Corn_Health (7).jpg,11153,3
/Applications/XAMPP/xamppfiles/htdocs/cmu_aiot/leaf workshop/corn_dataset/Common_Rust/Corn_Common_Rust (127).JPG,corn,Common_Rust,Common_Rust,Corn_Common_Rust (127).JPG,14330,1
/Applications/XAMPP/xamppfiles/htdocs/cmu_aiot/leaf workshop/corn_dataset/Healthy/Corn_Health (1064).jpg,corn,Healthy,Healthy,Corn_Health (1064).jpg,6099,3
/Applications/XAMPP/xamppfiles/htdocs/cmu_aiot/leaf workshop/corn_dataset/Blight/Corn_Blight (511).JPG,corn,Blight,Blight,Corn_Blight (511).JPG,13826,0
/Applications/XAMPP/xamppfiles/htdocs/cmu_aiot/leaf workshop/corn_dataset/Common_Rust/Corn_Common_Rust (722).JPG,corn,Common_Rust,Common_Rust,Corn_Common_Rust (722).JPG,13169,1
/Applications/XAMPP/xamppfiles/htdocs/cmu_aiot/leaf workshop/corn_dataset/Gray_Leaf_Spot/Corn_Gray_Spot (15).jpg,corn,Gray_Leaf_Spot,Gray_Leaf_Spot,Corn_Gray_Spot (15).jpg,40107,2
/Applications/XAMPP/xamppfiles/htdocs/cmu_aiot/leaf workshop/corn_dataset/Healthy/Corn_Health (792).jpg,corn,Healthy,Healthy,Corn_Health (792).jpg,6302,3
/Applications/XAMPP/xamppfiles/htdocs/cmu_aiot/leaf workshop/corn_dataset/Gray_Leaf_Spot/Corn_Gray_Spot (326).JPG,corn,Gray_Leaf_Spot,Gray_Leaf_Spot,Corn_Gray_Spot (326).JPG,16458,2
/Applications/XAMPP/xamppfiles/htdocs/cmu_aiot/leaf workshop/corn_dataset/Gray_Leaf_Spot/Corn_Gray_Spot (357).jpg,corn,Gray_Leaf_Spot,Gray_Leaf_Spot,Corn_Gray_Spot (357).jpg,23570,2
/Applications/XAMPP/xamppfiles/htdocs/cmu_aiot/leaf workshop/corn_dataset/Common_Rust/Corn_Common_Rust (630).JPG,corn,Common_Rust,Common_Rust,Corn_Common_Rust (630).JPG,16935,1
/Applications/XAMPP/xamppfiles/htdocs/cmu_aiot/leaf workshop/corn_dataset/Gray_Leaf_Spot/Corn_Gray_Spot (274).JPG,corn,Gray_Leaf_Spot,Gray_Leaf_Spot,Corn_Gray_Spot (274).JPG,20089,2
/Applications/XAMPP/xamppfiles/htdocs/cmu_aiot/leaf workshop/corn_dataset/Healthy/Corn_Health (250).jpg,corn,Healthy,Healthy,Corn_Health (250).jpg,8501,3
/Applications/XAMPP/xamppfiles/htdocs/cmu_aiot/leaf workshop/corn_dataset/Gray_Leaf_Spot/Corn_Gray_Spot (12).jpg,corn,Gray_Leaf_Spot,Gray_Leaf_Spot,Corn_Gray_Spot (12).jpg,225240,2
/Applications/XAMPP/xamppfiles/htdocs/cmu_aiot/leaf workshop/corn_dataset/Common_Rust/Corn_Common_Rust (219).JPG,corn,Common_Rust,Common_Rust,Corn_Common_Rust (219).JPG,12035,1
/Applications/XAMPP/xamppfiles/htdocs/cmu_aiot/leaf workshop/corn_dataset/Healthy/Corn_Health (191).jpg,corn,Healthy,Healthy,Corn_Health (191).jpg,17506,3
/Applications/XAMPP/xamppfiles/htdocs/cmu_aiot/leaf workshop/corn_dataset/Healthy/Corn_Health (569).jpg,corn,Healthy,Healthy,Corn_Health (569).jpg,10784,3
/Applications/XAMPP/xamppfiles/htdocs/cmu_aiot/leaf workshop/corn_dataset/Gray_Leaf_Spot/Corn_Gray_Spot (179).JPG,corn,Gray_Leaf_Spot,Gray_Leaf_Spot,Corn_Gray_Spot (179).JPG,20683,2
/Applications/XAMPP/xamppfiles/htdocs/cmu_aiot/leaf workshop/corn_dataset/Blight/Corn_Blight (950).JPG,corn,Blight,Blight,Corn_Blight (950).JPG,15339,0
/Applications/XAMPP/xamppfiles/htdocs/cmu_aiot/leaf workshop/corn_dataset/Common_Rust/Corn_Common_Rust (710).JPG,corn,Common_Rust,Common_Rust,Corn_Common_Rust (710).JPG,15649,1
/Applications/XAMPP/xamppfiles/htdocs/cmu_aiot/leaf workshop/corn_dataset/Common_Rust/Corn_Common_Rust (167).JPG,corn,Common_Rust,Common_Rust,Corn_Common_Rust (167).JPG,17406,1
/Applications/XAMPP/xamppfiles/htdocs/cmu_aiot/leaf workshop/corn_dataset/Healthy/Corn_Health (620).jpg,corn,Healthy,Healthy,Corn_Health (620).jpg,18638,3
/Applications/XAMPP/xamppfiles/htdocs/cmu_aiot/leaf workshop/corn_dataset/Healthy/Corn_Health (851).jpg,corn,Healthy,Healthy,Corn_Health (851).jpg,9661,3
/Applications/XAMPP/xamppfiles/htdocs/cmu_aiot/leaf workshop/corn_dataset/Gray_Leaf_Spot/Corn_Gray_Spot (117).JPG,corn,Gray_Leaf_Spot,Gray_Leaf_Spot,Corn_Gray_Spot (117).JPG,17678,2
/Applications/XAMPP/xamppfiles/htdocs/cmu_aiot/leaf workshop/corn_dataset/Blight/Corn_Blight (1035).JPG,corn,Blight,Blight,Corn_Blight (1035).JPG,15880,0
/Applications/XAMPP/xamppfiles/htdocs/cmu_aiot/leaf workshop/corn_dataset/Healthy/Corn_Health (431).jpg,corn,Healthy,Healthy,Corn_Health (431).jpg,15165,3
/Applications/XAMPP/xamppfiles/htdocs/cmu_aiot/leaf workshop/corn_dataset/Healthy/Corn_Health (28).jpg,corn,Healthy,Healthy,Corn_Health (28).jpg,10239,3
/Applications/XAMPP/xamppfiles/htdocs/cmu_aiot/leaf workshop/corn_dataset/Healthy/Corn_Health (669).jpg,corn,Healthy,Healthy,Corn_Health (669).jpg,14438,3
/Applications/XAMPP/xamppfiles/htdocs/cmu_aiot/leaf workshop/corn_dataset/Blight/Corn_Blight (939).JPG,corn,Blight,Blight,Corn_Blight (939).JPG,13780,0
/Applications/XAMPP/xamppfiles/htdocs/cmu_aiot/leaf workshop/corn_dataset/Blight/Corn_Blight (685).JPG,corn,Blight,Blight,Corn_Blight (685).JPG,13387,0
/Applications/XAMPP/xamppfiles/htdocs/cmu_aiot/leaf workshop/corn_dataset/Healthy/Corn_Health (622).jpg,corn,Healthy,Healthy,Corn_Health (622).jpg,13235,3
/Applications/XAMPP/xamppfiles/htdocs/cmu_aiot/leaf workshop/corn_dataset/Blight/Corn_Blight (514).JPG,corn,Blight,Blight,Corn_Blight (514).JPG,12616,0
/Applications/XAMPP/xamppfiles/htdocs/cmu_aiot/leaf workshop/corn_dataset/Common_Rust/Corn_Common_Rust (75).JPG,corn,Common_Rust,Common_Rust,Corn_Common_Rust (75).JPG,16179,1
/Applications/XAMPP/xamppfiles/htdocs/cmu_aiot/leaf workshop/corn_dataset/Common_Rust/Corn_Common_Rust (47).jpg,corn,Common_Rust,Common_Rust,Corn_Common_Rust (47).jpg,1115723,1
/Applications/XAMPP/xamppfiles/htdocs/cmu_aiot/leaf workshop/corn_dataset/Blight/Corn_Blight (430).JPG,corn,Blight,Blight,Corn_Blight (430).JPG,16215,0
/Applications/XAMPP/xamppfiles/htdocs/cmu_aiot/leaf workshop/corn_dataset/Healthy/Corn_Health (325).jpg,corn,Healthy,Healthy,Corn_Health (325).jpg,8556,3
/Applications/XAMPP/xamppfiles/htdocs/cmu_aiot/leaf workshop/corn_dataset/Common_Rust/Corn_Common_Rust (1182).JPG,corn,Common_Rust,Common_Rust,Corn_Common_Rust (1182).JPG,11985,1
/Applications/XAMPP/xamppfiles/htdocs/cmu_aiot/leaf workshop/corn_dataset/Gray_Leaf_Spot/Corn_Gray_Spot (53).JPG,corn,Gray_Leaf_Spot,Gray_Leaf_Spot,Corn_Gray_Spot (53).JPG,15487,2
/Applications/XAMPP/xamppfiles/htdocs/cmu_aiot/leaf workshop/corn_dataset/Healthy/Corn_Health (937).jpg,corn,Healthy,Healthy,Corn_Health (937).jpg,6289,3
/Applications/XAMPP/xamppfiles/htdocs/cmu_aiot/leaf workshop/corn_dataset/Healthy/Corn_Health (926).jpg,corn,Healthy,Healthy,Corn_Health (926).jpg,10875,3
/Applications/XAMPP/xamppfiles/htdocs/cmu_aiot/leaf workshop/corn_dataset/Healthy/Corn_Health (1118).jpg,corn,Healthy,Healthy,Corn_Health (1118).jpg,11738,3
/Applications/XAMPP/xamppfiles/htdocs/cmu_aiot/leaf workshop/corn_dataset/Blight/Corn_Blight (23).jpg,corn,Blight,Blight,Corn_Blight (23).jpg,23813,0
/Applications/XAMPP/xamppfiles/htdocs/cmu_aiot/leaf workshop/corn_dataset/Common_Rust/Corn_Common_Rust (597).JPG,corn,Common_Rust,Common_Rust,Corn_Common_Rust (597).JPG,15835,1
/Applications/XAMPP/xamppfiles/htdocs/cmu_aiot/leaf workshop/corn_dataset/Healthy/Corn_Health (765).jpg,corn,Healthy,Healthy,Corn_Health (765).jpg,6799,3
/Applications/XAMPP/xamppfiles/htdocs/cmu_aiot/leaf workshop/corn_dataset/Healthy/Corn_Health (681).jpg,corn,Healthy,Healthy,Corn_Health (681).jpg,11857,3
/Applications/XAMPP/xamppfiles/htdocs/cmu_aiot/leaf workshop/corn_dataset/Healthy/Corn_Health (1086).jpg,corn,Healthy,Healthy,Corn_Health (1086).jpg,11024,3
/Applications/XAMPP/xamppfiles/htdocs/cmu_aiot/leaf workshop/corn_dataset/Gray_Leaf_Spot/Corn_Gray_Spot (414).JPG,corn,Gray_Leaf_Spot,Gray_Leaf_Spot,Corn_Gray_Spot (414).JPG,17295,2
/Applications/XAMPP/xamppfiles/htdocs/cmu_aiot/leaf workshop/corn_dataset/Blight/Corn_Blight (867).JPG,corn,Blight,Blight,Corn_Blight (867).JPG,12412,0
/Applications/XAMPP/xamppfiles/htdocs/cmu_aiot/leaf workshop/corn_dataset/Healthy/Corn_Health (438).jpg,corn,Healthy,Healthy,Corn_Health (438).jpg,13890,3
/Applications/XAMPP/xamppfiles/htdocs/cmu_aiot/leaf workshop/corn_dataset/Healthy/Corn_Health (548).jpg,corn,Healthy,Healthy,Corn_Health (548).jpg,18659,3
/Applications/XAMPP/xamppfiles/htdocs/cmu_aiot/leaf workshop/corn_dataset/Common_Rust/Corn_Common_Rust (27).jpg,corn,Common_Rust,Common_Rust,Corn_Common_Rust (27).jpg,31995,1
/Applications/XAMPP/xamppfiles/htdocs/cmu_aiot/leaf workshop/corn_dataset/Common_Rust/Corn_Common_Rust (21).jpg,corn,Common_Rust,Common_Rust,Corn_Common_Rust (21).jpg,605245,1
/Applications/XAMPP/xamppfiles/htdocs/cmu_aiot/leaf workshop/corn_dataset/Common_Rust/Corn_Common_Rust (682).JPG,corn,Common_Rust,Common_Rust,Corn_Common_Rust (682).JPG,14527,1
/Applications/XAMPP/xamppfiles/htdocs/cmu_aiot/leaf workshop/corn_dataset/Gray_Leaf_Spot/Corn_Gray_Spot (143).JPG,corn,Gray_Leaf_Spot,Gray_Leaf_Spot,Corn_Gray_Spot (143).JPG,13771,2
/Applications/XAMPP/xamppfiles/htdocs/cmu_aiot/leaf workshop/corn_dataset/Blight/Corn_Blight (183).JPG,corn,Blight,Blight,Corn_Blight (183).JPG,14147,0
/Applications/XAMPP/xamppfiles/htdocs/cmu_aiot/leaf workshop/corn_dataset/Gray_Leaf_Spot/Corn_Gray_Spot (78).JPG,corn,Gray_Leaf_Spot,Gray_Leaf_Spot,Corn_Gray_Spot (78).JPG,14237,2
/Applications/XAMPP/xamppfiles/htdocs/cmu_aiot/leaf workshop/corn_dataset/Common_Rust/Corn_Common_Rust (693).JPG,corn,Common_Rust,Common_Rust,Corn_Common_Rust (693).JPG,12870,1
/Applications/XAMPP/xamppfiles/htdocs/cmu_aiot/leaf workshop/corn_dataset/Common_Rust/Corn_Common_Rust (757).JPG,corn,Common_Rust,Common_Rust,Corn_Common_Rust (757).JPG,13229,1
/Applications/XAMPP/xamppfiles/htdocs/cmu_aiot/leaf workshop/corn_dataset/Common_Rust/Corn_Common_Rust (1306).jpg,corn,Common_Rust,Common_Rust,Corn_Common_Rust (1306).jpg,273201,1
/Applications/XAMPP/xamppfiles/htdocs/cmu_aiot/leaf workshop/corn_dataset/Common_Rust/Corn_Common_Rust (404).JPG,corn,Common_Rust,Common_Rust,Corn_Common_Rust (404).JPG,15539,1
/Applications/XAMPP/xamppfiles/htdocs/cmu_aiot/leaf workshop/corn_dataset/Healthy/Corn_Health (982).JPG,corn,Healthy,Healthy,Corn_Health (982).JPG,12165,3
/Applications/XAMPP/xamppfiles/htdocs/cmu_aiot/leaf workshop/corn_dataset/Common_Rust/Corn_Common_Rust (1257).JPG,corn,Common_Rust,Common_Rust,Corn_Common_Rust (1257).JPG,11714,1
/Applications/XAMPP/xamppfiles/htdocs/cmu_aiot/leaf workshop/corn_dataset/Gray_Leaf_Spot/Corn_Gray_Spot (401).JPG,corn,Gray_Leaf_Spot,Gray_Leaf_Spot,Corn_Gray_Spot (401).JPG,12269,2
/Applications/XAMPP/xamppfiles/htdocs/cmu_aiot/leaf workshop/corn_dataset/Blight/Corn_Blight (927).JPG,corn,Blight,Blight,Corn_Blight (927).JPG,17018,0
/Applications/XAMPP/xamppfiles/htdocs/cmu_aiot/leaf workshop/corn_dataset/Healthy/Corn_Health (365).jpg,corn,Healthy,Healthy,Corn_Health (365).jpg,9957,3
/Applications/XAMPP/xamppfiles/htdocs/cmu_aiot/leaf workshop/corn_dataset/Healthy/Corn_Health (899).jpg,corn,Healthy,Healthy,Corn_Health (899).jpg,8538,3
/Applications/XAMPP/xamppfiles/htdocs/cmu_aiot/leaf workshop/corn_dataset/Healthy/Corn_Health (467).jpg,corn,Healthy,Healthy,Corn_Health (467).jpg,6485,3
/Applications/XAMPP/xamppfiles/htdocs/cmu_aiot/leaf workshop/corn_dataset/Healthy/Corn_Health (1151).jpg,corn,Healthy,Healthy,Corn_Health (1151).jpg,13188,3
/Applications/XAMPP/xamppfiles/htdocs/cmu_aiot/leaf workshop/corn_dataset/Blight/Corn_Blight (141).JPG,corn,Blight,Blight,Corn_Blight (141).JPG,12234,0
/Applications/XAMPP/xamppfiles/htdocs/cmu_aiot/leaf workshop/corn_dataset/Common_Rust/Corn_Common_Rust (1112).JPG,corn,Common_Rust,Common_Rust,Corn_Common_Rust (1112).JPG,15804,1
/Applications/XAMPP/xamppfiles/htdocs/cmu_aiot/leaf workshop/corn_dataset/Blight/Corn_Blight (446).JPG,corn,Blight,Blight,Corn_Blight (446).JPG,14809,0
/Applications/XAMPP/xamppfiles/htdocs/cmu_aiot/leaf workshop/corn_dataset/Common_Rust/Corn_Common_Rust (166).JPG,corn,Common_Rust,Common_Rust,Corn_Common_Rust (166).JPG,10964,1
/Applications/XAMPP/xamppfiles/htdocs/cmu_aiot/leaf workshop/corn_dataset/Common_Rust/Corn_Common_Rust (1).jpg,corn,Common_Rust,Common_Rust,Corn_Common_Rust (1).jpg,19641,1
/Applications/XAMPP/xamppfiles/htdocs/cmu_aiot/leaf workshop/corn_dataset/Healthy/Corn_Health (518).jpg,corn,Healthy,Healthy,Corn_Health (518).jpg,9595,3
/Applications/XAMPP/xamppfiles/htdocs/cmu_aiot/leaf workshop/corn_dataset/Common_Rust/Corn_Common_Rust (1060).JPG,corn,Common_Rust,Common_Rust,Corn_Common_Rust (1060).JPG,12636,1
/Applications/XAMPP/xamppfiles/htdocs/cmu_aiot/leaf workshop/corn_dataset/Healthy/Corn_Health (346).jpg,corn,Healthy,Healthy,Corn_Health (346).jpg,14052,3
/Applications/XAMPP/xamppfiles/htdocs/cmu_aiot/leaf workshop/corn_dataset/Common_Rust/Corn_Common_Rust (311).JPG,corn,Common_Rust,Common_Rust,Corn_Common_Rust (311).JPG,14023,1
/Applications/XAMPP/xamppfiles/htdocs/cmu_aiot/leaf workshop/corn_dataset/Blight/Corn_Blight (51).jpg,corn,Blight,Blight,Corn_Blight (51).jpg,14451,0
/Applications/XAMPP/xamppfiles/htdocs/cmu_aiot/leaf workshop/corn_dataset/Blight/Corn_Blight (599).JPG,corn,Blight,Blight,Corn_Blight (599).JPG,12745,0
/Applications/XAMPP/xamppfiles/htdocs/cmu_aiot/leaf workshop/corn_dataset/Healthy/Corn_Health (1107).jpg,corn,Healthy,Healthy,Corn_Health (1107).jpg,9369,3
/Applications/XAMPP/xamppfiles/htdocs/cmu_aiot/leaf workshop/corn_dataset/Gray_Leaf_Spot/Corn_Gray_Spot (77).JPG,corn,Gray_Leaf_Spot,Gray_Leaf_Spot,Corn_Gray_Spot (77).JPG,14061,2
/Applications/XAMPP/xamppfiles/htdocs/cmu_aiot/leaf workshop/corn_dataset/Gray_Leaf_Spot/Corn_Gray_Spot (166).JPG,corn,Gray_Leaf_Spot,Gray_Leaf_Spot,Corn_Gray_Spot (166).JPG,19657,2
/Applications/XAMPP/xamppfiles/htdocs/cmu_aiot/leaf workshop/corn_dataset/Common_Rust/Corn_Common_Rust (1133).JPG,corn,Common_Rust,Common_Rust,Corn_Common_Rust (1133).JPG,12448,1
/Applications/XAMPP/xamppfiles/htdocs/cmu_aiot/leaf workshop/corn_dataset/Blight/Corn_Blight (833).JPG,corn,Blight,Blight,Corn_Blight (833).JPG,14157,0
/Applications/XAMPP/xamppfiles/htdocs/cmu_aiot/leaf workshop/corn_dataset/Gray_Leaf_Spot/Corn_Gray_Spot (82).JPG,corn,Gray_Leaf_Spot,Gray_Leaf_Spot,Corn_Gray_Spot (82).JPG,13638,2
/Applications/XAMPP/xamppfiles/htdocs/cmu_aiot/leaf workshop/corn_dataset/Healthy/Corn_Health (574).jpg,corn,Healthy,Healthy,Corn_Health (574).jpg,8940,3
/Applications/XAMPP/xamppfiles/htdocs/cmu_aiot/leaf workshop/corn_dataset/Blight/Corn_Blight (1025).JPG,corn,Blight,Blight,Corn_Blight (1025).JPG,14259,0
/Applications/XAMPP/xamppfiles/htdocs/cmu_aiot/leaf workshop/corn_dataset/Common_Rust/Corn_Common_Rust (136).JPG,corn,Common_Rust,Common_Rust,Corn_Common_Rust (136).JPG,15013,1
/Applications/XAMPP/xamppfiles/htdocs/cmu_aiot/leaf workshop/corn_dataset/Healthy/Corn_Health (529).jpg,corn,Healthy,Healthy,Corn_Health (529).jpg,14925,3
/Applications/XAMPP/xamppfiles/htdocs/cmu_aiot/leaf workshop/corn_dataset/Common_Rust/Corn_Common_Rust (1155).JPG,corn,Common_Rust,Common_Rust,Corn_Common_Rust (1155).JPG,16215,1
/Applications/XAMPP/xamppfiles/htdocs/cmu_aiot/leaf workshop/corn_dataset/Healthy/Corn_Health (541).jpg,corn,Healthy,Healthy,Corn_Health (541).jpg,14031,3
/Applications/XAMPP/xamppfiles/htdocs/cmu_aiot/leaf workshop/corn_dataset/Blight/Corn_Blight (461).JPG,corn,Blight,Blight,Corn_Blight (461).JPG,9450,0
/Applications/XAMPP/xamppfiles/htdocs/cmu_aiot/leaf workshop/corn_dataset/Blight/Corn_Blight (115).JPG,corn,Blight,Blight,Corn_Blight (115).JPG,18824,0
/Applications/XAMPP/xamppfiles/htdocs/cmu_aiot/leaf workshop/corn_dataset/Blight/Corn_Blight (1136).jpg,corn,Blight,Blight,Corn_Blight (1136).jpg,66228,0
/Applications/XAMPP/xamppfiles/htdocs/cmu_aiot/leaf workshop/corn_dataset/Blight/Corn_Blight (1).jpeg,corn,Blight,Blight,Corn_Blight (1).jpeg,493607,0
/Applications/XAMPP/xamppfiles/htdocs/cmu_aiot/leaf workshop/corn_dataset/Common_Rust/Corn_Common_Rust (6).jpg,corn,Common_Rust,Common_Rust,Corn_Common_Rust (6).jpg,37960,1
/Applications/XAMPP/xamppfiles/htdocs/cmu_aiot/leaf workshop/corn_dataset/Common_Rust/Corn_Common_Rust (754).JPG,corn,Common_Rust,Common_Rust,Corn_Common_Rust (754).JPG,14851,1
/Applications/XAMPP/xamppfiles/htdocs/cmu_aiot/leaf workshop/corn_dataset/Blight/Corn_Blight (847).JPG,corn,Blight,Blight,Corn_Blight (847).JPG,21129,0
/Applications/XAMPP/xamppfiles/htdocs/cmu_aiot/leaf workshop/corn_dataset/Common_Rust/Corn_Common_Rust (71).jpg,corn,Common_Rust,Common_Rust,Corn_Common_Rust (71).jpg,824025,1
/Applications/XAMPP/xamppfiles/htdocs/cmu_aiot/leaf workshop/corn_dataset/Healthy/Corn_Health (716).jpg,corn,Healthy,Healthy,Corn_Health (716).jpg,7270,3
/Applications/XAMPP/xamppfiles/htdocs/cmu_aiot/leaf workshop/corn_dataset/Common_Rust/Corn_Common_Rust (1274).jpg,corn,Common_Rust,Common_Rust,Corn_Common_Rust (1274).jpg,78627,1
/Applications/XAMPP/xamppfiles/htdocs/cmu_aiot/leaf workshop/corn_dataset/Healthy/Corn_Health (292).jpg,corn,Healthy,Healthy,Corn_Health (292).jpg,16260,3
/Applications/XAMPP/xamppfiles/htdocs/cmu_aiot/leaf workshop/corn_dataset/Healthy/Corn_Health (1030).jpg,corn,Healthy,Healthy,Corn_Health (1030).jpg,12177,3
/Applications/XAMPP/xamppfiles/htdocs/cmu_aiot/leaf workshop/corn_dataset/Blight/Corn_Blight (1006).JPG,corn,Blight,Blight,Corn_Blight (1006).JPG,12344,0
/Applications/XAMPP/xamppfiles/htdocs/cmu_aiot/leaf workshop/corn_dataset/Blight/Corn_Blight (1134).jpg,corn,Blight,Blight,Corn_Blight (1134).jpg,123255,0
/Applications/XAMPP/xamppfiles/htdocs/cmu_aiot/leaf workshop/corn_dataset/Gray_Leaf_Spot/Corn_Gray_Spot (314).JPG,corn,Gray_Leaf_Spot,Gray_Leaf_Spot,Corn_Gray_Spot (314).JPG,14885,2
/Applications/XAMPP/xamppfiles/htdocs/cmu_aiot/leaf workshop/corn_dataset/Gray_Leaf_Spot/Corn_Gray_Spot (535).JPG,corn,Gray_Leaf_Spot,Gray_Leaf_Spot,Corn_Gray_Spot (535).JPG,17319,2
/Applications/XAMPP/xamppfiles/htdocs/cmu_aiot/leaf workshop/corn_dataset/Healthy/Corn_Health (497).jpg,corn,Healthy,Healthy,Corn_Health (497).jpg,6416,3
/Applications/XAMPP/xamppfiles/htdocs/cmu_aiot/leaf workshop/corn_dataset/Common_Rust/Corn_Common_Rust (1069).JPG,corn,Common_Rust,Common_Rust,Corn_Common_Rust (1069).JPG,12267,1
/Applications/XAMPP/xamppfiles/htdocs/cmu_aiot/leaf workshop/corn_dataset/Blight/Corn_Blight (1100).jpg,corn,Blight,Blight,Corn_Blight (1100).jpg,2190482,0
/Applications/XAMPP/xamppfiles/htdocs/cmu_aiot/leaf workshop/corn_dataset/Blight/Corn_Blight (390).JPG,corn,Blight,Blight,Corn_Blight (390).JPG,15235,0
/Applications/XAMPP/xamppfiles/htdocs/cmu_aiot/leaf workshop/corn_dataset/Blight/Corn_Blight (49).jpg,corn,Blight,Blight,Corn_Blight (49).jpg,98759,0
/Applications/XAMPP/xamppfiles/htdocs/cmu_aiot/leaf workshop/corn_dataset/Blight/Corn_Blight (445).JPG,corn,Blight,Blight,Corn_Blight (445).JPG,12814,0
/Applications/XAMPP/xamppfiles/htdocs/cmu_aiot/leaf workshop/corn_dataset/Blight/Corn_Blight (763).JPG,corn,Blight,Blight,Corn_Blight (763).JPG,15672,0
/Applications/XAMPP/xamppfiles/htdocs/cmu_aiot/leaf workshop/corn_dataset/Blight/Corn_Blight (622).JPG,corn,Blight,Blight,Corn_Blight (622).JPG,14316,0
/Applications/XAMPP/xamppfiles/htdocs/cmu_aiot/leaf workshop/corn_dataset/Common_Rust/Corn_Common_Rust (428).JPG,corn,Common_Rust,Common_Rust,Corn_Common_Rust (428).JPG,13700,1
/Applications/XAMPP/xamppfiles/htdocs/cmu_aiot/leaf workshop/corn_dataset/Healthy/Corn_Health (486).jpg,corn,Healthy,Healthy,Corn_Health (486).jpg,7722,3
/Applications/XAMPP/xamppfiles/htdocs/cmu_aiot/leaf workshop/corn_dataset/Healthy/Corn_Health (179).jpg,corn,Healthy,Healthy,Corn_Health (179).jpg,18635,3
/Applications/XAMPP/xamppfiles/htdocs/cmu_aiot/leaf workshop/corn_dataset/Blight/Corn_Blight (399).jpg,corn,Blight,Blight,Corn_Blight (399).jpg,12710,0
/Applications/XAMPP/xamppfiles/htdocs/cmu_aiot/leaf workshop/corn_dataset/Blight/Corn_Blight (290).JPG,corn,Blight,Blight,Corn_Blight (290).JPG,10623,0
/Applications/XAMPP/xamppfiles/htdocs/cmu_aiot/leaf workshop/corn_dataset/Healthy/Corn_Health (240).jpg,corn,Healthy,Healthy,Corn_Health (240).jpg,11787,3
/Applications/XAMPP/xamppfiles/htdocs/cmu_aiot/leaf workshop/corn_dataset/Common_Rust/Corn_Common_Rust (1002).JPG,corn,Common_Rust,Common_Rust,Corn_Common_Rust (1002).JPG,9539,1
/Applications/XAMPP/xamppfiles/htdocs/cmu_aiot/leaf workshop/corn_dataset/Gray_Leaf_Spot/Corn_Gray_Spot (508).jpg,corn,Gray_Leaf_Spot,Gray_Leaf_Spot,Corn_Gray_Spot (508).jpg,15820,2
/Applications/XAMPP/xamppfiles/htdocs/cmu_aiot/leaf workshop/corn_dataset/Healthy/Corn_Health (402).jpg,corn,Healthy,Healthy,Corn_Health (402).jpg,8142,3
/Applications/XAMPP/xamppfiles/htdocs/cmu_aiot/leaf workshop/corn_dataset/Healthy/Corn_Health (238).jpg,corn,Healthy,Healthy,Corn_Health (238).jpg,16205,3
/Applications/XAMPP/xamppfiles/htdocs/cmu_aiot/leaf workshop/corn_dataset/Blight/Corn_Blight (730).JPG,corn,Blight,Blight,Corn_Blight (730).JPG,15188,0
/Applications/XAMPP/xamppfiles/htdocs/cmu_aiot/leaf workshop/corn_dataset/Healthy/Corn_Health (1158).jpg,corn,Healthy,Healthy,Corn_Health (1158).jpg,15294,3
/Applications/XAMPP/xamppfiles/htdocs/cmu_aiot/leaf workshop/corn_dataset/Blight/Corn_Blight (996).JPG,corn,Blight,Blight,Corn_Blight (996).JPG,15378,0
/Applications/XAMPP/xamppfiles/htdocs/cmu_aiot/leaf workshop/corn_dataset/Common_Rust/Corn_Common_Rust (1301).jpg,corn,Common_Rust,Common_Rust,Corn_Common_Rust (1301).jpg,168075,1
/Applications/XAMPP/xamppfiles/htdocs/cmu_aiot/leaf workshop/corn_dataset/Healthy/Corn_Health (384).jpg,corn,Healthy,Healthy,Corn_Health (384).jpg,13180,3
/Applications/XAMPP/xamppfiles/htdocs/cmu_aiot/leaf workshop/corn_dataset/Gray_Leaf_Spot/Corn_Gray_Spot (174).jpg,corn,Gray_Leaf_Spot,Gray_Leaf_Spot,Corn_Gray_Spot (174).jpg,19284,2
/Applications/XAMPP/xamppfiles/htdocs/cmu_aiot/leaf workshop/corn_dataset/Common_Rust/Corn_Common_Rust (157).JPG,corn,Common_Rust,Common_Rust,Corn_Common_Rust (157).JPG,15679,1
/Applications/XAMPP/xamppfiles/htdocs/cmu_aiot/leaf workshop/corn_dataset/Gray_Leaf_Spot/Corn_Gray_Spot (285).JPG,corn,Gray_Leaf_Spot,Gray_Leaf_Spot,Corn_Gray_Spot (285).JPG,21030,2
/Applications/XAMPP/xamppfiles/htdocs/cmu_aiot/leaf workshop/corn_dataset/Gray_Leaf_Spot/Corn_Gray_Spot (560).JPG,corn,Gray_Leaf_Spot,Gray_Leaf_Spot,Corn_Gray_Spot (560).JPG,17740,2
/Applications/XAMPP/xamppfiles/htdocs/cmu_aiot/leaf workshop/corn_dataset/Common_Rust/Corn_Common_Rust (718).JPG,corn,Common_Rust,Common_Rust,Corn_Common_Rust (718).JPG,11547,1
/Applications/XAMPP/xamppfiles/htdocs/cmu_aiot/leaf workshop/corn_dataset/Gray_Leaf_Spot/Corn_Gray_Spot (171).JPG,corn,Gray_Leaf_Spot,Gray_Leaf_Spot,Corn_Gray_Spot (171).JPG,8979,2
/Applications/XAMPP/xamppfiles/htdocs/cmu_aiot/leaf workshop/corn_dataset/Common_Rust/Corn_Common_Rust (1138).JPG,corn,Common_Rust,Common_Rust,Corn_Common_Rust (1138).JPG,15937,1
/Applications/XAMPP/xamppfiles/htdocs/cmu_aiot/leaf workshop/corn_dataset/Healthy/Corn_Health (364).jpg,corn,Healthy,Healthy,Corn_Health (364).jpg,9455,3
/Applications/XAMPP/xamppfiles/htdocs/cmu_aiot/leaf workshop/corn_dataset/Gray_Leaf_Spot/Corn_Gray_Spot (1).jpg,corn,Gray_Leaf_Spot,Gray_Leaf_Spot,Corn_Gray_Spot (1).jpg,382562,2
/Applications/XAMPP/xamppfiles/htdocs/cmu_aiot/leaf workshop/corn_dataset/Blight/Corn_Blight (1048).JPG,corn,Blight,Blight,Corn_Blight (1048).JPG,16636,0
/Applications/XAMPP/xamppfiles/htdocs/cmu_aiot/leaf workshop/corn_dataset/Blight/Corn_Blight (480).JPG,corn,Blight,Blight,Corn_Blight (480).JPG,9747,0
/Applications/XAMPP/xamppfiles/htdocs/cmu_aiot/leaf workshop/corn_dataset/Common_Rust/Corn_Common_Rust (661).JPG,corn,Common_Rust,Common_Rust,Corn_Common_Rust (661).JPG,17650,1
/Applications/XAMPP/xamppfiles/htdocs/cmu_aiot/leaf workshop/corn_dataset/Gray_Leaf_Spot/Corn_Gray_Spot (4).jpg,corn,Gray_Leaf_Spot,Gray_Leaf_Spot,Corn_Gray_Spot (4).jpg,27039,2
/Applications/XAMPP/xamppfiles/htdocs/cmu_aiot/leaf workshop/corn_dataset/Common_Rust/Corn_Common_Rust (66).jpg,corn,Common_Rust,Common_Rust,Corn_Common_Rust (66).jpg,59181,1
/Applications/XAMPP/xamppfiles/htdocs/cmu_aiot/leaf workshop/corn_dataset/Common_Rust/Corn_Common_Rust (298).JPG,corn,Common_Rust,Common_Rust,Corn_Common_Rust (298).JPG,13867,1
/Applications/XAMPP/xamppfiles/htdocs/cmu_aiot/leaf workshop/corn_dataset/Common_Rust/Corn_Common_Rust (497).JPG,corn,Common_Rust,Common_Rust,Corn_Common_Rust (497).JPG,13844,1
/Applications/XAMPP/xamppfiles/htdocs/cmu_aiot/leaf workshop/corn_dataset/Gray_Leaf_Spot/Corn_Gray_Spot (437).JPG,corn,Gray_Leaf_Spot,Gray_Leaf_Spot,Corn_Gray_Spot (437).JPG,14634,2
/Applications/XAMPP/xamppfiles/htdocs/cmu_aiot/leaf workshop/corn_dataset/Common_Rust/Corn_Common_Rust (162).JPG,corn,Common_Rust,Common_Rust,Corn_Common_Rust (162).JPG,15770,1
/Applications/XAMPP/xamppfiles/htdocs/cmu_aiot/leaf workshop/corn_dataset/Blight/Corn_Blight (1143).jpg,corn,Blight,Blight,Corn_Blight (1143).jpg,46814,0
/Applications/XAMPP/xamppfiles/htdocs/cmu_aiot/leaf workshop/corn_dataset/Gray_Leaf_Spot/Corn_Gray_Spot (381).jpg,corn,Gray_Leaf_Spot,Gray_Leaf_Spot,Corn_Gray_Spot (381).jpg,15212,2
/Applications/XAMPP/xamppfiles/htdocs/cmu_aiot/leaf workshop/corn_dataset/Blight/Corn_Blight (337).JPG,corn,Blight,Blight,Corn_Blight (337).JPG,14626,0
/Applications/XAMPP/xamppfiles/htdocs/cmu_aiot/leaf workshop/corn_dataset/Blight/Corn_Blight (352).JPG,corn,Blight,Blight,Corn_Blight (352).JPG,16679,0
/Applications/XAMPP/xamppfiles/htdocs/cmu_aiot/leaf workshop/corn_dataset/Healthy/Corn_Health (389).jpg,corn,Healthy,Healthy,Corn_Health (389).jpg,6289,3
/Applications/XAMPP/xamppfiles/htdocs/cmu_aiot/leaf workshop/corn_dataset/Gray_Leaf_Spot/Corn_Gray_Spot (572).jpg,corn,Gray_Leaf_Spot,Gray_Leaf_Spot,Corn_Gray_Spot (572).jpg,35562,2
/Applications/XAMPP/xamppfiles/htdocs/cmu_aiot/leaf workshop/corn_dataset/Gray_Leaf_Spot/Corn_Gray_Spot (260).JPG,corn,Gray_Leaf_Spot,Gray_Leaf_Spot,Corn_Gray_Spot (260).JPG,14373,2
/Applications/XAMPP/xamppfiles/htdocs/cmu_aiot/leaf workshop/corn_dataset/Common_Rust/Corn_Common_Rust (1033).JPG,corn,Common_Rust,Common_Rust,Corn_Common_Rust (1033).JPG,12876,1
/Applications/XAMPP/xamppfiles/htdocs/cmu_aiot/leaf workshop/corn_dataset/Common_Rust/Corn_Common_Rust (1157).JPG,corn,Common_Rust,Common_Rust,Corn_Common_Rust (1157).JPG,11578,1
/Applications/XAMPP/xamppfiles/htdocs/cmu_aiot/leaf workshop/corn_dataset/Blight/Corn_Blight (721).JPG,corn,Blight,Blight,Corn_Blight (721).JPG,17246,0
/Applications/XAMPP/xamppfiles/htdocs/cmu_aiot/leaf workshop/corn_dataset/Blight/Corn_Blight (628).JPG,corn,Blight,Blight,Corn_Blight (628).JPG,17227,0
/Applications/XAMPP/xamppfiles/htdocs/cmu_aiot/leaf workshop/corn_dataset/Blight/Corn_Blight (1132).jpg,corn,Blight,Blight,Corn_Blight (1132).jpg,201357,0
/Applications/XAMPP/xamppfiles/htdocs/cmu_aiot/leaf workshop/corn_dataset/Common_Rust/Corn_Common_Rust (495).JPG,corn,Common_Rust,Common_Rust,Corn_Common_Rust (495).JPG,14131,1
/Applications/XAMPP/xamppfiles/htdocs/cmu_aiot/leaf workshop/corn_dataset/Blight/Corn_Blight (200).JPG,corn,Blight,Blight,Corn_Blight (200).JPG,13589,0
/Applications/XAMPP/xamppfiles/htdocs/cmu_aiot/leaf workshop/corn_dataset/Healthy/Corn_Health (608).jpg,corn,Healthy,Healthy,Corn_Health (608).jpg,13957,3
/Applications/XAMPP/xamppfiles/htdocs/cmu_aiot/leaf workshop/corn_dataset/Common_Rust/Corn_Common_Rust (739).JPG,corn,Common_Rust,Common_Rust,Corn_Common_Rust (739).JPG,16251,1
/Applications/XAMPP/xamppfiles/htdocs/cmu_aiot/leaf workshop/corn_dataset/Common_Rust/Corn_Common_Rust (1017).JPG,corn,Common_Rust,Common_Rust,Corn_Common_Rust (1017).JPG,13857,1
/Applications/XAMPP/xamppfiles/htdocs/cmu_aiot/leaf workshop/corn_dataset/Blight/Corn_Blight (167).JPG,corn,Blight,Blight,Corn_Blight (167).JPG,14796,0
/Applications/XAMPP/xamppfiles/htdocs/cmu_aiot/leaf workshop/corn_dataset/Blight/Corn_Blight (264).jpg,corn,Blight,Blight,Corn_Blight (264).jpg,14523,0
/Applications/XAMPP/xamppfiles/htdocs/cmu_aiot/leaf workshop/corn_dataset/Gray_Leaf_Spot/Corn_Gray_Spot (137).JPG,corn,Gray_Leaf_Spot,Gray_Leaf_Spot,Corn_Gray_Spot (137).JPG,17013,2
/Applications/XAMPP/xamppfiles/htdocs/cmu_aiot/leaf workshop/corn_dataset/Common_Rust/Corn_Common_Rust (1232).JPG,corn,Common_Rust,Common_Rust,Corn_Common_Rust (1232).JPG,14954,1
/Applications/XAMPP/xamppfiles/htdocs/cmu_aiot/leaf workshop/corn_dataset/Healthy/Corn_Health (196).jpg,corn,Healthy,Healthy,Corn_Health (196).jpg,16792,3
/Applications/XAMPP/xamppfiles/htdocs/cmu_aiot/leaf workshop/corn_dataset/Common_Rust/Corn_Common_Rust (477).JPG,corn,Common_Rust,Common_Rust,Corn_Common_Rust (477).JPG,13514,1
/Applications/XAMPP/xamppfiles/htdocs/cmu_aiot/leaf workshop/corn_dataset/Gray_Leaf_Spot/Corn_Gray_Spot (534).JPG,corn,Gray_Leaf_Spot,Gray_Leaf_Spot,Corn_Gray_Spot (534).JPG,15621,2
/Applications/XAMPP/xamppfiles/htdocs/cmu_aiot/leaf workshop/corn_dataset/Common_Rust/Corn_Common_Rust (277).JPG,corn,Common_Rust,Common_Rust,Corn_Common_Rust (277).JPG,9773,1
/Applications/XAMPP/xamppfiles/htdocs/cmu_aiot/leaf workshop/corn_dataset/Gray_Leaf_Spot/Corn_Gray_Spot (21).jpg,corn,Gray_Leaf_Spot,Gray_Leaf_Spot,Corn_Gray_Spot (21).jpg,46505,2
/Applications/XAMPP/xamppfiles/htdocs/cmu_aiot/leaf workshop/corn_dataset/Healthy/Corn_Health (373).jpg,corn,Healthy,Healthy,Corn_Health (373).jpg,11378,3
/Applications/XAMPP/xamppfiles/htdocs/cmu_aiot/leaf workshop/corn_dataset/Blight/Corn_Blight (541).jpg,corn,Blight,Blight,Corn_Blight (541).jpg,18394,0
/Applications/XAMPP/xamppfiles/htdocs/cmu_aiot/leaf workshop/corn_dataset/Common_Rust/Corn_Common_Rust (530).JPG,corn,Common_Rust,Common_Rust,Corn_Common_Rust (530).JPG,16474,1
/Applications/XAMPP/xamppfiles/htdocs/cmu_aiot/leaf workshop/corn_dataset/Common_Rust/Corn_Common_Rust (1006).JPG,corn,Common_Rust,Common_Rust,Corn_Common_Rust (1006).JPG,14752,1
/Applications/XAMPP/xamppfiles/htdocs/cmu_aiot/leaf workshop/corn_dataset/Gray_Leaf_Spot/Corn_Gray_Spot (247).JPG,corn,Gray_Leaf_Spot,Gray_Leaf_Spot,Corn_Gray_Spot (247).JPG,21961,2
/Applications/XAMPP/xamppfiles/htdocs/cmu_aiot/leaf workshop/corn_dataset/Blight/Corn_Blight (105).jpg,corn,Blight,Blight,Corn_Blight (105).jpg,123584,0
/Applications/XAMPP/xamppfiles/htdocs/cmu_aiot/leaf workshop/corn_dataset/Healthy/Corn_Health (1140).jpg,corn,Healthy,Healthy,Corn_Health (1140).jpg,11599,3
/Applications/XAMPP/xamppfiles/htdocs/cmu_aiot/leaf workshop/corn_dataset/Common_Rust/Corn_Common_Rust (1245).JPG,corn,Common_Rust,Common_Rust,Corn_Common_Rust (1245).JPG,15668,1
/Applications/XAMPP/xamppfiles/htdocs/cmu_aiot/leaf workshop/corn_dataset/Common_Rust/Corn_Common_Rust (185).JPG,corn,Common_Rust,Common_Rust,Corn_Common_Rust (185).JPG,15849,1
/Applications/XAMPP/xamppfiles/htdocs/cmu_aiot/leaf workshop/corn_dataset/Gray_Leaf_Spot/Corn_Gray_Spot (321).JPG,corn,Gray_Leaf_Spot,Gray_Leaf_Spot,Corn_Gray_Spot (321).JPG,18700,2
/Applications/XAMPP/xamppfiles/htdocs/cmu_aiot/leaf workshop/corn_dataset/Healthy/Corn_Health (1016).jpg,corn,Healthy,Healthy,Corn_Health (1016).jpg,11354,3
/Applications/XAMPP/xamppfiles/htdocs/cmu_aiot/leaf workshop/corn_dataset/Common_Rust/Corn_Common_Rust (469).JPG,corn,Common_Rust,Common_Rust,Corn_Common_Rust (469).JPG,12569,1
/Applications/XAMPP/xamppfiles/htdocs/cmu_aiot/leaf workshop/corn_dataset/Common_Rust/Corn_Common_Rust (1135).JPG,corn,Common_Rust,Common_Rust,Corn_Common_Rust (1135).JPG,12122,1
/Applications/XAMPP/xamppfiles/htdocs/cmu_aiot/leaf workshop/corn_dataset/Common_Rust/Corn_Common_Rust (1029).JPG,corn,Common_Rust,Common_Rust,Corn_Common_Rust (1029).JPG,14254,1
/Applications/XAMPP/xamppfiles/htdocs/cmu_aiot/leaf workshop/corn_dataset/Blight/Corn_Blight (489).JPG,corn,Blight,Blight,Corn_Blight (489).JPG,16963,0
/Applications/XAMPP/xamppfiles/htdocs/cmu_aiot/leaf workshop/corn_dataset/Blight/Corn_Blight (694).JPG,corn,Blight,Blight,Corn_Blight (694).JPG,17164,0
/Applications/XAMPP/xamppfiles/htdocs/cmu_aiot/leaf workshop/corn_dataset/Common_Rust/Corn_Common_Rust (68).jpg,corn,Common_Rust,Common_Rust,Corn_Common_Rust (68).jpg,126531,1
/Applications/XAMPP/xamppfiles/htdocs/cmu_aiot/leaf workshop/corn_dataset/Gray_Leaf_Spot/Corn_Gray_Spot (205).JPG,corn,Gray_Leaf_Spot,Gray_Leaf_Spot,Corn_Gray_Spot (205).JPG,12128,2
/Applications/XAMPP/xamppfiles/htdocs/cmu_aiot/leaf workshop/corn_dataset/Blight/Corn_Blight (650).jpg,corn,Blight,Blight,Corn_Blight (650).jpg,11366,0
/Applications/XAMPP/xamppfiles/htdocs/cmu_aiot/leaf workshop/corn_dataset/Blight/Corn_Blight (465).JPG,corn,Blight,Blight,Corn_Blight (465).JPG,13668,0
/Applications/XAMPP/xamppfiles/htdocs/cmu_aiot/leaf workshop/corn_dataset/Blight/Corn_Blight (368).JPG,corn,Blight,Blight,Corn_Blight (368).JPG,11427,0
/Applications/XAMPP/xamppfiles/htdocs/cmu_aiot/leaf workshop/corn_dataset/Healthy/Corn_Health (1145).jpg,corn,Healthy,Healthy,Corn_Health (1145).jpg,8952,3
/Applications/XAMPP/xamppfiles/htdocs/cmu_aiot/leaf workshop/corn_dataset/Blight/Corn_Blight (345).JPG,corn,Blight,Blight,Corn_Blight (345).JPG,18766,0
/Applications/XAMPP/xamppfiles/htdocs/cmu_aiot/leaf workshop/corn_dataset/Common_Rust/Corn_Common_Rust (507).JPG,corn,Common_Rust,Common_Rust,Corn_Common_Rust (507).JPG,11914,1
/Applications/XAMPP/xamppfiles/htdocs/cmu_aiot/leaf workshop/corn_dataset/Gray_Leaf_Spot/Corn_Gray_Spot (75).jpg,corn,Gray_Leaf_Spot,Gray_Leaf_Spot,Corn_Gray_Spot (75).jpg,18498,2
/Applications/XAMPP/xamppfiles/htdocs/cmu_aiot/leaf workshop/corn_dataset/Common_Rust/Corn_Common_Rust (1208).JPG,corn,Common_Rust,Common_Rust,Corn_Common_Rust (1208).JPG,16220,1
/Applications/XAMPP/xamppfiles/htdocs/cmu_aiot/leaf workshop/corn_dataset/Healthy/Corn_Health (387).jpg,corn,Healthy,Healthy,Corn_Health (387).jpg,6045,3
/Applications/XAMPP/xamppfiles/htdocs/cmu_aiot/leaf workshop/corn_dataset/Blight/Corn_Blight (45).jpg,corn,Blight,Blight,Corn_Blight (45).jpg,29931,0
/Applications/XAMPP/xamppfiles/htdocs/cmu_aiot/leaf workshop/corn_dataset/Healthy/Corn_Health (702).jpg,corn,Healthy,Healthy,Corn_Health (702).jpg,5921,3
/Applications/XAMPP/xamppfiles/htdocs/cmu_aiot/leaf workshop/corn_dataset/Healthy/Corn_Health (81).jpg,corn,Healthy,Healthy,Corn_Health (81).jpg,14335,3
/Applications/XAMPP/xamppfiles/htdocs/cmu_aiot/leaf workshop/corn_dataset/Common_Rust/Corn_Common_Rust (1021).JPG,corn,Common_Rust,Common_Rust,Corn_Common_Rust (1021).JPG,13754,1
/Applications/XAMPP/xamppfiles/htdocs/cmu_aiot/leaf workshop/corn_dataset/Healthy/Corn_Health (477).jpg,corn,Healthy,Healthy,Corn_Health (477).jpg,10077,3
/Applications/XAMPP/xamppfiles/htdocs/cmu_aiot/leaf workshop/corn_dataset/Common_Rust/Corn_Common_Rust (1204).JPG,corn,Common_Rust,Common_Rust,Corn_Common_Rust (1204).JPG,15269,1
/Applications/XAMPP/xamppfiles/htdocs/cmu_aiot/leaf workshop/corn_dataset/Healthy/Corn_Health (837).jpg,corn,Healthy,Healthy,Corn_Health (837).jpg,16077,3
/Applications/XAMPP/xamppfiles/htdocs/cmu_aiot/leaf workshop/corn_dataset/Common_Rust/Corn_Common_Rust (1011).JPG,corn,Common_Rust,Common_Rust,Corn_Common_Rust (1011).JPG,13078,1
/Applications/XAMPP/xamppfiles/htdocs/cmu_aiot/leaf workshop/corn_dataset/Blight/Corn_Blight (1081).jpg,corn,Blight,Blight,Corn_Blight (1081).jpg,15950,0
/Applications/XAMPP/xamppfiles/htdocs/cmu_aiot/leaf workshop/corn_dataset/Healthy/Corn_Health (789).jpg,corn,Healthy,Healthy,Corn_Health (789).jpg,9950,3
/Applications/XAMPP/xamppfiles/htdocs/cmu_aiot/leaf workshop/corn_dataset/Common_Rust/Corn_Common_Rust (571).JPG,corn,Common_Rust,Common_Rust,Corn_Common_Rust (571).JPG,13639,1
/Applications/XAMPP/xamppfiles/htdocs/cmu_aiot/leaf workshop/corn_dataset/Healthy/Corn_Health (427).jpg,corn,Healthy,Healthy,Corn_Health (427).jpg,15888,3
/Applications/XAMPP/xamppfiles/htdocs/cmu_aiot/leaf workshop/corn_dataset/Blight/Corn_Blight (1022).JPG,corn,Blight,Blight,Corn_Blight (1022).JPG,13517,0
/Applications/XAMPP/xamppfiles/htdocs/cmu_aiot/leaf workshop/corn_dataset/Healthy/Corn_Health (76).jpg,corn,Healthy,Healthy,Corn_Health (76).jpg,16707,3
/Applications/XAMPP/xamppfiles/htdocs/cmu_aiot/leaf workshop/corn_dataset/Blight/Corn_Blight (418).JPG,corn,Blight,Blight,Corn_Blight (418).JPG,14237,0
/Applications/XAMPP/xamppfiles/htdocs/cmu_aiot/leaf workshop/corn_dataset/Common_Rust/Corn_Common_Rust (592).JPG,corn,Common_Rust,Common_Rust,Corn_Common_Rust (592).JPG,15657,1
/Applications/XAMPP/xamppfiles/htdocs/cmu_aiot/leaf workshop/corn_dataset/Blight/Corn_Blight (1041).JPG,corn,Blight,Blight,Corn_Blight (1041).JPG,11981,0
/Applications/XAMPP/xamppfiles/htdocs/cmu_aiot/leaf workshop/corn_dataset/Common_Rust/Corn_Common_Rust (274).JPG,corn,Common_Rust,Common_Rust,Corn_Common_Rust (274).JPG,13222,1
/Applications/XAMPP/xamppfiles/htdocs/cmu_aiot/leaf workshop/corn_dataset/Blight/Corn_Blight (30).jpg,corn,Blight,Blight,Corn_Blight (30).jpg,126411,0
/Applications/XAMPP/xamppfiles/htdocs/cmu_aiot/leaf workshop/corn_dataset/Common_Rust/Corn_Common_Rust (556).JPG,corn,Common_Rust,Common_Rust,Corn_Common_Rust (556).JPG,15573,1
/Applications/XAMPP/xamppfiles/htdocs/cmu_aiot/leaf workshop/corn_dataset/Blight/Corn_Blight (77).jpg,corn,Blight,Blight,Corn_Blight (77).jpg,652989,0
/Applications/XAMPP/xamppfiles/htdocs/cmu_aiot/leaf workshop/corn_dataset/Gray_Leaf_Spot/Corn_Gray_Spot (325).jpg,corn,Gray_Leaf_Spot,Gray_Leaf_Spot,Corn_Gray_Spot (325).jpg,17827,2
/Applications/XAMPP/xamppfiles/htdocs/cmu_aiot/leaf workshop/corn_dataset/Blight/Corn_Blight (1016).JPG,corn,Blight,Blight,Corn_Blight (1016).JPG,15705,0
/Applications/XAMPP/xamppfiles/htdocs/cmu_aiot/leaf workshop/corn_dataset/Common_Rust/Corn_Common_Rust (1153).JPG,corn,Common_Rust,Common_Rust,Corn_Common_Rust (1153).JPG,12119,1
/Applications/XAMPP/xamppfiles/htdocs/cmu_aiot/leaf workshop/corn_dataset/Common_Rust/Corn_Common_Rust (1295).jpg,corn,Common_Rust,Common_Rust,Corn_Common_Rust (1295).jpg,538541,1
/Applications/XAMPP/xamppfiles/htdocs/cmu_aiot/leaf workshop/corn_dataset/Healthy/Corn_Health (468).jpg,corn,Healthy,Healthy,Corn_Health (468).jpg,8997,3
/Applications/XAMPP/xamppfiles/htdocs/cmu_aiot/leaf workshop/corn_dataset/Healthy/Corn_Health (265).jpg,corn,Healthy,Healthy,Corn_Health (265).jpg,8751,3
/Applications/XAMPP/xamppfiles/htdocs/cmu_aiot/leaf workshop/corn_dataset/Healthy/Corn_Health (724).jpg,corn,Healthy,Healthy,Corn_Health (724).jpg,15452,3
/Applications/XAMPP/xamppfiles/htdocs/cmu_aiot/leaf workshop/corn_dataset/Gray_Leaf_Spot/Corn_Gray_Spot (221).JPG,corn,Gray_Leaf_Spot,Gray_Leaf_Spot,Corn_Gray_Spot (221).JPG,14835,2
/Applications/XAMPP/xamppfiles/htdocs/cmu_aiot/leaf workshop/corn_dataset/Gray_Leaf_Spot/Corn_Gray_Spot (369).JPG,corn,Gray_Leaf_Spot,Gray_Leaf_Spot,Corn_Gray_Spot (369).JPG,14159,2
/Applications/XAMPP/xamppfiles/htdocs/cmu_aiot/leaf workshop/corn_dataset/Common_Rust/Corn_Common_Rust (560).JPG,corn,Common_Rust,Common_Rust,Corn_Common_Rust (560).JPG,13761,1
/Applications/XAMPP/xamppfiles/htdocs/cmu_aiot/leaf workshop/corn_dataset/Gray_Leaf_Spot/Corn_Gray_Spot (140).JPG,corn,Gray_Leaf_Spot,Gray_Leaf_Spot,Corn_Gray_Spot (140).JPG,15564,2
/Applications/XAMPP/xamppfiles/htdocs/cmu_aiot/leaf workshop/corn_dataset/Blight/Corn_Blight (566).JPG,corn,Blight,Blight,Corn_Blight (566).JPG,12152,0
/Applications/XAMPP/xamppfiles/htdocs/cmu_aiot/leaf workshop/corn_dataset/Blight/Corn_Blight (740).JPG,corn,Blight,Blight,Corn_Blight (740).JPG,12532,0
/Applications/XAMPP/xamppfiles/htdocs/cmu_aiot/leaf workshop/corn_dataset/Common_Rust/Corn_Common_Rust (268).JPG,corn,Common_Rust,Common_Rust,Corn_Common_Rust (268).JPG,14897,1
/Applications/XAMPP/xamppfiles/htdocs/cmu_aiot/leaf workshop/corn_dataset/Blight/Corn_Blight (312).JPG,corn,Blight,Blight,Corn_Blight (312).JPG,13317,0
/Applications/XAMPP/xamppfiles/htdocs/cmu_aiot/leaf workshop/corn_dataset/Common_Rust/Corn_Common_Rust (1298).jpg,corn,Common_Rust,Common_Rust,Corn_Common_Rust (1298).jpg,133106,1
/Applications/XAMPP/xamppfiles/htdocs/cmu_aiot/leaf workshop/corn_dataset/Common_Rust/Corn_Common_Rust (621).JPG,corn,Common_Rust,Common_Rust,Corn_Common_Rust (621).JPG,14763,1
/Applications/XAMPP/xamppfiles/htdocs/cmu_aiot/leaf workshop/corn_dataset/Gray_Leaf_Spot/Corn_Gray_Spot (45).jpg,corn,Gray_Leaf_Spot,Gray_Leaf_Spot,Corn_Gray_Spot (45).jpg,22386,2
/Applications/XAMPP/xamppfiles/htdocs/cmu_aiot/leaf workshop/corn_dataset/Blight/Corn_Blight (214).JPG,corn,Blight,Blight,Corn_Blight (214).JPG,12284,0
/Applications/XAMPP/xamppfiles/htdocs/cmu_aiot/leaf workshop/corn_dataset/Healthy/Corn_Health (639).jpg,corn,Healthy,Healthy,Corn_Health (639).jpg,12180,3
/Applications/XAMPP/xamppfiles/htdocs/cmu_aiot/leaf workshop/corn_dataset/Common_Rust/Corn_Common_Rust (1039).JPG,corn,Common_Rust,Common_Rust,Corn_Common_Rust (1039).JPG,13689,1
/Applications/XAMPP/xamppfiles/htdocs/cmu_aiot/leaf workshop/corn_dataset/Healthy/Corn_Health (63).jpg,corn,Healthy,Healthy,Corn_Health (63).jpg,16055,3
/Applications/XAMPP/xamppfiles/htdocs/cmu_aiot/leaf workshop/corn_dataset/Common_Rust/Corn_Common_Rust (1200).JPG,corn,Common_Rust,Common_Rust,Corn_Common_Rust (1200).JPG,13232,1
/Applications/XAMPP/xamppfiles/htdocs/cmu_aiot/leaf workshop/corn_dataset/Common_Rust/Corn_Common_Rust (402).JPG,corn,Common_Rust,Common_Rust,Corn_Common_Rust (402).JPG,11164,1
/Applications/XAMPP/xamppfiles/htdocs/cmu_aiot/leaf workshop/corn_dataset/Common_Rust/Corn_Common_Rust (163).JPG,corn,Common_Rust,Common_Rust,Corn_Common_Rust (163).JPG,19033,1
/Applications/XAMPP/xamppfiles/htdocs/cmu_aiot/leaf workshop/corn_dataset/Healthy/Corn_Health (93).jpg,corn,Healthy,Healthy,Corn_Health (93).jpg,8812,3
/Applications/XAMPP/xamppfiles/htdocs/cmu_aiot/leaf workshop/corn_dataset/Blight/Corn_Blight (1005).JPG,corn,Blight,Blight,Corn_Blight (1005).JPG,14652,0
/Applications/XAMPP/xamppfiles/htdocs/cmu_aiot/leaf workshop/corn_dataset/Blight/Corn_Blight (505).JPG,corn,Blight,Blight,Corn_Blight (505).JPG,15038,0
/Applications/XAMPP/xamppfiles/htdocs/cmu_aiot/leaf workshop/corn_dataset/Blight/Corn_Blight (982).JPG,corn,Blight,Blight,Corn_Blight (982).JPG,10101,0
/Applications/XAMPP/xamppfiles/htdocs/cmu_aiot/leaf workshop/corn_dataset/Blight/Corn_Blight (871).JPG,corn,Blight,Blight,Corn_Blight (871).JPG,14421,0
/Applications/XAMPP/xamppfiles/htdocs/cmu_aiot/leaf workshop/corn_dataset/Healthy/Corn_Health (741).jpg,corn,Healthy,Healthy,Corn_Health (741).jpg,10659,3
/Applications/XAMPP/xamppfiles/htdocs/cmu_aiot/leaf workshop/corn_dataset/Blight/Corn_Blight (998).JPG,corn,Blight,Blight,Corn_Blight (998).JPG,13034,0
/Applications/XAMPP/xamppfiles/htdocs/cmu_aiot/leaf workshop/corn_dataset/Gray_Leaf_Spot/Corn_Gray_Spot (124).JPG,corn,Gray_Leaf_Spot,Gray_Leaf_Spot,Corn_Gray_Spot (124).JPG,18410,2
/Applications/XAMPP/xamppfiles/htdocs/cmu_aiot/leaf workshop/corn_dataset/Healthy/Corn_Health (869).jpg,corn,Healthy,Healthy,Corn_Health (869).jpg,9585,3
/Applications/XAMPP/xamppfiles/htdocs/cmu_aiot/leaf workshop/corn_dataset/Gray_Leaf_Spot/Corn_Gray_Spot (555).JPG,corn,Gray_Leaf_Spot,Gray_Leaf_Spot,Corn_Gray_Spot (555).JPG,16795,2
/Applications/XAMPP/xamppfiles/htdocs/cmu_aiot/leaf workshop/corn_dataset/Healthy/Corn_Health (1096).jpg,corn,Healthy,Healthy,Corn_Health (1096).jpg,8106,3
/Applications/XAMPP/xamppfiles/htdocs/cmu_aiot/leaf workshop/corn_dataset/Healthy/Corn_Health (1002).jpg,corn,Healthy,Healthy,Corn_Health (1002).jpg,7973,3
/Applications/XAMPP/xamppfiles/htdocs/cmu_aiot/leaf workshop/corn_dataset/Blight/Corn_Blight (700).JPG,corn,Blight,Blight,Corn_Blight (700).JPG,15271,0
/Applications/XAMPP/xamppfiles/htdocs/cmu_aiot/leaf workshop/corn_dataset/Blight/Corn_Blight (616).JPG,corn,Blight,Blight,Corn_Blight (616).JPG,11068,0
/Applications/XAMPP/xamppfiles/htdocs/cmu_aiot/leaf workshop/corn_dataset/Common_Rust/Corn_Common_Rust (184).JPG,corn,Common_Rust,Common_Rust,Corn_Common_Rust (184).JPG,13730,1
/Applications/XAMPP/xamppfiles/htdocs/cmu_aiot/leaf workshop/corn_dataset/Common_Rust/Corn_Common_Rust (309).JPG,corn,Common_Rust,Common_Rust,Corn_Common_Rust (309).JPG,13058,1
/Applications/XAMPP/xamppfiles/htdocs/cmu_aiot/leaf workshop/corn_dataset/Blight/Corn_Blight (249).JPG,corn,Blight,Blight,Corn_Blight (249).JPG,13080,0
/Applications/XAMPP/xamppfiles/htdocs/cmu_aiot/leaf workshop/corn_dataset/Common_Rust/Corn_Common_Rust (1030).JPG,corn,Common_Rust,Common_Rust,Corn_Common_Rust (1030).JPG,16344,1
/Applications/XAMPP/xamppfiles/htdocs/cmu_aiot/leaf workshop/corn_dataset/Healthy/Corn_Health (920).jpg,corn,Healthy,Healthy,Corn_Health (920).jpg,12358,3
/Applications/XAMPP/xamppfiles/htdocs/cmu_aiot/leaf workshop/corn_dataset/Gray_Leaf_Spot/Corn_Gray_Spot (68).jpg,corn,Gray_Leaf_Spot,Gray_Leaf_Spot,Corn_Gray_Spot (68).jpg,15905,2
/Applications/XAMPP/xamppfiles/htdocs/cmu_aiot/leaf workshop/corn_dataset/Healthy/Corn_Health (32).jpg,corn,Healthy,Healthy,Corn_Health (32).jpg,11331,3
/Applications/XAMPP/xamppfiles/htdocs/cmu_aiot/leaf workshop/corn_dataset/Gray_Leaf_Spot/Corn_Gray_Spot (130).JPG,corn,Gray_Leaf_Spot,Gray_Leaf_Spot,Corn_Gray_Spot (130).JPG,16071,2
/Applications/XAMPP/xamppfiles/htdocs/cmu_aiot/leaf workshop/corn_dataset/Blight/Corn_Blight (592).JPG,corn,Blight,Blight,Corn_Blight (592).JPG,14015,0
/Applications/XAMPP/xamppfiles/htdocs/cmu_aiot/leaf workshop/corn_dataset/Blight/Corn_Blight (1144).jpg,corn,Blight,Blight,Corn_Blight (1144).jpg,136924,0
/Applications/XAMPP/xamppfiles/htdocs/cmu_aiot/leaf workshop/corn_dataset/Common_Rust/Corn_Common_Rust (359).JPG,corn,Common_Rust,Common_Rust,Corn_Common_Rust (359).JPG,13385,1
/Applications/XAMPP/xamppfiles/htdocs/cmu_aiot/leaf workshop/corn_dataset/Common_Rust/Corn_Common_Rust (187).JPG,corn,Common_Rust,Common_Rust,Corn_Common_Rust (187).JPG,14088,1
/Applications/XAMPP/xamppfiles/htdocs/cmu_aiot/leaf workshop/corn_dataset/Gray_Leaf_Spot/Corn_Gray_Spot (532).JPG,corn,Gray_Leaf_Spot,Gray_Leaf_Spot,Corn_Gray_Spot (532).JPG,15215,2
/Applications/XAMPP/xamppfiles/htdocs/cmu_aiot/leaf workshop/corn_dataset/Healthy/Corn_Health (714).jpg,corn,Healthy,Healthy,Corn_Health (714).jpg,11974,3
/Applications/XAMPP/xamppfiles/htdocs/cmu_aiot/leaf workshop/corn_dataset/Healthy/Corn_Health (929).jpg,corn,Healthy,Healthy,Corn_Health (929).jpg,5658,3
/Applications/XAMPP/xamppfiles/htdocs/cmu_aiot/leaf workshop/corn_dataset/Common_Rust/Corn_Common_Rust (153).JPG,corn,Common_Rust,Common_Rust,Corn_Common_Rust (153).JPG,16135,1
/Applications/XAMPP/xamppfiles/htdocs/cmu_aiot/leaf workshop/corn_dataset/Common_Rust/Corn_Common_Rust (267).JPG,corn,Common_Rust,Common_Rust,Corn_Common_Rust (267).JPG,13912,1
/Applications/XAMPP/xamppfiles/htdocs/cmu_aiot/leaf workshop/corn_dataset/Healthy/Corn_Health (542).jpg,corn,Healthy,Healthy,Corn_Health (542).jpg,9718,3
/Applications/XAMPP/xamppfiles/htdocs/cmu_aiot/leaf workshop/corn_dataset/Gray_Leaf_Spot/Corn_Gray_Spot (182).JPG,corn,Gray_Leaf_Spot,Gray_Leaf_Spot,Corn_Gray_Spot (182).JPG,16301,2
/Applications/XAMPP/xamppfiles/htdocs/cmu_aiot/leaf workshop/corn_dataset/Healthy/Corn_Health (963).jpg,corn,Healthy,Healthy,Corn_Health (963).jpg,11958,3
/Applications/XAMPP/xamppfiles/htdocs/cmu_aiot/leaf workshop/corn_dataset/Common_Rust/Corn_Common_Rust (304).JPG,corn,Common_Rust,Common_Rust,Corn_Common_Rust (304).JPG,11091,1
/Applications/XAMPP/xamppfiles/htdocs/cmu_aiot/leaf workshop/corn_dataset/Gray_Leaf_Spot/Corn_Gray_Spot (364).JPG,corn,Gray_Leaf_Spot,Gray_Leaf_Spot,Corn_Gray_Spot (364).JPG,13050,2
/Applications/XAMPP/xamppfiles/htdocs/cmu_aiot/leaf workshop/corn_dataset/Common_Rust/Corn_Common_Rust (658).JPG,corn,Common_Rust,Common_Rust,Corn_Common_Rust (658).JPG,10885,1
/Applications/XAMPP/xamppfiles/htdocs/cmu_aiot/leaf workshop/corn_dataset/Gray_Leaf_Spot/Corn_Gray_Spot (492).JPG,corn,Gray_Leaf_Spot,Gray_Leaf_Spot,Corn_Gray_Spot (492).JPG,18966,2
/Applications/XAMPP/xamppfiles/htdocs/cmu_aiot/leaf workshop/corn_dataset/Blight/Corn_Blight (889).JPG,corn,Blight,Blight,Corn_Blight (889).JPG,14984,0
/Applications/XAMPP/xamppfiles/htdocs/cmu_aiot/leaf workshop/corn_dataset/Blight/Corn_Blight (745).JPG,corn,Blight,Blight,Corn_Blight (745).JPG,13036,0
/Applications/XAMPP/xamppfiles/htdocs/cmu_aiot/leaf workshop/corn_dataset/Healthy/Corn_Health (4).jpg,corn,Healthy,Healthy,Corn_Health (4).jpg,7727,3
/Applications/XAMPP/xamppfiles/htdocs/cmu_aiot/leaf workshop/corn_dataset/Gray_Leaf_Spot/Corn_Gray_Spot (185).JPG,corn,Gray_Leaf_Spot,Gray_Leaf_Spot,Corn_Gray_Spot (185).JPG,13248,2
/Applications/XAMPP/xamppfiles/htdocs/cmu_aiot/leaf workshop/corn_dataset/Common_Rust/Corn_Common_Rust (233).JPG,corn,Common_Rust,Common_Rust,Corn_Common_Rust (233).JPG,10686,1
/Applications/XAMPP/xamppfiles/htdocs/cmu_aiot/leaf workshop/corn_dataset/Blight/Corn_Blight (768).JPG,corn,Blight,Blight,Corn_Blight (768).JPG,10174,0
/Applications/XAMPP/xamppfiles/htdocs/cmu_aiot/leaf workshop/corn_dataset/Healthy/Corn_Health (109).jpg,corn,Healthy,Healthy,Corn_Health (109).jpg,14950,3
/Applications/XAMPP/xamppfiles/htdocs/cmu_aiot/leaf workshop/corn_dataset/Common_Rust/Corn_Common_Rust (1019).JPG,corn,Common_Rust,Common_Rust,Corn_Common_Rust (1019).JPG,13856,1
/Applications/XAMPP/xamppfiles/htdocs/cmu_aiot/leaf workshop/corn_dataset/Healthy/Corn_Health (876).jpg,corn,Healthy,Healthy,Corn_Health (876).jpg,5803,3
/Applications/XAMPP/xamppfiles/htdocs/cmu_aiot/leaf workshop/corn_dataset/Blight/Corn_Blight (145).JPG,corn,Blight,Blight,Corn_Blight (145).JPG,12695,0
/Applications/XAMPP/xamppfiles/htdocs/cmu_aiot/leaf workshop/corn_dataset/Common_Rust/Corn_Common_Rust (406).JPG,corn,Common_Rust,Common_Rust,Corn_Common_Rust (406).JPG,13903,1
/Applications/XAMPP/xamppfiles/htdocs/cmu_aiot/leaf workshop/corn_dataset/Gray_Leaf_Spot/Corn_Gray_Spot (569).jpg,corn,Gray_Leaf_Spot,Gray_Leaf_Spot,Corn_Gray_Spot (569).jpg,95502,2
/Applications/XAMPP/xamppfiles/htdocs/cmu_aiot/leaf workshop/corn_dataset/Blight/Corn_Blight (994).JPG,corn,Blight,Blight,Corn_Blight (994).JPG,14288,0
/Applications/XAMPP/xamppfiles/htdocs/cmu_aiot/leaf workshop/corn_dataset/Healthy/Corn_Health (634).jpg,corn,Healthy,Healthy,Corn_Health (634).jpg,6750,3
/Applications/XAMPP/xamppfiles/htdocs/cmu_aiot/leaf workshop/corn_dataset/Gray_Leaf_Spot/Corn_Gray_Spot (311).jpg,corn,Gray_Leaf_Spot,Gray_Leaf_Spot,Corn_Gray_Spot (311).jpg,10880,2
/Applications/XAMPP/xamppfiles/htdocs/cmu_aiot/leaf workshop/corn_dataset/Healthy/Corn_Health (814).jpg,corn,Healthy,Healthy,Corn_Health (814).jpg,13780,3
/Applications/XAMPP/xamppfiles/htdocs/cmu_aiot/leaf workshop/corn_dataset/Blight/Corn_Blight (378).JPG,corn,Blight,Blight,Corn_Blight (378).JPG,14995,0
/Applications/XAMPP/xamppfiles/htdocs/cmu_aiot/leaf workshop/corn_dataset/Common_Rust/Corn_Common_Rust (1093).JPG,corn,Common_Rust,Common_Rust,Corn_Common_Rust (1093).JPG,16608,1
/Applications/XAMPP/xamppfiles/htdocs/cmu_aiot/leaf workshop/corn_dataset/Healthy/Corn_Health (310).JPG,corn,Healthy,Healthy,Corn_Health (310).JPG,14263,3
/Applications/XAMPP/xamppfiles/htdocs/cmu_aiot/leaf workshop/corn_dataset/Healthy/Corn_Health (554).jpg,corn,Healthy,Healthy,Corn_Health (554).jpg,18714,3
/Applications/XAMPP/xamppfiles/htdocs/cmu_aiot/leaf workshop/corn_dataset/Healthy/Corn_Health (763).jpg,corn,Healthy,Healthy,Corn_Health (763).jpg,7511,3
/Applications/XAMPP/xamppfiles/htdocs/cmu_aiot/leaf workshop/corn_dataset/Blight/Corn_Blight (151).JPG,corn,Blight,Blight,Corn_Blight (151).JPG,11636,0
/Applications/XAMPP/xamppfiles/htdocs/cmu_aiot/leaf workshop/corn_dataset/Common_Rust/Corn_Common_Rust (458).JPG,corn,Common_Rust,Common_Rust,Corn_Common_Rust (458).JPG,6399,1
/Applications/XAMPP/xamppfiles/htdocs/cmu_aiot/leaf workshop/corn_dataset/Common_Rust/Corn_Common_Rust (306).JPG,corn,Common_Rust,Common_Rust,Corn_Common_Rust (306).JPG,15922,1
/Applications/XAMPP/xamppfiles/htdocs/cmu_aiot/leaf workshop/corn_dataset/Blight/Corn_Blight (1107).jpg,corn,Blight,Blight,Corn_Blight (1107).jpg,408822,0
/Applications/XAMPP/xamppfiles/htdocs/cmu_aiot/leaf workshop/corn_dataset/Healthy/Corn_Health (931).jpg,corn,Healthy,Healthy,Corn_Health (931).jpg,13443,3
/Applications/XAMPP/xamppfiles/htdocs/cmu_aiot/leaf workshop/corn_dataset/Common_Rust/Corn_Common_Rust (1254).JPG,corn,Common_Rust,Common_Rust,Corn_Common_Rust (1254).JPG,18197,1
/Applications/XAMPP/xamppfiles/htdocs/cmu_aiot/leaf workshop/corn_dataset/Common_Rust/Corn_Common_Rust (41).jpg,corn,Common_Rust,Common_Rust,Corn_Common_Rust (41).jpg,33529,1
/Applications/XAMPP/xamppfiles/htdocs/cmu_aiot/leaf workshop/corn_dataset/Healthy/Corn_Health (1141).jpg,corn,Healthy,Healthy,Corn_Health (1141).jpg,17865,3
/Applications/XAMPP/xamppfiles/htdocs/cmu_aiot/leaf workshop/corn_dataset/Healthy/Corn_Health (283).JPG,corn,Healthy,Healthy,Corn_Health (283).JPG,21581,3
/Applications/XAMPP/xamppfiles/htdocs/cmu_aiot/leaf workshop/corn_dataset/Common_Rust/Corn_Common_Rust (708).JPG,corn,Common_Rust,Common_Rust,Corn_Common_Rust (708).JPG,16191,1
/Applications/XAMPP/xamppfiles/htdocs/cmu_aiot/leaf workshop/corn_dataset/Blight/Corn_Blight (40).jpg,corn,Blight,Blight,Corn_Blight (40).jpg,112998,0
/Applications/XAMPP/xamppfiles/htdocs/cmu_aiot/leaf workshop/corn_dataset/Gray_Leaf_Spot/Corn_Gray_Spot (512).JPG,corn,Gray_Leaf_Spot,Gray_Leaf_Spot,Corn_Gray_Spot (512).JPG,18875,2
/Applications/XAMPP/xamppfiles/htdocs/cmu_aiot/leaf workshop/corn_dataset/Common_Rust/Corn_Common_Rust (58).jpg,corn,Common_Rust,Common_Rust,Corn_Common_Rust (58).jpg,31827,1
/Applications/XAMPP/xamppfiles/htdocs/cmu_aiot/leaf workshop/corn_dataset/Common_Rust/Corn_Common_Rust (705).JPG,corn,Common_Rust,Common_Rust,Corn_Common_Rust (705).JPG,14300,1
/Applications/XAMPP/xamppfiles/htdocs/cmu_aiot/leaf workshop/corn_dataset/Healthy/Corn_Health (270).jpg,corn,Healthy,Healthy,Corn_Health (270).jpg,9794,3
/Applications/XAMPP/xamppfiles/htdocs/cmu_aiot/leaf workshop/corn_dataset/Blight/Corn_Blight (757).JPG,corn,Blight,Blight,Corn_Blight (757).JPG,16114,0
/Applications/XAMPP/xamppfiles/htdocs/cmu_aiot/leaf workshop/corn_dataset/Blight/Corn_Blight (454).JPG,corn,Blight,Blight,Corn_Blight (454).JPG,13645,0
/Applications/XAMPP/xamppfiles/htdocs/cmu_aiot/leaf workshop/corn_dataset/Blight/Corn_Blight (552).JPG,corn,Blight,Blight,Corn_Blight (552).JPG,15137,0
/Applications/XAMPP/xamppfiles/htdocs/cmu_aiot/leaf workshop/corn_dataset/Blight/Corn_Blight (534).JPG,corn,Blight,Blight,Corn_Blight (534).JPG,16260,0
/Applications/XAMPP/xamppfiles/htdocs/cmu_aiot/leaf workshop/corn_dataset/Gray_Leaf_Spot/Corn_Gray_Spot (410).JPG,corn,Gray_Leaf_Spot,Gray_Leaf_Spot,Corn_Gray_Spot (410).JPG,22108,2
/Applications/XAMPP/xamppfiles/htdocs/cmu_aiot/leaf workshop/corn_dataset/Common_Rust/Corn_Common_Rust (384).JPG,corn,Common_Rust,Common_Rust,Corn_Common_Rust (384).JPG,15178,1
/Applications/XAMPP/xamppfiles/htdocs/cmu_aiot/leaf workshop/corn_dataset/Common_Rust/Corn_Common_Rust (355).JPG,corn,Common_Rust,Common_Rust,Corn_Common_Rust (355).JPG,11517,1
/Applications/XAMPP/xamppfiles/htdocs/cmu_aiot/leaf workshop/corn_dataset/Blight/Corn_Blight (613).JPG,corn,Blight,Blight,Corn_Blight (613).JPG,11813,0
/Applications/XAMPP/xamppfiles/htdocs/cmu_aiot/leaf workshop/corn_dataset/Common_Rust/Corn_Common_Rust (520).JPG,corn,Common_Rust,Common_Rust,Corn_Common_Rust (520).JPG,12818,1
/Applications/XAMPP/xamppfiles/htdocs/cmu_aiot/leaf workshop/corn_dataset/Common_Rust/Corn_Common_Rust (491).JPG,corn,Common_Rust,Common_Rust,Corn_Common_Rust (491).JPG,17842,1
/Applications/XAMPP/xamppfiles/htdocs/cmu_aiot/leaf workshop/corn_dataset/Blight/Corn_Blight (591).jpg,corn,Blight,Blight,Corn_Blight (591).jpg,13515,0
/Applications/XAMPP/xamppfiles/htdocs/cmu_aiot/leaf workshop/corn_dataset/Common_Rust/Corn_Common_Rust (493).JPG,corn,Common_Rust,Common_Rust,Corn_Common_Rust (493).JPG,14112,1
/Applications/XAMPP/xamppfiles/htdocs/cmu_aiot/leaf workshop/corn_dataset/Healthy/Corn_Health (1058).jpg,corn,Healthy,Healthy,Corn_Health (1058).jpg,11194,3
/Applications/XAMPP/xamppfiles/htdocs/cmu_aiot/leaf workshop/corn_dataset/Common_Rust/Corn_Common_Rust (220).JPG,corn,Common_Rust,Common_Rust,Corn_Common_Rust (220).JPG,11500,1
/Applications/XAMPP/xamppfiles/htdocs/cmu_aiot/leaf workshop/corn_dataset/Gray_Leaf_Spot/Corn_Gray_Spot (368).jpg,corn,Gray_Leaf_Spot,Gray_Leaf_Spot,Corn_Gray_Spot (368).jpg,12540,2
/Applications/XAMPP/xamppfiles/htdocs/cmu_aiot/leaf workshop/corn_dataset/Gray_Leaf_Spot/Corn_Gray_Spot (252).JPG,corn,Gray_Leaf_Spot,Gray_Leaf_Spot,Corn_Gray_Spot (252).JPG,12777,2
/Applications/XAMPP/xamppfiles/htdocs/cmu_aiot/leaf workshop/corn_dataset/Healthy/Corn_Health (21).jpg,corn,Healthy,Healthy,Corn_Health (21).jpg,6186,3
/Applications/XAMPP/xamppfiles/htdocs/cmu_aiot/leaf workshop/corn_dataset/Gray_Leaf_Spot/Corn_Gray_Spot (378).JPG,corn,Gray_Leaf_Spot,Gray_Leaf_Spot,Corn_Gray_Spot (378).JPG,18694,2
/Applications/XAMPP/xamppfiles/htdocs/cmu_aiot/leaf workshop/corn_dataset/Healthy/Corn_Health (186).jpg,corn,Healthy,Healthy,Corn_Health (186).jpg,16589,3
/Applications/XAMPP/xamppfiles/htdocs/cmu_aiot/leaf workshop/corn_dataset/Healthy/Corn_Health (845).JPG,corn,Healthy,Healthy,Corn_Health (845).JPG,7510,3
/Applications/XAMPP/xamppfiles/htdocs/cmu_aiot/leaf workshop/corn_dataset/Common_Rust/Corn_Common_Rust (131).JPG,corn,Common_Rust,Common_Rust,Corn_Common_Rust (131).JPG,16601,1
/Applications/XAMPP/xamppfiles/htdocs/cmu_aiot/leaf workshop/corn_dataset/Blight/Corn_Blight (905).JPG,corn,Blight,Blight,Corn_Blight (905).JPG,14511,0
/Applications/XAMPP/xamppfiles/htdocs/cmu_aiot/leaf workshop/corn_dataset/Gray_Leaf_Spot/Corn_Gray_Spot (322).JPG,corn,Gray_Leaf_Spot,Gray_Leaf_Spot,Corn_Gray_Spot (322).JPG,17083,2
/Applications/XAMPP/xamppfiles/htdocs/cmu_aiot/leaf workshop/corn_dataset/Common_Rust/Corn_Common_Rust (681).JPG,corn,Common_Rust,Common_Rust,Corn_Common_Rust (681).JPG,15141,1
/Applications/XAMPP/xamppfiles/htdocs/cmu_aiot/leaf workshop/corn_dataset/Blight/Corn_Blight (122).JPG,corn,Blight,Blight,Corn_Blight (122).JPG,14201,0
/Applications/XAMPP/xamppfiles/htdocs/cmu_aiot/leaf workshop/corn_dataset/Common_Rust/Corn_Common_Rust (650).JPG,corn,Common_Rust,Common_Rust,Corn_Common_Rust (650).JPG,15634,1
/Applications/XAMPP/xamppfiles/htdocs/cmu_aiot/leaf workshop/corn_dataset/Blight/Corn_Blight (517).JPG,corn,Blight,Blight,Corn_Blight (517).JPG,18686,0
/Applications/XAMPP/xamppfiles/htdocs/cmu_aiot/leaf workshop/corn_dataset/Common_Rust/Corn_Common_Rust (459).JPG,corn,Common_Rust,Common_Rust,Corn_Common_Rust (459).JPG,10140,1
/Applications/XAMPP/xamppfiles/htdocs/cmu_aiot/leaf workshop/corn_dataset/Common_Rust/Corn_Common_Rust (242).JPG,corn,Common_Rust,Common_Rust,Corn_Common_Rust (242).JPG,14315,1
/Applications/XAMPP/xamppfiles/htdocs/cmu_aiot/leaf workshop/corn_dataset/Blight/Corn_Blight (402).JPG,corn,Blight,Blight,Corn_Blight (402).JPG,15847,0
/Applications/XAMPP/xamppfiles/htdocs/cmu_aiot/leaf workshop/corn_dataset/Healthy/Corn_Health (688).jpg,corn,Healthy,Healthy,Corn_Health (688).jpg,13563,3
/Applications/XAMPP/xamppfiles/htdocs/cmu_aiot/leaf workshop/corn_dataset/Common_Rust/Corn_Common_Rust (1082).JPG,corn,Common_Rust,Common_Rust,Corn_Common_Rust (1082).JPG,11163,1
/Applications/XAMPP/xamppfiles/htdocs/cmu_aiot/leaf workshop/corn_dataset/Healthy/Corn_Health (705).JPG,corn,Healthy,Healthy,Corn_Health (705).JPG,13249,3
/Applications/XAMPP/xamppfiles/htdocs/cmu_aiot/leaf workshop/corn_dataset/Common_Rust/Corn_Common_Rust (281).JPG,corn,Common_Rust,Common_Rust,Corn_Common_Rust (281).JPG,12822,1
/Applications/XAMPP/xamppfiles/htdocs/cmu_aiot/leaf workshop/corn_dataset/Common_Rust/Corn_Common_Rust (137).JPG,corn,Common_Rust,Common_Rust,Corn_Common_Rust (137).JPG,14711,1
/Applications/XAMPP/xamppfiles/htdocs/cmu_aiot/leaf workshop/corn_dataset/Healthy/Corn_Health (510).jpg,corn,Healthy,Healthy,Corn_Health (510).jpg,8647,3
/Applications/XAMPP/xamppfiles/htdocs/cmu_aiot/leaf workshop/corn_dataset/Blight/Corn_Blight (86).jpg,corn,Blight,Blight,Corn_Blight (86).jpg,115666,0
/Applications/XAMPP/xamppfiles/htdocs/cmu_aiot/leaf workshop/corn_dataset/Common_Rust/Corn_Common_Rust (45).jpg,corn,Common_Rust,Common_Rust,Corn_Common_Rust (45).jpg,715371,1
/Applications/XAMPP/xamppfiles/htdocs/cmu_aiot/leaf workshop/corn_dataset/Healthy/Corn_Health (545).jpg,corn,Healthy,Healthy,Corn_Health (545).jpg,7943,3
/Applications/XAMPP/xamppfiles/htdocs/cmu_aiot/leaf workshop/corn_dataset/Healthy/Corn_Health (151).jpg,corn,Healthy,Healthy,Corn_Health (151).jpg,7390,3
/Applications/XAMPP/xamppfiles/htdocs/cmu_aiot/leaf workshop/corn_dataset/Healthy/Corn_Health (193).jpg,corn,Healthy,Healthy,Corn_Health (193).jpg,8236,3
/Applications/XAMPP/xamppfiles/htdocs/cmu_aiot/leaf workshop/corn_dataset/Healthy/Corn_Health (800).jpg,corn,Healthy,Healthy,Corn_Health (800).jpg,7991,3
/Applications/XAMPP/xamppfiles/htdocs/cmu_aiot/leaf workshop/corn_dataset/Blight/Corn_Blight (70).jpg,corn,Blight,Blight,Corn_Blight (70).jpg,631528,0
/Applications/XAMPP/xamppfiles/htdocs/cmu_aiot/leaf workshop/corn_dataset/Healthy/Corn_Health (1024).jpg,corn,Healthy,Healthy,Corn_Health (1024).jpg,6470,3
/Applications/XAMPP/xamppfiles/htdocs/cmu_aiot/leaf workshop/corn_dataset/Common_Rust/Corn_Common_Rust (514).JPG,corn,Common_Rust,Common_Rust,Corn_Common_Rust (514).JPG,14295,1
/Applications/XAMPP/xamppfiles/htdocs/cmu_aiot/leaf workshop/corn_dataset/Blight/Corn_Blight (588).JPG,corn,Blight,Blight,Corn_Blight (588).JPG,13937,0
/Applications/XAMPP/xamppfiles/htdocs/cmu_aiot/leaf workshop/corn_dataset/Blight/Corn_Blight (945).JPG,corn,Blight,Blight,Corn_Blight (945).JPG,13295,0
/Applications/XAMPP/xamppfiles/htdocs/cmu_aiot/leaf workshop/corn_dataset/Healthy/Corn_Health (766).jpg,corn,Healthy,Healthy,Corn_Health (766).jpg,12527,3
/Applications/XAMPP/xamppfiles/htdocs/cmu_aiot/leaf workshop/corn_dataset/Healthy/Corn_Health (617).JPG,corn,Healthy,Healthy,Corn_Health (617).JPG,14378,3
/Applications/XAMPP/xamppfiles/htdocs/cmu_aiot/leaf workshop/corn_dataset/Common_Rust/Corn_Common_Rust (122).JPG,corn,Common_Rust,Common_Rust,Corn_Common_Rust (122).JPG,17037,1
/Applications/XAMPP/xamppfiles/htdocs/cmu_aiot/leaf workshop/corn_dataset/Healthy/Corn_Health (1103).jpg,corn,Healthy,Healthy,Corn_Health (1103).jpg,10268,3
/Applications/XAMPP/xamppfiles/htdocs/cmu_aiot/leaf workshop/corn_dataset/Gray_Leaf_Spot/Corn_Gray_Spot (85).JPG,corn,Gray_Leaf_Spot,Gray_Leaf_Spot,Corn_Gray_Spot (85).JPG,20394,2
/Applications/XAMPP/xamppfiles/htdocs/cmu_aiot/leaf workshop/corn_dataset/Blight/Corn_Blight (936).JPG,corn,Blight,Blight,Corn_Blight (936).JPG,10089,0
/Applications/XAMPP/xamppfiles/htdocs/cmu_aiot/leaf workshop/corn_dataset/Healthy/Corn_Health (670).jpg,corn,Healthy,Healthy,Corn_Health (670).jpg,12148,3
/Applications/XAMPP/xamppfiles/htdocs/cmu_aiot/leaf workshop/corn_dataset/Gray_Leaf_Spot/Corn_Gray_Spot (255).jpg,corn,Gray_Leaf_Spot,Gray_Leaf_Spot,Corn_Gray_Spot (255).jpg,10645,2
/Applications/XAMPP/xamppfiles/htdocs/cmu_aiot/leaf workshop/corn_dataset/Healthy/Corn_Health (513).jpg,corn,Healthy,Healthy,Corn_Health (513).jpg,12525,3
/Applications/XAMPP/xamppfiles/htdocs/cmu_aiot/leaf workshop/corn_dataset/Common_Rust/Corn_Common_Rust (1168).JPG,corn,Common_Rust,Common_Rust,Corn_Common_Rust (1168).JPG,11870,1
/Applications/XAMPP/xamppfiles/htdocs/cmu_aiot/leaf workshop/corn_dataset/Common_Rust/Corn_Common_Rust (582).JPG,corn,Common_Rust,Common_Rust,Corn_Common_Rust (582).JPG,14282,1
/Applications/XAMPP/xamppfiles/htdocs/cmu_aiot/leaf workshop/corn_dataset/Common_Rust/Corn_Common_Rust (679).JPG,corn,Common_Rust,Common_Rust,Corn_Common_Rust (679).JPG,13345,1
/Applications/XAMPP/xamppfiles/htdocs/cmu_aiot/leaf workshop/corn_dataset/Common_Rust/Corn_Common_Rust (1042).JPG,corn,Common_Rust,Common_Rust,Corn_Common_Rust (1042).JPG,9260,1
/Applications/XAMPP/xamppfiles/htdocs/cmu_aiot/leaf workshop/corn_dataset/Healthy/Corn_Health (687).jpg,corn,Healthy,Healthy,Corn_Health (687).jpg,15925,3
/Applications/XAMPP/xamppfiles/htdocs/cmu_aiot/leaf workshop/corn_dataset/Common_Rust/Corn_Common_Rust (398).JPG,corn,Common_Rust,Common_Rust,Corn_Common_Rust (398).JPG,10566,1
/Applications/XAMPP/xamppfiles/htdocs/cmu_aiot/leaf workshop/corn_dataset/Blight/Corn_Blight (855).JPG,corn,Blight,Blight,Corn_Blight (855).JPG,14926,0
/Applications/XAMPP/xamppfiles/htdocs/cmu_aiot/leaf workshop/corn_dataset/Healthy/Corn_Health (692).jpg,corn,Healthy,Healthy,Corn_Health (692).jpg,6689,3
/Applications/XAMPP/xamppfiles/htdocs/cmu_aiot/leaf workshop/corn_dataset/Common_Rust/Corn_Common_Rust (675).JPG,corn,Common_Rust,Common_Rust,Corn_Common_Rust (675).JPG,14502,1
/Applications/XAMPP/xamppfiles/htdocs/cmu_aiot/leaf workshop/corn_dataset/Common_Rust/Corn_Common_Rust (480).JPG,corn,Common_Rust,Common_Rust,Corn_Common_Rust (480).JPG,11436,1
/Applications/XAMPP/xamppfiles/htdocs/cmu_aiot/leaf workshop/corn_dataset/Healthy/Corn_Health (1072).jpg,corn,Healthy,Healthy,Corn_Health (1072).jpg,12334,3
/Applications/XAMPP/xamppfiles/htdocs/cmu_aiot/leaf workshop/corn_dataset/Blight/Corn_Blight (1128).jpg,corn,Blight,Blight,Corn_Blight (1128).jpg,180424,0
/Applications/XAMPP/xamppfiles/htdocs/cmu_aiot/leaf workshop/corn_dataset/Common_Rust/Corn_Common_Rust (15).jpg,corn,Common_Rust,Common_Rust,Corn_Common_Rust (15).jpg,300365,1
/Applications/XAMPP/xamppfiles/htdocs/cmu_aiot/leaf workshop/corn_dataset/Common_Rust/Corn_Common_Rust (594).JPG,corn,Common_Rust,Common_Rust,Corn_Common_Rust (594).JPG,13373,1
/Applications/XAMPP/xamppfiles/htdocs/cmu_aiot/leaf workshop/corn_dataset/Gray_Leaf_Spot/Corn_Gray_Spot (454).JPG,corn,Gray_Leaf_Spot,Gray_Leaf_Spot,Corn_Gray_Spot (454).JPG,14186,2
/Applications/XAMPP/xamppfiles/htdocs/cmu_aiot/leaf workshop/corn_dataset/Common_Rust/Corn_Common_Rust (387).JPG,corn,Common_Rust,Common_Rust,Corn_Common_Rust (387).JPG,11636,1
/Applications/XAMPP/xamppfiles/htdocs/cmu_aiot/leaf workshop/corn_dataset/Healthy/Corn_Health (309).jpg,corn,Healthy,Healthy,Corn_Health (309).jpg,8550,3
/Applications/XAMPP/xamppfiles/htdocs/cmu_aiot/leaf workshop/corn_dataset/Common_Rust/Corn_Common_Rust (1185).JPG,corn,Common_Rust,Common_Rust,Corn_Common_Rust (1185).JPG,12126,1
/Applications/XAMPP/xamppfiles/htdocs/cmu_aiot/leaf workshop/corn_dataset/Blight/Corn_Blight (240).JPG,corn,Blight,Blight,Corn_Blight (240).JPG,16404,0
/Applications/XAMPP/xamppfiles/htdocs/cmu_aiot/leaf workshop/corn_dataset/Healthy/Corn_Health (229).jpg,corn,Healthy,Healthy,Corn_Health (229).jpg,7638,3
/Applications/XAMPP/xamppfiles/htdocs/cmu_aiot/leaf workshop/corn_dataset/Gray_Leaf_Spot/Corn_Gray_Spot (480).jpg,corn,Gray_Leaf_Spot,Gray_Leaf_Spot,Corn_Gray_Spot (480).jpg,13616,2
/Applications/XAMPP/xamppfiles/htdocs/cmu_aiot/leaf workshop/corn_dataset/Blight/Corn_Blight (598).JPG,corn,Blight,Blight,Corn_Blight (598).JPG,10577,0
/Applications/XAMPP/xamppfiles/htdocs/cmu_aiot/leaf workshop/corn_dataset/Gray_Leaf_Spot/Corn_Gray_Spot (537).JPG,corn,Gray_Leaf_Spot,Gray_Leaf_Spot,Corn_Gray_Spot (537).JPG,20917,2
/Applications/XAMPP/xamppfiles/htdocs/cmu_aiot/leaf workshop/corn_dataset/Common_Rust/Corn_Common_Rust (664).JPG,corn,Common_Rust,Common_Rust,Corn_Common_Rust (664).JPG,15392,1
/Applications/XAMPP/xamppfiles/htdocs/cmu_aiot/leaf workshop/corn_dataset/Common_Rust/Corn_Common_Rust (1054).JPG,corn,Common_Rust,Common_Rust,Corn_Common_Rust (1054).JPG,13174,1
/Applications/XAMPP/xamppfiles/htdocs/cmu_aiot/leaf workshop/corn_dataset/Blight/Corn_Blight (1028).JPG,corn,Blight,Blight,Corn_Blight (1028).JPG,16417,0
/Applications/XAMPP/xamppfiles/htdocs/cmu_aiot/leaf workshop/corn_dataset/Gray_Leaf_Spot/Corn_Gray_Spot (300).JPG,corn,Gray_Leaf_Spot,Gray_Leaf_Spot,Corn_Gray_Spot (300).JPG,12844,2
/Applications/XAMPP/xamppfiles/htdocs/cmu_aiot/leaf workshop/corn_dataset/Blight/Corn_Blight (34).jpg,corn,Blight,Blight,Corn_Blight (34).jpg,262582,0
/Applications/XAMPP/xamppfiles/htdocs/cmu_aiot/leaf workshop/corn_dataset/Gray_Leaf_Spot/Corn_Gray_Spot (373).JPG,corn,Gray_Leaf_Spot,Gray_Leaf_Spot,Corn_Gray_Spot (373).JPG,13755,2
/Applications/XAMPP/xamppfiles/htdocs/cmu_aiot/leaf workshop/corn_dataset/Common_Rust/Corn_Common_Rust (1150).JPG,corn,Common_Rust,Common_Rust,Corn_Common_Rust (1150).JPG,12986,1
/Applications/XAMPP/xamppfiles/htdocs/cmu_aiot/leaf workshop/corn_dataset/Healthy/Corn_Health (813).jpg,corn,Healthy,Healthy,Corn_Health (813).jpg,10652,3
/Applications/XAMPP/xamppfiles/htdocs/cmu_aiot/leaf workshop/corn_dataset/Gray_Leaf_Spot/Corn_Gray_Spot (244).JPG,corn,Gray_Leaf_Spot,Gray_Leaf_Spot,Corn_Gray_Spot (244).JPG,15121,2
/Applications/XAMPP/xamppfiles/htdocs/cmu_aiot/leaf workshop/corn_dataset/Healthy/Corn_Health (1159).jpg,corn,Healthy,Healthy,Corn_Health (1159).jpg,8558,3
/Applications/XAMPP/xamppfiles/htdocs/cmu_aiot/leaf workshop/corn_dataset/Blight/Corn_Blight (1015).jpg,corn,Blight,Blight,Corn_Blight (1015).jpg,12612,0
/Applications/XAMPP/xamppfiles/htdocs/cmu_aiot/leaf workshop/corn_dataset/Common_Rust/Corn_Common_Rust (1262).JPG,corn,Common_Rust,Common_Rust,Corn_Common_Rust (1262).JPG,16789,1
/Applications/XAMPP/xamppfiles/htdocs/cmu_aiot/leaf workshop/corn_dataset/Gray_Leaf_Spot/Corn_Gray_Spot (447).JPG,corn,Gray_Leaf_Spot,Gray_Leaf_Spot,Corn_Gray_Spot (447).JPG,17478,2
/Applications/XAMPP/xamppfiles/htdocs/cmu_aiot/leaf workshop/corn_dataset/Healthy/Corn_Health (95).jpg,corn,Healthy,Healthy,Corn_Health (95).jpg,9445,3
/Applications/XAMPP/xamppfiles/htdocs/cmu_aiot/leaf workshop/corn_dataset/Gray_Leaf_Spot/Corn_Gray_Spot (452).JPG,corn,Gray_Leaf_Spot,Gray_Leaf_Spot,Corn_Gray_Spot (452).JPG,12836,2
/Applications/XAMPP/xamppfiles/htdocs/cmu_aiot/leaf workshop/corn_dataset/Blight/Corn_Blight (888).JPG,corn,Blight,Blight,Corn_Blight (888).JPG,12552,0
/Applications/XAMPP/xamppfiles/htdocs/cmu_aiot/leaf workshop/corn_dataset/Gray_Leaf_Spot/Corn_Gray_Spot (305).JPG,corn,Gray_Leaf_Spot,Gray_Leaf_Spot,Corn_Gray_Spot (305).JPG,12093,2
/Applications/XAMPP/xamppfiles/htdocs/cmu_aiot/leaf workshop/corn_dataset/Gray_Leaf_Spot/Corn_Gray_Spot (99).JPG,corn,Gray_Leaf_Spot,Gray_Leaf_Spot,Corn_Gray_Spot (99).JPG,18450,2
/Applications/XAMPP/xamppfiles/htdocs/cmu_aiot/leaf workshop/corn_dataset/Common_Rust/Corn_Common_Rust (1228).JPG,corn,Common_Rust,Common_Rust,Corn_Common_Rust (1228).JPG,10483,1
/Applications/XAMPP/xamppfiles/htdocs/cmu_aiot/leaf workshop/corn_dataset/Common_Rust/Corn_Common_Rust (578).JPG,corn,Common_Rust,Common_Rust,Corn_Common_Rust (578).JPG,10284,1
/Applications/XAMPP/xamppfiles/htdocs/cmu_aiot/leaf workshop/corn_dataset/Healthy/Corn_Health (910).jpg,corn,Healthy,Healthy,Corn_Health (910).jpg,18165,3
/Applications/XAMPP/xamppfiles/htdocs/cmu_aiot/leaf workshop/corn_dataset/Gray_Leaf_Spot/Corn_Gray_Spot (18).jpg,corn,Gray_Leaf_Spot,Gray_Leaf_Spot,Corn_Gray_Spot (18).jpg,58838,2
/Applications/XAMPP/xamppfiles/htdocs/cmu_aiot/leaf workshop/corn_dataset/Blight/Corn_Blight (47).jpg,corn,Blight,Blight,Corn_Blight (47).jpg,88248,0
/Applications/XAMPP/xamppfiles/htdocs/cmu_aiot/leaf workshop/corn_dataset/Blight/Corn_Blight (565).JPG,corn,Blight,Blight,Corn_Blight (565).JPG,15072,0
/Applications/XAMPP/xamppfiles/htdocs/cmu_aiot/leaf workshop/corn_dataset/Healthy/Corn_Health (596).jpg,corn,Healthy,Healthy,Corn_Health (596).jpg,10296,3
/Applications/XAMPP/xamppfiles/htdocs/cmu_aiot/leaf workshop/corn_dataset/Gray_Leaf_Spot/Corn_Gray_Spot (220).JPG,corn,Gray_Leaf_Spot,Gray_Leaf_Spot,Corn_Gray_Spot (220).JPG,17604,2
/Applications/XAMPP/xamppfiles/htdocs/cmu_aiot/leaf workshop/corn_dataset/Healthy/Corn_Health (722).jpg,corn,Healthy,Healthy,Corn_Health (722).jpg,11179,3
/Applications/XAMPP/xamppfiles/htdocs/cmu_aiot/leaf workshop/corn_dataset/Healthy/Corn_Health (69).jpg,corn,Healthy,Healthy,Corn_Health (69).jpg,13275,3
/Applications/XAMPP/xamppfiles/htdocs/cmu_aiot/leaf workshop/corn_dataset/Common_Rust/Corn_Common_Rust (366).JPG,corn,Common_Rust,Common_Rust,Corn_Common_Rust (366).JPG,13015,1
/Applications/XAMPP/xamppfiles/htdocs/cmu_aiot/leaf workshop/corn_dataset/Blight/Corn_Blight (501).JPG,corn,Blight,Blight,Corn_Blight (501).JPG,15009,0
/Applications/XAMPP/xamppfiles/htdocs/cmu_aiot/leaf workshop/corn_dataset/Healthy/Corn_Health (966).jpg,corn,Healthy,Healthy,Corn_Health (966).jpg,16585,3
/Applications/XAMPP/xamppfiles/htdocs/cmu_aiot/leaf workshop/corn_dataset/Common_Rust/Corn_Common_Rust (1053).JPG,corn,Common_Rust,Common_Rust,Corn_Common_Rust (1053).JPG,14580,1
/Applications/XAMPP/xamppfiles/htdocs/cmu_aiot/leaf workshop/corn_dataset/Healthy/Corn_Health (560).jpg,corn,Healthy,Healthy,Corn_Health (560).jpg,9797,3
/Applications/XAMPP/xamppfiles/htdocs/cmu_aiot/leaf workshop/corn_dataset/Common_Rust/Corn_Common_Rust (1248).JPG,corn,Common_Rust,Common_Rust,Corn_Common_Rust (1248).JPG,11974,1
/Applications/XAMPP/xamppfiles/htdocs/cmu_aiot/leaf workshop/corn_dataset/Blight/Corn_Blight (734).JPG,corn,Blight,Blight,Corn_Blight (734).JPG,14380,0
/Applications/XAMPP/xamppfiles/htdocs/cmu_aiot/leaf workshop/corn_dataset/Blight/Corn_Blight (496).JPG,corn,Blight,Blight,Corn_Blight (496).JPG,8998,0
/Applications/XAMPP/xamppfiles/htdocs/cmu_aiot/leaf workshop/corn_dataset/Healthy/Corn_Health (401).jpg,corn,Healthy,Healthy,Corn_Health (401).jpg,6402,3
/Applications/XAMPP/xamppfiles/htdocs/cmu_aiot/leaf workshop/corn_dataset/Blight/Corn_Blight (244).JPG,corn,Blight,Blight,Corn_Blight (244).JPG,9543,0
/Applications/XAMPP/xamppfiles/htdocs/cmu_aiot/leaf workshop/corn_dataset/Healthy/Corn_Health (749).jpg,corn,Healthy,Healthy,Corn_Health (749).jpg,10409,3
/Applications/XAMPP/xamppfiles/htdocs/cmu_aiot/leaf workshop/corn_dataset/Blight/Corn_Blight (328).JPG,corn,Blight,Blight,Corn_Blight (328).JPG,11277,0
/Applications/XAMPP/xamppfiles/htdocs/cmu_aiot/leaf workshop/corn_dataset/Gray_Leaf_Spot/Corn_Gray_Spot (463).JPG,corn,Gray_Leaf_Spot,Gray_Leaf_Spot,Corn_Gray_Spot (463).JPG,13299,2
/Applications/XAMPP/xamppfiles/htdocs/cmu_aiot/leaf workshop/corn_dataset/Gray_Leaf_Spot/Corn_Gray_Spot (125).jpg,corn,Gray_Leaf_Spot,Gray_Leaf_Spot,Corn_Gray_Spot (125).jpg,19958,2
/Applications/XAMPP/xamppfiles/htdocs/cmu_aiot/leaf workshop/corn_dataset/Blight/Corn_Blight (697).JPG,corn,Blight,Blight,Corn_Blight (697).JPG,11897,0
/Applications/XAMPP/xamppfiles/htdocs/cmu_aiot/leaf workshop/corn_dataset/Blight/Corn_Blight (478).JPG,corn,Blight,Blight,Corn_Blight (478).JPG,12910,0
/Applications/XAMPP/xamppfiles/htdocs/cmu_aiot/leaf workshop/corn_dataset/Healthy/Corn_Health (859).jpg,corn,Healthy,Healthy,Corn_Health (859).jpg,18265,3
/Applications/XAMPP/xamppfiles/htdocs/cmu_aiot/leaf workshop/corn_dataset/Blight/Corn_Blight (912).JPG,corn,Blight,Blight,Corn_Blight (912).JPG,13487,0
/Applications/XAMPP/xamppfiles/htdocs/cmu_aiot/leaf workshop/corn_dataset/Common_Rust/Corn_Common_Rust (261).JPG,corn,Common_Rust,Common_Rust,Corn_Common_Rust (261).JPG,12874,1
/Applications/XAMPP/xamppfiles/htdocs/cmu_aiot/leaf workshop/corn_dataset/Gray_Leaf_Spot/Corn_Gray_Spot (265).jpg,corn,Gray_Leaf_Spot,Gray_Leaf_Spot,Corn_Gray_Spot (265).jpg,11867,2
/Applications/XAMPP/xamppfiles/htdocs/cmu_aiot/leaf workshop/corn_dataset/Healthy/Corn_Health (119).jpg,corn,Healthy,Healthy,Corn_Health (119).jpg,15390,3
/Applications/XAMPP/xamppfiles/htdocs/cmu_aiot/leaf workshop/corn_dataset/Common_Rust/Corn_Common_Rust (1026).JPG,corn,Common_Rust,Common_Rust,Corn_Common_Rust (1026).JPG,13477,1
/Applications/XAMPP/xamppfiles/htdocs/cmu_aiot/leaf workshop/corn_dataset/Blight/Corn_Blight (280).JPG,corn,Blight,Blight,Corn_Blight (280).JPG,14978,0
/Applications/XAMPP/xamppfiles/htdocs/cmu_aiot/leaf workshop/corn_dataset/Common_Rust/Corn_Common_Rust (67).jpg,corn,Common_Rust,Common_Rust,Corn_Common_Rust (67).jpg,62066,1
/Applications/XAMPP/xamppfiles/htdocs/cmu_aiot/leaf workshop/corn_dataset/Healthy/Corn_Health (126).jpg,corn,Healthy,Healthy,Corn_Health (126).jpg,16265,3
/Applications/XAMPP/xamppfiles/htdocs/cmu_aiot/leaf workshop/corn_dataset/Common_Rust/Corn_Common_Rust (118).JPG,corn,Common_Rust,Common_Rust,Corn_Common_Rust (118).JPG,10430,1
/Applications/XAMPP/xamppfiles/htdocs/cmu_aiot/leaf workshop/corn_dataset/Blight/Corn_Blight (1133).jpg,corn,Blight,Blight,Corn_Blight (1133).jpg,138552,0
/Applications/XAMPP/xamppfiles/htdocs/cmu_aiot/leaf workshop/corn_dataset/Common_Rust/Corn_Common_Rust (1038).JPG,corn,Common_Rust,Common_Rust,Corn_Common_Rust (1038).JPG,11103,1
/Applications/XAMPP/xamppfiles/htdocs/cmu_aiot/leaf workshop/corn_dataset/Blight/Corn_Blight (451).JPG,corn,Blight,Blight,Corn_Blight (451).JPG,12360,0
/Applications/XAMPP/xamppfiles/htdocs/cmu_aiot/leaf workshop/corn_dataset/Healthy/Corn_Health (1102).jpg,corn,Healthy,Healthy,Corn_Health (1102).jpg,10474,3
/Applications/XAMPP/xamppfiles/htdocs/cmu_aiot/leaf workshop/corn_dataset/Blight/Corn_Blight (701).JPG,corn,Blight,Blight,Corn_Blight (701).JPG,10035,0
/Applications/XAMPP/xamppfiles/htdocs/cmu_aiot/leaf workshop/corn_dataset/Healthy/Corn_Health (648).jpg,corn,Healthy,Healthy,Corn_Health (648).jpg,17926,3
/Applications/XAMPP/xamppfiles/htdocs/cmu_aiot/leaf workshop/corn_dataset/Healthy/Corn_Health (975).jpg,corn,Healthy,Healthy,Corn_Health (975).jpg,12872,3
/Applications/XAMPP/xamppfiles/htdocs/cmu_aiot/leaf workshop/corn_dataset/Healthy/Corn_Health (799).jpg,corn,Healthy,Healthy,Corn_Health (799).jpg,9507,3
/Applications/XAMPP/xamppfiles/htdocs/cmu_aiot/leaf workshop/corn_dataset/Healthy/Corn_Health (655).jpg,corn,Healthy,Healthy,Corn_Health (655).jpg,12049,3
/Applications/XAMPP/xamppfiles/htdocs/cmu_aiot/leaf workshop/corn_dataset/Common_Rust/Corn_Common_Rust (147).JPG,corn,Common_Rust,Common_Rust,Corn_Common_Rust (147).JPG,12823,1
/Applications/XAMPP/xamppfiles/htdocs/cmu_aiot/leaf workshop/corn_dataset/Gray_Leaf_Spot/Corn_Gray_Spot (282).JPG,corn,Gray_Leaf_Spot,Gray_Leaf_Spot,Corn_Gray_Spot (282).JPG,14728,2
/Applications/XAMPP/xamppfiles/htdocs/cmu_aiot/leaf workshop/corn_dataset/Blight/Corn_Blight (770).JPG,corn,Blight,Blight,Corn_Blight (770).JPG,13805,0
/Applications/XAMPP/xamppfiles/htdocs/cmu_aiot/leaf workshop/corn_dataset/Gray_Leaf_Spot/Corn_Gray_Spot (25).jpg,corn,Gray_Leaf_Spot,Gray_Leaf_Spot,Corn_Gray_Spot (25).jpg,17042,2
/Applications/XAMPP/xamppfiles/htdocs/cmu_aiot/leaf workshop/corn_dataset/Blight/Corn_Blight (205).JPG,corn,Blight,Blight,Corn_Blight (205).JPG,18040,0
/Applications/XAMPP/xamppfiles/htdocs/cmu_aiot/leaf workshop/corn_dataset/Common_Rust/Corn_Common_Rust (656).JPG,corn,Common_Rust,Common_Rust,Corn_Common_Rust (656).JPG,15193,1
/Applications/XAMPP/xamppfiles/htdocs/cmu_aiot/leaf workshop/corn_dataset/Common_Rust/Corn_Common_Rust (434).JPG,corn,Common_Rust,Common_Rust,Corn_Common_Rust (434).JPG,15273,1
/Applications/XAMPP/xamppfiles/htdocs/cmu_aiot/leaf workshop/corn_dataset/Common_Rust/Corn_Common_Rust (714).JPG,corn,Common_Rust,Common_Rust,Corn_Common_Rust (714).JPG,14811,1
/Applications/XAMPP/xamppfiles/htdocs/cmu_aiot/leaf workshop/corn_dataset/Blight/Corn_Blight (985).JPG,corn,Blight,Blight,Corn_Blight (985).JPG,16146,0
/Applications/XAMPP/xamppfiles/htdocs/cmu_aiot/leaf workshop/corn_dataset/Gray_Leaf_Spot/Corn_Gray_Spot (95).JPG,corn,Gray_Leaf_Spot,Gray_Leaf_Spot,Corn_Gray_Spot (95).JPG,18743,2
/Applications/XAMPP/xamppfiles/htdocs/cmu_aiot/leaf workshop/corn_dataset/Healthy/Corn_Health (597).jpg,corn,Healthy,Healthy,Corn_Health (597).jpg,10749,3
/Applications/XAMPP/xamppfiles/htdocs/cmu_aiot/leaf workshop/corn_dataset/Common_Rust/Corn_Common_Rust (346).JPG,corn,Common_Rust,Common_Rust,Corn_Common_Rust (346).JPG,14708,1
/Applications/XAMPP/xamppfiles/htdocs/cmu_aiot/leaf workshop/corn_dataset/Common_Rust/Corn_Common_Rust (1192).JPG,corn,Common_Rust,Common_Rust,Corn_Common_Rust (1192).JPG,13870,1
/Applications/XAMPP/xamppfiles/htdocs/cmu_aiot/leaf workshop/corn_dataset/Healthy/Corn_Health (295).jpg,corn,Healthy,Healthy,Corn_Health (295).jpg,8772,3
/Applications/XAMPP/xamppfiles/htdocs/cmu_aiot/leaf workshop/corn_dataset/Blight/Corn_Blight (755).JPG,corn,Blight,Blight,Corn_Blight (755).JPG,14681,0
/Applications/XAMPP/xamppfiles/htdocs/cmu_aiot/leaf workshop/corn_dataset/Blight/Corn_Blight (877).jpg,corn,Blight,Blight,Corn_Blight (877).jpg,11483,0
/Applications/XAMPP/xamppfiles/htdocs/cmu_aiot/leaf workshop/corn_dataset/Healthy/Corn_Health (1001).jpg,corn,Healthy,Healthy,Corn_Health (1001).jpg,7188,3
/Applications/XAMPP/xamppfiles/htdocs/cmu_aiot/leaf workshop/corn_dataset/Blight/Corn_Blight (603).JPG,corn,Blight,Blight,Corn_Blight (603).JPG,18129,0
/Applications/XAMPP/xamppfiles/htdocs/cmu_aiot/leaf workshop/corn_dataset/Gray_Leaf_Spot/Corn_Gray_Spot (293).JPG,corn,Gray_Leaf_Spot,Gray_Leaf_Spot,Corn_Gray_Spot (293).JPG,13225,2
/Applications/XAMPP/xamppfiles/htdocs/cmu_aiot/leaf workshop/corn_dataset/Blight/Corn_Blight (223).JPG,corn,Blight,Blight,Corn_Blight (223).JPG,14285,0
/Applications/XAMPP/xamppfiles/htdocs/cmu_aiot/leaf workshop/corn_dataset/Common_Rust/Corn_Common_Rust (1128).JPG,corn,Common_Rust,Common_Rust,Corn_Common_Rust (1128).JPG,11714,1
/Applications/XAMPP/xamppfiles/htdocs/cmu_aiot/leaf workshop/corn_dataset/Healthy/Corn_Health (1136).jpg,corn,Healthy,Healthy,Corn_Health (1136).jpg,8378,3
/Applications/XAMPP/xamppfiles/htdocs/cmu_aiot/leaf workshop/corn_dataset/Healthy/Corn_Health (1155).jpg,corn,Healthy,Healthy,Corn_Health (1155).jpg,7749,3
/Applications/XAMPP/xamppfiles/htdocs/cmu_aiot/leaf workshop/corn_dataset/Gray_Leaf_Spot/Corn_Gray_Spot (105).JPG,corn,Gray_Leaf_Spot,Gray_Leaf_Spot,Corn_Gray_Spot (105).JPG,20251,2
/Applications/XAMPP/xamppfiles/htdocs/cmu_aiot/leaf workshop/corn_dataset/Gray_Leaf_Spot/Corn_Gray_Spot (377).jpg,corn,Gray_Leaf_Spot,Gray_Leaf_Spot,Corn_Gray_Spot (377).jpg,14169,2
/Applications/XAMPP/xamppfiles/htdocs/cmu_aiot/leaf workshop/corn_dataset/Blight/Corn_Blight (526).JPG,corn,Blight,Blight,Corn_Blight (526).JPG,15546,0
/Applications/XAMPP/xamppfiles/htdocs/cmu_aiot/leaf workshop/corn_dataset/Healthy/Corn_Health (84).jpg,corn,Healthy,Healthy,Corn_Health (84).jpg,15187,3
/Applications/XAMPP/xamppfiles/htdocs/cmu_aiot/leaf workshop/corn_dataset/Common_Rust/Corn_Common_Rust (633).JPG,corn,Common_Rust,Common_Rust,Corn_Common_Rust (633).JPG,16058,1
/Applications/XAMPP/xamppfiles/htdocs/cmu_aiot/leaf workshop/corn_dataset/Blight/Corn_Blight (587).JPG,corn,Blight,Blight,Corn_Blight (587).JPG,13876,0
/Applications/XAMPP/xamppfiles/htdocs/cmu_aiot/leaf workshop/corn_dataset/Blight/Corn_Blight (300).JPG,corn,Blight,Blight,Corn_Blight (300).JPG,12910,0
/Applications/XAMPP/xamppfiles/htdocs/cmu_aiot/leaf workshop/corn_dataset/Blight/Corn_Blight (317).jpg,corn,Blight,Blight,Corn_Blight (317).jpg,11225,0
/Applications/XAMPP/xamppfiles/htdocs/cmu_aiot/leaf workshop/corn_dataset/Blight/Corn_Blight (1068).JPG,corn,Blight,Blight,Corn_Blight (1068).JPG,11614,0
/Applications/XAMPP/xamppfiles/htdocs/cmu_aiot/leaf workshop/corn_dataset/Healthy/Corn_Health (626).jpg,corn,Healthy,Healthy,Corn_Health (626).jpg,16447,3
/Applications/XAMPP/xamppfiles/htdocs/cmu_aiot/leaf workshop/corn_dataset/Healthy/Corn_Health (1049).jpg,corn,Healthy,Healthy,Corn_Health (1049).jpg,8513,3
/Applications/XAMPP/xamppfiles/htdocs/cmu_aiot/leaf workshop/corn_dataset/Common_Rust/Corn_Common_Rust (1188).JPG,corn,Common_Rust,Common_Rust,Corn_Common_Rust (1188).JPG,15156,1
/Applications/XAMPP/xamppfiles/htdocs/cmu_aiot/leaf workshop/corn_dataset/Gray_Leaf_Spot/Corn_Gray_Spot (236).JPG,corn,Gray_Leaf_Spot,Gray_Leaf_Spot,Corn_Gray_Spot (236).JPG,16674,2
/Applications/XAMPP/xamppfiles/htdocs/cmu_aiot/leaf workshop/corn_dataset/Common_Rust/Corn_Common_Rust (440).JPG,corn,Common_Rust,Common_Rust,Corn_Common_Rust (440).JPG,12240,1
/Applications/XAMPP/xamppfiles/htdocs/cmu_aiot/leaf workshop/corn_dataset/Common_Rust/Corn_Common_Rust (709).JPG,corn,Common_Rust,Common_Rust,Corn_Common_Rust (709).JPG,13275,1
/Applications/XAMPP/xamppfiles/htdocs/cmu_aiot/leaf workshop/corn_dataset/Gray_Leaf_Spot/Corn_Gray_Spot (249).JPG,corn,Gray_Leaf_Spot,Gray_Leaf_Spot,Corn_Gray_Spot (249).JPG,12336,2
/Applications/XAMPP/xamppfiles/htdocs/cmu_aiot/leaf workshop/corn_dataset/Common_Rust/Corn_Common_Rust (534).JPG,corn,Common_Rust,Common_Rust,Corn_Common_Rust (534).JPG,11162,1
/Applications/XAMPP/xamppfiles/htdocs/cmu_aiot/leaf workshop/corn_dataset/Blight/Corn_Blight (821).JPG,corn,Blight,Blight,Corn_Blight (821).JPG,13574,0
/Applications/XAMPP/xamppfiles/htdocs/cmu_aiot/leaf workshop/corn_dataset/Healthy/Corn_Health (530).jpg,corn,Healthy,Healthy,Corn_Health (530).jpg,14341,3
/Applications/XAMPP/xamppfiles/htdocs/cmu_aiot/leaf workshop/corn_dataset/Healthy/Corn_Health (606).jpg,corn,Healthy,Healthy,Corn_Health (606).jpg,12283,3
/Applications/XAMPP/xamppfiles/htdocs/cmu_aiot/leaf workshop/corn_dataset/Blight/Corn_Blight (851).jpg,corn,Blight,Blight,Corn_Blight (851).jpg,15153,0
/Applications/XAMPP/xamppfiles/htdocs/cmu_aiot/leaf workshop/corn_dataset/Healthy/Corn_Health (723).jpg,corn,Healthy,Healthy,Corn_Health (723).jpg,14346,3
/Applications/XAMPP/xamppfiles/htdocs/cmu_aiot/leaf workshop/corn_dataset/Healthy/Corn_Health (132).jpg,corn,Healthy,Healthy,Corn_Health (132).jpg,8272,3
/Applications/XAMPP/xamppfiles/htdocs/cmu_aiot/leaf workshop/corn_dataset/Healthy/Corn_Health (1071).jpg,corn,Healthy,Healthy,Corn_Health (1071).jpg,9472,3
/Applications/XAMPP/xamppfiles/htdocs/cmu_aiot/leaf workshop/corn_dataset/Blight/Corn_Blight (429).JPG,corn,Blight,Blight,Corn_Blight (429).JPG,10986,0
/Applications/XAMPP/xamppfiles/htdocs/cmu_aiot/leaf workshop/corn_dataset/Blight/Corn_Blight (796).JPG,corn,Blight,Blight,Corn_Blight (796).JPG,14010,0
/Applications/XAMPP/xamppfiles/htdocs/cmu_aiot/leaf workshop/corn_dataset/Healthy/Corn_Health (391).jpg,corn,Healthy,Healthy,Corn_Health (391).jpg,14067,3
/Applications/XAMPP/xamppfiles/htdocs/cmu_aiot/leaf workshop/corn_dataset/Blight/Corn_Blight (152).JPG,corn,Blight,Blight,Corn_Blight (152).JPG,13646,0
/Applications/XAMPP/xamppfiles/htdocs/cmu_aiot/leaf workshop/corn_dataset/Common_Rust/Corn_Common_Rust (737).JPG,corn,Common_Rust,Common_Rust,Corn_Common_Rust (737).JPG,18508,1
/Applications/XAMPP/xamppfiles/htdocs/cmu_aiot/leaf workshop/corn_dataset/Blight/Corn_Blight (500).JPG,corn,Blight,Blight,Corn_Blight (500).JPG,15934,0
/Applications/XAMPP/xamppfiles/htdocs/cmu_aiot/leaf workshop/corn_dataset/Blight/Corn_Blight (103).jpg,corn,Blight,Blight,Corn_Blight (103).jpg,22912,0
/Applications/XAMPP/xamppfiles/htdocs/cmu_aiot/leaf workshop/corn_dataset/Healthy/Corn_Health (408).jpg,corn,Healthy,Healthy,Corn_Health (408).jpg,16407,3
/Applications/XAMPP/xamppfiles/htdocs/cmu_aiot/leaf workshop/corn_dataset/Common_Rust/Corn_Common_Rust (1283).jpg,corn,Common_Rust,Common_Rust,Corn_Common_Rust (1283).jpg,28846,1
/Applications/XAMPP/xamppfiles/htdocs/cmu_aiot/leaf workshop/corn_dataset/Gray_Leaf_Spot/Corn_Gray_Spot (398).JPG,corn,Gray_Leaf_Spot,Gray_Leaf_Spot,Corn_Gray_Spot (398).JPG,16342,2
/Applications/XAMPP/xamppfiles/htdocs/cmu_aiot/leaf workshop/corn_dataset/Healthy/Corn_Health (204).jpg,corn,Healthy,Healthy,Corn_Health (204).jpg,10294,3
/Applications/XAMPP/xamppfiles/htdocs/cmu_aiot/leaf workshop/corn_dataset/Blight/Corn_Blight (884).JPG,corn,Blight,Blight,Corn_Blight (884).JPG,11659,0
/Applications/XAMPP/xamppfiles/htdocs/cmu_aiot/leaf workshop/corn_dataset/Blight/Corn_Blight (248).JPG,corn,Blight,Blight,Corn_Blight (248).JPG,9845,0
/Applications/XAMPP/xamppfiles/htdocs/cmu_aiot/leaf workshop/corn_dataset/Gray_Leaf_Spot/Corn_Gray_Spot (497).jpg,corn,Gray_Leaf_Spot,Gray_Leaf_Spot,Corn_Gray_Spot (497).jpg,14551,2
/Applications/XAMPP/xamppfiles/htdocs/cmu_aiot/leaf workshop/corn_dataset/Common_Rust/Corn_Common_Rust (105).JPG,corn,Common_Rust,Common_Rust,Corn_Common_Rust (105).JPG,17275,1
/Applications/XAMPP/xamppfiles/htdocs/cmu_aiot/leaf workshop/corn_dataset/Gray_Leaf_Spot/Corn_Gray_Spot (287).jpg,corn,Gray_Leaf_Spot,Gray_Leaf_Spot,Corn_Gray_Spot (287).jpg,13498,2
/Applications/XAMPP/xamppfiles/htdocs/cmu_aiot/leaf workshop/corn_dataset/Healthy/Corn_Health (995).jpg,corn,Healthy,Healthy,Corn_Health (995).jpg,11327,3
/Applications/XAMPP/xamppfiles/htdocs/cmu_aiot/leaf workshop/corn_dataset/Blight/Corn_Blight (1069).JPG,corn,Blight,Blight,Corn_Blight (1069).JPG,10786,0
/Applications/XAMPP/xamppfiles/htdocs/cmu_aiot/leaf workshop/corn_dataset/Common_Rust/Corn_Common_Rust (531).JPG,corn,Common_Rust,Common_Rust,Corn_Common_Rust (531).JPG,13537,1
/Applications/XAMPP/xamppfiles/htdocs/cmu_aiot/leaf workshop/corn_dataset/Gray_Leaf_Spot/Corn_Gray_Spot (316).JPG,corn,Gray_Leaf_Spot,Gray_Leaf_Spot,Corn_Gray_Spot (316).JPG,17711,2
/Applications/XAMPP/xamppfiles/htdocs/cmu_aiot/leaf workshop/corn_dataset/Common_Rust/Corn_Common_Rust (282).JPG,corn,Common_Rust,Common_Rust,Corn_Common_Rust (282).JPG,11284,1
/Applications/XAMPP/xamppfiles/htdocs/cmu_aiot/leaf workshop/corn_dataset/Gray_Leaf_Spot/Corn_Gray_Spot (509).jpg,corn,Gray_Leaf_Spot,Gray_Leaf_Spot,Corn_Gray_Spot (509).jpg,13174,2
/Applications/XAMPP/xamppfiles/htdocs/cmu_aiot/leaf workshop/corn_dataset/Blight/Corn_Blight (381).JPG,corn,Blight,Blight,Corn_Blight (381).JPG,12699,0
/Applications/XAMPP/xamppfiles/htdocs/cmu_aiot/leaf workshop/corn_dataset/Common_Rust/Corn_Common_Rust (601).JPG,corn,Common_Rust,Common_Rust,Corn_Common_Rust (601).JPG,15066,1
/Applications/XAMPP/xamppfiles/htdocs/cmu_aiot/leaf workshop/corn_dataset/Blight/Corn_Blight (520).JPG,corn,Blight,Blight,Corn_Blight (520).JPG,12227,0
/Applications/XAMPP/xamppfiles/htdocs/cmu_aiot/leaf workshop/corn_dataset/Blight/Corn_Blight (289).JPG,corn,Blight,Blight,Corn_Blight (289).JPG,14805,0
/Applications/XAMPP/xamppfiles/htdocs/cmu_aiot/leaf workshop/corn_dataset/Common_Rust/Corn_Common_Rust (100).JPG,corn,Common_Rust,Common_Rust,Corn_Common_Rust (100).JPG,14370,1
/Applications/XAMPP/xamppfiles/htdocs/cmu_aiot/leaf workshop/corn_dataset/Healthy/Corn_Health (221).jpg,corn,Healthy,Healthy,Corn_Health (221).jpg,10712,3
/Applications/XAMPP/xamppfiles/htdocs/cmu_aiot/leaf workshop/corn_dataset/Gray_Leaf_Spot/Corn_Gray_Spot (479).JPG,corn,Gray_Leaf_Spot,Gray_Leaf_Spot,Corn_Gray_Spot (479).JPG,12189,2
/Applications/XAMPP/xamppfiles/htdocs/cmu_aiot/leaf workshop/corn_dataset/Gray_Leaf_Spot/Corn_Gray_Spot (218).JPG,corn,Gray_Leaf_Spot,Gray_Leaf_Spot,Corn_Gray_Spot (218).JPG,15425,2
/Applications/XAMPP/xamppfiles/htdocs/cmu_aiot/leaf workshop/corn_dataset/Blight/Corn_Blight (340).JPG,corn,Blight,Blight,Corn_Blight (340).JPG,11196,0
/Applications/XAMPP/xamppfiles/htdocs/cmu_aiot/leaf workshop/corn_dataset/Common_Rust/Corn_Common_Rust (217).JPG,corn,Common_Rust,Common_Rust,Corn_Common_Rust (217).JPG,13309,1
/Applications/XAMPP/xamppfiles/htdocs/cmu_aiot/leaf workshop/corn_dataset/Healthy/Corn_Health (624).jpg,corn,Healthy,Healthy,Corn_Health (624).jpg,9614,3
/Applications/XAMPP/xamppfiles/htdocs/cmu_aiot/leaf workshop/corn_dataset/Common_Rust/Corn_Common_Rust (391).JPG,corn,Common_Rust,Common_Rust,Corn_Common_Rust (391).JPG,16393,1
/Applications/XAMPP/xamppfiles/htdocs/cmu_aiot/leaf workshop/corn_dataset/Blight/Corn_Blight (299).JPG,corn,Blight,Blight,Corn_Blight (299).JPG,11313,0
/Applications/XAMPP/xamppfiles/htdocs/cmu_aiot/leaf workshop/corn_dataset/Common_Rust/Corn_Common_Rust (579).JPG,corn,Common_Rust,Common_Rust,Corn_Common_Rust (579).JPG,13674,1
/Applications/XAMPP/xamppfiles/htdocs/cmu_aiot/leaf workshop/corn_dataset/Blight/Corn_Blight (533).JPG,corn,Blight,Blight,Corn_Blight (533).JPG,12657,0
/Applications/XAMPP/xamppfiles/htdocs/cmu_aiot/leaf workshop/corn_dataset/Common_Rust/Corn_Common_Rust (1148).JPG,corn,Common_Rust,Common_Rust,Corn_Common_Rust (1148).JPG,12967,1
/Applications/XAMPP/xamppfiles/htdocs/cmu_aiot/leaf workshop/corn_dataset/Common_Rust/Corn_Common_Rust (635).JPG,corn,Common_Rust,Common_Rust,Corn_Common_Rust (635).JPG,12165,1
/Applications/XAMPP/xamppfiles/htdocs/cmu_aiot/leaf workshop/corn_dataset/Common_Rust/Corn_Common_Rust (1237).JPG,corn,Common_Rust,Common_Rust,Corn_Common_Rust (1237).JPG,14798,1
/Applications/XAMPP/xamppfiles/htdocs/cmu_aiot/leaf workshop/corn_dataset/Healthy/Corn_Health (564).jpg,corn,Healthy,Healthy,Corn_Health (564).jpg,8385,3
/Applications/XAMPP/xamppfiles/htdocs/cmu_aiot/leaf workshop/corn_dataset/Healthy/Corn_Health (663).jpg,corn,Healthy,Healthy,Corn_Health (663).jpg,11226,3
/Applications/XAMPP/xamppfiles/htdocs/cmu_aiot/leaf workshop/corn_dataset/Common_Rust/Corn_Common_Rust (1242).JPG,corn,Common_Rust,Common_Rust,Corn_Common_Rust (1242).JPG,14480,1
/Applications/XAMPP/xamppfiles/htdocs/cmu_aiot/leaf workshop/corn_dataset/Healthy/Corn_Health (682).jpg,corn,Healthy,Healthy,Corn_Health (682).jpg,8499,3
/Applications/XAMPP/xamppfiles/htdocs/cmu_aiot/leaf workshop/corn_dataset/Healthy/Corn_Health (599).jpg,corn,Healthy,Healthy,Corn_Health (599).jpg,16043,3
/Applications/XAMPP/xamppfiles/htdocs/cmu_aiot/leaf workshop/corn_dataset/Healthy/Corn_Health (890).jpg,corn,Healthy,Healthy,Corn_Health (890).jpg,6758,3
/Applications/XAMPP/xamppfiles/htdocs/cmu_aiot/leaf workshop/corn_dataset/Healthy/Corn_Health (540).jpg,corn,Healthy,Healthy,Corn_Health (540).jpg,10183,3
/Applications/XAMPP/xamppfiles/htdocs/cmu_aiot/leaf workshop/corn_dataset/Healthy/Corn_Health (691).jpg,corn,Healthy,Healthy,Corn_Health (691).jpg,9333,3
/Applications/XAMPP/xamppfiles/htdocs/cmu_aiot/leaf workshop/corn_dataset/Healthy/Corn_Health (285).jpg,corn,Healthy,Healthy,Corn_Health (285).jpg,13026,3
/Applications/XAMPP/xamppfiles/htdocs/cmu_aiot/leaf workshop/corn_dataset/Blight/Corn_Blight (832).JPG,corn,Blight,Blight,Corn_Blight (832).JPG,17587,0
/Applications/XAMPP/xamppfiles/htdocs/cmu_aiot/leaf workshop/corn_dataset/Gray_Leaf_Spot/Corn_Gray_Spot (451).jpg,corn,Gray_Leaf_Spot,Gray_Leaf_Spot,Corn_Gray_Spot (451).jpg,12910,2
/Applications/XAMPP/xamppfiles/htdocs/cmu_aiot/leaf workshop/corn_dataset/Gray_Leaf_Spot/Corn_Gray_Spot (382).JPG,corn,Gray_Leaf_Spot,Gray_Leaf_Spot,Corn_Gray_Spot (382).JPG,15359,2
/Applications/XAMPP/xamppfiles/htdocs/cmu_aiot/leaf workshop/corn_dataset/Blight/Corn_Blight (1104).jpg,corn,Blight,Blight,Corn_Blight (1104).jpg,1577792,0
/Applications/XAMPP/xamppfiles/htdocs/cmu_aiot/leaf workshop/corn_dataset/Healthy/Corn_Health (1113).jpg,corn,Healthy,Healthy,Corn_Health (1113).jpg,18108,3
/Applications/XAMPP/xamppfiles/htdocs/cmu_aiot/leaf workshop/corn_dataset/Healthy/Corn_Health (1029).jpg,corn,Healthy,Healthy,Corn_Health (1029).jpg,6339,3
/Applications/XAMPP/xamppfiles/htdocs/cmu_aiot/leaf workshop/corn_dataset/Blight/Corn_Blight (510).jpg,corn,Blight,Blight,Corn_Blight (510).jpg,14348,0
/Applications/XAMPP/xamppfiles/htdocs/cmu_aiot/leaf workshop/corn_dataset/Blight/Corn_Blight (751).JPG,corn,Blight,Blight,Corn_Blight (751).JPG,12773,0
/Applications/XAMPP/xamppfiles/htdocs/cmu_aiot/leaf workshop/corn_dataset/Healthy/Corn_Health (849).jpg,corn,Healthy,Healthy,Corn_Health (849).jpg,10924,3
/Applications/XAMPP/xamppfiles/htdocs/cmu_aiot/leaf workshop/corn_dataset/Healthy/Corn_Health (411).jpg,corn,Healthy,Healthy,Corn_Health (411).jpg,7936,3
/Applications/XAMPP/xamppfiles/htdocs/cmu_aiot/leaf workshop/corn_dataset/Blight/Corn_Blight (689).JPG,corn,Blight,Blight,Corn_Blight (689).JPG,14965,0
/Applications/XAMPP/xamppfiles/htdocs/cmu_aiot/leaf workshop/corn_dataset/Gray_Leaf_Spot/Corn_Gray_Spot (519).JPG,corn,Gray_Leaf_Spot,Gray_Leaf_Spot,Corn_Gray_Spot (519).JPG,20439,2
/Applications/XAMPP/xamppfiles/htdocs/cmu_aiot/leaf workshop/corn_dataset/Blight/Corn_Blight (897).JPG,corn,Blight,Blight,Corn_Blight (897).JPG,13648,0
/Applications/XAMPP/xamppfiles/htdocs/cmu_aiot/leaf workshop/corn_dataset/Healthy/Corn_Health (1092).jpg,corn,Healthy,Healthy,Corn_Health (1092).jpg,12541,3
/Applications/XAMPP/xamppfiles/htdocs/cmu_aiot/leaf workshop/corn_dataset/Common_Rust/Corn_Common_Rust (508).JPG,corn,Common_Rust,Common_Rust,Corn_Common_Rust (508).JPG,13341,1
/Applications/XAMPP/xamppfiles/htdocs/cmu_aiot/leaf workshop/corn_dataset/Healthy/Corn_Health (178).jpg,corn,Healthy,Healthy,Corn_Health (178).jpg,7475,3
/Applications/XAMPP/xamppfiles/htdocs/cmu_aiot/leaf workshop/corn_dataset/Blight/Corn_Blight (635).JPG,corn,Blight,Blight,Corn_Blight (635).JPG,13364,0
/Applications/XAMPP/xamppfiles/htdocs/cmu_aiot/leaf workshop/corn_dataset/Blight/Corn_Blight (901).jpg,corn,Blight,Blight,Corn_Blight (901).jpg,15119,0
/Applications/XAMPP/xamppfiles/htdocs/cmu_aiot/leaf workshop/corn_dataset/Common_Rust/Corn_Common_Rust (1225).JPG,corn,Common_Rust,Common_Rust,Corn_Common_Rust (1225).JPG,12237,1
/Applications/XAMPP/xamppfiles/htdocs/cmu_aiot/leaf workshop/corn_dataset/Blight/Corn_Blight (156).JPG,corn,Blight,Blight,Corn_Blight (156).JPG,15688,0
/Applications/XAMPP/xamppfiles/htdocs/cmu_aiot/leaf workshop/corn_dataset/Common_Rust/Corn_Common_Rust (559).JPG,corn,Common_Rust,Common_Rust,Corn_Common_Rust (559).JPG,13862,1
/Applications/XAMPP/xamppfiles/htdocs/cmu_aiot/leaf workshop/corn_dataset/Healthy/Corn_Health (694).jpg,corn,Healthy,Healthy,Corn_Health (694).jpg,16535,3
/Applications/XAMPP/xamppfiles/htdocs/cmu_aiot/leaf workshop/corn_dataset/Blight/Corn_Blight (554).JPG,corn,Blight,Blight,Corn_Blight (554).JPG,12653,0
/Applications/XAMPP/xamppfiles/htdocs/cmu_aiot/leaf workshop/corn_dataset/Blight/Corn_Blight (1008).JPG,corn,Blight,Blight,Corn_Blight (1008).JPG,13011,0
/Applications/XAMPP/xamppfiles/htdocs/cmu_aiot/leaf workshop/corn_dataset/Common_Rust/Corn_Common_Rust (39).jpg,corn,Common_Rust,Common_Rust,Corn_Common_Rust (39).jpg,1067624,1
/Applications/XAMPP/xamppfiles/htdocs/cmu_aiot/leaf workshop/corn_dataset/Common_Rust/Corn_Common_Rust (1085).JPG,corn,Common_Rust,Common_Rust,Corn_Common_Rust (1085).JPG,18340,1
/Applications/XAMPP/xamppfiles/htdocs/cmu_aiot/leaf workshop/corn_dataset/Gray_Leaf_Spot/Corn_Gray_Spot (266).JPG,corn,Gray_Leaf_Spot,Gray_Leaf_Spot,Corn_Gray_Spot (266).JPG,18782,2
/Applications/XAMPP/xamppfiles/htdocs/cmu_aiot/leaf workshop/corn_dataset/Blight/Corn_Blight (502).JPG,corn,Blight,Blight,Corn_Blight (502).JPG,14899,0
/Applications/XAMPP/xamppfiles/htdocs/cmu_aiot/leaf workshop/corn_dataset/Gray_Leaf_Spot/Corn_Gray_Spot (212).JPG,corn,Gray_Leaf_Spot,Gray_Leaf_Spot,Corn_Gray_Spot (212).JPG,14431,2
/Applications/XAMPP/xamppfiles/htdocs/cmu_aiot/leaf workshop/corn_dataset/Common_Rust/Corn_Common_Rust (123).JPG,corn,Common_Rust,Common_Rust,Corn_Common_Rust (123).JPG,13988,1
/Applications/XAMPP/xamppfiles/htdocs/cmu_aiot/leaf workshop/corn_dataset/Healthy/Corn_Health (57).jpg,corn,Healthy,Healthy,Corn_Health (57).jpg,10402,3
/Applications/XAMPP/xamppfiles/htdocs/cmu_aiot/leaf workshop/corn_dataset/Common_Rust/Corn_Common_Rust (1119).JPG,corn,Common_Rust,Common_Rust,Corn_Common_Rust (1119).JPG,13154,1
/Applications/XAMPP/xamppfiles/htdocs/cmu_aiot/leaf workshop/corn_dataset/Common_Rust/Corn_Common_Rust (473).JPG,corn,Common_Rust,Common_Rust,Corn_Common_Rust (473).JPG,13537,1
/Applications/XAMPP/xamppfiles/htdocs/cmu_aiot/leaf workshop/corn_dataset/Healthy/Corn_Health (386).jpg,corn,Healthy,Healthy,Corn_Health (386).jpg,9969,3
/Applications/XAMPP/xamppfiles/htdocs/cmu_aiot/leaf workshop/corn_dataset/Gray_Leaf_Spot/Corn_Gray_Spot (548).JPG,corn,Gray_Leaf_Spot,Gray_Leaf_Spot,Corn_Gray_Spot (548).JPG,15629,2
/Applications/XAMPP/xamppfiles/htdocs/cmu_aiot/leaf workshop/corn_dataset/Blight/Corn_Blight (125).jpg,corn,Blight,Blight,Corn_Blight (125).jpg,15062,0
/Applications/XAMPP/xamppfiles/htdocs/cmu_aiot/leaf workshop/corn_dataset/Blight/Corn_Blight (166).JPG,corn,Blight,Blight,Corn_Blight (166).JPG,12818,0
/Applications/XAMPP/xamppfiles/htdocs/cmu_aiot/leaf workshop/corn_dataset/Gray_Leaf_Spot/Corn_Gray_Spot (48).jpg,corn,Gray_Leaf_Spot,Gray_Leaf_Spot,Corn_Gray_Spot (48).jpg,174015,2
/Applications/XAMPP/xamppfiles/htdocs/cmu_aiot/leaf workshop/corn_dataset/Blight/Corn_Blight (1109).jpg,corn,Blight,Blight,Corn_Blight (1109).jpg,31826,0
/Applications/XAMPP/xamppfiles/htdocs/cmu_aiot/leaf workshop/corn_dataset/Healthy/Corn_Health (313).jpg,corn,Healthy,Healthy,Corn_Health (313).jpg,12907,3
/Applications/XAMPP/xamppfiles/htdocs/cmu_aiot/leaf workshop/corn_dataset/Common_Rust/Corn_Common_Rust (1288).jpg,corn,Common_Rust,Common_Rust,Corn_Common_Rust (1288).jpg,1459136,1
/Applications/XAMPP/xamppfiles/htdocs/cmu_aiot/leaf workshop/corn_dataset/Healthy/Corn_Health (73).jpg,corn,Healthy,Healthy,Corn_Health (73).jpg,15471,3
/Applications/XAMPP/xamppfiles/htdocs/cmu_aiot/leaf workshop/corn_dataset/Healthy/Corn_Health (423).jpg,corn,Healthy,Healthy,Corn_Health (423).jpg,6815,3
/Applications/XAMPP/xamppfiles/htdocs/cmu_aiot/leaf workshop/corn_dataset/Healthy/Corn_Health (894).jpg,corn,Healthy,Healthy,Corn_Health (894).jpg,13689,3
/Applications/XAMPP/xamppfiles/htdocs/cmu_aiot/leaf workshop/corn_dataset/Blight/Corn_Blight (870).JPG,corn,Blight,Blight,Corn_Blight (870).JPG,13564,0
/Applications/XAMPP/xamppfiles/htdocs/cmu_aiot/leaf workshop/corn_dataset/Healthy/Corn_Health (36).jpg,corn,Healthy,Healthy,Corn_Health (36).jpg,7187,3
/Applications/XAMPP/xamppfiles/htdocs/cmu_aiot/leaf workshop/corn_dataset/Common_Rust/Corn_Common_Rust (470).JPG,corn,Common_Rust,Common_Rust,Corn_Common_Rust (470).JPG,16348,1
/Applications/XAMPP/xamppfiles/htdocs/cmu_aiot/leaf workshop/corn_dataset/Blight/Corn_Blight (858).JPG,corn,Blight,Blight,Corn_Blight (858).JPG,14444,0
/Applications/XAMPP/xamppfiles/htdocs/cmu_aiot/leaf workshop/corn_dataset/Healthy/Corn_Health (923).jpg,corn,Healthy,Healthy,Corn_Health (923).jpg,13166,3
/Applications/XAMPP/xamppfiles/htdocs/cmu_aiot/leaf workshop/corn_dataset/Common_Rust/Corn_Common_Rust (545).JPG,corn,Common_Rust,Common_Rust,Corn_Common_Rust (545).JPG,10374,1
/Applications/XAMPP/xamppfiles/htdocs/cmu_aiot/leaf workshop/corn_dataset/Healthy/Corn_Health (753).jpg,corn,Healthy,Healthy,Corn_Health (753).jpg,8376,3
/Applications/XAMPP/xamppfiles/htdocs/cmu_aiot/leaf workshop/corn_dataset/Common_Rust/Corn_Common_Rust (484).JPG,corn,Common_Rust,Common_Rust,Corn_Common_Rust (484).JPG,12204,1
/Applications/XAMPP/xamppfiles/htdocs/cmu_aiot/leaf workshop/corn_dataset/Healthy/Corn_Health (754).jpg,corn,Healthy,Healthy,Corn_Health (754).jpg,20862,3
/Applications/XAMPP/xamppfiles/htdocs/cmu_aiot/leaf workshop/corn_dataset/Common_Rust/Corn_Common_Rust (643).JPG,corn,Common_Rust,Common_Rust,Corn_Common_Rust (643).JPG,14242,1
/Applications/XAMPP/xamppfiles/htdocs/cmu_aiot/leaf workshop/corn_dataset/Blight/Corn_Blight (675).JPG,corn,Blight,Blight,Corn_Blight (675).JPG,20728,0
/Applications/XAMPP/xamppfiles/htdocs/cmu_aiot/leaf workshop/corn_dataset/Blight/Corn_Blight (737).JPG,corn,Blight,Blight,Corn_Blight (737).JPG,14684,0
/Applications/XAMPP/xamppfiles/htdocs/cmu_aiot/leaf workshop/corn_dataset/Blight/Corn_Blight (662).JPG,corn,Blight,Blight,Corn_Blight (662).JPG,14666,0
/Applications/XAMPP/xamppfiles/htdocs/cmu_aiot/leaf workshop/corn_dataset/Healthy/Corn_Health (1157).jpg,corn,Healthy,Healthy,Corn_Health (1157).jpg,7210,3
/Applications/XAMPP/xamppfiles/htdocs/cmu_aiot/leaf workshop/corn_dataset/Blight/Corn_Blight (134).jpg,corn,Blight,Blight,Corn_Blight (134).jpg,14766,0
/Applications/XAMPP/xamppfiles/htdocs/cmu_aiot/leaf workshop/corn_dataset/Healthy/Corn_Health (1156).jpg,corn,Healthy,Healthy,Corn_Health (1156).jpg,7821,3
/Applications/XAMPP/xamppfiles/htdocs/cmu_aiot/leaf workshop/corn_dataset/Common_Rust/Corn_Common_Rust (231).JPG,corn,Common_Rust,Common_Rust,Corn_Common_Rust (231).JPG,12386,1
/Applications/XAMPP/xamppfiles/htdocs/cmu_aiot/leaf workshop/corn_dataset/Healthy/Corn_Health (113).jpg,corn,Healthy,Healthy,Corn_Health (113).jpg,11014,3
/Applications/XAMPP/xamppfiles/htdocs/cmu_aiot/leaf workshop/corn_dataset/Healthy/Corn_Health (276).JPG,corn,Healthy,Healthy,Corn_Health (276).JPG,24100,3
/Applications/XAMPP/xamppfiles/htdocs/cmu_aiot/leaf workshop/corn_dataset/Blight/Corn_Blight (712).JPG,corn,Blight,Blight,Corn_Blight (712).JPG,12190,0
/Applications/XAMPP/xamppfiles/htdocs/cmu_aiot/leaf workshop/corn_dataset/Common_Rust/Corn_Common_Rust (544).JPG,corn,Common_Rust,Common_Rust,Corn_Common_Rust (544).JPG,14983,1
/Applications/XAMPP/xamppfiles/htdocs/cmu_aiot/leaf workshop/corn_dataset/Healthy/Corn_Health (418).jpg,corn,Healthy,Healthy,Corn_Health (418).jpg,6080,3
/Applications/XAMPP/xamppfiles/htdocs/cmu_aiot/leaf workshop/corn_dataset/Healthy/Corn_Health (233).jpg,corn,Healthy,Healthy,Corn_Health (233).jpg,9168,3
/Applications/XAMPP/xamppfiles/htdocs/cmu_aiot/leaf workshop/corn_dataset/Healthy/Corn_Health (253).jpg,corn,Healthy,Healthy,Corn_Health (253).jpg,11398,3
/Applications/XAMPP/xamppfiles/htdocs/cmu_aiot/leaf workshop/corn_dataset/Healthy/Corn_Health (614).jpg,corn,Healthy,Healthy,Corn_Health (614).jpg,14619,3
/Applications/XAMPP/xamppfiles/htdocs/cmu_aiot/leaf workshop/corn_dataset/Gray_Leaf_Spot/Corn_Gray_Spot (290).JPG,corn,Gray_Leaf_Spot,Gray_Leaf_Spot,Corn_Gray_Spot (290).JPG,17014,2
/Applications/XAMPP/xamppfiles/htdocs/cmu_aiot/leaf workshop/corn_dataset/Gray_Leaf_Spot/Corn_Gray_Spot (65).JPG,corn,Gray_Leaf_Spot,Gray_Leaf_Spot,Corn_Gray_Spot (65).JPG,13996,2
/Applications/XAMPP/xamppfiles/htdocs/cmu_aiot/leaf workshop/corn_dataset/Blight/Corn_Blight (327).JPG,corn,Blight,Blight,Corn_Blight (327).JPG,14931,0
/Applications/XAMPP/xamppfiles/htdocs/cmu_aiot/leaf workshop/corn_dataset/Healthy/Corn_Health (644).jpg,corn,Healthy,Healthy,Corn_Health (644).jpg,19563,3
/Applications/XAMPP/xamppfiles/htdocs/cmu_aiot/leaf workshop/corn_dataset/Blight/Corn_Blight (983).jpg,corn,Blight,Blight,Corn_Blight (983).jpg,18460,0
/Applications/XAMPP/xamppfiles/htdocs/cmu_aiot/leaf workshop/corn_dataset/Common_Rust/Corn_Common_Rust (1160).JPG,corn,Common_Rust,Common_Rust,Corn_Common_Rust (1160).JPG,12582,1
/Applications/XAMPP/xamppfiles/htdocs/cmu_aiot/leaf workshop/corn_dataset/Gray_Leaf_Spot/Corn_Gray_Spot (514).JPG,corn,Gray_Leaf_Spot,Gray_Leaf_Spot,Corn_Gray_Spot (514).JPG,19288,2
/Applications/XAMPP/xamppfiles/htdocs/cmu_aiot/leaf workshop/corn_dataset/Healthy/Corn_Health (30).jpg,corn,Healthy,Healthy,Corn_Health (30).jpg,10929,3
/Applications/XAMPP/xamppfiles/htdocs/cmu_aiot/leaf workshop/corn_dataset/Blight/Corn_Blight (898).jpg,corn,Blight,Blight,Corn_Blight (898).jpg,12010,0
/Applications/XAMPP/xamppfiles/htdocs/cmu_aiot/leaf workshop/corn_dataset/Healthy/Corn_Health (939).jpg,corn,Healthy,Healthy,Corn_Health (939).jpg,12508,3
/Applications/XAMPP/xamppfiles/htdocs/cmu_aiot/leaf workshop/corn_dataset/Healthy/Corn_Health (801).jpg,corn,Healthy,Healthy,Corn_Health (801).jpg,12569,3
/Applications/XAMPP/xamppfiles/htdocs/cmu_aiot/leaf workshop/corn_dataset/Blight/Corn_Blight (296).JPG,corn,Blight,Blight,Corn_Blight (296).JPG,11185,0
/Applications/XAMPP/xamppfiles/htdocs/cmu_aiot/leaf workshop/corn_dataset/Blight/Corn_Blight (1095).JPG,corn,Blight,Blight,Corn_Blight (1095).JPG,12265,0
/Applications/XAMPP/xamppfiles/htdocs/cmu_aiot/leaf workshop/corn_dataset/Blight/Corn_Blight (462).JPG,corn,Blight,Blight,Corn_Blight (462).JPG,12975,0
/Applications/XAMPP/xamppfiles/htdocs/cmu_aiot/leaf workshop/corn_dataset/Blight/Corn_Blight (690).JPG,corn,Blight,Blight,Corn_Blight (690).JPG,14013,0
/Applications/XAMPP/xamppfiles/htdocs/cmu_aiot/leaf workshop/corn_dataset/Blight/Corn_Blight (816).JPG,corn,Blight,Blight,Corn_Blight (816).JPG,13201,0
/Applications/XAMPP/xamppfiles/htdocs/cmu_aiot/leaf workshop/corn_dataset/Blight/Corn_Blight (247).JPG,corn,Blight,Blight,Corn_Blight (247).JPG,15423,0
/Applications/XAMPP/xamppfiles/htdocs/cmu_aiot/leaf workshop/corn_dataset/Healthy/Corn_Health (651).jpg,corn,Healthy,Healthy,Corn_Health (651).jpg,10687,3
/Applications/XAMPP/xamppfiles/htdocs/cmu_aiot/leaf workshop/corn_dataset/Healthy/Corn_Health (826).jpg,corn,Healthy,Healthy,Corn_Health (826).jpg,9022,3
/Applications/XAMPP/xamppfiles/htdocs/cmu_aiot/leaf workshop/corn_dataset/Blight/Corn_Blight (704).JPG,corn,Blight,Blight,Corn_Blight (704).JPG,13725,0
/Applications/XAMPP/xamppfiles/htdocs/cmu_aiot/leaf workshop/corn_dataset/Blight/Corn_Blight (133).JPG,corn,Blight,Blight,Corn_Blight (133).JPG,14362,0
/Applications/XAMPP/xamppfiles/htdocs/cmu_aiot/leaf workshop/corn_dataset/Blight/Corn_Blight (611).JPG,corn,Blight,Blight,Corn_Blight (611).JPG,14787,0
/Applications/XAMPP/xamppfiles/htdocs/cmu_aiot/leaf workshop/corn_dataset/Blight/Corn_Blight (441).JPG,corn,Blight,Blight,Corn_Blight (441).JPG,12530,0
/Applications/XAMPP/xamppfiles/htdocs/cmu_aiot/leaf workshop/corn_dataset/Healthy/Corn_Health (571).jpg,corn,Healthy,Healthy,Corn_Health (571).jpg,7575,3
/Applications/XAMPP/xamppfiles/htdocs/cmu_aiot/leaf workshop/corn_dataset/Common_Rust/Corn_Common_Rust (339).JPG,corn,Common_Rust,Common_Rust,Corn_Common_Rust (339).JPG,12982,1
/Applications/XAMPP/xamppfiles/htdocs/cmu_aiot/leaf workshop/corn_dataset/Healthy/Corn_Health (259).jpg,corn,Healthy,Healthy,Corn_Health (259).jpg,8287,3
/Applications/XAMPP/xamppfiles/htdocs/cmu_aiot/leaf workshop/corn_dataset/Gray_Leaf_Spot/Corn_Gray_Spot (55).jpg,corn,Gray_Leaf_Spot,Gray_Leaf_Spot,Corn_Gray_Spot (55).jpg,14407,2
/Applications/XAMPP/xamppfiles/htdocs/cmu_aiot/leaf workshop/corn_dataset/Healthy/Corn_Health (1114).jpg,corn,Healthy,Healthy,Corn_Health (1114).jpg,14254,3
/Applications/XAMPP/xamppfiles/htdocs/cmu_aiot/leaf workshop/corn_dataset/Gray_Leaf_Spot/Corn_Gray_Spot (76).JPG,corn,Gray_Leaf_Spot,Gray_Leaf_Spot,Corn_Gray_Spot (76).JPG,17147,2
/Applications/XAMPP/xamppfiles/htdocs/cmu_aiot/leaf workshop/corn_dataset/Common_Rust/Corn_Common_Rust (336).JPG,corn,Common_Rust,Common_Rust,Corn_Common_Rust (336).JPG,13871,1
/Applications/XAMPP/xamppfiles/htdocs/cmu_aiot/leaf workshop/corn_dataset/Healthy/Corn_Health (330).jpg,corn,Healthy,Healthy,Corn_Health (330).jpg,10927,3
/Applications/XAMPP/xamppfiles/htdocs/cmu_aiot/leaf workshop/corn_dataset/Blight/Corn_Blight (203).JPG,corn,Blight,Blight,Corn_Blight (203).JPG,16168,0
/Applications/XAMPP/xamppfiles/htdocs/cmu_aiot/leaf workshop/corn_dataset/Healthy/Corn_Health (1068).jpg,corn,Healthy,Healthy,Corn_Health (1068).jpg,20887,3
/Applications/XAMPP/xamppfiles/htdocs/cmu_aiot/leaf workshop/corn_dataset/Healthy/Corn_Health (956).jpg,corn,Healthy,Healthy,Corn_Health (956).jpg,10714,3
/Applications/XAMPP/xamppfiles/htdocs/cmu_aiot/leaf workshop/corn_dataset/Common_Rust/Corn_Common_Rust (1209).JPG,corn,Common_Rust,Common_Rust,Corn_Common_Rust (1209).JPG,15622,1
/Applications/XAMPP/xamppfiles/htdocs/cmu_aiot/leaf workshop/corn_dataset/Healthy/Corn_Health (53).jpg,corn,Healthy,Healthy,Corn_Health (53).jpg,13931,3
/Applications/XAMPP/xamppfiles/htdocs/cmu_aiot/leaf workshop/corn_dataset/Common_Rust/Corn_Common_Rust (143).JPG,corn,Common_Rust,Common_Rust,Corn_Common_Rust (143).JPG,14254,1
/Applications/XAMPP/xamppfiles/htdocs/cmu_aiot/leaf workshop/corn_dataset/Healthy/Corn_Health (718).jpg,corn,Healthy,Healthy,Corn_Health (718).jpg,8159,3
/Applications/XAMPP/xamppfiles/htdocs/cmu_aiot/leaf workshop/corn_dataset/Blight/Corn_Blight (1076).jpg,corn,Blight,Blight,Corn_Blight (1076).jpg,14839,0
/Applications/XAMPP/xamppfiles/htdocs/cmu_aiot/leaf workshop/corn_dataset/Common_Rust/Corn_Common_Rust (1147).JPG,corn,Common_Rust,Common_Rust,Corn_Common_Rust (1147).JPG,10920,1
/Applications/XAMPP/xamppfiles/htdocs/cmu_aiot/leaf workshop/corn_dataset/Healthy/Corn_Health (593).jpg,corn,Healthy,Healthy,Corn_Health (593).jpg,13576,3
/Applications/XAMPP/xamppfiles/htdocs/cmu_aiot/leaf workshop/corn_dataset/Blight/Corn_Blight (720).jpg,corn,Blight,Blight,Corn_Blight (720).jpg,15654,0
/Applications/XAMPP/xamppfiles/htdocs/cmu_aiot/leaf workshop/corn_dataset/Gray_Leaf_Spot/Corn_Gray_Spot (155).JPG,corn,Gray_Leaf_Spot,Gray_Leaf_Spot,Corn_Gray_Spot (155).JPG,15868,2
/Applications/XAMPP/xamppfiles/htdocs/cmu_aiot/leaf workshop/corn_dataset/Blight/Corn_Blight (1101).jpg,corn,Blight,Blight,Corn_Blight (1101).jpg,399001,0
/Applications/XAMPP/xamppfiles/htdocs/cmu_aiot/leaf workshop/corn_dataset/Gray_Leaf_Spot/Corn_Gray_Spot (162).JPG,corn,Gray_Leaf_Spot,Gray_Leaf_Spot,Corn_Gray_Spot (162).JPG,15346,2
/Applications/XAMPP/xamppfiles/htdocs/cmu_aiot/leaf workshop/corn_dataset/Common_Rust/Corn_Common_Rust (399).JPG,corn,Common_Rust,Common_Rust,Corn_Common_Rust (399).JPG,14632,1
/Applications/XAMPP/xamppfiles/htdocs/cmu_aiot/leaf workshop/corn_dataset/Healthy/Corn_Health (171).jpg,corn,Healthy,Healthy,Corn_Health (171).jpg,13971,3
/Applications/XAMPP/xamppfiles/htdocs/cmu_aiot/leaf workshop/corn_dataset/Healthy/Corn_Health (919).jpg,corn,Healthy,Healthy,Corn_Health (919).jpg,6676,3
/Applications/XAMPP/xamppfiles/htdocs/cmu_aiot/leaf workshop/corn_dataset/Healthy/Corn_Health (5).jpg,corn,Healthy,Healthy,Corn_Health (5).jpg,13827,3
/Applications/XAMPP/xamppfiles/htdocs/cmu_aiot/leaf workshop/corn_dataset/Healthy/Corn_Health (363).jpg,corn,Healthy,Healthy,Corn_Health (363).jpg,5780,3
/Applications/XAMPP/xamppfiles/htdocs/cmu_aiot/leaf workshop/corn_dataset/Healthy/Corn_Health (1073).jpg,corn,Healthy,Healthy,Corn_Health (1073).jpg,10757,3
/Applications/XAMPP/xamppfiles/htdocs/cmu_aiot/leaf workshop/corn_dataset/Blight/Corn_Blight (131).JPG,corn,Blight,Blight,Corn_Blight (131).JPG,12835,0
/Applications/XAMPP/xamppfiles/htdocs/cmu_aiot/leaf workshop/corn_dataset/Gray_Leaf_Spot/Corn_Gray_Spot (499).JPG,corn,Gray_Leaf_Spot,Gray_Leaf_Spot,Corn_Gray_Spot (499).JPG,13343,2
/Applications/XAMPP/xamppfiles/htdocs/cmu_aiot/leaf workshop/corn_dataset/Blight/Corn_Blight (556).JPG,corn,Blight,Blight,Corn_Blight (556).JPG,13637,0
/Applications/XAMPP/xamppfiles/htdocs/cmu_aiot/leaf workshop/corn_dataset/Healthy/Corn_Health (889).jpg,corn,Healthy,Healthy,Corn_Health (889).jpg,12593,3
/Applications/XAMPP/xamppfiles/htdocs/cmu_aiot/leaf workshop/corn_dataset/Blight/Corn_Blight (253).JPG,corn,Blight,Blight,Corn_Blight (253).JPG,18454,0
/Applications/XAMPP/xamppfiles/htdocs/cmu_aiot/leaf workshop/corn_dataset/Common_Rust/Corn_Common_Rust (334).JPG,corn,Common_Rust,Common_Rust,Corn_Common_Rust (334).JPG,15753,1
/Applications/XAMPP/xamppfiles/htdocs/cmu_aiot/leaf workshop/corn_dataset/Healthy/Corn_Health (255).jpg,corn,Healthy,Healthy,Corn_Health (255).jpg,7971,3
/Applications/XAMPP/xamppfiles/htdocs/cmu_aiot/leaf workshop/corn_dataset/Common_Rust/Corn_Common_Rust (448).JPG,corn,Common_Rust,Common_Rust,Corn_Common_Rust (448).JPG,12913,1
/Applications/XAMPP/xamppfiles/htdocs/cmu_aiot/leaf workshop/corn_dataset/Blight/Corn_Blight (609).JPG,corn,Blight,Blight,Corn_Blight (609).JPG,15839,0
/Applications/XAMPP/xamppfiles/htdocs/cmu_aiot/leaf workshop/corn_dataset/Gray_Leaf_Spot/Corn_Gray_Spot (319).JPG,corn,Gray_Leaf_Spot,Gray_Leaf_Spot,Corn_Gray_Spot (319).JPG,12152,2
/Applications/XAMPP/xamppfiles/htdocs/cmu_aiot/leaf workshop/corn_dataset/Blight/Corn_Blight (398).JPG,corn,Blight,Blight,Corn_Blight (398).JPG,11344,0
/Applications/XAMPP/xamppfiles/htdocs/cmu_aiot/leaf workshop/corn_dataset/Healthy/Corn_Health (600).jpg,corn,Healthy,Healthy,Corn_Health (600).jpg,9927,3
/Applications/XAMPP/xamppfiles/htdocs/cmu_aiot/leaf workshop/corn_dataset/Healthy/Corn_Health (1125).jpg,corn,Healthy,Healthy,Corn_Health (1125).jpg,15616,3
/Applications/XAMPP/xamppfiles/htdocs/cmu_aiot/leaf workshop/corn_dataset/Blight/Corn_Blight (503).JPG,corn,Blight,Blight,Corn_Blight (503).JPG,14632,0
/Applications/XAMPP/xamppfiles/htdocs/cmu_aiot/leaf workshop/corn_dataset/Common_Rust/Corn_Common_Rust (328).JPG,corn,Common_Rust,Common_Rust,Corn_Common_Rust (328).JPG,13430,1
/Applications/XAMPP/xamppfiles/htdocs/cmu_aiot/leaf workshop/corn_dataset/Common_Rust/Corn_Common_Rust (1183).JPG,corn,Common_Rust,Common_Rust,Corn_Common_Rust (1183).JPG,14937,1
/Applications/XAMPP/xamppfiles/htdocs/cmu_aiot/leaf workshop/corn_dataset/Healthy/Corn_Health (345).jpg,corn,Healthy,Healthy,Corn_Health (345).jpg,17318,3
/Applications/XAMPP/xamppfiles/htdocs/cmu_aiot/leaf workshop/corn_dataset/Gray_Leaf_Spot/Corn_Gray_Spot (307).JPG,corn,Gray_Leaf_Spot,Gray_Leaf_Spot,Corn_Gray_Spot (307).JPG,13247,2
/Applications/XAMPP/xamppfiles/htdocs/cmu_aiot/leaf workshop/corn_dataset/Blight/Corn_Blight (679).JPG,corn,Blight,Blight,Corn_Blight (679).JPG,17455,0
/Applications/XAMPP/xamppfiles/htdocs/cmu_aiot/leaf workshop/corn_dataset/Gray_Leaf_Spot/Corn_Gray_Spot (62).JPG,corn,Gray_Leaf_Spot,Gray_Leaf_Spot,Corn_Gray_Spot (62).JPG,23075,2
/Applications/XAMPP/xamppfiles/htdocs/cmu_aiot/leaf workshop/corn_dataset/Common_Rust/Corn_Common_Rust (287).JPG,corn,Common_Rust,Common_Rust,Corn_Common_Rust (287).JPG,11705,1
/Applications/XAMPP/xamppfiles/htdocs/cmu_aiot/leaf workshop/corn_dataset/Common_Rust/Corn_Common_Rust (43).jpg,corn,Common_Rust,Common_Rust,Corn_Common_Rust (43).jpg,75325,1
/Applications/XAMPP/xamppfiles/htdocs/cmu_aiot/leaf workshop/corn_dataset/Healthy/Corn_Health (490).jpg,corn,Healthy,Healthy,Corn_Health (490).jpg,5661,3
/Applications/XAMPP/xamppfiles/htdocs/cmu_aiot/leaf workshop/corn_dataset/Common_Rust/Corn_Common_Rust (1281).jpg,corn,Common_Rust,Common_Rust,Corn_Common_Rust (1281).jpg,280509,1
/Applications/XAMPP/xamppfiles/htdocs/cmu_aiot/leaf workshop/corn_dataset/Common_Rust/Corn_Common_Rust (666).JPG,corn,Common_Rust,Common_Rust,Corn_Common_Rust (666).JPG,16684,1
/Applications/XAMPP/xamppfiles/htdocs/cmu_aiot/leaf workshop/corn_dataset/Blight/Corn_Blight (925).JPG,corn,Blight,Blight,Corn_Blight (925).JPG,12433,0
/Applications/XAMPP/xamppfiles/htdocs/cmu_aiot/leaf workshop/corn_dataset/Blight/Corn_Blight (376).JPG,corn,Blight,Blight,Corn_Blight (376).JPG,13918,0
/Applications/XAMPP/xamppfiles/htdocs/cmu_aiot/leaf workshop/corn_dataset/Common_Rust/Corn_Common_Rust (1279).jpg,corn,Common_Rust,Common_Rust,Corn_Common_Rust (1279).jpg,31681,1
/Applications/XAMPP/xamppfiles/htdocs/cmu_aiot/leaf workshop/corn_dataset/Common_Rust/Corn_Common_Rust (305).JPG,corn,Common_Rust,Common_Rust,Corn_Common_Rust (305).JPG,10831,1
/Applications/XAMPP/xamppfiles/htdocs/cmu_aiot/leaf workshop/corn_dataset/Blight/Corn_Blight (373).JPG,corn,Blight,Blight,Corn_Blight (373).JPG,16975,0
/Applications/XAMPP/xamppfiles/htdocs/cmu_aiot/leaf workshop/corn_dataset/Healthy/Corn_Health (248).jpg,corn,Healthy,Healthy,Corn_Health (248).jpg,10239,3
/Applications/XAMPP/xamppfiles/htdocs/cmu_aiot/leaf workshop/corn_dataset/Common_Rust/Corn_Common_Rust (1240).JPG,corn,Common_Rust,Common_Rust,Corn_Common_Rust (1240).JPG,15011,1
/Applications/XAMPP/xamppfiles/htdocs/cmu_aiot/leaf workshop/corn_dataset/Gray_Leaf_Spot/Corn_Gray_Spot (292).jpg,corn,Gray_Leaf_Spot,Gray_Leaf_Spot,Corn_Gray_Spot (292).jpg,19726,2
/Applications/XAMPP/xamppfiles/htdocs/cmu_aiot/leaf workshop/corn_dataset/Gray_Leaf_Spot/Corn_Gray_Spot (167).JPG,corn,Gray_Leaf_Spot,Gray_Leaf_Spot,Corn_Gray_Spot (167).JPG,15096,2
/Applications/XAMPP/xamppfiles/htdocs/cmu_aiot/leaf workshop/corn_dataset/Blight/Corn_Blight (96).jpg,corn,Blight,Blight,Corn_Blight (96).jpg,960372,0
/Applications/XAMPP/xamppfiles/htdocs/cmu_aiot/leaf workshop/corn_dataset/Healthy/Corn_Health (404).jpg,corn,Healthy,Healthy,Corn_Health (404).jpg,14112,3
/Applications/XAMPP/xamppfiles/htdocs/cmu_aiot/leaf workshop/corn_dataset/Blight/Corn_Blight (923).JPG,corn,Blight,Blight,Corn_Blight (923).JPG,12086,0
/Applications/XAMPP/xamppfiles/htdocs/cmu_aiot/leaf workshop/corn_dataset/Common_Rust/Corn_Common_Rust (192).JPG,corn,Common_Rust,Common_Rust,Corn_Common_Rust (192).JPG,10893,1
/Applications/XAMPP/xamppfiles/htdocs/cmu_aiot/leaf workshop/corn_dataset/Healthy/Corn_Health (913).jpg,corn,Healthy,Healthy,Corn_Health (913).jpg,14727,3
/Applications/XAMPP/xamppfiles/htdocs/cmu_aiot/leaf workshop/corn_dataset/Blight/Corn_Blight (719).JPG,corn,Blight,Blight,Corn_Blight (719).JPG,12075,0
/Applications/XAMPP/xamppfiles/htdocs/cmu_aiot/leaf workshop/corn_dataset/Blight/Corn_Blight (960).jpg,corn,Blight,Blight,Corn_Blight (960).jpg,11714,0
/Applications/XAMPP/xamppfiles/htdocs/cmu_aiot/leaf workshop/corn_dataset/Blight/Corn_Blight (724).JPG,corn,Blight,Blight,Corn_Blight (724).JPG,12285,0
/Applications/XAMPP/xamppfiles/htdocs/cmu_aiot/leaf workshop/corn_dataset/Gray_Leaf_Spot/Corn_Gray_Spot (484).JPG,corn,Gray_Leaf_Spot,Gray_Leaf_Spot,Corn_Gray_Spot (484).JPG,14146,2
/Applications/XAMPP/xamppfiles/htdocs/cmu_aiot/leaf workshop/corn_dataset/Blight/Corn_Blight (1002).JPG,corn,Blight,Blight,Corn_Blight (1002).JPG,11904,0
/Applications/XAMPP/xamppfiles/htdocs/cmu_aiot/leaf workshop/corn_dataset/Gray_Leaf_Spot/Corn_Gray_Spot (507).JPG,corn,Gray_Leaf_Spot,Gray_Leaf_Spot,Corn_Gray_Spot (507).JPG,21459,2
/Applications/XAMPP/xamppfiles/htdocs/cmu_aiot/leaf workshop/corn_dataset/Common_Rust/Corn_Common_Rust (453).JPG,corn,Common_Rust,Common_Rust,Corn_Common_Rust (453).JPG,13387,1
/Applications/XAMPP/xamppfiles/htdocs/cmu_aiot/leaf workshop/corn_dataset/Blight/Corn_Blight (116).JPG,corn,Blight,Blight,Corn_Blight (116).JPG,14896,0
/Applications/XAMPP/xamppfiles/htdocs/cmu_aiot/leaf workshop/corn_dataset/Healthy/Corn_Health (744).jpg,corn,Healthy,Healthy,Corn_Health (744).jpg,5744,3
/Applications/XAMPP/xamppfiles/htdocs/cmu_aiot/leaf workshop/corn_dataset/Blight/Corn_Blight (968).jpg,corn,Blight,Blight,Corn_Blight (968).jpg,12859,0
/Applications/XAMPP/xamppfiles/htdocs/cmu_aiot/leaf workshop/corn_dataset/Blight/Corn_Blight (146).JPG,corn,Blight,Blight,Corn_Blight (146).JPG,14713,0
/Applications/XAMPP/xamppfiles/htdocs/cmu_aiot/leaf workshop/corn_dataset/Blight/Corn_Blight (838).JPG,corn,Blight,Blight,Corn_Blight (838).JPG,13303,0
/Applications/XAMPP/xamppfiles/htdocs/cmu_aiot/leaf workshop/corn_dataset/Gray_Leaf_Spot/Corn_Gray_Spot (522).jpg,corn,Gray_Leaf_Spot,Gray_Leaf_Spot,Corn_Gray_Spot (522).jpg,20537,2
/Applications/XAMPP/xamppfiles/htdocs/cmu_aiot/leaf workshop/corn_dataset/Blight/Corn_Blight (729).JPG,corn,Blight,Blight,Corn_Blight (729).JPG,13176,0
/Applications/XAMPP/xamppfiles/htdocs/cmu_aiot/leaf workshop/corn_dataset/Gray_Leaf_Spot/Corn_Gray_Spot (438).JPG,corn,Gray_Leaf_Spot,Gray_Leaf_Spot,Corn_Gray_Spot (438).JPG,18547,2
/Applications/XAMPP/xamppfiles/htdocs/cmu_aiot/leaf workshop/corn_dataset/Common_Rust/Corn_Common_Rust (392).JPG,corn,Common_Rust,Common_Rust,Corn_Common_Rust (392).JPG,10892,1
/Applications/XAMPP/xamppfiles/htdocs/cmu_aiot/leaf workshop/corn_dataset/Common_Rust/Corn_Common_Rust (1075).JPG,corn,Common_Rust,Common_Rust,Corn_Common_Rust (1075).JPG,12568,1
/Applications/XAMPP/xamppfiles/htdocs/cmu_aiot/leaf workshop/corn_dataset/Healthy/Corn_Health (251).jpg,corn,Healthy,Healthy,Corn_Health (251).jpg,5393,3
/Applications/XAMPP/xamppfiles/htdocs/cmu_aiot/leaf workshop/corn_dataset/Common_Rust/Corn_Common_Rust (672).JPG,corn,Common_Rust,Common_Rust,Corn_Common_Rust (672).JPG,15871,1
/Applications/XAMPP/xamppfiles/htdocs/cmu_aiot/leaf workshop/corn_dataset/Blight/Corn_Blight (1045).JPG,corn,Blight,Blight,Corn_Blight (1045).JPG,15046,0
/Applications/XAMPP/xamppfiles/htdocs/cmu_aiot/leaf workshop/corn_dataset/Gray_Leaf_Spot/Corn_Gray_Spot (413).JPG,corn,Gray_Leaf_Spot,Gray_Leaf_Spot,Corn_Gray_Spot (413).JPG,16247,2
/Applications/XAMPP/xamppfiles/htdocs/cmu_aiot/leaf workshop/corn_dataset/Common_Rust/Corn_Common_Rust (1196).JPG,corn,Common_Rust,Common_Rust,Corn_Common_Rust (1196).JPG,13133,1
/Applications/XAMPP/xamppfiles/htdocs/cmu_aiot/leaf workshop/corn_dataset/Healthy/Corn_Health (834).jpg,corn,Healthy,Healthy,Corn_Health (834).jpg,12445,3
/Applications/XAMPP/xamppfiles/htdocs/cmu_aiot/leaf workshop/corn_dataset/Common_Rust/Corn_Common_Rust (1009).JPG,corn,Common_Rust,Common_Rust,Corn_Common_Rust (1009).JPG,18244,1
/Applications/XAMPP/xamppfiles/htdocs/cmu_aiot/leaf workshop/corn_dataset/Common_Rust/Corn_Common_Rust (481).JPG,corn,Common_Rust,Common_Rust,Corn_Common_Rust (481).JPG,14321,1
/Applications/XAMPP/xamppfiles/htdocs/cmu_aiot/leaf workshop/corn_dataset/Healthy/Corn_Health (844).jpg,corn,Healthy,Healthy,Corn_Health (844).jpg,10266,3
/Applications/XAMPP/xamppfiles/htdocs/cmu_aiot/leaf workshop/corn_dataset/Blight/Corn_Blight (846).jpg,corn,Blight,Blight,Corn_Blight (846).jpg,9836,0
/Applications/XAMPP/xamppfiles/htdocs/cmu_aiot/leaf workshop/corn_dataset/Gray_Leaf_Spot/Corn_Gray_Spot (175).jpg,corn,Gray_Leaf_Spot,Gray_Leaf_Spot,Corn_Gray_Spot (175).jpg,14436,2
/Applications/XAMPP/xamppfiles/htdocs/cmu_aiot/leaf workshop/corn_dataset/Blight/Corn_Blight (295).JPG,corn,Blight,Blight,Corn_Blight (295).JPG,15004,0
/Applications/XAMPP/xamppfiles/htdocs/cmu_aiot/leaf workshop/corn_dataset/Common_Rust/Corn_Common_Rust (55).jpg,corn,Common_Rust,Common_Rust,Corn_Common_Rust (55).jpg,240804,1
/Applications/XAMPP/xamppfiles/htdocs/cmu_aiot/leaf workshop/corn_dataset/Common_Rust/Corn_Common_Rust (69).jpg,corn,Common_Rust,Common_Rust,Corn_Common_Rust (69).jpg,322244,1
/Applications/XAMPP/xamppfiles/htdocs/cmu_aiot/leaf workshop/corn_dataset/Common_Rust/Corn_Common_Rust (540).JPG,corn,Common_Rust,Common_Rust,Corn_Common_Rust (540).JPG,10455,1
/Applications/XAMPP/xamppfiles/htdocs/cmu_aiot/leaf workshop/corn_dataset/Blight/Corn_Blight (647).JPG,corn,Blight,Blight,Corn_Blight (647).JPG,12784,0
/Applications/XAMPP/xamppfiles/htdocs/cmu_aiot/leaf workshop/corn_dataset/Healthy/Corn_Health (60).jpg,corn,Healthy,Healthy,Corn_Health (60).jpg,8501,3
/Applications/XAMPP/xamppfiles/htdocs/cmu_aiot/leaf workshop/corn_dataset/Healthy/Corn_Health (1019).jpg,corn,Healthy,Healthy,Corn_Health (1019).jpg,10609,3
/Applications/XAMPP/xamppfiles/htdocs/cmu_aiot/leaf workshop/corn_dataset/Blight/Corn_Blight (233).JPG,corn,Blight,Blight,Corn_Blight (233).JPG,11256,0
/Applications/XAMPP/xamppfiles/htdocs/cmu_aiot/leaf workshop/corn_dataset/Healthy/Corn_Health (1062).jpg,corn,Healthy,Healthy,Corn_Health (1062).jpg,11166,3
/Applications/XAMPP/xamppfiles/htdocs/cmu_aiot/leaf workshop/corn_dataset/Healthy/Corn_Health (1032).jpg,corn,Healthy,Healthy,Corn_Health (1032).jpg,18748,3
/Applications/XAMPP/xamppfiles/htdocs/cmu_aiot/leaf workshop/corn_dataset/Blight/Corn_Blight (844).JPG,corn,Blight,Blight,Corn_Blight (844).JPG,12551,0
/Applications/XAMPP/xamppfiles/htdocs/cmu_aiot/leaf workshop/corn_dataset/Common_Rust/Corn_Common_Rust (557).JPG,corn,Common_Rust,Common_Rust,Corn_Common_Rust (557).JPG,17155,1
/Applications/XAMPP/xamppfiles/htdocs/cmu_aiot/leaf workshop/corn_dataset/Healthy/Corn_Health (1047).JPG,corn,Healthy,Healthy,Corn_Health (1047).JPG,11756,3
/Applications/XAMPP/xamppfiles/htdocs/cmu_aiot/leaf workshop/corn_dataset/Gray_Leaf_Spot/Corn_Gray_Spot (28).jpg,corn,Gray_Leaf_Spot,Gray_Leaf_Spot,Corn_Gray_Spot (28).jpg,27360,2
/Applications/XAMPP/xamppfiles/htdocs/cmu_aiot/leaf workshop/corn_dataset/Common_Rust/Corn_Common_Rust (290).JPG,corn,Common_Rust,Common_Rust,Corn_Common_Rust (290).JPG,15337,1
/Applications/XAMPP/xamppfiles/htdocs/cmu_aiot/leaf workshop/corn_dataset/Common_Rust/Corn_Common_Rust (1252).JPG,corn,Common_Rust,Common_Rust,Corn_Common_Rust (1252).JPG,14615,1
/Applications/XAMPP/xamppfiles/htdocs/cmu_aiot/leaf workshop/corn_dataset/Common_Rust/Corn_Common_Rust (1300).jpg,corn,Common_Rust,Common_Rust,Corn_Common_Rust (1300).jpg,181249,1
/Applications/XAMPP/xamppfiles/htdocs/cmu_aiot/leaf workshop/corn_dataset/Common_Rust/Corn_Common_Rust (1256).JPG,corn,Common_Rust,Common_Rust,Corn_Common_Rust (1256).JPG,14431,1
/Applications/XAMPP/xamppfiles/htdocs/cmu_aiot/leaf workshop/corn_dataset/Healthy/Corn_Health (818).jpg,corn,Healthy,Healthy,Corn_Health (818).jpg,10966,3
/Applications/XAMPP/xamppfiles/htdocs/cmu_aiot/leaf workshop/corn_dataset/Blight/Corn_Blight (38).jpg,corn,Blight,Blight,Corn_Blight (38).jpg,71532,0
/Applications/XAMPP/xamppfiles/htdocs/cmu_aiot/leaf workshop/corn_dataset/Healthy/Corn_Health (728).jpg,corn,Healthy,Healthy,Corn_Health (728).jpg,13420,3
/Applications/XAMPP/xamppfiles/htdocs/cmu_aiot/leaf workshop/corn_dataset/Healthy/Corn_Health (71).jpg,corn,Healthy,Healthy,Corn_Health (71).jpg,10898,3
/Applications/XAMPP/xamppfiles/htdocs/cmu_aiot/leaf workshop/corn_dataset/Common_Rust/Corn_Common_Rust (488).JPG,corn,Common_Rust,Common_Rust,Corn_Common_Rust (488).JPG,10979,1
/Applications/XAMPP/xamppfiles/htdocs/cmu_aiot/leaf workshop/corn_dataset/Healthy/Corn_Health (703).jpg,corn,Healthy,Healthy,Corn_Health (703).jpg,15161,3
/Applications/XAMPP/xamppfiles/htdocs/cmu_aiot/leaf workshop/corn_dataset/Healthy/Corn_Health (1075).jpg,corn,Healthy,Healthy,Corn_Health (1075).jpg,8532,3
/Applications/XAMPP/xamppfiles/htdocs/cmu_aiot/leaf workshop/corn_dataset/Healthy/Corn_Health (708).jpg,corn,Healthy,Healthy,Corn_Health (708).jpg,11138,3
/Applications/XAMPP/xamppfiles/htdocs/cmu_aiot/leaf workshop/corn_dataset/Healthy/Corn_Health (334).jpg,corn,Healthy,Healthy,Corn_Health (334).jpg,7713,3
/Applications/XAMPP/xamppfiles/htdocs/cmu_aiot/leaf workshop/corn_dataset/Common_Rust/Corn_Common_Rust (541).JPG,corn,Common_Rust,Common_Rust,Corn_Common_Rust (541).JPG,10151,1
/Applications/XAMPP/xamppfiles/htdocs/cmu_aiot/leaf workshop/corn_dataset/Healthy/Corn_Health (918).jpg,corn,Healthy,Healthy,Corn_Health (918).jpg,13081,3
/Applications/XAMPP/xamppfiles/htdocs/cmu_aiot/leaf workshop/corn_dataset/Healthy/Corn_Health (1132).jpg,corn,Healthy,Healthy,Corn_Health (1132).jpg,13095,3
/Applications/XAMPP/xamppfiles/htdocs/cmu_aiot/leaf workshop/corn_dataset/Blight/Corn_Blight (1127).jpg,corn,Blight,Blight,Corn_Blight (1127).jpg,63556,0
/Applications/XAMPP/xamppfiles/htdocs/cmu_aiot/leaf workshop/corn_dataset/Blight/Corn_Blight (412).JPG,corn,Blight,Blight,Corn_Blight (412).JPG,13891,0
/Applications/XAMPP/xamppfiles/htdocs/cmu_aiot/leaf workshop/corn_dataset/Common_Rust/Corn_Common_Rust (463).JPG,corn,Common_Rust,Common_Rust,Corn_Common_Rust (463).JPG,12585,1
/Applications/XAMPP/xamppfiles/htdocs/cmu_aiot/leaf workshop/corn_dataset/Common_Rust/Corn_Common_Rust (1215).JPG,corn,Common_Rust,Common_Rust,Corn_Common_Rust (1215).JPG,10623,1
/Applications/XAMPP/xamppfiles/htdocs/cmu_aiot/leaf workshop/corn_dataset/Gray_Leaf_Spot/Corn_Gray_Spot (83).JPG,corn,Gray_Leaf_Spot,Gray_Leaf_Spot,Corn_Gray_Spot (83).JPG,22397,2
/Applications/XAMPP/xamppfiles/htdocs/cmu_aiot/leaf workshop/corn_dataset/Blight/Corn_Blight (48).jpg,corn,Blight,Blight,Corn_Blight (48).jpg,20908,0
/Applications/XAMPP/xamppfiles/htdocs/cmu_aiot/leaf workshop/corn_dataset/Healthy/Corn_Health (459).JPG,corn,Healthy,Healthy,Corn_Health (459).JPG,16197,3
/Applications/XAMPP/xamppfiles/htdocs/cmu_aiot/leaf workshop/corn_dataset/Gray_Leaf_Spot/Corn_Gray_Spot (355).JPG,corn,Gray_Leaf_Spot,Gray_Leaf_Spot,Corn_Gray_Spot (355).JPG,16898,2
/Applications/XAMPP/xamppfiles/htdocs/cmu_aiot/leaf workshop/corn_dataset/Blight/Corn_Blight (459).JPG,corn,Blight,Blight,Corn_Blight (459).JPG,14908,0
/Applications/XAMPP/xamppfiles/htdocs/cmu_aiot/leaf workshop/corn_dataset/Common_Rust/Corn_Common_Rust (351).JPG,corn,Common_Rust,Common_Rust,Corn_Common_Rust (351).JPG,12607,1
/Applications/XAMPP/xamppfiles/htdocs/cmu_aiot/leaf workshop/corn_dataset/Common_Rust/Corn_Common_Rust (176).JPG,corn,Common_Rust,Common_Rust,Corn_Common_Rust (176).JPG,15064,1
/Applications/XAMPP/xamppfiles/htdocs/cmu_aiot/leaf workshop/corn_dataset/Blight/Corn_Blight (608).JPG,corn,Blight,Blight,Corn_Blight (608).JPG,14412,0
/Applications/XAMPP/xamppfiles/htdocs/cmu_aiot/leaf workshop/corn_dataset/Healthy/Corn_Health (897).jpg,corn,Healthy,Healthy,Corn_Health (897).jpg,13634,3
/Applications/XAMPP/xamppfiles/htdocs/cmu_aiot/leaf workshop/corn_dataset/Blight/Corn_Blight (425).JPG,corn,Blight,Blight,Corn_Blight (425).JPG,11164,0
/Applications/XAMPP/xamppfiles/htdocs/cmu_aiot/leaf workshop/corn_dataset/Healthy/Corn_Health (65).jpg,corn,Healthy,Healthy,Corn_Health (65).jpg,13804,3
/Applications/XAMPP/xamppfiles/htdocs/cmu_aiot/leaf workshop/corn_dataset/Healthy/Corn_Health (950).jpg,corn,Healthy,Healthy,Corn_Health (950).jpg,14477,3
/Applications/XAMPP/xamppfiles/htdocs/cmu_aiot/leaf workshop/corn_dataset/Blight/Corn_Blight (160).JPG,corn,Blight,Blight,Corn_Blight (160).JPG,12122,0
/Applications/XAMPP/xamppfiles/htdocs/cmu_aiot/leaf workshop/corn_dataset/Common_Rust/Corn_Common_Rust (1064).JPG,corn,Common_Rust,Common_Rust,Corn_Common_Rust (1064).JPG,13938,1
/Applications/XAMPP/xamppfiles/htdocs/cmu_aiot/leaf workshop/corn_dataset/Common_Rust/Corn_Common_Rust (265).JPG,corn,Common_Rust,Common_Rust,Corn_Common_Rust (265).JPG,17213,1
/Applications/XAMPP/xamppfiles/htdocs/cmu_aiot/leaf workshop/corn_dataset/Common_Rust/Corn_Common_Rust (349).JPG,corn,Common_Rust,Common_Rust,Corn_Common_Rust (349).JPG,15697,1
/Applications/XAMPP/xamppfiles/htdocs/cmu_aiot/leaf workshop/corn_dataset/Blight/Corn_Blight (428).JPG,corn,Blight,Blight,Corn_Blight (428).JPG,14930,0
/Applications/XAMPP/xamppfiles/htdocs/cmu_aiot/leaf workshop/corn_dataset/Common_Rust/Corn_Common_Rust (16).jpg,corn,Common_Rust,Common_Rust,Corn_Common_Rust (16).jpg,183475,1
/Applications/XAMPP/xamppfiles/htdocs/cmu_aiot/leaf workshop/corn_dataset/Blight/Corn_Blight (234).JPG,corn,Blight,Blight,Corn_Blight (234).JPG,12176,0
/Applications/XAMPP/xamppfiles/htdocs/cmu_aiot/leaf workshop/corn_dataset/Healthy/Corn_Health (796).jpg,corn,Healthy,Healthy,Corn_Health (796).jpg,16434,3
/Applications/XAMPP/xamppfiles/htdocs/cmu_aiot/leaf workshop/corn_dataset/Blight/Corn_Blight (104).jpg,corn,Blight,Blight,Corn_Blight (104).jpg,21653,0
/Applications/XAMPP/xamppfiles/htdocs/cmu_aiot/leaf workshop/corn_dataset/Blight/Corn_Blight (433).jpg,corn,Blight,Blight,Corn_Blight (433).jpg,13488,0
/Applications/XAMPP/xamppfiles/htdocs/cmu_aiot/leaf workshop/corn_dataset/Gray_Leaf_Spot/Corn_Gray_Spot (49).JPG,corn,Gray_Leaf_Spot,Gray_Leaf_Spot,Corn_Gray_Spot (49).JPG,15428,2
/Applications/XAMPP/xamppfiles/htdocs/cmu_aiot/leaf workshop/corn_dataset/Common_Rust/Corn_Common_Rust (117).JPG,corn,Common_Rust,Common_Rust,Corn_Common_Rust (117).JPG,14138,1
/Applications/XAMPP/xamppfiles/htdocs/cmu_aiot/leaf workshop/corn_dataset/Healthy/Corn_Health (470).jpg,corn,Healthy,Healthy,Corn_Health (470).jpg,4993,3
/Applications/XAMPP/xamppfiles/htdocs/cmu_aiot/leaf workshop/corn_dataset/Blight/Corn_Blight (711).JPG,corn,Blight,Blight,Corn_Blight (711).JPG,12238,0
/Applications/XAMPP/xamppfiles/htdocs/cmu_aiot/leaf workshop/corn_dataset/Common_Rust/Corn_Common_Rust (1127).JPG,corn,Common_Rust,Common_Rust,Corn_Common_Rust (1127).JPG,17154,1
/Applications/XAMPP/xamppfiles/htdocs/cmu_aiot/leaf workshop/corn_dataset/Healthy/Corn_Health (802).jpg,corn,Healthy,Healthy,Corn_Health (802).jpg,6584,3
/Applications/XAMPP/xamppfiles/htdocs/cmu_aiot/leaf workshop/corn_dataset/Healthy/Corn_Health (721).jpg,corn,Healthy,Healthy,Corn_Health (721).jpg,7998,3
/Applications/XAMPP/xamppfiles/htdocs/cmu_aiot/leaf workshop/corn_dataset/Common_Rust/Corn_Common_Rust (165).JPG,corn,Common_Rust,Common_Rust,Corn_Common_Rust (165).JPG,12247,1
/Applications/XAMPP/xamppfiles/htdocs/cmu_aiot/leaf workshop/corn_dataset/Common_Rust/Corn_Common_Rust (50).jpg,corn,Common_Rust,Common_Rust,Corn_Common_Rust (50).jpg,52293,1
/Applications/XAMPP/xamppfiles/htdocs/cmu_aiot/leaf workshop/corn_dataset/Blight/Corn_Blight (285).JPG,corn,Blight,Blight,Corn_Blight (285).JPG,15904,0
/Applications/XAMPP/xamppfiles/htdocs/cmu_aiot/leaf workshop/corn_dataset/Healthy/Corn_Health (1095).jpg,corn,Healthy,Healthy,Corn_Health (1095).jpg,6021,3
/Applications/XAMPP/xamppfiles/htdocs/cmu_aiot/leaf workshop/corn_dataset/Common_Rust/Corn_Common_Rust (461).JPG,corn,Common_Rust,Common_Rust,Corn_Common_Rust (461).JPG,8696,1
/Applications/XAMPP/xamppfiles/htdocs/cmu_aiot/leaf workshop/corn_dataset/Blight/Corn_Blight (825).JPG,corn,Blight,Blight,Corn_Blight (825).JPG,13562,0
/Applications/XAMPP/xamppfiles/htdocs/cmu_aiot/leaf workshop/corn_dataset/Common_Rust/Corn_Common_Rust (382).JPG,corn,Common_Rust,Common_Rust,Corn_Common_Rust (382).JPG,16294,1
/Applications/XAMPP/xamppfiles/htdocs/cmu_aiot/leaf workshop/corn_dataset/Blight/Corn_Blight (172).JPG,corn,Blight,Blight,Corn_Blight (172).JPG,11206,0
/Applications/XAMPP/xamppfiles/htdocs/cmu_aiot/leaf workshop/corn_dataset/Blight/Corn_Blight (681).JPG,corn,Blight,Blight,Corn_Blight (681).JPG,14454,0
/Applications/XAMPP/xamppfiles/htdocs/cmu_aiot/leaf workshop/corn_dataset/Blight/Corn_Blight (1).jpg,corn,Blight,Blight,Corn_Blight (1).jpg,80900,0
/Applications/XAMPP/xamppfiles/htdocs/cmu_aiot/leaf workshop/corn_dataset/Blight/Corn_Blight (980).JPG,corn,Blight,Blight,Corn_Blight (980).JPG,15631,0
/Applications/XAMPP/xamppfiles/htdocs/cmu_aiot/leaf workshop/corn_dataset/Common_Rust/Corn_Common_Rust (1302).jpg,corn,Common_Rust,Common_Rust,Corn_Common_Rust (1302).jpg,186150,1
/Applications/XAMPP/xamppfiles/htdocs/cmu_aiot/leaf workshop/corn_dataset/Gray_Leaf_Spot/Corn_Gray_Spot (455).JPG,corn,Gray_Leaf_Spot,Gray_Leaf_Spot,Corn_Gray_Spot (455).JPG,15217,2
/Applications/XAMPP/xamppfiles/htdocs/cmu_aiot/leaf workshop/corn_dataset/Common_Rust/Corn_Common_Rust (700).JPG,corn,Common_Rust,Common_Rust,Corn_Common_Rust (700).JPG,14109,1
/Applications/XAMPP/xamppfiles/htdocs/cmu_aiot/leaf workshop/corn_dataset/Common_Rust/Corn_Common_Rust (516).JPG,corn,Common_Rust,Common_Rust,Corn_Common_Rust (516).JPG,16172,1
/Applications/XAMPP/xamppfiles/htdocs/cmu_aiot/leaf workshop/corn_dataset/Healthy/Corn_Health (484).jpg,corn,Healthy,Healthy,Corn_Health (484).jpg,20176,3
/Applications/XAMPP/xamppfiles/htdocs/cmu_aiot/leaf workshop/corn_dataset/Blight/Corn_Blight (1026).JPG,corn,Blight,Blight,Corn_Blight (1026).JPG,15964,0
/Applications/XAMPP/xamppfiles/htdocs/cmu_aiot/leaf workshop/corn_dataset/Blight/Corn_Blight (979).JPG,corn,Blight,Blight,Corn_Blight (979).JPG,13113,0
/Applications/XAMPP/xamppfiles/htdocs/cmu_aiot/leaf workshop/corn_dataset/Healthy/Corn_Health (1025).jpg,corn,Healthy,Healthy,Corn_Health (1025).jpg,11475,3
/Applications/XAMPP/xamppfiles/htdocs/cmu_aiot/leaf workshop/corn_dataset/Common_Rust/Corn_Common_Rust (250).JPG,corn,Common_Rust,Common_Rust,Corn_Common_Rust (250).JPG,12720,1
/Applications/XAMPP/xamppfiles/htdocs/cmu_aiot/leaf workshop/corn_dataset/Healthy/Corn_Health (781).jpg,corn,Healthy,Healthy,Corn_Health (781).jpg,8855,3
/Applications/XAMPP/xamppfiles/htdocs/cmu_aiot/leaf workshop/corn_dataset/Healthy/Corn_Health (469).jpg,corn,Healthy,Healthy,Corn_Health (469).jpg,5715,3
/Applications/XAMPP/xamppfiles/htdocs/cmu_aiot/leaf workshop/corn_dataset/Common_Rust/Corn_Common_Rust (4).jpg,corn,Common_Rust,Common_Rust,Corn_Common_Rust (4).jpg,33671,1
/Applications/XAMPP/xamppfiles/htdocs/cmu_aiot/leaf workshop/corn_dataset/Blight/Corn_Blight (1092).jpg,corn,Blight,Blight,Corn_Blight (1092).jpg,14872,0
/Applications/XAMPP/xamppfiles/htdocs/cmu_aiot/leaf workshop/corn_dataset/Blight/Corn_Blight (338).JPG,corn,Blight,Blight,Corn_Blight (338).JPG,14148,0
/Applications/XAMPP/xamppfiles/htdocs/cmu_aiot/leaf workshop/corn_dataset/Healthy/Corn_Health (104).jpg,corn,Healthy,Healthy,Corn_Health (104).jpg,13501,3
/Applications/XAMPP/xamppfiles/htdocs/cmu_aiot/leaf workshop/corn_dataset/Healthy/Corn_Health (457).jpg,corn,Healthy,Healthy,Corn_Health (457).jpg,7051,3
/Applications/XAMPP/xamppfiles/htdocs/cmu_aiot/leaf workshop/corn_dataset/Blight/Corn_Blight (886).JPG,corn,Blight,Blight,Corn_Blight (886).JPG,13860,0
/Applications/XAMPP/xamppfiles/htdocs/cmu_aiot/leaf workshop/corn_dataset/Healthy/Corn_Health (1074).jpg,corn,Healthy,Healthy,Corn_Health (1074).jpg,6394,3
/Applications/XAMPP/xamppfiles/htdocs/cmu_aiot/leaf workshop/corn_dataset/Gray_Leaf_Spot/Corn_Gray_Spot (2).jpg,corn,Gray_Leaf_Spot,Gray_Leaf_Spot,Corn_Gray_Spot (2).jpg,68561,2
/Applications/XAMPP/xamppfiles/htdocs/cmu_aiot/leaf workshop/corn_dataset/Healthy/Corn_Health (856).jpg,corn,Healthy,Healthy,Corn_Health (856).jpg,12729,3
/Applications/XAMPP/xamppfiles/htdocs/cmu_aiot/leaf workshop/corn_dataset/Blight/Corn_Blight (453).JPG,corn,Blight,Blight,Corn_Blight (453).JPG,15034,0
/Applications/XAMPP/xamppfiles/htdocs/cmu_aiot/leaf workshop/corn_dataset/Gray_Leaf_Spot/Corn_Gray_Spot (571).jpg,corn,Gray_Leaf_Spot,Gray_Leaf_Spot,Corn_Gray_Spot (571).jpg,34226,2
/Applications/XAMPP/xamppfiles/htdocs/cmu_aiot/leaf workshop/corn_dataset/Healthy/Corn_Health (690).jpg,corn,Healthy,Healthy,Corn_Health (690).jpg,8586,3
/Applications/XAMPP/xamppfiles/htdocs/cmu_aiot/leaf workshop/corn_dataset/Blight/Corn_Blight (91).jpg,corn,Blight,Blight,Corn_Blight (91).jpg,6574069,0
/Applications/XAMPP/xamppfiles/htdocs/cmu_aiot/leaf workshop/corn_dataset/Healthy/Corn_Health (17).jpg,corn,Healthy,Healthy,Corn_Health (17).jpg,10455,3
/Applications/XAMPP/xamppfiles/htdocs/cmu_aiot/leaf workshop/corn_dataset/Gray_Leaf_Spot/Corn_Gray_Spot (73).JPG,corn,Gray_Leaf_Spot,Gray_Leaf_Spot,Corn_Gray_Spot (73).JPG,19172,2
/Applications/XAMPP/xamppfiles/htdocs/cmu_aiot/leaf workshop/corn_dataset/Healthy/Corn_Health (618).jpg,corn,Healthy,Healthy,Corn_Health (618).jpg,11871,3
/Applications/XAMPP/xamppfiles/htdocs/cmu_aiot/leaf workshop/corn_dataset/Blight/Corn_Blight (926).jpg,corn,Blight,Blight,Corn_Blight (926).jpg,12095,0
/Applications/XAMPP/xamppfiles/htdocs/cmu_aiot/leaf workshop/corn_dataset/Common_Rust/Corn_Common_Rust (449).JPG,corn,Common_Rust,Common_Rust,Corn_Common_Rust (449).JPG,14694,1
/Applications/XAMPP/xamppfiles/htdocs/cmu_aiot/leaf workshop/corn_dataset/Healthy/Corn_Health (139).jpg,corn,Healthy,Healthy,Corn_Health (139).jpg,17152,3
/Applications/XAMPP/xamppfiles/htdocs/cmu_aiot/leaf workshop/corn_dataset/Healthy/Corn_Health (263).jpg,corn,Healthy,Healthy,Corn_Health (263).jpg,10303,3
/Applications/XAMPP/xamppfiles/htdocs/cmu_aiot/leaf workshop/corn_dataset/Healthy/Corn_Health (125).jpg,corn,Healthy,Healthy,Corn_Health (125).jpg,12978,3
/Applications/XAMPP/xamppfiles/htdocs/cmu_aiot/leaf workshop/corn_dataset/Common_Rust/Corn_Common_Rust (680).JPG,corn,Common_Rust,Common_Rust,Corn_Common_Rust (680).JPG,12440,1
/Applications/XAMPP/xamppfiles/htdocs/cmu_aiot/leaf workshop/corn_dataset/Common_Rust/Corn_Common_Rust (19).jpg,corn,Common_Rust,Common_Rust,Corn_Common_Rust (19).jpg,144442,1
/Applications/XAMPP/xamppfiles/htdocs/cmu_aiot/leaf workshop/corn_dataset/Blight/Corn_Blight (1131).jpg,corn,Blight,Blight,Corn_Blight (1131).jpg,1045590,0
/Applications/XAMPP/xamppfiles/htdocs/cmu_aiot/leaf workshop/corn_dataset/Healthy/Corn_Health (993).jpg,corn,Healthy,Healthy,Corn_Health (993).jpg,8033,3
/Applications/XAMPP/xamppfiles/htdocs/cmu_aiot/leaf workshop/corn_dataset/Healthy/Corn_Health (785).jpg,corn,Healthy,Healthy,Corn_Health (785).jpg,10810,3
/Applications/XAMPP/xamppfiles/htdocs/cmu_aiot/leaf workshop/corn_dataset/Blight/Corn_Blight (136).JPG,corn,Blight,Blight,Corn_Blight (136).JPG,13559,0
/Applications/XAMPP/xamppfiles/htdocs/cmu_aiot/leaf workshop/corn_dataset/Gray_Leaf_Spot/Corn_Gray_Spot (486).JPG,corn,Gray_Leaf_Spot,Gray_Leaf_Spot,Corn_Gray_Spot (486).JPG,12659,2
/Applications/XAMPP/xamppfiles/htdocs/cmu_aiot/leaf workshop/corn_dataset/Gray_Leaf_Spot/Corn_Gray_Spot (539).JPG,corn,Gray_Leaf_Spot,Gray_Leaf_Spot,Corn_Gray_Spot (539).JPG,18633,2
/Applications/XAMPP/xamppfiles/htdocs/cmu_aiot/leaf workshop/corn_dataset/Healthy/Corn_Health (168).jpg,corn,Healthy,Healthy,Corn_Health (168).jpg,7746,3
/Applications/XAMPP/xamppfiles/htdocs/cmu_aiot/leaf workshop/corn_dataset/Common_Rust/Corn_Common_Rust (372).JPG,corn,Common_Rust,Common_Rust,Corn_Common_Rust (372).JPG,16852,1
/Applications/XAMPP/xamppfiles/htdocs/cmu_aiot/leaf workshop/corn_dataset/Blight/Corn_Blight (58).jpg,corn,Blight,Blight,Corn_Blight (58).jpg,165626,0
/Applications/XAMPP/xamppfiles/htdocs/cmu_aiot/leaf workshop/corn_dataset/Blight/Corn_Blight (392).JPG,corn,Blight,Blight,Corn_Blight (392).JPG,12970,0
/Applications/XAMPP/xamppfiles/htdocs/cmu_aiot/leaf workshop/corn_dataset/Healthy/Corn_Health (247).jpg,corn,Healthy,Healthy,Corn_Health (247).jpg,13915,3
/Applications/XAMPP/xamppfiles/htdocs/cmu_aiot/leaf workshop/corn_dataset/Gray_Leaf_Spot/Corn_Gray_Spot (27).jpg,corn,Gray_Leaf_Spot,Gray_Leaf_Spot,Corn_Gray_Spot (27).jpg,74500,2
/Applications/XAMPP/xamppfiles/htdocs/cmu_aiot/leaf workshop/corn_dataset/Healthy/Corn_Health (525).jpg,corn,Healthy,Healthy,Corn_Health (525).jpg,13210,3
/Applications/XAMPP/xamppfiles/htdocs/cmu_aiot/leaf workshop/corn_dataset/Blight/Corn_Blight (68).jpg,corn,Blight,Blight,Corn_Blight (68).jpg,743160,0
/Applications/XAMPP/xamppfiles/htdocs/cmu_aiot/leaf workshop/corn_dataset/Gray_Leaf_Spot/Corn_Gray_Spot (14).jpg,corn,Gray_Leaf_Spot,Gray_Leaf_Spot,Corn_Gray_Spot (14).jpg,320765,2
/Applications/XAMPP/xamppfiles/htdocs/cmu_aiot/leaf workshop/corn_dataset/Blight/Corn_Blight (1141).jpg,corn,Blight,Blight,Corn_Blight (1141).jpg,745394,0
/Applications/XAMPP/xamppfiles/htdocs/cmu_aiot/leaf workshop/corn_dataset/Healthy/Corn_Health (153).jpg,corn,Healthy,Healthy,Corn_Health (153).jpg,9586,3
/Applications/XAMPP/xamppfiles/htdocs/cmu_aiot/leaf workshop/corn_dataset/Gray_Leaf_Spot/Corn_Gray_Spot (456).JPG,corn,Gray_Leaf_Spot,Gray_Leaf_Spot,Corn_Gray_Spot (456).JPG,19853,2
/Applications/XAMPP/xamppfiles/htdocs/cmu_aiot/leaf workshop/corn_dataset/Blight/Corn_Blight (87).jpg,corn,Blight,Blight,Corn_Blight (87).jpg,2256589,0
/Applications/XAMPP/xamppfiles/htdocs/cmu_aiot/leaf workshop/corn_dataset/Healthy/Corn_Health (1115).jpg,corn,Healthy,Healthy,Corn_Health (1115).jpg,7419,3
/Applications/XAMPP/xamppfiles/htdocs/cmu_aiot/leaf workshop/corn_dataset/Common_Rust/Corn_Common_Rust (216).JPG,corn,Common_Rust,Common_Rust,Corn_Common_Rust (216).JPG,12592,1
/Applications/XAMPP/xamppfiles/htdocs/cmu_aiot/leaf workshop/corn_dataset/Healthy/Corn_Health (390).jpg,corn,Healthy,Healthy,Corn_Health (390).jpg,11118,3
/Applications/XAMPP/xamppfiles/htdocs/cmu_aiot/leaf workshop/corn_dataset/Healthy/Corn_Health (1027).jpg,corn,Healthy,Healthy,Corn_Health (1027).jpg,6102,3
/Applications/XAMPP/xamppfiles/htdocs/cmu_aiot/leaf workshop/corn_dataset/Healthy/Corn_Health (677).jpg,corn,Healthy,Healthy,Corn_Health (677).jpg,12838,3
/Applications/XAMPP/xamppfiles/htdocs/cmu_aiot/leaf workshop/corn_dataset/Common_Rust/Corn_Common_Rust (300).JPG,corn,Common_Rust,Common_Rust,Corn_Common_Rust (300).JPG,15746,1
/Applications/XAMPP/xamppfiles/htdocs/cmu_aiot/leaf workshop/corn_dataset/Healthy/Corn_Health (1).jpg,corn,Healthy,Healthy,Corn_Health (1).jpg,9620,3
/Applications/XAMPP/xamppfiles/htdocs/cmu_aiot/leaf workshop/corn_dataset/Blight/Corn_Blight (323).jpg,corn,Blight,Blight,Corn_Blight (323).jpg,15792,0
/Applications/XAMPP/xamppfiles/htdocs/cmu_aiot/leaf workshop/corn_dataset/Blight/Corn_Blight (654).JPG,corn,Blight,Blight,Corn_Blight (654).JPG,14412,0
/Applications/XAMPP/xamppfiles/htdocs/cmu_aiot/leaf workshop/corn_dataset/Blight/Corn_Blight (207).JPG,corn,Blight,Blight,Corn_Blight (207).JPG,10821,0
/Applications/XAMPP/xamppfiles/htdocs/cmu_aiot/leaf workshop/corn_dataset/Common_Rust/Corn_Common_Rust (108).JPG,corn,Common_Rust,Common_Rust,Corn_Common_Rust (108).JPG,14925,1
/Applications/XAMPP/xamppfiles/htdocs/cmu_aiot/leaf workshop/corn_dataset/Common_Rust/Corn_Common_Rust (271).JPG,corn,Common_Rust,Common_Rust,Corn_Common_Rust (271).JPG,13965,1
/Applications/XAMPP/xamppfiles/htdocs/cmu_aiot/leaf workshop/corn_dataset/Healthy/Corn_Health (729).jpg,corn,Healthy,Healthy,Corn_Health (729).jpg,8411,3
/Applications/XAMPP/xamppfiles/htdocs/cmu_aiot/leaf workshop/corn_dataset/Healthy/Corn_Health (398).jpg,corn,Healthy,Healthy,Corn_Health (398).jpg,16868,3
/Applications/XAMPP/xamppfiles/htdocs/cmu_aiot/leaf workshop/corn_dataset/Blight/Corn_Blight (293)(1).JPG,corn,Blight,Blight,Corn_Blight (293)(1).JPG,12789,0
/Applications/XAMPP/xamppfiles/htdocs/cmu_aiot/leaf workshop/corn_dataset/Healthy/Corn_Health (500).jpg,corn,Healthy,Healthy,Corn_Health (500).jpg,12419,3
/Applications/XAMPP/xamppfiles/htdocs/cmu_aiot/leaf workshop/corn_dataset/Blight/Corn_Blight (187).JPG,corn,Blight,Blight,Corn_Blight (187).JPG,13101,0
/Applications/XAMPP/xamppfiles/htdocs/cmu_aiot/leaf workshop/corn_dataset/Healthy/Corn_Health (443).jpg,corn,Healthy,Healthy,Corn_Health (443).jpg,11489,3
/Applications/XAMPP/xamppfiles/htdocs/cmu_aiot/leaf workshop/corn_dataset/Healthy/Corn_Health (960).jpg,corn,Healthy,Healthy,Corn_Health (960).jpg,7391,3
/Applications/XAMPP/xamppfiles/htdocs/cmu_aiot/leaf workshop/corn_dataset/Common_Rust/Corn_Common_Rust (1015).JPG,corn,Common_Rust,Common_Rust,Corn_Common_Rust (1015).JPG,13516,1
/Applications/XAMPP/xamppfiles/htdocs/cmu_aiot/leaf workshop/corn_dataset/Blight/Corn_Blight (1010).JPG,corn,Blight,Blight,Corn_Blight (1010).JPG,12844,0
/Applications/XAMPP/xamppfiles/htdocs/cmu_aiot/leaf workshop/corn_dataset/Blight/Corn_Blight (558).JPG,corn,Blight,Blight,Corn_Blight (558).JPG,13046,0
/Applications/XAMPP/xamppfiles/htdocs/cmu_aiot/leaf workshop/corn_dataset/Blight/Corn_Blight (775).JPG,corn,Blight,Blight,Corn_Blight (775).JPG,14953,0
/Applications/XAMPP/xamppfiles/htdocs/cmu_aiot/leaf workshop/corn_dataset/Common_Rust/Corn_Common_Rust (354).JPG,corn,Common_Rust,Common_Rust,Corn_Common_Rust (354).JPG,11476,1
/Applications/XAMPP/xamppfiles/htdocs/cmu_aiot/leaf workshop/corn_dataset/Blight/Corn_Blight (619).JPG,corn,Blight,Blight,Corn_Blight (619).JPG,11386,0
/Applications/XAMPP/xamppfiles/htdocs/cmu_aiot/leaf workshop/corn_dataset/Blight/Corn_Blight (305).JPG,corn,Blight,Blight,Corn_Blight (305).JPG,12178,0
/Applications/XAMPP/xamppfiles/htdocs/cmu_aiot/leaf workshop/corn_dataset/Blight/Corn_Blight (674).JPG,corn,Blight,Blight,Corn_Blight (674).JPG,14005,0
/Applications/XAMPP/xamppfiles/htdocs/cmu_aiot/leaf workshop/corn_dataset/Common_Rust/Corn_Common_Rust (119).JPG,corn,Common_Rust,Common_Rust,Corn_Common_Rust (119).JPG,13074,1
/Applications/XAMPP/xamppfiles/htdocs/cmu_aiot/leaf workshop/corn_dataset/Blight/Corn_Blight (540).jpg,corn,Blight,Blight,Corn_Blight (540).jpg,13970,0
/Applications/XAMPP/xamppfiles/htdocs/cmu_aiot/leaf workshop/corn_dataset/Healthy/Corn_Health (609).jpg,corn,Healthy,Healthy,Corn_Health (609).jpg,14122,3
/Applications/XAMPP/xamppfiles/htdocs/cmu_aiot/leaf workshop/corn_dataset/Gray_Leaf_Spot/Corn_Gray_Spot (187).JPG,corn,Gray_Leaf_Spot,Gray_Leaf_Spot,Corn_Gray_Spot (187).JPG,12442,2
/Applications/XAMPP/xamppfiles/htdocs/cmu_aiot/leaf workshop/corn_dataset/Healthy/Corn_Health (305).jpg,corn,Healthy,Healthy,Corn_Health (305).jpg,11887,3
/Applications/XAMPP/xamppfiles/htdocs/cmu_aiot/leaf workshop/corn_dataset/Blight/Corn_Blight (493).JPG,corn,Blight,Blight,Corn_Blight (493).JPG,14373,0
/Applications/XAMPP/xamppfiles/htdocs/cmu_aiot/leaf workshop/corn_dataset/Common_Rust/Corn_Common_Rust (159).JPG,corn,Common_Rust,Common_Rust,Corn_Common_Rust (159).JPG,14065,1
/Applications/XAMPP/xamppfiles/htdocs/cmu_aiot/leaf workshop/corn_dataset/Common_Rust/Corn_Common_Rust (11).jpg,corn,Common_Rust,Common_Rust,Corn_Common_Rust (11).jpg,491349,1
/Applications/XAMPP/xamppfiles/htdocs/cmu_aiot/leaf workshop/corn_dataset/Blight/Corn_Blight (180).JPG,corn,Blight,Blight,Corn_Blight (180).JPG,11058,0
/Applications/XAMPP/xamppfiles/htdocs/cmu_aiot/leaf workshop/corn_dataset/Common_Rust/Corn_Common_Rust (624).JPG,corn,Common_Rust,Common_Rust,Corn_Common_Rust (624).JPG,14782,1
/Applications/XAMPP/xamppfiles/htdocs/cmu_aiot/leaf workshop/corn_dataset/Gray_Leaf_Spot/Corn_Gray_Spot (365).JPG,corn,Gray_Leaf_Spot,Gray_Leaf_Spot,Corn_Gray_Spot (365).JPG,21087,2
/Applications/XAMPP/xamppfiles/htdocs/cmu_aiot/leaf workshop/corn_dataset/Blight/Corn_Blight (138).JPG,corn,Blight,Blight,Corn_Blight (138).JPG,15333,0
/Applications/XAMPP/xamppfiles/htdocs/cmu_aiot/leaf workshop/corn_dataset/Common_Rust/Corn_Common_Rust (411).JPG,corn,Common_Rust,Common_Rust,Corn_Common_Rust (411).JPG,10766,1
/Applications/XAMPP/xamppfiles/htdocs/cmu_aiot/leaf workshop/corn_dataset/Blight/Corn_Blight (778).JPG,corn,Blight,Blight,Corn_Blight (778).JPG,14320,0
/Applications/XAMPP/xamppfiles/htdocs/cmu_aiot/leaf workshop/corn_dataset/Healthy/Corn_Health (675).jpg,corn,Healthy,Healthy,Corn_Health (675).jpg,18354,3
/Applications/XAMPP/xamppfiles/htdocs/cmu_aiot/leaf workshop/corn_dataset/Common_Rust/Corn_Common_Rust (1234).JPG,corn,Common_Rust,Common_Rust,Corn_Common_Rust (1234).JPG,12224,1
/Applications/XAMPP/xamppfiles/htdocs/cmu_aiot/leaf workshop/corn_dataset/Healthy/Corn_Health (520).jpg,corn,Healthy,Healthy,Corn_Health (520).jpg,7410,3
/Applications/XAMPP/xamppfiles/htdocs/cmu_aiot/leaf workshop/corn_dataset/Healthy/Corn_Health (628).jpg,corn,Healthy,Healthy,Corn_Health (628).jpg,13149,3
/Applications/XAMPP/xamppfiles/htdocs/cmu_aiot/leaf workshop/corn_dataset/Common_Rust/Corn_Common_Rust (318).JPG,corn,Common_Rust,Common_Rust,Corn_Common_Rust (318).JPG,15958,1
/Applications/XAMPP/xamppfiles/htdocs/cmu_aiot/leaf workshop/corn_dataset/Common_Rust/Corn_Common_Rust (1171).JPG,corn,Common_Rust,Common_Rust,Corn_Common_Rust (1171).JPG,13533,1
/Applications/XAMPP/xamppfiles/htdocs/cmu_aiot/leaf workshop/corn_dataset/Common_Rust/Corn_Common_Rust (243).JPG,corn,Common_Rust,Common_Rust,Corn_Common_Rust (243).JPG,15623,1
/Applications/XAMPP/xamppfiles/htdocs/cmu_aiot/leaf workshop/corn_dataset/Gray_Leaf_Spot/Corn_Gray_Spot (61).JPG,corn,Gray_Leaf_Spot,Gray_Leaf_Spot,Corn_Gray_Spot (61).JPG,15050,2
/Applications/XAMPP/xamppfiles/htdocs/cmu_aiot/leaf workshop/corn_dataset/Blight/Corn_Blight (262).JPG,corn,Blight,Blight,Corn_Blight (262).JPG,14085,0
/Applications/XAMPP/xamppfiles/htdocs/cmu_aiot/leaf workshop/corn_dataset/Blight/Corn_Blight (893).JPG,corn,Blight,Blight,Corn_Blight (893).JPG,13992,0
/Applications/XAMPP/xamppfiles/htdocs/cmu_aiot/leaf workshop/corn_dataset/Blight/Corn_Blight (348).jpg,corn,Blight,Blight,Corn_Blight (348).jpg,16930,0
/Applications/XAMPP/xamppfiles/htdocs/cmu_aiot/leaf workshop/corn_dataset/Common_Rust/Corn_Common_Rust (707).JPG,corn,Common_Rust,Common_Rust,Corn_Common_Rust (707).JPG,14902,1
/Applications/XAMPP/xamppfiles/htdocs/cmu_aiot/leaf workshop/corn_dataset/Gray_Leaf_Spot/Corn_Gray_Spot (79).jpg,corn,Gray_Leaf_Spot,Gray_Leaf_Spot,Corn_Gray_Spot (79).jpg,11731,2
/Applications/XAMPP/xamppfiles/htdocs/cmu_aiot/leaf workshop/corn_dataset/Blight/Corn_Blight (157).JPG,corn,Blight,Blight,Corn_Blight (157).JPG,12611,0
/Applications/XAMPP/xamppfiles/htdocs/cmu_aiot/leaf workshop/corn_dataset/Gray_Leaf_Spot/Corn_Gray_Spot (330).JPG,corn,Gray_Leaf_Spot,Gray_Leaf_Spot,Corn_Gray_Spot (330).JPG,18871,2
/Applications/XAMPP/xamppfiles/htdocs/cmu_aiot/leaf workshop/corn_dataset/Blight/Corn_Blight (246).jpg,corn,Blight,Blight,Corn_Blight (246).jpg,18511,0
/Applications/XAMPP/xamppfiles/htdocs/cmu_aiot/leaf workshop/corn_dataset/Common_Rust/Corn_Common_Rust (1303).jpg,corn,Common_Rust,Common_Rust,Corn_Common_Rust (1303).jpg,119895,1
/Applications/XAMPP/xamppfiles/htdocs/cmu_aiot/leaf workshop/corn_dataset/Blight/Corn_Blight (899).JPG,corn,Blight,Blight,Corn_Blight (899).JPG,10796,0
/Applications/XAMPP/xamppfiles/htdocs/cmu_aiot/leaf workshop/corn_dataset/Healthy/Corn_Health (822).jpg,corn,Healthy,Healthy,Corn_Health (822).jpg,10638,3
/Applications/XAMPP/xamppfiles/htdocs/cmu_aiot/leaf workshop/corn_dataset/Common_Rust/Corn_Common_Rust (1092).JPG,corn,Common_Rust,Common_Rust,Corn_Common_Rust (1092).JPG,13201,1
/Applications/XAMPP/xamppfiles/htdocs/cmu_aiot/leaf workshop/corn_dataset/Gray_Leaf_Spot/Corn_Gray_Spot (380).JPG,corn,Gray_Leaf_Spot,Gray_Leaf_Spot,Corn_Gray_Spot (380).JPG,15895,2
/Applications/XAMPP/xamppfiles/htdocs/cmu_aiot/leaf workshop/corn_dataset/Common_Rust/Corn_Common_Rust (183).JPG,corn,Common_Rust,Common_Rust,Corn_Common_Rust (183).JPG,18510,1
/Applications/XAMPP/xamppfiles/htdocs/cmu_aiot/leaf workshop/corn_dataset/Blight/Corn_Blight (579).JPG,corn,Blight,Blight,Corn_Blight (579).JPG,11581,0
/Applications/XAMPP/xamppfiles/htdocs/cmu_aiot/leaf workshop/corn_dataset/Blight/Corn_Blight (92).jpg,corn,Blight,Blight,Corn_Blight (92).jpg,76249,0
/Applications/XAMPP/xamppfiles/htdocs/cmu_aiot/leaf workshop/corn_dataset/Healthy/Corn_Health (396).jpg,corn,Healthy,Healthy,Corn_Health (396).jpg,15390,3
/Applications/XAMPP/xamppfiles/htdocs/cmu_aiot/leaf workshop/corn_dataset/Healthy/Corn_Health (37).jpg,corn,Healthy,Healthy,Corn_Health (37).jpg,8586,3
/Applications/XAMPP/xamppfiles/htdocs/cmu_aiot/leaf workshop/corn_dataset/Blight/Corn_Blight (165).jpg,corn,Blight,Blight,Corn_Blight (165).jpg,10567,0
/Applications/XAMPP/xamppfiles/htdocs/cmu_aiot/leaf workshop/corn_dataset/Gray_Leaf_Spot/Corn_Gray_Spot (542).jpg,corn,Gray_Leaf_Spot,Gray_Leaf_Spot,Corn_Gray_Spot (542).jpg,15725,2
/Applications/XAMPP/xamppfiles/htdocs/cmu_aiot/leaf workshop/corn_dataset/Common_Rust/Corn_Common_Rust (1263).JPG,corn,Common_Rust,Common_Rust,Corn_Common_Rust (1263).JPG,13648,1
/Applications/XAMPP/xamppfiles/htdocs/cmu_aiot/leaf workshop/corn_dataset/Blight/Corn_Blight (791).JPG,corn,Blight,Blight,Corn_Blight (791).JPG,14309,0
/Applications/XAMPP/xamppfiles/htdocs/cmu_aiot/leaf workshop/corn_dataset/Healthy/Corn_Health (640).jpg,corn,Healthy,Healthy,Corn_Health (640).jpg,7757,3
/Applications/XAMPP/xamppfiles/htdocs/cmu_aiot/leaf workshop/corn_dataset/Healthy/Corn_Health (927).jpg,corn,Healthy,Healthy,Corn_Health (927).jpg,7155,3
/Applications/XAMPP/xamppfiles/htdocs/cmu_aiot/leaf workshop/corn_dataset/Common_Rust/Corn_Common_Rust (368).JPG,corn,Common_Rust,Common_Rust,Corn_Common_Rust (368).JPG,17720,1
/Applications/XAMPP/xamppfiles/htdocs/cmu_aiot/leaf workshop/corn_dataset/Common_Rust/Corn_Common_Rust (638).JPG,corn,Common_Rust,Common_Rust,Corn_Common_Rust (638).JPG,15546,1
/Applications/XAMPP/xamppfiles/htdocs/cmu_aiot/leaf workshop/corn_dataset/Blight/Corn_Blight (57).jpg,corn,Blight,Blight,Corn_Blight (57).jpg,141804,0
/Applications/XAMPP/xamppfiles/htdocs/cmu_aiot/leaf workshop/corn_dataset/Blight/Corn_Blight (477).JPG,corn,Blight,Blight,Corn_Blight (477).JPG,16059,0
/Applications/XAMPP/xamppfiles/htdocs/cmu_aiot/leaf workshop/corn_dataset/Common_Rust/Corn_Common_Rust (1095).JPG,corn,Common_Rust,Common_Rust,Corn_Common_Rust (1095).JPG,17401,1
/Applications/XAMPP/xamppfiles/htdocs/cmu_aiot/leaf workshop/corn_dataset/Healthy/Corn_Health (392).jpg,corn,Healthy,Healthy,Corn_Health (392).jpg,17121,3
/Applications/XAMPP/xamppfiles/htdocs/cmu_aiot/leaf workshop/corn_dataset/Healthy/Corn_Health (406).jpg,corn,Healthy,Healthy,Corn_Health (406).jpg,14555,3
/Applications/XAMPP/xamppfiles/htdocs/cmu_aiot/leaf workshop/corn_dataset/Healthy/Corn_Health (156).jpg,corn,Healthy,Healthy,Corn_Health (156).jpg,13445,3
/Applications/XAMPP/xamppfiles/htdocs/cmu_aiot/leaf workshop/corn_dataset/Blight/Corn_Blight (241).JPG,corn,Blight,Blight,Corn_Blight (241).JPG,17238,0
/Applications/XAMPP/xamppfiles/htdocs/cmu_aiot/leaf workshop/corn_dataset/Healthy/Corn_Health (437).jpg,corn,Healthy,Healthy,Corn_Health (437).jpg,17692,3
/Applications/XAMPP/xamppfiles/htdocs/cmu_aiot/leaf workshop/corn_dataset/Gray_Leaf_Spot/Corn_Gray_Spot (344).JPG,corn,Gray_Leaf_Spot,Gray_Leaf_Spot,Corn_Gray_Spot (344).JPG,17014,2
/Applications/XAMPP/xamppfiles/htdocs/cmu_aiot/leaf workshop/corn_dataset/Blight/Corn_Blight (102).jpg,corn,Blight,Blight,Corn_Blight (102).jpg,1214043,0
/Applications/XAMPP/xamppfiles/htdocs/cmu_aiot/leaf workshop/corn_dataset/Blight/Corn_Blight (232).JPG,corn,Blight,Blight,Corn_Blight (232).JPG,16869,0
/Applications/XAMPP/xamppfiles/htdocs/cmu_aiot/leaf workshop/corn_dataset/Common_Rust/Corn_Common_Rust (240).JPG,corn,Common_Rust,Common_Rust,Corn_Common_Rust (240).JPG,12703,1
/Applications/XAMPP/xamppfiles/htdocs/cmu_aiot/leaf workshop/corn_dataset/Blight/Corn_Blight (5).jpg,corn,Blight,Blight,Corn_Blight (5).jpg,26371,0
/Applications/XAMPP/xamppfiles/htdocs/cmu_aiot/leaf workshop/corn_dataset/Common_Rust/Corn_Common_Rust (23).jpg,corn,Common_Rust,Common_Rust,Corn_Common_Rust (23).jpg,449312,1
/Applications/XAMPP/xamppfiles/htdocs/cmu_aiot/leaf workshop/corn_dataset/Gray_Leaf_Spot/Corn_Gray_Spot (103).JPG,corn,Gray_Leaf_Spot,Gray_Leaf_Spot,Corn_Gray_Spot (103).JPG,17901,2
/Applications/XAMPP/xamppfiles/htdocs/cmu_aiot/leaf workshop/corn_dataset/Blight/Corn_Blight (1007).JPG,corn,Blight,Blight,Corn_Blight (1007).JPG,20813,0
/Applications/XAMPP/xamppfiles/htdocs/cmu_aiot/leaf workshop/corn_dataset/Common_Rust/Corn_Common_Rust (696).JPG,corn,Common_Rust,Common_Rust,Corn_Common_Rust (696).JPG,10753,1
/Applications/XAMPP/xamppfiles/htdocs/cmu_aiot/leaf workshop/corn_dataset/Common_Rust/Corn_Common_Rust (218).JPG,corn,Common_Rust,Common_Rust,Corn_Common_Rust (218).JPG,9566,1
/Applications/XAMPP/xamppfiles/htdocs/cmu_aiot/leaf workshop/corn_dataset/Healthy/Corn_Health (990).jpg,corn,Healthy,Healthy,Corn_Health (990).jpg,7322,3
/Applications/XAMPP/xamppfiles/htdocs/cmu_aiot/leaf workshop/corn_dataset/Common_Rust/Corn_Common_Rust (1250).JPG,corn,Common_Rust,Common_Rust,Corn_Common_Rust (1250).JPG,17861,1
/Applications/XAMPP/xamppfiles/htdocs/cmu_aiot/leaf workshop/corn_dataset/Gray_Leaf_Spot/Corn_Gray_Spot (506).JPG,corn,Gray_Leaf_Spot,Gray_Leaf_Spot,Corn_Gray_Spot (506).JPG,14239,2
/Applications/XAMPP/xamppfiles/htdocs/cmu_aiot/leaf workshop/corn_dataset/Common_Rust/Corn_Common_Rust (215).JPG,corn,Common_Rust,Common_Rust,Corn_Common_Rust (215).JPG,15358,1
/Applications/XAMPP/xamppfiles/htdocs/cmu_aiot/leaf workshop/corn_dataset/Gray_Leaf_Spot/Corn_Gray_Spot (233).JPG,corn,Gray_Leaf_Spot,Gray_Leaf_Spot,Corn_Gray_Spot (233).JPG,16704,2
/Applications/XAMPP/xamppfiles/htdocs/cmu_aiot/leaf workshop/corn_dataset/Gray_Leaf_Spot/Corn_Gray_Spot (120).JPG,corn,Gray_Leaf_Spot,Gray_Leaf_Spot,Corn_Gray_Spot (120).JPG,19839,2
/Applications/XAMPP/xamppfiles/htdocs/cmu_aiot/leaf workshop/corn_dataset/Blight/Corn_Blight (693).JPG,corn,Blight,Blight,Corn_Blight (693).JPG,12437,0
/Applications/XAMPP/xamppfiles/htdocs/cmu_aiot/leaf workshop/corn_dataset/Common_Rust/Corn_Common_Rust (686).JPG,corn,Common_Rust,Common_Rust,Corn_Common_Rust (686).JPG,18605,1
/Applications/XAMPP/xamppfiles/htdocs/cmu_aiot/leaf workshop/corn_dataset/Healthy/Corn_Health (699).jpg,corn,Healthy,Healthy,Corn_Health (699).jpg,9350,3
/Applications/XAMPP/xamppfiles/htdocs/cmu_aiot/leaf workshop/corn_dataset/Gray_Leaf_Spot/Corn_Gray_Spot (145).JPG,corn,Gray_Leaf_Spot,Gray_Leaf_Spot,Corn_Gray_Spot (145).JPG,20563,2
/Applications/XAMPP/xamppfiles/htdocs/cmu_aiot/leaf workshop/corn_dataset/Healthy/Corn_Health (304).jpg,corn,Healthy,Healthy,Corn_Health (304).jpg,15303,3
/Applications/XAMPP/xamppfiles/htdocs/cmu_aiot/leaf workshop/corn_dataset/Healthy/Corn_Health (1061).jpg,corn,Healthy,Healthy,Corn_Health (1061).jpg,9712,3
/Applications/XAMPP/xamppfiles/htdocs/cmu_aiot/leaf workshop/corn_dataset/Common_Rust/Corn_Common_Rust (670).JPG,corn,Common_Rust,Common_Rust,Corn_Common_Rust (670).JPG,12578,1
/Applications/XAMPP/xamppfiles/htdocs/cmu_aiot/leaf workshop/corn_dataset/Blight/Corn_Blight (129).JPG,corn,Blight,Blight,Corn_Blight (129).JPG,18561,0
/Applications/XAMPP/xamppfiles/htdocs/cmu_aiot/leaf workshop/corn_dataset/Healthy/Corn_Health (102).jpg,corn,Healthy,Healthy,Corn_Health (102).jpg,6010,3
/Applications/XAMPP/xamppfiles/htdocs/cmu_aiot/leaf workshop/corn_dataset/Healthy/Corn_Health (867).jpg,corn,Healthy,Healthy,Corn_Health (867).jpg,13299,3
/Applications/XAMPP/xamppfiles/htdocs/cmu_aiot/leaf workshop/corn_dataset/Blight/Corn_Blight (479).JPG,corn,Blight,Blight,Corn_Blight (479).JPG,14670,0
/Applications/XAMPP/xamppfiles/htdocs/cmu_aiot/leaf workshop/corn_dataset/Healthy/Corn_Health (972).jpg,corn,Healthy,Healthy,Corn_Health (972).jpg,11952,3
/Applications/XAMPP/xamppfiles/htdocs/cmu_aiot/leaf workshop/corn_dataset/Gray_Leaf_Spot/Corn_Gray_Spot (146).JPG,corn,Gray_Leaf_Spot,Gray_Leaf_Spot,Corn_Gray_Spot (146).JPG,17036,2
/Applications/XAMPP/xamppfiles/htdocs/cmu_aiot/leaf workshop/corn_dataset/Blight/Corn_Blight (572).JPG,corn,Blight,Blight,Corn_Blight (572).JPG,10762,0
/Applications/XAMPP/xamppfiles/htdocs/cmu_aiot/leaf workshop/corn_dataset/Healthy/Corn_Health (482).jpg,corn,Healthy,Healthy,Corn_Health (482).jpg,9489,3
/Applications/XAMPP/xamppfiles/htdocs/cmu_aiot/leaf workshop/corn_dataset/Blight/Corn_Blight (29)(1).jpg,corn,Blight,Blight,Corn_Blight (29)(1).jpg,106355,0
/Applications/XAMPP/xamppfiles/htdocs/cmu_aiot/leaf workshop/corn_dataset/Blight/Corn_Blight (570).JPG,corn,Blight,Blight,Corn_Blight (570).JPG,17012,0
/Applications/XAMPP/xamppfiles/htdocs/cmu_aiot/leaf workshop/corn_dataset/Common_Rust/Corn_Common_Rust (1169).JPG,corn,Common_Rust,Common_Rust,Corn_Common_Rust (1169).JPG,13884,1
/Applications/XAMPP/xamppfiles/htdocs/cmu_aiot/leaf workshop/corn_dataset/Healthy/Corn_Health (106).jpg,corn,Healthy,Healthy,Corn_Health (106).jpg,8789,3
/Applications/XAMPP/xamppfiles/htdocs/cmu_aiot/leaf workshop/corn_dataset/Gray_Leaf_Spot/Corn_Gray_Spot (123).JPG,corn,Gray_Leaf_Spot,Gray_Leaf_Spot,Corn_Gray_Spot (123).JPG,12833,2
/Applications/XAMPP/xamppfiles/htdocs/cmu_aiot/leaf workshop/corn_dataset/Blight/Corn_Blight (119).JPG,corn,Blight,Blight,Corn_Blight (119).JPG,12044,0
/Applications/XAMPP/xamppfiles/htdocs/cmu_aiot/leaf workshop/corn_dataset/Blight/Corn_Blight (36).jpg,corn,Blight,Blight,Corn_Blight (36).jpg,323393,0
/Applications/XAMPP/xamppfiles/htdocs/cmu_aiot/leaf workshop/corn_dataset/Common_Rust/Corn_Common_Rust (489).JPG,corn,Common_Rust,Common_Rust,Corn_Common_Rust (489).JPG,12634,1
/Applications/XAMPP/xamppfiles/htdocs/cmu_aiot/leaf workshop/corn_dataset/Common_Rust/Corn_Common_Rust (31).jpg,corn,Common_Rust,Common_Rust,Corn_Common_Rust (31).jpg,1342670,1
/Applications/XAMPP/xamppfiles/htdocs/cmu_aiot/leaf workshop/corn_dataset/Healthy/Corn_Health (205).jpg,corn,Healthy,Healthy,Corn_Health (205).jpg,15008,3
/Applications/XAMPP/xamppfiles/htdocs/cmu_aiot/leaf workshop/corn_dataset/Common_Rust/Corn_Common_Rust (1238).JPG,corn,Common_Rust,Common_Rust,Corn_Common_Rust (1238).JPG,14806,1
/Applications/XAMPP/xamppfiles/htdocs/cmu_aiot/leaf workshop/corn_dataset/Blight/Corn_Blight (110).jpg,corn,Blight,Blight,Corn_Blight (110).jpg,306535,0
/Applications/XAMPP/xamppfiles/htdocs/cmu_aiot/leaf workshop/corn_dataset/Gray_Leaf_Spot/Corn_Gray_Spot (450).JPG,corn,Gray_Leaf_Spot,Gray_Leaf_Spot,Corn_Gray_Spot (450).JPG,16118,2
/Applications/XAMPP/xamppfiles/htdocs/cmu_aiot/leaf workshop/corn_dataset/Gray_Leaf_Spot/Corn_Gray_Spot (50).JPG,corn,Gray_Leaf_Spot,Gray_Leaf_Spot,Corn_Gray_Spot (50).JPG,14482,2
/Applications/XAMPP/xamppfiles/htdocs/cmu_aiot/leaf workshop/corn_dataset/Healthy/Corn_Health (154).jpg,corn,Healthy,Healthy,Corn_Health (154).jpg,17855,3
/Applications/XAMPP/xamppfiles/htdocs/cmu_aiot/leaf workshop/corn_dataset/Blight/Corn_Blight (243).JPG,corn,Blight,Blight,Corn_Blight (243).JPG,13676,0
/Applications/XAMPP/xamppfiles/htdocs/cmu_aiot/leaf workshop/corn_dataset/Gray_Leaf_Spot/Corn_Gray_Spot (169).JPG,corn,Gray_Leaf_Spot,Gray_Leaf_Spot,Corn_Gray_Spot (169).JPG,14662,2
/Applications/XAMPP/xamppfiles/htdocs/cmu_aiot/leaf workshop/corn_dataset/Common_Rust/Corn_Common_Rust (674).JPG,corn,Common_Rust,Common_Rust,Corn_Common_Rust (674).JPG,17543,1
/Applications/XAMPP/xamppfiles/htdocs/cmu_aiot/leaf workshop/corn_dataset/Healthy/Corn_Health (828).jpg,corn,Healthy,Healthy,Corn_Health (828).jpg,7039,3
/Applications/XAMPP/xamppfiles/htdocs/cmu_aiot/leaf workshop/corn_dataset/Gray_Leaf_Spot/Corn_Gray_Spot (230).JPG,corn,Gray_Leaf_Spot,Gray_Leaf_Spot,Corn_Gray_Spot (230).JPG,19181,2
/Applications/XAMPP/xamppfiles/htdocs/cmu_aiot/leaf workshop/corn_dataset/Blight/Corn_Blight (769).JPG,corn,Blight,Blight,Corn_Blight (769).JPG,15127,0
/Applications/XAMPP/xamppfiles/htdocs/cmu_aiot/leaf workshop/corn_dataset/Gray_Leaf_Spot/Corn_Gray_Spot (386).JPG,corn,Gray_Leaf_Spot,Gray_Leaf_Spot,Corn_Gray_Spot (386).JPG,16971,2
/Applications/XAMPP/xamppfiles/htdocs/cmu_aiot/leaf workshop/corn_dataset/Blight/Corn_Blight (582).jpg,corn,Blight,Blight,Corn_Blight (582).jpg,17895,0
/Applications/XAMPP/xamppfiles/htdocs/cmu_aiot/leaf workshop/corn_dataset/Gray_Leaf_Spot/Corn_Gray_Spot (10).jpg,corn,Gray_Leaf_Spot,Gray_Leaf_Spot,Corn_Gray_Spot (10).jpg,287316,2
/Applications/XAMPP/xamppfiles/htdocs/cmu_aiot/leaf workshop/corn_dataset/Blight/Corn_Blight (260).JPG,corn,Blight,Blight,Corn_Blight (260).JPG,13675,0
/Applications/XAMPP/xamppfiles/htdocs/cmu_aiot/leaf workshop/corn_dataset/Healthy/Corn_Health (817).jpg,corn,Healthy,Healthy,Corn_Health (817).jpg,9938,3
/Applications/XAMPP/xamppfiles/htdocs/cmu_aiot/leaf workshop/corn_dataset/Gray_Leaf_Spot/Corn_Gray_Spot (235).JPG,corn,Gray_Leaf_Spot,Gray_Leaf_Spot,Corn_Gray_Spot (235).JPG,17666,2
/Applications/XAMPP/xamppfiles/htdocs/cmu_aiot/leaf workshop/corn_dataset/Healthy/Corn_Health (1116).jpg,corn,Healthy,Healthy,Corn_Health (1116).jpg,10756,3
/Applications/XAMPP/xamppfiles/htdocs/cmu_aiot/leaf workshop/corn_dataset/Gray_Leaf_Spot/Corn_Gray_Spot (317).JPG,corn,Gray_Leaf_Spot,Gray_Leaf_Spot,Corn_Gray_Spot (317).JPG,15990,2
/Applications/XAMPP/xamppfiles/htdocs/cmu_aiot/leaf workshop/corn_dataset/Common_Rust/Corn_Common_Rust (12).jpg,corn,Common_Rust,Common_Rust,Corn_Common_Rust (12).jpg,377749,1
/Applications/XAMPP/xamppfiles/htdocs/cmu_aiot/leaf workshop/corn_dataset/Common_Rust/Corn_Common_Rust (313).JPG,corn,Common_Rust,Common_Rust,Corn_Common_Rust (313).JPG,12386,1
/Applications/XAMPP/xamppfiles/htdocs/cmu_aiot/leaf workshop/corn_dataset/Healthy/Corn_Health (430).jpg,corn,Healthy,Healthy,Corn_Health (430).jpg,7872,3
/Applications/XAMPP/xamppfiles/htdocs/cmu_aiot/leaf workshop/corn_dataset/Healthy/Corn_Health (38).jpg,corn,Healthy,Healthy,Corn_Health (38).jpg,9576,3
/Applications/XAMPP/xamppfiles/htdocs/cmu_aiot/leaf workshop/corn_dataset/Common_Rust/Corn_Common_Rust (63).jpg,corn,Common_Rust,Common_Rust,Corn_Common_Rust (63).jpg,249753,1
/Applications/XAMPP/xamppfiles/htdocs/cmu_aiot/leaf workshop/corn_dataset/Blight/Corn_Blight (512).JPG,corn,Blight,Blight,Corn_Blight (512).JPG,13663,0
/Applications/XAMPP/xamppfiles/htdocs/cmu_aiot/leaf workshop/corn_dataset/Blight/Corn_Blight (1139).jpg,corn,Blight,Blight,Corn_Blight (1139).jpg,51945,0
/Applications/XAMPP/xamppfiles/htdocs/cmu_aiot/leaf workshop/corn_dataset/Blight/Corn_Blight (649).JPG,corn,Blight,Blight,Corn_Blight (649).JPG,13614,0
/Applications/XAMPP/xamppfiles/htdocs/cmu_aiot/leaf workshop/corn_dataset/Common_Rust/Corn_Common_Rust (1287).jpg,corn,Common_Rust,Common_Rust,Corn_Common_Rust (1287).jpg,170040,1
/Applications/XAMPP/xamppfiles/htdocs/cmu_aiot/leaf workshop/corn_dataset/Blight/Corn_Blight (162).jpg,corn,Blight,Blight,Corn_Blight (162).jpg,14329,0
/Applications/XAMPP/xamppfiles/htdocs/cmu_aiot/leaf workshop/corn_dataset/Blight/Corn_Blight (965).JPG,corn,Blight,Blight,Corn_Blight (965).JPG,14772,0
/Applications/XAMPP/xamppfiles/htdocs/cmu_aiot/leaf workshop/corn_dataset/Healthy/Corn_Health (627).jpg,corn,Healthy,Healthy,Corn_Health (627).jpg,13518,3
/Applications/XAMPP/xamppfiles/htdocs/cmu_aiot/leaf workshop/corn_dataset/Healthy/Corn_Health (280).jpg,corn,Healthy,Healthy,Corn_Health (280).jpg,5409,3
/Applications/XAMPP/xamppfiles/htdocs/cmu_aiot/leaf workshop/corn_dataset/Blight/Corn_Blight (663).JPG,corn,Blight,Blight,Corn_Blight (663).JPG,13217,0
/Applications/XAMPP/xamppfiles/htdocs/cmu_aiot/leaf workshop/corn_dataset/Healthy/Corn_Health (905).jpg,corn,Healthy,Healthy,Corn_Health (905).jpg,8184,3
/Applications/XAMPP/xamppfiles/htdocs/cmu_aiot/leaf workshop/corn_dataset/Healthy/Corn_Health (356).jpg,corn,Healthy,Healthy,Corn_Health (356).jpg,15252,3
/Applications/XAMPP/xamppfiles/htdocs/cmu_aiot/leaf workshop/corn_dataset/Common_Rust/Corn_Common_Rust (141).JPG,corn,Common_Rust,Common_Rust,Corn_Common_Rust (141).JPG,12340,1
/Applications/XAMPP/xamppfiles/htdocs/cmu_aiot/leaf workshop/corn_dataset/Healthy/Corn_Health (1087).jpg,corn,Healthy,Healthy,Corn_Health (1087).jpg,14275,3
/Applications/XAMPP/xamppfiles/htdocs/cmu_aiot/leaf workshop/corn_dataset/Healthy/Corn_Health (1094).jpg,corn,Healthy,Healthy,Corn_Health (1094).jpg,9368,3
/Applications/XAMPP/xamppfiles/htdocs/cmu_aiot/leaf workshop/corn_dataset/Blight/Corn_Blight (977).JPG,corn,Blight,Blight,Corn_Blight (977).JPG,11923,0
/Applications/XAMPP/xamppfiles/htdocs/cmu_aiot/leaf workshop/corn_dataset/Common_Rust/Corn_Common_Rust (1143).JPG,corn,Common_Rust,Common_Rust,Corn_Common_Rust (1143).JPG,13513,1
/Applications/XAMPP/xamppfiles/htdocs/cmu_aiot/leaf workshop/corn_dataset/Gray_Leaf_Spot/Corn_Gray_Spot (210).JPG,corn,Gray_Leaf_Spot,Gray_Leaf_Spot,Corn_Gray_Spot (210).JPG,13310,2
/Applications/XAMPP/xamppfiles/htdocs/cmu_aiot/leaf workshop/corn_dataset/Healthy/Corn_Health (664).jpg,corn,Healthy,Healthy,Corn_Health (664).jpg,15706,3
/Applications/XAMPP/xamppfiles/htdocs/cmu_aiot/leaf workshop/corn_dataset/Blight/Corn_Blight (823).JPG,corn,Blight,Blight,Corn_Blight (823).JPG,11727,0
/Applications/XAMPP/xamppfiles/htdocs/cmu_aiot/leaf workshop/corn_dataset/Healthy/Corn_Health (1044).jpg,corn,Healthy,Healthy,Corn_Health (1044).jpg,11803,3
/Applications/XAMPP/xamppfiles/htdocs/cmu_aiot/leaf workshop/corn_dataset/Blight/Corn_Blight (209).JPG,corn,Blight,Blight,Corn_Blight (209).JPG,13879,0
/Applications/XAMPP/xamppfiles/htdocs/cmu_aiot/leaf workshop/corn_dataset/Gray_Leaf_Spot/Corn_Gray_Spot (422).JPG,corn,Gray_Leaf_Spot,Gray_Leaf_Spot,Corn_Gray_Spot (422).JPG,19158,2
/Applications/XAMPP/xamppfiles/htdocs/cmu_aiot/leaf workshop/corn_dataset/Blight/Corn_Blight (596).JPG,corn,Blight,Blight,Corn_Blight (596).JPG,10730,0
/Applications/XAMPP/xamppfiles/htdocs/cmu_aiot/leaf workshop/corn_dataset/Blight/Corn_Blight (315).JPG,corn,Blight,Blight,Corn_Blight (315).JPG,12043,0
/Applications/XAMPP/xamppfiles/htdocs/cmu_aiot/leaf workshop/corn_dataset/Common_Rust/Corn_Common_Rust (1271).jpg,corn,Common_Rust,Common_Rust,Corn_Common_Rust (1271).jpg,38761,1
/Applications/XAMPP/xamppfiles/htdocs/cmu_aiot/leaf workshop/corn_dataset/Healthy/Corn_Health (557).jpg,corn,Healthy,Healthy,Corn_Health (557).jpg,19501,3
/Applications/XAMPP/xamppfiles/htdocs/cmu_aiot/leaf workshop/corn_dataset/Blight/Corn_Blight (595).JPG,corn,Blight,Blight,Corn_Blight (595).JPG,16405,0
/Applications/XAMPP/xamppfiles/htdocs/cmu_aiot/leaf workshop/corn_dataset/Common_Rust/Corn_Common_Rust (1073).JPG,corn,Common_Rust,Common_Rust,Corn_Common_Rust (1073).JPG,12587,1
/Applications/XAMPP/xamppfiles/htdocs/cmu_aiot/leaf workshop/corn_dataset/Blight/Corn_Blight (1073).jpg,corn,Blight,Blight,Corn_Blight (1073).jpg,17513,0
/Applications/XAMPP/xamppfiles/htdocs/cmu_aiot/leaf workshop/corn_dataset/Common_Rust/Corn_Common_Rust (685).JPG,corn,Common_Rust,Common_Rust,Corn_Common_Rust (685).JPG,12524,1
/Applications/XAMPP/xamppfiles/htdocs/cmu_aiot/leaf workshop/corn_dataset/Healthy/Corn_Health (900).jpg,corn,Healthy,Healthy,Corn_Health (900).jpg,11798,3
/Applications/XAMPP/xamppfiles/htdocs/cmu_aiot/leaf workshop/corn_dataset/Blight/Corn_Blight (789).JPG,corn,Blight,Blight,Corn_Blight (789).JPG,13424,0
/Applications/XAMPP/xamppfiles/htdocs/cmu_aiot/leaf workshop/corn_dataset/Blight/Corn_Blight (676).JPG,corn,Blight,Blight,Corn_Blight (676).JPG,12850,0
/Applications/XAMPP/xamppfiles/htdocs/cmu_aiot/leaf workshop/corn_dataset/Blight/Corn_Blight (916).JPG,corn,Blight,Blight,Corn_Blight (916).JPG,10672,0
/Applications/XAMPP/xamppfiles/htdocs/cmu_aiot/leaf workshop/corn_dataset/Healthy/Corn_Health (709).jpg,corn,Healthy,Healthy,Corn_Health (709).jpg,9749,3
/Applications/XAMPP/xamppfiles/htdocs/cmu_aiot/leaf workshop/corn_dataset/Healthy/Corn_Health (422).jpg,corn,Healthy,Healthy,Corn_Health (422).jpg,10437,3
/Applications/XAMPP/xamppfiles/htdocs/cmu_aiot/leaf workshop/corn_dataset/Healthy/Corn_Health (1010).jpg,corn,Healthy,Healthy,Corn_Health (1010).jpg,15079,3
/Applications/XAMPP/xamppfiles/htdocs/cmu_aiot/leaf workshop/corn_dataset/Healthy/Corn_Health (1063).jpg,corn,Healthy,Healthy,Corn_Health (1063).jpg,6310,3
/Applications/XAMPP/xamppfiles/htdocs/cmu_aiot/leaf workshop/corn_dataset/Blight/Corn_Blight (1096).jpg,corn,Blight,Blight,Corn_Blight (1096).jpg,26596,0
/Applications/XAMPP/xamppfiles/htdocs/cmu_aiot/leaf workshop/corn_dataset/Common_Rust/Corn_Common_Rust (628).JPG,corn,Common_Rust,Common_Rust,Corn_Common_Rust (628).JPG,16321,1
/Applications/XAMPP/xamppfiles/htdocs/cmu_aiot/leaf workshop/corn_dataset/Healthy/Corn_Health (328).jpg,corn,Healthy,Healthy,Corn_Health (328).jpg,14113,3
/Applications/XAMPP/xamppfiles/htdocs/cmu_aiot/leaf workshop/corn_dataset/Healthy/Corn_Health (988).jpg,corn,Healthy,Healthy,Corn_Health (988).jpg,6814,3
/Applications/XAMPP/xamppfiles/htdocs/cmu_aiot/leaf workshop/corn_dataset/Healthy/Corn_Health (122).jpg,corn,Healthy,Healthy,Corn_Health (122).jpg,11865,3
/Applications/XAMPP/xamppfiles/htdocs/cmu_aiot/leaf workshop/corn_dataset/Healthy/Corn_Health (1041).jpg,corn,Healthy,Healthy,Corn_Health (1041).jpg,7476,3
/Applications/XAMPP/xamppfiles/htdocs/cmu_aiot/leaf workshop/corn_dataset/Blight/Corn_Blight (827).JPG,corn,Blight,Blight,Corn_Blight (827).JPG,12096,0
/Applications/XAMPP/xamppfiles/htdocs/cmu_aiot/leaf workshop/corn_dataset/Common_Rust/Corn_Common_Rust (743).JPG,corn,Common_Rust,Common_Rust,Corn_Common_Rust (743).JPG,10740,1
/Applications/XAMPP/xamppfiles/htdocs/cmu_aiot/leaf workshop/corn_dataset/Blight/Corn_Blight (764).JPG,corn,Blight,Blight,Corn_Blight (764).JPG,14930,0
/Applications/XAMPP/xamppfiles/htdocs/cmu_aiot/leaf workshop/corn_dataset/Blight/Corn_Blight (1033).jpg,corn,Blight,Blight,Corn_Blight (1033).jpg,17726,0
/Applications/XAMPP/xamppfiles/htdocs/cmu_aiot/leaf workshop/corn_dataset/Gray_Leaf_Spot/Corn_Gray_Spot (531).JPG,corn,Gray_Leaf_Spot,Gray_Leaf_Spot,Corn_Gray_Spot (531).JPG,16057,2
/Applications/XAMPP/xamppfiles/htdocs/cmu_aiot/leaf workshop/corn_dataset/Healthy/Corn_Health (784).jpg,corn,Healthy,Healthy,Corn_Health (784).jpg,9713,3
/Applications/XAMPP/xamppfiles/htdocs/cmu_aiot/leaf workshop/corn_dataset/Gray_Leaf_Spot/Corn_Gray_Spot (132).jpg,corn,Gray_Leaf_Spot,Gray_Leaf_Spot,Corn_Gray_Spot (132).jpg,15774,2
/Applications/XAMPP/xamppfiles/htdocs/cmu_aiot/leaf workshop/corn_dataset/Healthy/Corn_Health (515).jpg,corn,Healthy,Healthy,Corn_Health (515).jpg,5222,3
/Applications/XAMPP/xamppfiles/htdocs/cmu_aiot/leaf workshop/corn_dataset/Common_Rust/Corn_Common_Rust (1236).JPG,corn,Common_Rust,Common_Rust,Corn_Common_Rust (1236).JPG,15067,1
/Applications/XAMPP/xamppfiles/htdocs/cmu_aiot/leaf workshop/corn_dataset/Common_Rust/Corn_Common_Rust (1081).JPG,corn,Common_Rust,Common_Rust,Corn_Common_Rust (1081).JPG,12330,1
/Applications/XAMPP/xamppfiles/htdocs/cmu_aiot/leaf workshop/corn_dataset/Gray_Leaf_Spot/Corn_Gray_Spot (258).JPG,corn,Gray_Leaf_Spot,Gray_Leaf_Spot,Corn_Gray_Spot (258).JPG,17033,2
/Applications/XAMPP/xamppfiles/htdocs/cmu_aiot/leaf workshop/corn_dataset/Gray_Leaf_Spot/Corn_Gray_Spot (528).JPG,corn,Gray_Leaf_Spot,Gray_Leaf_Spot,Corn_Gray_Spot (528).JPG,19805,2
/Applications/XAMPP/xamppfiles/htdocs/cmu_aiot/leaf workshop/corn_dataset/Blight/Corn_Blight (861).JPG,corn,Blight,Blight,Corn_Blight (861).JPG,15424,0
/Applications/XAMPP/xamppfiles/htdocs/cmu_aiot/leaf workshop/corn_dataset/Common_Rust/Corn_Common_Rust (239).JPG,corn,Common_Rust,Common_Rust,Corn_Common_Rust (239).JPG,13554,1
/Applications/XAMPP/xamppfiles/htdocs/cmu_aiot/leaf workshop/corn_dataset/Blight/Corn_Blight (788).JPG,corn,Blight,Blight,Corn_Blight (788).JPG,14313,0
/Applications/XAMPP/xamppfiles/htdocs/cmu_aiot/leaf workshop/corn_dataset/Common_Rust/Corn_Common_Rust (1088).JPG,corn,Common_Rust,Common_Rust,Corn_Common_Rust (1088).JPG,15526,1
/Applications/XAMPP/xamppfiles/htdocs/cmu_aiot/leaf workshop/corn_dataset/Common_Rust/Corn_Common_Rust (683).JPG,corn,Common_Rust,Common_Rust,Corn_Common_Rust (683).JPG,16642,1
/Applications/XAMPP/xamppfiles/htdocs/cmu_aiot/leaf workshop/corn_dataset/Gray_Leaf_Spot/Corn_Gray_Spot (223).jpg,corn,Gray_Leaf_Spot,Gray_Leaf_Spot,Corn_Gray_Spot (223).jpg,13830,2
/Applications/XAMPP/xamppfiles/htdocs/cmu_aiot/leaf workshop/corn_dataset/Blight/Corn_Blight (817).JPG,corn,Blight,Blight,Corn_Blight (817).JPG,14843,0
/Applications/XAMPP/xamppfiles/htdocs/cmu_aiot/leaf workshop/corn_dataset/Gray_Leaf_Spot/Corn_Gray_Spot (141).JPG,corn,Gray_Leaf_Spot,Gray_Leaf_Spot,Corn_Gray_Spot (141).JPG,15286,2
/Applications/XAMPP/xamppfiles/htdocs/cmu_aiot/leaf workshop/corn_dataset/Healthy/Corn_Health (268).jpg,corn,Healthy,Healthy,Corn_Health (268).jpg,8000,3
/Applications/XAMPP/xamppfiles/htdocs/cmu_aiot/leaf workshop/corn_dataset/Healthy/Corn_Health (78).jpg,corn,Healthy,Healthy,Corn_Health (78).jpg,10851,3
/Applications/XAMPP/xamppfiles/htdocs/cmu_aiot/leaf workshop/corn_dataset/Common_Rust/Corn_Common_Rust (284).JPG,corn,Common_Rust,Common_Rust,Corn_Common_Rust (284).JPG,16755,1
/Applications/XAMPP/xamppfiles/htdocs/cmu_aiot/leaf workshop/corn_dataset/Blight/Corn_Blight (224).JPG,corn,Blight,Blight,Corn_Blight (224).JPG,15602,0
/Applications/XAMPP/xamppfiles/htdocs/cmu_aiot/leaf workshop/corn_dataset/Healthy/Corn_Health (428).jpg,corn,Healthy,Healthy,Corn_Health (428).jpg,8735,3
/Applications/XAMPP/xamppfiles/htdocs/cmu_aiot/leaf workshop/corn_dataset/Common_Rust/Corn_Common_Rust (1181).JPG,corn,Common_Rust,Common_Rust,Corn_Common_Rust (1181).JPG,14719,1
/Applications/XAMPP/xamppfiles/htdocs/cmu_aiot/leaf workshop/corn_dataset/Blight/Corn_Blight (414).JPG,corn,Blight,Blight,Corn_Blight (414).JPG,16320,0
/Applications/XAMPP/xamppfiles/htdocs/cmu_aiot/leaf workshop/corn_dataset/Blight/Corn_Blight (826).JPG,corn,Blight,Blight,Corn_Blight (826).JPG,12018,0
/Applications/XAMPP/xamppfiles/htdocs/cmu_aiot/leaf workshop/corn_dataset/Blight/Corn_Blight (258).JPG,corn,Blight,Blight,Corn_Blight (258).JPG,15398,0
/Applications/XAMPP/xamppfiles/htdocs/cmu_aiot/leaf workshop/corn_dataset/Healthy/Corn_Health (124).jpg,corn,Healthy,Healthy,Corn_Health (124).jpg,15166,3
/Applications/XAMPP/xamppfiles/htdocs/cmu_aiot/leaf workshop/corn_dataset/Blight/Corn_Blight (809).JPG,corn,Blight,Blight,Corn_Blight (809).JPG,17141,0
/Applications/XAMPP/xamppfiles/htdocs/cmu_aiot/leaf workshop/corn_dataset/Healthy/Corn_Health (155).jpg,corn,Healthy,Healthy,Corn_Health (155).jpg,9847,3
/Applications/XAMPP/xamppfiles/htdocs/cmu_aiot/leaf workshop/corn_dataset/Common_Rust/Corn_Common_Rust (566).JPG,corn,Common_Rust,Common_Rust,Corn_Common_Rust (566).JPG,13244,1
/Applications/XAMPP/xamppfiles/htdocs/cmu_aiot/leaf workshop/corn_dataset/Blight/Corn_Blight (259).jpg,corn,Blight,Blight,Corn_Blight (259).jpg,17105,0
/Applications/XAMPP/xamppfiles/htdocs/cmu_aiot/leaf workshop/corn_dataset/Healthy/Corn_Health (882).jpg,corn,Healthy,Healthy,Corn_Health (882).jpg,8229,3
/Applications/XAMPP/xamppfiles/htdocs/cmu_aiot/leaf workshop/corn_dataset/Blight/Corn_Blight (474).JPG,corn,Blight,Blight,Corn_Blight (474).JPG,14793,0
/Applications/XAMPP/xamppfiles/htdocs/cmu_aiot/leaf workshop/corn_dataset/Healthy/Corn_Health (779).jpg,corn,Healthy,Healthy,Corn_Health (779).jpg,16593,3
/Applications/XAMPP/xamppfiles/htdocs/cmu_aiot/leaf workshop/corn_dataset/Common_Rust/Corn_Common_Rust (1243).JPG,corn,Common_Rust,Common_Rust,Corn_Common_Rust (1243).JPG,16434,1
/Applications/XAMPP/xamppfiles/htdocs/cmu_aiot/leaf workshop/corn_dataset/Healthy/Corn_Health (1105).jpg,corn,Healthy,Healthy,Corn_Health (1105).jpg,12513,3
/Applications/XAMPP/xamppfiles/htdocs/cmu_aiot/leaf workshop/corn_dataset/Blight/Corn_Blight (413).JPG,corn,Blight,Blight,Corn_Blight (413).JPG,15367,0
/Applications/XAMPP/xamppfiles/htdocs/cmu_aiot/leaf workshop/corn_dataset/Common_Rust/Corn_Common_Rust (486).JPG,corn,Common_Rust,Common_Rust,Corn_Common_Rust (486).JPG,13328,1
/Applications/XAMPP/xamppfiles/htdocs/cmu_aiot/leaf workshop/corn_dataset/Blight/Corn_Blight (1111).jpg,corn,Blight,Blight,Corn_Blight (1111).jpg,273780,0
/Applications/XAMPP/xamppfiles/htdocs/cmu_aiot/leaf workshop/corn_dataset/Common_Rust/Corn_Common_Rust (302).JPG,corn,Common_Rust,Common_Rust,Corn_Common_Rust (302).JPG,12516,1
/Applications/XAMPP/xamppfiles/htdocs/cmu_aiot/leaf workshop/corn_dataset/Gray_Leaf_Spot/Corn_Gray_Spot (485).JPG,corn,Gray_Leaf_Spot,Gray_Leaf_Spot,Corn_Gray_Spot (485).JPG,12493,2
/Applications/XAMPP/xamppfiles/htdocs/cmu_aiot/leaf workshop/corn_dataset/Blight/Corn_Blight (89).jpg,corn,Blight,Blight,Corn_Blight (89).jpg,57968,0
/Applications/XAMPP/xamppfiles/htdocs/cmu_aiot/leaf workshop/corn_dataset/Healthy/Corn_Health (957).jpg,corn,Healthy,Healthy,Corn_Health (957).jpg,10623,3
/Applications/XAMPP/xamppfiles/htdocs/cmu_aiot/leaf workshop/corn_dataset/Gray_Leaf_Spot/Corn_Gray_Spot (331).JPG,corn,Gray_Leaf_Spot,Gray_Leaf_Spot,Corn_Gray_Spot (331).JPG,17577,2
/Applications/XAMPP/xamppfiles/htdocs/cmu_aiot/leaf workshop/corn_dataset/Common_Rust/Corn_Common_Rust (603).JPG,corn,Common_Rust,Common_Rust,Corn_Common_Rust (603).JPG,14017,1
/Applications/XAMPP/xamppfiles/htdocs/cmu_aiot/leaf workshop/corn_dataset/Healthy/Corn_Health (686).jpg,corn,Healthy,Healthy,Corn_Health (686).jpg,16305,3
/Applications/XAMPP/xamppfiles/htdocs/cmu_aiot/leaf workshop/corn_dataset/Healthy/Corn_Health (200).jpg,corn,Healthy,Healthy,Corn_Health (200).jpg,12729,3
/Applications/XAMPP/xamppfiles/htdocs/cmu_aiot/leaf workshop/corn_dataset/Common_Rust/Corn_Common_Rust (1072).JPG,corn,Common_Rust,Common_Rust,Corn_Common_Rust (1072).JPG,11069,1
/Applications/XAMPP/xamppfiles/htdocs/cmu_aiot/leaf workshop/corn_dataset/Gray_Leaf_Spot/Corn_Gray_Spot (214).JPG,corn,Gray_Leaf_Spot,Gray_Leaf_Spot,Corn_Gray_Spot (214).JPG,14088,2
/Applications/XAMPP/xamppfiles/htdocs/cmu_aiot/leaf workshop/corn_dataset/Healthy/Corn_Health (1004).jpg,corn,Healthy,Healthy,Corn_Health (1004).jpg,15462,3
/Applications/XAMPP/xamppfiles/htdocs/cmu_aiot/leaf workshop/corn_dataset/Gray_Leaf_Spot/Corn_Gray_Spot (394).JPG,corn,Gray_Leaf_Spot,Gray_Leaf_Spot,Corn_Gray_Spot (394).JPG,15247,2
/Applications/XAMPP/xamppfiles/htdocs/cmu_aiot/leaf workshop/corn_dataset/Healthy/Corn_Health (873).jpg,corn,Healthy,Healthy,Corn_Health (873).jpg,5608,3
/Applications/XAMPP/xamppfiles/htdocs/cmu_aiot/leaf workshop/corn_dataset/Gray_Leaf_Spot/Corn_Gray_Spot (172).JPG,corn,Gray_Leaf_Spot,Gray_Leaf_Spot,Corn_Gray_Spot (172).JPG,13891,2
/Applications/XAMPP/xamppfiles/htdocs/cmu_aiot/leaf workshop/corn_dataset/Healthy/Corn_Health (1109).jpg,corn,Healthy,Healthy,Corn_Health (1109).jpg,10422,3
/Applications/XAMPP/xamppfiles/htdocs/cmu_aiot/leaf workshop/corn_dataset/Healthy/Corn_Health (978).jpg,corn,Healthy,Healthy,Corn_Health (978).jpg,13421,3
/Applications/XAMPP/xamppfiles/htdocs/cmu_aiot/leaf workshop/corn_dataset/Blight/Corn_Blight (930).JPG,corn,Blight,Blight,Corn_Blight (930).JPG,13223,0
/Applications/XAMPP/xamppfiles/htdocs/cmu_aiot/leaf workshop/corn_dataset/Blight/Corn_Blight (919).JPG,corn,Blight,Blight,Corn_Blight (919).JPG,12719,0
/Applications/XAMPP/xamppfiles/htdocs/cmu_aiot/leaf workshop/corn_dataset/Healthy/Corn_Health (719).jpg,corn,Healthy,Healthy,Corn_Health (719).jpg,5282,3
/Applications/XAMPP/xamppfiles/htdocs/cmu_aiot/leaf workshop/corn_dataset/Gray_Leaf_Spot/Corn_Gray_Spot (544).JPG,corn,Gray_Leaf_Spot,Gray_Leaf_Spot,Corn_Gray_Spot (544).JPG,16189,2
/Applications/XAMPP/xamppfiles/htdocs/cmu_aiot/leaf workshop/corn_dataset/Blight/Corn_Blight (1053).JPG,corn,Blight,Blight,Corn_Blight (1053).JPG,13662,0
/Applications/XAMPP/xamppfiles/htdocs/cmu_aiot/leaf workshop/corn_dataset/Healthy/Corn_Health (262).jpg,corn,Healthy,Healthy,Corn_Health (262).jpg,16372,3
/Applications/XAMPP/xamppfiles/htdocs/cmu_aiot/leaf workshop/corn_dataset/Common_Rust/Corn_Common_Rust (427).JPG,corn,Common_Rust,Common_Rust,Corn_Common_Rust (427).JPG,12626,1
/Applications/XAMPP/xamppfiles/htdocs/cmu_aiot/leaf workshop/corn_dataset/Gray_Leaf_Spot/Corn_Gray_Spot (106).JPG,corn,Gray_Leaf_Spot,Gray_Leaf_Spot,Corn_Gray_Spot (106).JPG,19982,2
/Applications/XAMPP/xamppfiles/htdocs/cmu_aiot/leaf workshop/corn_dataset/Blight/Corn_Blight (17).jpg,corn,Blight,Blight,Corn_Blight (17).jpg,30479,0
/Applications/XAMPP/xamppfiles/htdocs/cmu_aiot/leaf workshop/corn_dataset/Healthy/Corn_Health (855).jpg,corn,Healthy,Healthy,Corn_Health (855).jpg,16689,3
/Applications/XAMPP/xamppfiles/htdocs/cmu_aiot/leaf workshop/corn_dataset/Healthy/Corn_Health (815).jpg,corn,Healthy,Healthy,Corn_Health (815).jpg,16002,3
/Applications/XAMPP/xamppfiles/htdocs/cmu_aiot/leaf workshop/corn_dataset/Blight/Corn_Blight (366).JPG,corn,Blight,Blight,Corn_Blight (366).JPG,11962,0
/Applications/XAMPP/xamppfiles/htdocs/cmu_aiot/leaf workshop/corn_dataset/Healthy/Corn_Health (40).jpg,corn,Healthy,Healthy,Corn_Health (40).jpg,11548,3
/Applications/XAMPP/xamppfiles/htdocs/cmu_aiot/leaf workshop/corn_dataset/Blight/Corn_Blight (941).JPG,corn,Blight,Blight,Corn_Blight (941).JPG,11723,0
/Applications/XAMPP/xamppfiles/htdocs/cmu_aiot/leaf workshop/corn_dataset/Common_Rust/Corn_Common_Rust (397).JPG,corn,Common_Rust,Common_Rust,Corn_Common_Rust (397).JPG,14678,1
/Applications/XAMPP/xamppfiles/htdocs/cmu_aiot/leaf workshop/corn_dataset/Common_Rust/Corn_Common_Rust (416).JPG,corn,Common_Rust,Common_Rust,Corn_Common_Rust (416).JPG,12630,1
/Applications/XAMPP/xamppfiles/htdocs/cmu_aiot/leaf workshop/corn_dataset/Healthy/Corn_Health (567).jpg,corn,Healthy,Healthy,Corn_Health (567).jpg,18792,3
/Applications/XAMPP/xamppfiles/htdocs/cmu_aiot/leaf workshop/corn_dataset/Blight/Corn_Blight (274).JPG,corn,Blight,Blight,Corn_Blight (274).JPG,12636,0
/Applications/XAMPP/xamppfiles/htdocs/cmu_aiot/leaf workshop/corn_dataset/Gray_Leaf_Spot/Corn_Gray_Spot (156).JPG,corn,Gray_Leaf_Spot,Gray_Leaf_Spot,Corn_Gray_Spot (156).JPG,15519,2
/Applications/XAMPP/xamppfiles/htdocs/cmu_aiot/leaf workshop/corn_dataset/Blight/Corn_Blight (196).JPG,corn,Blight,Blight,Corn_Blight (196).JPG,13318,0
/Applications/XAMPP/xamppfiles/htdocs/cmu_aiot/leaf workshop/corn_dataset/Common_Rust/Corn_Common_Rust (1285).jpg,corn,Common_Rust,Common_Rust,Corn_Common_Rust (1285).jpg,190067,1
/Applications/XAMPP/xamppfiles/htdocs/cmu_aiot/leaf workshop/corn_dataset/Healthy/Corn_Health (359).jpg,corn,Healthy,Healthy,Corn_Health (359).jpg,9339,3
/Applications/XAMPP/xamppfiles/htdocs/cmu_aiot/leaf workshop/corn_dataset/Blight/Corn_Blight (548).JPG,corn,Blight,Blight,Corn_Blight (548).JPG,12930,0
/Applications/XAMPP/xamppfiles/htdocs/cmu_aiot/leaf workshop/corn_dataset/Common_Rust/Corn_Common_Rust (561).JPG,corn,Common_Rust,Common_Rust,Corn_Common_Rust (561).JPG,14472,1
/Applications/XAMPP/xamppfiles/htdocs/cmu_aiot/leaf workshop/corn_dataset/Blight/Corn_Blight (1031).JPG,corn,Blight,Blight,Corn_Blight (1031).JPG,18856,0
