filepath,crop,raw_label,label_name,filename,filesize,label_id
/Applications/XAMPP/xamppfiles/htdocs/cmu_aiot/leaf workshop/potato_dataset/Potato___healthy/Potato_healthy-119-_0_9577.jpg,potato,Potato___healthy,Potato___healthy,Potato_healthy-119-_0_9577.jpg,12830,2
/Applications/XAMPP/xamppfiles/htdocs/cmu_aiot/leaf workshop/potato_dataset/Potato___Early_blight/f5ec7cce-c3cc-4b4a-b716-d70175b1dcd2___RS_Early.B 7520.JPG,potato,Potato___Early_blight,Potato___Early_blight,f5ec7cce-c3cc-4b4a-b716-d70175b1dcd2___RS_Early.B 7520.JPG,20964,0
/Applications/XAMPP/xamppfiles/htdocs/cmu_aiot/leaf workshop/potato_dataset/Potato___Late_blight/f1a2b03a-d724-4f81-a8d7-d7f38f26ea29___RS_LB 3039.JPG,potato,Potato___Late_blight,Potato___Late_blight,f1a2b03a-d724-4f81-a8d7-d7f38f26ea29___RS_LB 3039.JPG,15654,1
/Applications/XAMPP/xamppfiles/htdocs/cmu_aiot/leaf workshop/potato_dataset/Potato___Early_blight/e912f95d-d159-47bc-b1ed-f0f08c3c391d___RS_Early.B 8366.JPG,potato,Potato___Early_blight,Potato___Early_blight,e912f95d-d159-47bc-b1ed-f0f08c3c391d___RS_Early.B 8366.JPG,20203,0
/Applications/XAMPP/xamppfiles/htdocs/cmu_aiot/leaf workshop/potato_dataset/Potato___healthy/Potato_healthy-100-_0_2061.jpg,potato,Potato___healthy,Potato___healthy,Potato_healthy-100-_0_2061.jpg,13999,2
/Applications/XAMPP/xamppfiles/htdocs/cmu_aiot/leaf workshop/potato_dataset/Potato___Early_blight/f0a1af30-47b5-430b-b563-ef9a32a55dc7___RS_Early.B 6781.JPG,potato,Potato___Early_blight,Potato___Early_blight,f0a1af30-47b5-430b-b563-ef9a32a55dc7___RS_Early.B 6781.JPG,17773,0
/Applications/XAMPP/xamppfiles/htdocs/cmu_aiot/leaf workshop/potato_dataset/Potato___Late_blight/f46c0317-fc28-4b5b-a09d-b52ef54fae67___RS_LB 3889.JPG,potato,Potato___Late_blight,Potato___Late_blight,f46c0317-fc28-4b5b-a09d-b52ef54fae67___RS_LB 3889.JPG,14849,1
/Applications/XAMPP/xamppfiles/htdocs/cmu_aiot/leaf workshop/potato_dataset/Potato___Early_blight/d9b34eaa-9d54-41fe-9ea2-335fe0b572ee___RS_Early.B 7735.JPG,potato,Potato___Early_blight,Potato___Early_blight,d9b34eaa-9d54-41fe-9ea2-335fe0b572ee___RS_Early.B 7735.JPG,18842,0
/Applications/XAMPP/xamppfiles/htdocs/cmu_aiot/leaf workshop/potato_dataset/Potato___Early_blight/f980fef9-bcf5-47fd-8426-2c503dc35f88___RS_Early.B 6745.JPG,potato,Potato___Early_blight,Potato___Early_blight,f980fef9-bcf5-47fd-8426-2c503dc35f88___RS_Early.B 6745.JPG,21565,0
/Applications/XAMPP/xamppfiles/htdocs/cmu_aiot/leaf workshop/potato_dataset/Potato___Early_blight/de8d212e-1bbf-41d7-b13b-29f0746223aa___RS_Early.B 8022.JPG,potato,Potato___Early_blight,Potato___Early_blight,de8d212e-1bbf-41d7-b13b-29f0746223aa___RS_Early.B 8022.JPG,21401,0
/Applications/XAMPP/xamppfiles/htdocs/cmu_aiot/leaf workshop/potato_dataset/Potato___Late_blight/d4d37fcb-95c0-4e20-809c-6b92e6a565f3___RS_LB 5110.JPG,potato,Potato___Late_blight,Potato___Late_blight,d4d37fcb-95c0-4e20-809c-6b92e6a565f3___RS_LB 5110.JPG,15562,1
/Applications/XAMPP/xamppfiles/htdocs/cmu_aiot/leaf workshop/potato_dataset/Potato___Late_blight/df5eb1ff-9261-45ab-ae3f-bf942cdf1a72___RS_LB 2947.JPG,potato,Potato___Late_blight,Potato___Late_blight,df5eb1ff-9261-45ab-ae3f-bf942cdf1a72___RS_LB 2947.JPG,15680,1
/Applications/XAMPP/xamppfiles/htdocs/cmu_aiot/leaf workshop/potato_dataset/Potato___healthy/Potato_healthy-142-_0_4668.jpg,potato,Potato___healthy,Potato___healthy,Potato_healthy-142-_0_4668.jpg,14409,2
/Applications/XAMPP/xamppfiles/htdocs/cmu_aiot/leaf workshop/potato_dataset/Potato___Early_blight/b8578828-0e34-4511-9739-9ef0170774b2___RS_Early.B 7416.JPG,potato,Potato___Early_blight,Potato___Early_blight,b8578828-0e34-4511-9739-9ef0170774b2___RS_Early.B 7416.JPG,18039,0
/Applications/XAMPP/xamppfiles/htdocs/cmu_aiot/leaf workshop/potato_dataset/Potato___healthy/Potato_healthy-79-_0_5464.jpg,potato,Potato___healthy,Potato___healthy,Potato_healthy-79-_0_5464.jpg,15374,2
/Applications/XAMPP/xamppfiles/htdocs/cmu_aiot/leaf workshop/potato_dataset/Potato___healthy/Potato_healthy-121-_0_8939.jpg,potato,Potato___healthy,Potato___healthy,Potato_healthy-121-_0_8939.jpg,16749,2
/Applications/XAMPP/xamppfiles/htdocs/cmu_aiot/leaf workshop/potato_dataset/Potato___Early_blight/bb38077f-ee91-4c0b-af46-f90b21b9e9db___RS_Early.B 7121.JPG,potato,Potato___Early_blight,Potato___Early_blight,bb38077f-ee91-4c0b-af46-f90b21b9e9db___RS_Early.B 7121.JPG,17958,0
/Applications/XAMPP/xamppfiles/htdocs/cmu_aiot/leaf workshop/potato_dataset/Potato___Early_blight/c7067769-af82-46d6-8f42-d7a184e3f59a___RS_Early.B 7916.JPG,potato,Potato___Early_blight,Potato___Early_blight,c7067769-af82-46d6-8f42-d7a184e3f59a___RS_Early.B 7916.JPG,20264,0
/Applications/XAMPP/xamppfiles/htdocs/cmu_aiot/leaf workshop/potato_dataset/Potato___Early_blight/e0654927-6cc0-491f-86d3-acb5ad261904___RS_Early.B 8341.JPG,potato,Potato___Early_blight,Potato___Early_blight,e0654927-6cc0-491f-86d3-acb5ad261904___RS_Early.B 8341.JPG,19194,0
/Applications/XAMPP/xamppfiles/htdocs/cmu_aiot/leaf workshop/potato_dataset/Potato___Late_blight/f2bfd338-f718-4794-a115-3337a0669988___RS_LB 2944.JPG,potato,Potato___Late_blight,Potato___Late_blight,f2bfd338-f718-4794-a115-3337a0669988___RS_LB 2944.JPG,15356,1
/Applications/XAMPP/xamppfiles/htdocs/cmu_aiot/leaf workshop/potato_dataset/Potato___Late_blight/be013aee-1311-4679-ae86-1c6fba5f55e5___RS_LB 2799.JPG,potato,Potato___Late_blight,Potato___Late_blight,be013aee-1311-4679-ae86-1c6fba5f55e5___RS_LB 2799.JPG,17185,1
/Applications/XAMPP/xamppfiles/htdocs/cmu_aiot/leaf workshop/potato_dataset/Potato___Late_blight/c87b7e98-d4ed-446a-bf9e-47bd454f279b___RS_LB 2860.JPG,potato,Potato___Late_blight,Potato___Late_blight,c87b7e98-d4ed-446a-bf9e-47bd454f279b___RS_LB 2860.JPG,14678,1
/Applications/XAMPP/xamppfiles/htdocs/cmu_aiot/leaf workshop/potato_dataset/Potato___Early_blight/f3483bdf-7adf-40fe-b478-044b7c9daff2___RS_Early.B 7034.JPG,potato,Potato___Early_blight,Potato___Early_blight,f3483bdf-7adf-40fe-b478-044b7c9daff2___RS_Early.B 7034.JPG,17012,0
/Applications/XAMPP/xamppfiles/htdocs/cmu_aiot/leaf workshop/potato_dataset/Potato___Late_blight/e0d0ea5a-242d-4d1c-9df1-0cc592d75e48___RS_LB 3011.JPG,potato,Potato___Late_blight,Potato___Late_blight,e0d0ea5a-242d-4d1c-9df1-0cc592d75e48___RS_LB 3011.JPG,18716,1
/Applications/XAMPP/xamppfiles/htdocs/cmu_aiot/leaf workshop/potato_dataset/Potato___Late_blight/b9474ec5-5a67-4207-98ec-5671c19f8f59___RS_LB 2545.JPG,potato,Potato___Late_blight,Potato___Late_blight,b9474ec5-5a67-4207-98ec-5671c19f8f59___RS_LB 2545.JPG,18786,1
/Applications/XAMPP/xamppfiles/htdocs/cmu_aiot/leaf workshop/potato_dataset/Potato___Early_blight/f8de1c8d-67a0-4825-9ad6-e15809ff909c___RS_Early.B 7348.JPG,potato,Potato___Early_blight,Potato___Early_blight,f8de1c8d-67a0-4825-9ad6-e15809ff909c___RS_Early.B 7348.JPG,18355,0
/Applications/XAMPP/xamppfiles/htdocs/cmu_aiot/leaf workshop/potato_dataset/Potato___healthy/Potato_healthy-145-_0_5007.jpg,potato,Potato___healthy,Potato___healthy,Potato_healthy-145-_0_5007.jpg,16326,2
/Applications/XAMPP/xamppfiles/htdocs/cmu_aiot/leaf workshop/potato_dataset/Potato___Early_blight/e6d543a1-8e5e-4709-9329-b93d63f52edf___RS_Early.B 8324.JPG,potato,Potato___Early_blight,Potato___Early_blight,e6d543a1-8e5e-4709-9329-b93d63f52edf___RS_Early.B 8324.JPG,19789,0
/Applications/XAMPP/xamppfiles/htdocs/cmu_aiot/leaf workshop/potato_dataset/Potato___healthy/Potato_healthy-134-_0_6239.jpg,potato,Potato___healthy,Potato___healthy,Potato_healthy-134-_0_6239.jpg,17954,2
/Applications/XAMPP/xamppfiles/htdocs/cmu_aiot/leaf workshop/potato_dataset/Potato___Early_blight/d036af36-99a4-4b25-aa40-2477883e73cf___RS_Early.B 8269.JPG,potato,Potato___Early_blight,Potato___Early_blight,d036af36-99a4-4b25-aa40-2477883e73cf___RS_Early.B 8269.JPG,20452,0
/Applications/XAMPP/xamppfiles/htdocs/cmu_aiot/leaf workshop/potato_dataset/Potato___healthy/Potato_healthy-135-_0_2200.jpg,potato,Potato___healthy,Potato___healthy,Potato_healthy-135-_0_2200.jpg,16389,2
/Applications/XAMPP/xamppfiles/htdocs/cmu_aiot/leaf workshop/potato_dataset/Potato___healthy/Potato_healthy-92-_0_8402.jpg,potato,Potato___healthy,Potato___healthy,Potato_healthy-92-_0_8402.jpg,16624,2
/Applications/XAMPP/xamppfiles/htdocs/cmu_aiot/leaf workshop/potato_dataset/Potato___healthy/Potato_healthy-140-_0_2131.jpg,potato,Potato___healthy,Potato___healthy,Potato_healthy-140-_0_2131.jpg,16637,2
/Applications/XAMPP/xamppfiles/htdocs/cmu_aiot/leaf workshop/potato_dataset/Potato___healthy/Potato_healthy-83-_0_1205.jpg,potato,Potato___healthy,Potato___healthy,Potato_healthy-83-_0_1205.jpg,16217,2
/Applications/XAMPP/xamppfiles/htdocs/cmu_aiot/leaf workshop/potato_dataset/Potato___Late_blight/def9c9e1-fd12-44d9-92ae-18c5ff0f52da___RS_LB 2605.JPG,potato,Potato___Late_blight,Potato___Late_blight,def9c9e1-fd12-44d9-92ae-18c5ff0f52da___RS_LB 2605.JPG,15579,1
/Applications/XAMPP/xamppfiles/htdocs/cmu_aiot/leaf workshop/potato_dataset/Potato___healthy/Potato_healthy-143-_0_2100.jpg,potato,Potato___healthy,Potato___healthy,Potato_healthy-143-_0_2100.jpg,14580,2
/Applications/XAMPP/xamppfiles/htdocs/cmu_aiot/leaf workshop/potato_dataset/Potato___healthy/Potato_healthy-92-_0_7234.jpg,potato,Potato___healthy,Potato___healthy,Potato_healthy-92-_0_7234.jpg,16341,2
/Applications/XAMPP/xamppfiles/htdocs/cmu_aiot/leaf workshop/potato_dataset/Potato___Early_blight/e6693b54-623a-4323-aa79-3e0fc3c07288___RS_Early.B 9198.JPG,potato,Potato___Early_blight,Potato___Early_blight,e6693b54-623a-4323-aa79-3e0fc3c07288___RS_Early.B 9198.JPG,21407,0
/Applications/XAMPP/xamppfiles/htdocs/cmu_aiot/leaf workshop/potato_dataset/Potato___healthy/Potato_healthy-85-_0_9497.jpg,potato,Potato___healthy,Potato___healthy,Potato_healthy-85-_0_9497.jpg,15355,2
/Applications/XAMPP/xamppfiles/htdocs/cmu_aiot/leaf workshop/potato_dataset/Potato___healthy/Potato_healthy-124-_0_2846.jpg,potato,Potato___healthy,Potato___healthy,Potato_healthy-124-_0_2846.jpg,15810,2
/Applications/XAMPP/xamppfiles/htdocs/cmu_aiot/leaf workshop/potato_dataset/Potato___Late_blight/ea620852-7590-4d82-8349-1470cb1fe3a8___RS_LB 2719.JPG,potato,Potato___Late_blight,Potato___Late_blight,ea620852-7590-4d82-8349-1470cb1fe3a8___RS_LB 2719.JPG,17783,1
/Applications/XAMPP/xamppfiles/htdocs/cmu_aiot/leaf workshop/potato_dataset/Potato___Early_blight/dc3e6480-10c2-429b-bd9a-b8dd7d538594___RS_Early.B 8061.JPG,potato,Potato___Early_blight,Potato___Early_blight,dc3e6480-10c2-429b-bd9a-b8dd7d538594___RS_Early.B 8061.JPG,18347,0
/Applications/XAMPP/xamppfiles/htdocs/cmu_aiot/leaf workshop/potato_dataset/Potato___healthy/Potato_healthy-144-_0_9253.jpg,potato,Potato___healthy,Potato___healthy,Potato_healthy-144-_0_9253.jpg,19362,2
/Applications/XAMPP/xamppfiles/htdocs/cmu_aiot/leaf workshop/potato_dataset/Potato___healthy/Potato_healthy-118-_0_3622.jpg,potato,Potato___healthy,Potato___healthy,Potato_healthy-118-_0_3622.jpg,13833,2
/Applications/XAMPP/xamppfiles/htdocs/cmu_aiot/leaf workshop/potato_dataset/Potato___Late_blight/c6842cfb-6996-4a51-bc0a-7e2f89a903f0___RS_LB 3911.JPG,potato,Potato___Late_blight,Potato___Late_blight,c6842cfb-6996-4a51-bc0a-7e2f89a903f0___RS_LB 3911.JPG,16752,1
/Applications/XAMPP/xamppfiles/htdocs/cmu_aiot/leaf workshop/potato_dataset/Potato___Late_blight/f477f5a9-90cf-416b-8a3d-782ea2365c9f___RS_LB 3884.JPG,potato,Potato___Late_blight,Potato___Late_blight,f477f5a9-90cf-416b-8a3d-782ea2365c9f___RS_LB 3884.JPG,14746,1
/Applications/XAMPP/xamppfiles/htdocs/cmu_aiot/leaf workshop/potato_dataset/Potato___Early_blight/e6d7262c-803d-4346-a36d-4f384196e21c___RS_Early.B 6893.JPG,potato,Potato___Early_blight,Potato___Early_blight,e6d7262c-803d-4346-a36d-4f384196e21c___RS_Early.B 6893.JPG,20982,0
/Applications/XAMPP/xamppfiles/htdocs/cmu_aiot/leaf workshop/potato_dataset/Potato___healthy/Potato_healthy-85-_0_3834.jpg,potato,Potato___healthy,Potato___healthy,Potato_healthy-85-_0_3834.jpg,16155,2
/Applications/XAMPP/xamppfiles/htdocs/cmu_aiot/leaf workshop/potato_dataset/Potato___healthy/Potato_healthy-142-_0_7619.jpg,potato,Potato___healthy,Potato___healthy,Potato_healthy-142-_0_7619.jpg,14683,2
/Applications/XAMPP/xamppfiles/htdocs/cmu_aiot/leaf workshop/potato_dataset/Potato___Late_blight/e766a563-c87a-4d14-ae00-898ce62e15d4___RS_LB 5123.JPG,potato,Potato___Late_blight,Potato___Late_blight,e766a563-c87a-4d14-ae00-898ce62e15d4___RS_LB 5123.JPG,14353,1
/Applications/XAMPP/xamppfiles/htdocs/cmu_aiot/leaf workshop/potato_dataset/Potato___Late_blight/fc759d3f-64c7-4e45-9a0c-5a2f07fd1055___RS_LB 3030.JPG,potato,Potato___Late_blight,Potato___Late_blight,fc759d3f-64c7-4e45-9a0c-5a2f07fd1055___RS_LB 3030.JPG,15688,1
/Applications/XAMPP/xamppfiles/htdocs/cmu_aiot/leaf workshop/potato_dataset/Potato___Late_blight/f1b1a037-34e4-4016-a0bc-703059820f24___RS_LB 4343.JPG,potato,Potato___Late_blight,Potato___Late_blight,f1b1a037-34e4-4016-a0bc-703059820f24___RS_LB 4343.JPG,16645,1
/Applications/XAMPP/xamppfiles/htdocs/cmu_aiot/leaf workshop/potato_dataset/Potato___healthy/Potato_healthy-102-_0_1485.jpg,potato,Potato___healthy,Potato___healthy,Potato_healthy-102-_0_1485.jpg,19108,2
/Applications/XAMPP/xamppfiles/htdocs/cmu_aiot/leaf workshop/potato_dataset/Potato___healthy/Potato_healthy-89-_0_5430.jpg,potato,Potato___healthy,Potato___healthy,Potato_healthy-89-_0_5430.jpg,17865,2
/Applications/XAMPP/xamppfiles/htdocs/cmu_aiot/leaf workshop/potato_dataset/Potato___Late_blight/f62c0408-af09-4883-a780-7bd335e60443___RS_LB 5258.JPG,potato,Potato___Late_blight,Potato___Late_blight,f62c0408-af09-4883-a780-7bd335e60443___RS_LB 5258.JPG,14151,1
/Applications/XAMPP/xamppfiles/htdocs/cmu_aiot/leaf workshop/potato_dataset/Potato___healthy/Potato_healthy-80-_0_9349.jpg,potato,Potato___healthy,Potato___healthy,Potato_healthy-80-_0_9349.jpg,17960,2
/Applications/XAMPP/xamppfiles/htdocs/cmu_aiot/leaf workshop/potato_dataset/Potato___Early_blight/d24073c7-875b-4e86-b8cd-58853f13c191___RS_Early.B 6761.JPG,potato,Potato___Early_blight,Potato___Early_blight,d24073c7-875b-4e86-b8cd-58853f13c191___RS_Early.B 6761.JPG,22089,0
/Applications/XAMPP/xamppfiles/htdocs/cmu_aiot/leaf workshop/potato_dataset/Potato___healthy/Potato_healthy-130-_0_5106.jpg,potato,Potato___healthy,Potato___healthy,Potato_healthy-130-_0_5106.jpg,16219,2
/Applications/XAMPP/xamppfiles/htdocs/cmu_aiot/leaf workshop/potato_dataset/Potato___Late_blight/b86274d3-554a-495d-8304-76484e3c4d15___RS_LB 4442.JPG,potato,Potato___Late_blight,Potato___Late_blight,b86274d3-554a-495d-8304-76484e3c4d15___RS_LB 4442.JPG,19406,1
/Applications/XAMPP/xamppfiles/htdocs/cmu_aiot/leaf workshop/potato_dataset/Potato___healthy/Potato_healthy-112-_0_5840.jpg,potato,Potato___healthy,Potato___healthy,Potato_healthy-112-_0_5840.jpg,16459,2
/Applications/XAMPP/xamppfiles/htdocs/cmu_aiot/leaf workshop/potato_dataset/Potato___Late_blight/ea06da1e-81c9-4e2e-8266-1f3d56914ff3___RS_LB 2701.JPG,potato,Potato___Late_blight,Potato___Late_blight,ea06da1e-81c9-4e2e-8266-1f3d56914ff3___RS_LB 2701.JPG,16016,1
/Applications/XAMPP/xamppfiles/htdocs/cmu_aiot/leaf workshop/potato_dataset/Potato___healthy/Potato_healthy-103-_0_969.jpg,potato,Potato___healthy,Potato___healthy,Potato_healthy-103-_0_969.jpg,18475,2
/Applications/XAMPP/xamppfiles/htdocs/cmu_aiot/leaf workshop/potato_dataset/Potato___Early_blight/cc716d92-3d2e-4cce-bc77-bb4c8155b88c___RS_Early.B 8288.JPG,potato,Potato___Early_blight,Potato___Early_blight,cc716d92-3d2e-4cce-bc77-bb4c8155b88c___RS_Early.B 8288.JPG,18521,0
/Applications/XAMPP/xamppfiles/htdocs/cmu_aiot/leaf workshop/potato_dataset/Potato___healthy/Potato_healthy-106-_0_3656.jpg,potato,Potato___healthy,Potato___healthy,Potato_healthy-106-_0_3656.jpg,19397,2
/Applications/XAMPP/xamppfiles/htdocs/cmu_aiot/leaf workshop/potato_dataset/Potato___Late_blight/f37f6160-4f5b-447f-b497-cc6eb7662e3b___RS_LB 4951.JPG,potato,Potato___Late_blight,Potato___Late_blight,f37f6160-4f5b-447f-b497-cc6eb7662e3b___RS_LB 4951.JPG,19271,1
/Applications/XAMPP/xamppfiles/htdocs/cmu_aiot/leaf workshop/potato_dataset/Potato___healthy/Potato_healthy-150-_0_8574.jpg,potato,Potato___healthy,Potato___healthy,Potato_healthy-150-_0_8574.jpg,17983,2
/Applications/XAMPP/xamppfiles/htdocs/cmu_aiot/leaf workshop/potato_dataset/Potato___healthy/Potato_healthy-134-_0_7062.jpg,potato,Potato___healthy,Potato___healthy,Potato_healthy-134-_0_7062.jpg,17655,2
/Applications/XAMPP/xamppfiles/htdocs/cmu_aiot/leaf workshop/potato_dataset/Potato___Early_blight/fc603fb2-e2a0-4990-8a75-0e4f80f40694___RS_Early.B 7584.JPG,potato,Potato___Early_blight,Potato___Early_blight,fc603fb2-e2a0-4990-8a75-0e4f80f40694___RS_Early.B 7584.JPG,18970,0
/Applications/XAMPP/xamppfiles/htdocs/cmu_aiot/leaf workshop/potato_dataset/Potato___healthy/Potato_healthy-80-_0_7484.jpg,potato,Potato___healthy,Potato___healthy,Potato_healthy-80-_0_7484.jpg,18641,2
/Applications/XAMPP/xamppfiles/htdocs/cmu_aiot/leaf workshop/potato_dataset/Potato___Early_blight/db60c4cf-30f1-460c-a345-3045f192f725___RS_Early.B 6722.JPG,potato,Potato___Early_blight,Potato___Early_blight,db60c4cf-30f1-460c-a345-3045f192f725___RS_Early.B 6722.JPG,22375,0
/Applications/XAMPP/xamppfiles/htdocs/cmu_aiot/leaf workshop/potato_dataset/Potato___Late_blight/c6ecc36c-1886-4d2d-89aa-0e9e9dc7ba32___RS_LB 4997.JPG,potato,Potato___Late_blight,Potato___Late_blight,c6ecc36c-1886-4d2d-89aa-0e9e9dc7ba32___RS_LB 4997.JPG,18478,1
/Applications/XAMPP/xamppfiles/htdocs/cmu_aiot/leaf workshop/potato_dataset/Potato___healthy/Potato_healthy-95-_0_9979.jpg,potato,Potato___healthy,Potato___healthy,Potato_healthy-95-_0_9979.jpg,15210,2
/Applications/XAMPP/xamppfiles/htdocs/cmu_aiot/leaf workshop/potato_dataset/Potato___healthy/Potato_healthy-134-_0_2152.jpg,potato,Potato___healthy,Potato___healthy,Potato_healthy-134-_0_2152.jpg,17579,2
/Applications/XAMPP/xamppfiles/htdocs/cmu_aiot/leaf workshop/potato_dataset/Potato___healthy/Potato_healthy-144-_0_1482.jpg,potato,Potato___healthy,Potato___healthy,Potato_healthy-144-_0_1482.jpg,17943,2
/Applications/XAMPP/xamppfiles/htdocs/cmu_aiot/leaf workshop/potato_dataset/Potato___Late_blight/ec958877-f479-4c8c-a947-3686039f8921___RS_LB 2587.JPG,potato,Potato___Late_blight,Potato___Late_blight,ec958877-f479-4c8c-a947-3686039f8921___RS_LB 2587.JPG,18352,1
/Applications/XAMPP/xamppfiles/htdocs/cmu_aiot/leaf workshop/potato_dataset/Potato___Early_blight/fb8d862d-29c3-41ab-888d-cef47286ee9a___RS_Early.B 8975.JPG,potato,Potato___Early_blight,Potato___Early_blight,fb8d862d-29c3-41ab-888d-cef47286ee9a___RS_Early.B 8975.JPG,23363,0
/Applications/XAMPP/xamppfiles/htdocs/cmu_aiot/leaf workshop/potato_dataset/Potato___Late_blight/cf979c44-abfa-4ed3-865e-ee0c204ba9f0___RS_LB 4662.JPG,potato,Potato___Late_blight,Potato___Late_blight,cf979c44-abfa-4ed3-865e-ee0c204ba9f0___RS_LB 4662.JPG,17700,1
/Applications/XAMPP/xamppfiles/htdocs/cmu_aiot/leaf workshop/potato_dataset/Potato___healthy/Potato_healthy-127-_0_116.jpg,potato,Potato___healthy,Potato___healthy,Potato_healthy-127-_0_116.jpg,14973,2
/Applications/XAMPP/xamppfiles/htdocs/cmu_aiot/leaf workshop/potato_dataset/Potato___Early_blight/c10f959b-1f3d-4581-8299-640e87b1b653___RS_Early.B 7949.JPG,potato,Potato___Early_blight,Potato___Early_blight,c10f959b-1f3d-4581-8299-640e87b1b653___RS_Early.B 7949.JPG,21595,0
/Applications/XAMPP/xamppfiles/htdocs/cmu_aiot/leaf workshop/potato_dataset/Potato___Early_blight/d1b4cb77-db0e-42db-b1c0-25d222844241___RS_Early.B 7130.JPG,potato,Potato___Early_blight,Potato___Early_blight,d1b4cb77-db0e-42db-b1c0-25d222844241___RS_Early.B 7130.JPG,19951,0
/Applications/XAMPP/xamppfiles/htdocs/cmu_aiot/leaf workshop/potato_dataset/Potato___healthy/Potato_healthy-82-_0_9977.jpg,potato,Potato___healthy,Potato___healthy,Potato_healthy-82-_0_9977.jpg,18640,2
/Applications/XAMPP/xamppfiles/htdocs/cmu_aiot/leaf workshop/potato_dataset/Potato___Early_blight/f3360814-9e4c-46b0-85ed-73fc77ef7810___RS_Early.B 7550.JPG,potato,Potato___Early_blight,Potato___Early_blight,f3360814-9e4c-46b0-85ed-73fc77ef7810___RS_Early.B 7550.JPG,16096,0
/Applications/XAMPP/xamppfiles/htdocs/cmu_aiot/leaf workshop/potato_dataset/Potato___Late_blight/d5f14365-91a1-41e4-95a5-9ae88c3ff4d6___RS_LB 5163.JPG,potato,Potato___Late_blight,Potato___Late_blight,d5f14365-91a1-41e4-95a5-9ae88c3ff4d6___RS_LB 5163.JPG,15518,1
/Applications/XAMPP/xamppfiles/htdocs/cmu_aiot/leaf workshop/potato_dataset/Potato___Early_blight/d03ee4f8-b77d-4f0f-8d13-d0a019a37a66___RS_Early.B 6970.JPG,potato,Potato___Early_blight,Potato___Early_blight,d03ee4f8-b77d-4f0f-8d13-d0a019a37a66___RS_Early.B 6970.JPG,21381,0
/Applications/XAMPP/xamppfiles/htdocs/cmu_aiot/leaf workshop/potato_dataset/Potato___Early_blight/c59f2dde-4805-4f63-b47a-79fe9cd9364b___RS_Early.B 7510.JPG,potato,Potato___Early_blight,Potato___Early_blight,c59f2dde-4805-4f63-b47a-79fe9cd9364b___RS_Early.B 7510.JPG,16189,0
/Applications/XAMPP/xamppfiles/htdocs/cmu_aiot/leaf workshop/potato_dataset/Potato___Late_blight/e4d454e4-c1e4-4597-8e76-77a93465b41d___RS_LB 2868.JPG,potato,Potato___Late_blight,Potato___Late_blight,e4d454e4-c1e4-4597-8e76-77a93465b41d___RS_LB 2868.JPG,15400,1
/Applications/XAMPP/xamppfiles/htdocs/cmu_aiot/leaf workshop/potato_dataset/Potato___healthy/Potato_healthy-94-_0_396.jpg,potato,Potato___healthy,Potato___healthy,Potato_healthy-94-_0_396.jpg,17251,2
/Applications/XAMPP/xamppfiles/htdocs/cmu_aiot/leaf workshop/potato_dataset/Potato___Early_blight/e7b48816-19f7-4dc2-bf52-dfbb85e1f59a___RS_Early.B 7240.JPG,potato,Potato___Early_blight,Potato___Early_blight,e7b48816-19f7-4dc2-bf52-dfbb85e1f59a___RS_Early.B 7240.JPG,17280,0
/Applications/XAMPP/xamppfiles/htdocs/cmu_aiot/leaf workshop/potato_dataset/Potato___Late_blight/ff03a125-445b-40e1-a7ed-0bb9b155dfd8___RS_LB 5039.JPG,potato,Potato___Late_blight,Potato___Late_blight,ff03a125-445b-40e1-a7ed-0bb9b155dfd8___RS_LB 5039.JPG,16952,1
/Applications/XAMPP/xamppfiles/htdocs/cmu_aiot/leaf workshop/potato_dataset/Potato___Early_blight/df67aec2-c706-4a6f-8a4a-e11d7eb41eb8___RS_Early.B 7287.JPG,potato,Potato___Early_blight,Potato___Early_blight,df67aec2-c706-4a6f-8a4a-e11d7eb41eb8___RS_Early.B 7287.JPG,19537,0
/Applications/XAMPP/xamppfiles/htdocs/cmu_aiot/leaf workshop/potato_dataset/Potato___healthy/Potato_healthy-144-_0_7561.jpg,potato,Potato___healthy,Potato___healthy,Potato_healthy-144-_0_7561.jpg,18465,2
/Applications/XAMPP/xamppfiles/htdocs/cmu_aiot/leaf workshop/potato_dataset/Potato___healthy/Potato_healthy-85-_0_295.jpg,potato,Potato___healthy,Potato___healthy,Potato_healthy-85-_0_295.jpg,16367,2
/Applications/XAMPP/xamppfiles/htdocs/cmu_aiot/leaf workshop/potato_dataset/Potato___Early_blight/e490f736-a52f-434f-ada7-3bb255d99635___RS_Early.B 7417.JPG,potato,Potato___Early_blight,Potato___Early_blight,e490f736-a52f-434f-ada7-3bb255d99635___RS_Early.B 7417.JPG,19064,0
/Applications/XAMPP/xamppfiles/htdocs/cmu_aiot/leaf workshop/potato_dataset/Potato___Late_blight/d992e6d3-25c9-4bbb-a806-8bc1455e5c40___RS_LB 4968.JPG,potato,Potato___Late_blight,Potato___Late_blight,d992e6d3-25c9-4bbb-a806-8bc1455e5c40___RS_LB 4968.JPG,18112,1
/Applications/XAMPP/xamppfiles/htdocs/cmu_aiot/leaf workshop/potato_dataset/Potato___healthy/Potato_healthy-106-_0_3726.jpg,potato,Potato___healthy,Potato___healthy,Potato_healthy-106-_0_3726.jpg,18302,2
/Applications/XAMPP/xamppfiles/htdocs/cmu_aiot/leaf workshop/potato_dataset/Potato___healthy/Potato_healthy-123-_0_2475.jpg,potato,Potato___healthy,Potato___healthy,Potato_healthy-123-_0_2475.jpg,17130,2
/Applications/XAMPP/xamppfiles/htdocs/cmu_aiot/leaf workshop/potato_dataset/Potato___healthy/Potato_healthy-141-_0_4285.jpg,potato,Potato___healthy,Potato___healthy,Potato_healthy-141-_0_4285.jpg,18649,2
/Applications/XAMPP/xamppfiles/htdocs/cmu_aiot/leaf workshop/potato_dataset/Potato___healthy/Potato_healthy-134-_0_5916.jpg,potato,Potato___healthy,Potato___healthy,Potato_healthy-134-_0_5916.jpg,17813,2
/Applications/XAMPP/xamppfiles/htdocs/cmu_aiot/leaf workshop/potato_dataset/Potato___Early_blight/e3007682-ad4b-4a62-b64d-ebb0c4537077___RS_Early.B 7772.JPG,potato,Potato___Early_blight,Potato___Early_blight,e3007682-ad4b-4a62-b64d-ebb0c4537077___RS_Early.B 7772.JPG,21073,0
/Applications/XAMPP/xamppfiles/htdocs/cmu_aiot/leaf workshop/potato_dataset/Potato___Early_blight/d0221e13-4d76-45e5-9cd1-7cac63833f52___RS_Early.B 7191.JPG,potato,Potato___Early_blight,Potato___Early_blight,d0221e13-4d76-45e5-9cd1-7cac63833f52___RS_Early.B 7191.JPG,19881,0
/Applications/XAMPP/xamppfiles/htdocs/cmu_aiot/leaf workshop/potato_dataset/Potato___Early_blight/c10de41b-4c38-41c4-b278-600071051453___RS_Early.B 8093.JPG,potato,Potato___Early_blight,Potato___Early_blight,c10de41b-4c38-41c4-b278-600071051453___RS_Early.B 8093.JPG,21915,0
/Applications/XAMPP/xamppfiles/htdocs/cmu_aiot/leaf workshop/potato_dataset/Potato___Late_blight/ce5ec29b-599c-4c69-ba4d-04df7ab1c46f___RS_LB 4945.JPG,potato,Potato___Late_blight,Potato___Late_blight,ce5ec29b-599c-4c69-ba4d-04df7ab1c46f___RS_LB 4945.JPG,19693,1
/Applications/XAMPP/xamppfiles/htdocs/cmu_aiot/leaf workshop/potato_dataset/Potato___Late_blight/df0f75cf-febd-4fde-84a0-7c4da9f97fd2___RS_LB 2534.JPG,potato,Potato___Late_blight,Potato___Late_blight,df0f75cf-febd-4fde-84a0-7c4da9f97fd2___RS_LB 2534.JPG,19146,1
/Applications/XAMPP/xamppfiles/htdocs/cmu_aiot/leaf workshop/potato_dataset/Potato___Late_blight/e0460bd7-100c-411f-ae0b-f69bfe360313___RS_LB 5310.JPG,potato,Potato___Late_blight,Potato___Late_blight,e0460bd7-100c-411f-ae0b-f69bfe360313___RS_LB 5310.JPG,16948,1
/Applications/XAMPP/xamppfiles/htdocs/cmu_aiot/leaf workshop/potato_dataset/Potato___healthy/Potato_healthy-99-_0_8323.jpg,potato,Potato___healthy,Potato___healthy,Potato_healthy-99-_0_8323.jpg,15094,2
/Applications/XAMPP/xamppfiles/htdocs/cmu_aiot/leaf workshop/potato_dataset/Potato___Late_blight/dd55ba8d-a425-4b06-9996-bbf315d71e6e___RS_LB 2737.JPG,potato,Potato___Late_blight,Potato___Late_blight,dd55ba8d-a425-4b06-9996-bbf315d71e6e___RS_LB 2737.JPG,19066,1
/Applications/XAMPP/xamppfiles/htdocs/cmu_aiot/leaf workshop/potato_dataset/Potato___Late_blight/e71a27b3-20d5-40e8-ad01-4c1942d46654___RS_LB 4085.JPG,potato,Potato___Late_blight,Potato___Late_blight,e71a27b3-20d5-40e8-ad01-4c1942d46654___RS_LB 4085.JPG,14053,1
/Applications/XAMPP/xamppfiles/htdocs/cmu_aiot/leaf workshop/potato_dataset/Potato___Late_blight/fb61ea12-3f1a-4ea3-911b-d830eeb74717___RS_LB 2914.JPG,potato,Potato___Late_blight,Potato___Late_blight,fb61ea12-3f1a-4ea3-911b-d830eeb74717___RS_LB 2914.JPG,16211,1
/Applications/XAMPP/xamppfiles/htdocs/cmu_aiot/leaf workshop/potato_dataset/Potato___healthy/Potato_healthy-149-_0_4500.jpg,potato,Potato___healthy,Potato___healthy,Potato_healthy-149-_0_4500.jpg,17051,2
/Applications/XAMPP/xamppfiles/htdocs/cmu_aiot/leaf workshop/potato_dataset/Potato___Early_blight/c30ce1e1-5f05-4cb7-a95a-f22d3621c54f___RS_Early.B 6964.JPG,potato,Potato___Early_blight,Potato___Early_blight,c30ce1e1-5f05-4cb7-a95a-f22d3621c54f___RS_Early.B 6964.JPG,22457,0
/Applications/XAMPP/xamppfiles/htdocs/cmu_aiot/leaf workshop/potato_dataset/Potato___Early_blight/bb3d6df0-683e-4f04-afaf-277a36edad6c___RS_Early.B 9070.JPG,potato,Potato___Early_blight,Potato___Early_blight,bb3d6df0-683e-4f04-afaf-277a36edad6c___RS_Early.B 9070.JPG,22462,0
/Applications/XAMPP/xamppfiles/htdocs/cmu_aiot/leaf workshop/potato_dataset/Potato___Late_blight/d9817cc3-ef03-41e5-8892-1fddd27b7bcc___RS_LB 4878.JPG,potato,Potato___Late_blight,Potato___Late_blight,d9817cc3-ef03-41e5-8892-1fddd27b7bcc___RS_LB 4878.JPG,16915,1
/Applications/XAMPP/xamppfiles/htdocs/cmu_aiot/leaf workshop/potato_dataset/Potato___Late_blight/ed2d2803-3b9b-4c3c-ab8a-9aea2bf76ffd___RS_LB 5190.JPG,potato,Potato___Late_blight,Potato___Late_blight,ed2d2803-3b9b-4c3c-ab8a-9aea2bf76ffd___RS_LB 5190.JPG,18971,1
/Applications/XAMPP/xamppfiles/htdocs/cmu_aiot/leaf workshop/potato_dataset/Potato___Early_blight/e0552fed-9af3-4fbd-80e8-09151a839cf9___RS_Early.B 7576.JPG,potato,Potato___Early_blight,Potato___Early_blight,e0552fed-9af3-4fbd-80e8-09151a839cf9___RS_Early.B 7576.JPG,17169,0
/Applications/XAMPP/xamppfiles/htdocs/cmu_aiot/leaf workshop/potato_dataset/Potato___Late_blight/e28b4ead-09f5-4e34-a162-0e0268f53763___RS_LB 2583.JPG,potato,Potato___Late_blight,Potato___Late_blight,e28b4ead-09f5-4e34-a162-0e0268f53763___RS_LB 2583.JPG,18283,1
/Applications/XAMPP/xamppfiles/htdocs/cmu_aiot/leaf workshop/potato_dataset/Potato___Early_blight/cfd3112d-e376-4b82-bc06-de0bfba0ab41___RS_Early.B 8389.JPG,potato,Potato___Early_blight,Potato___Early_blight,cfd3112d-e376-4b82-bc06-de0bfba0ab41___RS_Early.B 8389.JPG,20912,0
/Applications/XAMPP/xamppfiles/htdocs/cmu_aiot/leaf workshop/potato_dataset/Potato___Late_blight/d648ee66-d38a-4df0-8696-c6fe5490a15b___RS_LB 4144.JPG,potato,Potato___Late_blight,Potato___Late_blight,d648ee66-d38a-4df0-8696-c6fe5490a15b___RS_LB 4144.JPG,12563,1
/Applications/XAMPP/xamppfiles/htdocs/cmu_aiot/leaf workshop/potato_dataset/Potato___Late_blight/d98195f0-bdf8-4e0d-9fd5-af86cfed2a6c___RS_LB 4790.JPG,potato,Potato___Late_blight,Potato___Late_blight,d98195f0-bdf8-4e0d-9fd5-af86cfed2a6c___RS_LB 4790.JPG,19124,1
/Applications/XAMPP/xamppfiles/htdocs/cmu_aiot/leaf workshop/potato_dataset/Potato___Late_blight/b5442887-db0b-4b94-a6f1-18505731a599___RS_LB 4969.JPG,potato,Potato___Late_blight,Potato___Late_blight,b5442887-db0b-4b94-a6f1-18505731a599___RS_LB 4969.JPG,17504,1
/Applications/XAMPP/xamppfiles/htdocs/cmu_aiot/leaf workshop/potato_dataset/Potato___Late_blight/c18a017c-262c-41ca-93f3-8fc97ffd7043___RS_LB 4770.JPG,potato,Potato___Late_blight,Potato___Late_blight,c18a017c-262c-41ca-93f3-8fc97ffd7043___RS_LB 4770.JPG,13406,1
/Applications/XAMPP/xamppfiles/htdocs/cmu_aiot/leaf workshop/potato_dataset/Potato___Late_blight/bd70c718-5846-42a1-8b05-22792ec98738___RS_LB 4992.JPG,potato,Potato___Late_blight,Potato___Late_blight,bd70c718-5846-42a1-8b05-22792ec98738___RS_LB 4992.JPG,20396,1
/Applications/XAMPP/xamppfiles/htdocs/cmu_aiot/leaf workshop/potato_dataset/Potato___Early_blight/c71ad6f9-6258-4602-84dc-ecf75296672c___RS_Early.B 7525.JPG,potato,Potato___Early_blight,Potato___Early_blight,c71ad6f9-6258-4602-84dc-ecf75296672c___RS_Early.B 7525.JPG,17909,0
/Applications/XAMPP/xamppfiles/htdocs/cmu_aiot/leaf workshop/potato_dataset/Potato___healthy/Potato_healthy-83-_0_9119.jpg,potato,Potato___healthy,Potato___healthy,Potato_healthy-83-_0_9119.jpg,16926,2
/Applications/XAMPP/xamppfiles/htdocs/cmu_aiot/leaf workshop/potato_dataset/Potato___Early_blight/e4bd2479-dd2f-41ce-9544-4f1804c4ab8b___RS_Early.B 8601.JPG,potato,Potato___Early_blight,Potato___Early_blight,e4bd2479-dd2f-41ce-9544-4f1804c4ab8b___RS_Early.B 8601.JPG,18754,0
/Applications/XAMPP/xamppfiles/htdocs/cmu_aiot/leaf workshop/potato_dataset/Potato___healthy/Potato_healthy-87-_0_4850.jpg,potato,Potato___healthy,Potato___healthy,Potato_healthy-87-_0_4850.jpg,12885,2
/Applications/XAMPP/xamppfiles/htdocs/cmu_aiot/leaf workshop/potato_dataset/Potato___Early_blight/f3b29f09-c337-4233-8968-0fcc66c9fa2a___RS_Early.B 8115.JPG,potato,Potato___Early_blight,Potato___Early_blight,f3b29f09-c337-4233-8968-0fcc66c9fa2a___RS_Early.B 8115.JPG,21539,0
/Applications/XAMPP/xamppfiles/htdocs/cmu_aiot/leaf workshop/potato_dataset/Potato___Late_blight/f1764cd0-d391-4214-93db-20299d62e853___RS_LB 3012.JPG,potato,Potato___Late_blight,Potato___Late_blight,f1764cd0-d391-4214-93db-20299d62e853___RS_LB 3012.JPG,18804,1
/Applications/XAMPP/xamppfiles/htdocs/cmu_aiot/leaf workshop/potato_dataset/Potato___Late_blight/f964b423-2146-4523-9f71-d7937c475bf0___RS_LB 3842.JPG,potato,Potato___Late_blight,Potato___Late_blight,f964b423-2146-4523-9f71-d7937c475bf0___RS_LB 3842.JPG,11650,1
/Applications/XAMPP/xamppfiles/htdocs/cmu_aiot/leaf workshop/potato_dataset/Potato___healthy/Potato_healthy-128-_0_7728.jpg,potato,Potato___healthy,Potato___healthy,Potato_healthy-128-_0_7728.jpg,14939,2
/Applications/XAMPP/xamppfiles/htdocs/cmu_aiot/leaf workshop/potato_dataset/Potato___healthy/Potato_healthy-121-_0_6987.jpg,potato,Potato___healthy,Potato___healthy,Potato_healthy-121-_0_6987.jpg,16740,2
/Applications/XAMPP/xamppfiles/htdocs/cmu_aiot/leaf workshop/potato_dataset/Potato___healthy/Potato_healthy-89-_0_9282.jpg,potato,Potato___healthy,Potato___healthy,Potato_healthy-89-_0_9282.jpg,17932,2
/Applications/XAMPP/xamppfiles/htdocs/cmu_aiot/leaf workshop/potato_dataset/Potato___Late_blight/c01daf14-9595-4b10-974d-3452fe133060___RS_LB 4463.JPG,potato,Potato___Late_blight,Potato___Late_blight,c01daf14-9595-4b10-974d-3452fe133060___RS_LB 4463.JPG,20571,1
/Applications/XAMPP/xamppfiles/htdocs/cmu_aiot/leaf workshop/potato_dataset/Potato___Early_blight/e00d7014-a909-4d98-892b-da96a2be9a2e___RS_Early.B 7535.JPG,potato,Potato___Early_blight,Potato___Early_blight,e00d7014-a909-4d98-892b-da96a2be9a2e___RS_Early.B 7535.JPG,18960,0
/Applications/XAMPP/xamppfiles/htdocs/cmu_aiot/leaf workshop/potato_dataset/Potato___Early_blight/cb615e16-034f-465a-89a6-91e091698723___RS_Early.B 6796.JPG,potato,Potato___Early_blight,Potato___Early_blight,cb615e16-034f-465a-89a6-91e091698723___RS_Early.B 6796.JPG,20551,0
/Applications/XAMPP/xamppfiles/htdocs/cmu_aiot/leaf workshop/potato_dataset/Potato___Early_blight/bc7552e4-3901-41b8-8bef-727eeca4270e___RS_Early.B 7942.JPG,potato,Potato___Early_blight,Potato___Early_blight,bc7552e4-3901-41b8-8bef-727eeca4270e___RS_Early.B 7942.JPG,21968,0
/Applications/XAMPP/xamppfiles/htdocs/cmu_aiot/leaf workshop/potato_dataset/Potato___Early_blight/e0326fde-a613-4ec2-bc3b-e1d2154bdbcd___RS_Early.B 7679.JPG,potato,Potato___Early_blight,Potato___Early_blight,e0326fde-a613-4ec2-bc3b-e1d2154bdbcd___RS_Early.B 7679.JPG,19306,0
/Applications/XAMPP/xamppfiles/htdocs/cmu_aiot/leaf workshop/potato_dataset/Potato___Early_blight/d472b6e3-a00c-4b4e-b13a-cdababff9d24___RS_Early.B 7699.JPG,potato,Potato___Early_blight,Potato___Early_blight,d472b6e3-a00c-4b4e-b13a-cdababff9d24___RS_Early.B 7699.JPG,19586,0
/Applications/XAMPP/xamppfiles/htdocs/cmu_aiot/leaf workshop/potato_dataset/Potato___Late_blight/cdad6bf9-1ca8-4feb-87b6-960dd55acf2e___RS_LB 3186.JPG,potato,Potato___Late_blight,Potato___Late_blight,cdad6bf9-1ca8-4feb-87b6-960dd55acf2e___RS_LB 3186.JPG,18001,1
/Applications/XAMPP/xamppfiles/htdocs/cmu_aiot/leaf workshop/potato_dataset/Potato___Late_blight/cba4be0b-2554-4a9e-8dd0-94cbb2467388___RS_LB 3335.JPG,potato,Potato___Late_blight,Potato___Late_blight,cba4be0b-2554-4a9e-8dd0-94cbb2467388___RS_LB 3335.JPG,17623,1
/Applications/XAMPP/xamppfiles/htdocs/cmu_aiot/leaf workshop/potato_dataset/Potato___Early_blight/c3d68a2f-0c7a-4060-bfc4-8baf01d3f2fe___RS_Early.B 8010.JPG,potato,Potato___Early_blight,Potato___Early_blight,c3d68a2f-0c7a-4060-bfc4-8baf01d3f2fe___RS_Early.B 8010.JPG,23382,0
/Applications/XAMPP/xamppfiles/htdocs/cmu_aiot/leaf workshop/potato_dataset/Potato___Early_blight/fd59ab68-681f-4aca-ae95-6f73bf8caad7___RS_Early.B 7118.JPG,potato,Potato___Early_blight,Potato___Early_blight,fd59ab68-681f-4aca-ae95-6f73bf8caad7___RS_Early.B 7118.JPG,18579,0
/Applications/XAMPP/xamppfiles/htdocs/cmu_aiot/leaf workshop/potato_dataset/Potato___healthy/Potato_healthy-103-_0_2503.jpg,potato,Potato___healthy,Potato___healthy,Potato_healthy-103-_0_2503.jpg,18260,2
/Applications/XAMPP/xamppfiles/htdocs/cmu_aiot/leaf workshop/potato_dataset/Potato___Early_blight/f917c191-cca4-4a78-8238-a40b586f9058___RS_Early.B 7945.JPG,potato,Potato___Early_blight,Potato___Early_blight,f917c191-cca4-4a78-8238-a40b586f9058___RS_Early.B 7945.JPG,21384,0
/Applications/XAMPP/xamppfiles/htdocs/cmu_aiot/leaf workshop/potato_dataset/Potato___Early_blight/ed270d5d-3523-4bc2-b208-4f5304bbfeef___RS_Early.B 8218.JPG,potato,Potato___Early_blight,Potato___Early_blight,ed270d5d-3523-4bc2-b208-4f5304bbfeef___RS_Early.B 8218.JPG,20394,0
/Applications/XAMPP/xamppfiles/htdocs/cmu_aiot/leaf workshop/potato_dataset/Potato___healthy/Potato_healthy-95-_0_2109.jpg,potato,Potato___healthy,Potato___healthy,Potato_healthy-95-_0_2109.jpg,15066,2
/Applications/XAMPP/xamppfiles/htdocs/cmu_aiot/leaf workshop/potato_dataset/Potato___healthy/Potato_healthy-78-_0_7756.jpg,potato,Potato___healthy,Potato___healthy,Potato_healthy-78-_0_7756.jpg,15215,2
/Applications/XAMPP/xamppfiles/htdocs/cmu_aiot/leaf workshop/potato_dataset/Potato___Late_blight/d30021ba-fbbd-451b-b257-1fc5c6ac54d4___RS_LB 4466.JPG,potato,Potato___Late_blight,Potato___Late_blight,d30021ba-fbbd-451b-b257-1fc5c6ac54d4___RS_LB 4466.JPG,20678,1
/Applications/XAMPP/xamppfiles/htdocs/cmu_aiot/leaf workshop/potato_dataset/Potato___healthy/Potato_healthy-136-_0_7754.jpg,potato,Potato___healthy,Potato___healthy,Potato_healthy-136-_0_7754.jpg,15802,2
/Applications/XAMPP/xamppfiles/htdocs/cmu_aiot/leaf workshop/potato_dataset/Potato___Early_blight/d8a55ed1-7b3a-4b25-84b2-6046c0d9e3ab___RS_Early.B 7443.JPG,potato,Potato___Early_blight,Potato___Early_blight,d8a55ed1-7b3a-4b25-84b2-6046c0d9e3ab___RS_Early.B 7443.JPG,21491,0
/Applications/XAMPP/xamppfiles/htdocs/cmu_aiot/leaf workshop/potato_dataset/Potato___Late_blight/c66982eb-dd83-487a-98c6-2aefdf5d7be0___RS_LB 4683.JPG,potato,Potato___Late_blight,Potato___Late_blight,c66982eb-dd83-487a-98c6-2aefdf5d7be0___RS_LB 4683.JPG,16502,1
/Applications/XAMPP/xamppfiles/htdocs/cmu_aiot/leaf workshop/potato_dataset/Potato___Early_blight/fbbe7b93-e6da-4dc8-b1ee-ba5646a5e039___RS_Early.B 8216.JPG,potato,Potato___Early_blight,Potato___Early_blight,fbbe7b93-e6da-4dc8-b1ee-ba5646a5e039___RS_Early.B 8216.JPG,20114,0
/Applications/XAMPP/xamppfiles/htdocs/cmu_aiot/leaf workshop/potato_dataset/Potato___Early_blight/d55f09eb-e463-4abd-aac6-fb144b30ead7___RS_Early.B 9004.JPG,potato,Potato___Early_blight,Potato___Early_blight,d55f09eb-e463-4abd-aac6-fb144b30ead7___RS_Early.B 9004.JPG,23907,0
/Applications/XAMPP/xamppfiles/htdocs/cmu_aiot/leaf workshop/potato_dataset/Potato___Early_blight/c91060f7-f9dd-4930-ad0a-8a4a6bd803d2___RS_Early.B 7869.JPG,potato,Potato___Early_blight,Potato___Early_blight,c91060f7-f9dd-4930-ad0a-8a4a6bd803d2___RS_Early.B 7869.JPG,20595,0
/Applications/XAMPP/xamppfiles/htdocs/cmu_aiot/leaf workshop/potato_dataset/Potato___healthy/Potato_healthy-115-_0_4188.jpg,potato,Potato___healthy,Potato___healthy,Potato_healthy-115-_0_4188.jpg,17085,2
/Applications/XAMPP/xamppfiles/htdocs/cmu_aiot/leaf workshop/potato_dataset/Potato___Late_blight/c970a188-e4e6-43cd-aff7-d0ac40d378dc___RS_LB 4834.JPG,potato,Potato___Late_blight,Potato___Late_blight,c970a188-e4e6-43cd-aff7-d0ac40d378dc___RS_LB 4834.JPG,18993,1
/Applications/XAMPP/xamppfiles/htdocs/cmu_aiot/leaf workshop/potato_dataset/Potato___Early_blight/ed64bc0c-d2e5-44fd-a21a-f4d6b4f2f219___RS_Early.B 7366.JPG,potato,Potato___Early_blight,Potato___Early_blight,ed64bc0c-d2e5-44fd-a21a-f4d6b4f2f219___RS_Early.B 7366.JPG,17188,0
/Applications/XAMPP/xamppfiles/htdocs/cmu_aiot/leaf workshop/potato_dataset/Potato___healthy/Potato_healthy-83-_0_5516.jpg,potato,Potato___healthy,Potato___healthy,Potato_healthy-83-_0_5516.jpg,15855,2
/Applications/XAMPP/xamppfiles/htdocs/cmu_aiot/leaf workshop/potato_dataset/Potato___healthy/Potato_healthy-111-_0_5319.jpg,potato,Potato___healthy,Potato___healthy,Potato_healthy-111-_0_5319.jpg,19214,2
/Applications/XAMPP/xamppfiles/htdocs/cmu_aiot/leaf workshop/potato_dataset/Potato___Early_blight/f9461507-6875-43f7-800d-502ffdb8ec05___RS_Early.B 7604.JPG,potato,Potato___Early_blight,Potato___Early_blight,f9461507-6875-43f7-800d-502ffdb8ec05___RS_Early.B 7604.JPG,15990,0
/Applications/XAMPP/xamppfiles/htdocs/cmu_aiot/leaf workshop/potato_dataset/Potato___Late_blight/ecfc161f-11f6-449f-80c1-1b0254f5179a___RS_LB 4279.JPG,potato,Potato___Late_blight,Potato___Late_blight,ecfc161f-11f6-449f-80c1-1b0254f5179a___RS_LB 4279.JPG,15853,1
/Applications/XAMPP/xamppfiles/htdocs/cmu_aiot/leaf workshop/potato_dataset/Potato___Early_blight/e304fbf5-d145-433c-8f67-7b486581166a___RS_Early.B 7434.JPG,potato,Potato___Early_blight,Potato___Early_blight,e304fbf5-d145-433c-8f67-7b486581166a___RS_Early.B 7434.JPG,18591,0
/Applications/XAMPP/xamppfiles/htdocs/cmu_aiot/leaf workshop/potato_dataset/Potato___Early_blight/c5cb3e89-f00f-4032-80ca-eb39bead0796___RS_Early.B 8645.JPG,potato,Potato___Early_blight,Potato___Early_blight,c5cb3e89-f00f-4032-80ca-eb39bead0796___RS_Early.B 8645.JPG,17726,0
/Applications/XAMPP/xamppfiles/htdocs/cmu_aiot/leaf workshop/potato_dataset/Potato___healthy/Potato_healthy-123-_0_5874.jpg,potato,Potato___healthy,Potato___healthy,Potato_healthy-123-_0_5874.jpg,16219,2
/Applications/XAMPP/xamppfiles/htdocs/cmu_aiot/leaf workshop/potato_dataset/Potato___healthy/Potato_healthy-140-_0_4978.jpg,potato,Potato___healthy,Potato___healthy,Potato_healthy-140-_0_4978.jpg,17047,2
/Applications/XAMPP/xamppfiles/htdocs/cmu_aiot/leaf workshop/potato_dataset/Potato___Late_blight/dc289122-aa0d-454b-b617-16824440fce4___RS_LB 2959.JPG,potato,Potato___Late_blight,Potato___Late_blight,dc289122-aa0d-454b-b617-16824440fce4___RS_LB 2959.JPG,17170,1
/Applications/XAMPP/xamppfiles/htdocs/cmu_aiot/leaf workshop/potato_dataset/Potato___healthy/Potato_healthy-129-_0_6943.jpg,potato,Potato___healthy,Potato___healthy,Potato_healthy-129-_0_6943.jpg,17808,2
/Applications/XAMPP/xamppfiles/htdocs/cmu_aiot/leaf workshop/potato_dataset/Potato___Early_blight/c3ce9bae-e62a-4dd9-afa0-f020c48b87cc___RS_Early.B 6704.JPG,potato,Potato___Early_blight,Potato___Early_blight,c3ce9bae-e62a-4dd9-afa0-f020c48b87cc___RS_Early.B 6704.JPG,22697,0
/Applications/XAMPP/xamppfiles/htdocs/cmu_aiot/leaf workshop/potato_dataset/Potato___Late_blight/f5f41985-23db-4902-96a1-db4d7f95a26a___RS_LB 3177.JPG,potato,Potato___Late_blight,Potato___Late_blight,f5f41985-23db-4902-96a1-db4d7f95a26a___RS_LB 3177.JPG,19817,1
/Applications/XAMPP/xamppfiles/htdocs/cmu_aiot/leaf workshop/potato_dataset/Potato___healthy/Potato_healthy-97-_0_7679.jpg,potato,Potato___healthy,Potato___healthy,Potato_healthy-97-_0_7679.jpg,15300,2
/Applications/XAMPP/xamppfiles/htdocs/cmu_aiot/leaf workshop/potato_dataset/Potato___healthy/Potato_healthy-79-_0_3185.jpg,potato,Potato___healthy,Potato___healthy,Potato_healthy-79-_0_3185.jpg,14446,2
/Applications/XAMPP/xamppfiles/htdocs/cmu_aiot/leaf workshop/potato_dataset/Potato___Late_blight/f528e881-b237-4797-ab54-0152eb901f53___RS_LB 3854.JPG,potato,Potato___Late_blight,Potato___Late_blight,f528e881-b237-4797-ab54-0152eb901f53___RS_LB 3854.JPG,14272,1
/Applications/XAMPP/xamppfiles/htdocs/cmu_aiot/leaf workshop/potato_dataset/Potato___Early_blight/fc1ab935-21b3-42e7-a870-02fd71c5d845___RS_Early.B 6894.JPG,potato,Potato___Early_blight,Potato___Early_blight,fc1ab935-21b3-42e7-a870-02fd71c5d845___RS_Early.B 6894.JPG,21674,0
/Applications/XAMPP/xamppfiles/htdocs/cmu_aiot/leaf workshop/potato_dataset/Potato___Early_blight/bddc2487-ecc6-447e-902f-3560a62e5e83___RS_Early.B 7307.JPG,potato,Potato___Early_blight,Potato___Early_blight,bddc2487-ecc6-447e-902f-3560a62e5e83___RS_Early.B 7307.JPG,18674,0
/Applications/XAMPP/xamppfiles/htdocs/cmu_aiot/leaf workshop/potato_dataset/Potato___Early_blight/cdc5ed26-b023-41cb-9cd8-07e62df1e369___RS_Early.B 6864.JPG,potato,Potato___Early_blight,Potato___Early_blight,cdc5ed26-b023-41cb-9cd8-07e62df1e369___RS_Early.B 6864.JPG,24393,0
/Applications/XAMPP/xamppfiles/htdocs/cmu_aiot/leaf workshop/potato_dataset/Potato___Early_blight/c5a12e34-99ea-443e-a67e-3f2651508773___RS_Early.B 7647.JPG,potato,Potato___Early_blight,Potato___Early_blight,c5a12e34-99ea-443e-a67e-3f2651508773___RS_Early.B 7647.JPG,21318,0
/Applications/XAMPP/xamppfiles/htdocs/cmu_aiot/leaf workshop/potato_dataset/Potato___healthy/Potato_healthy-79-_0_8561.jpg,potato,Potato___healthy,Potato___healthy,Potato_healthy-79-_0_8561.jpg,15432,2
/Applications/XAMPP/xamppfiles/htdocs/cmu_aiot/leaf workshop/potato_dataset/Potato___healthy/Potato_healthy-98-_0_818.jpg,potato,Potato___healthy,Potato___healthy,Potato_healthy-98-_0_818.jpg,14646,2
/Applications/XAMPP/xamppfiles/htdocs/cmu_aiot/leaf workshop/potato_dataset/Potato___Early_blight/d6ffc732-27cc-4391-9820-be9d386fb245___RS_Early.B 7032.JPG,potato,Potato___Early_blight,Potato___Early_blight,d6ffc732-27cc-4391-9820-be9d386fb245___RS_Early.B 7032.JPG,18562,0
/Applications/XAMPP/xamppfiles/htdocs/cmu_aiot/leaf workshop/potato_dataset/Potato___Early_blight/ef825fcb-d776-4dfd-a6ed-3bd49912806e___RS_Early.B 7985.JPG,potato,Potato___Early_blight,Potato___Early_blight,ef825fcb-d776-4dfd-a6ed-3bd49912806e___RS_Early.B 7985.JPG,20504,0
/Applications/XAMPP/xamppfiles/htdocs/cmu_aiot/leaf workshop/potato_dataset/Potato___healthy/Potato_healthy-114-_0_7492.jpg,potato,Potato___healthy,Potato___healthy,Potato_healthy-114-_0_7492.jpg,14349,2
/Applications/XAMPP/xamppfiles/htdocs/cmu_aiot/leaf workshop/potato_dataset/Potato___Late_blight/f9102bc2-7c64-4dd8-afe5-d31db2159899___RS_LB 4401.JPG,potato,Potato___Late_blight,Potato___Late_blight,f9102bc2-7c64-4dd8-afe5-d31db2159899___RS_LB 4401.JPG,20246,1
/Applications/XAMPP/xamppfiles/htdocs/cmu_aiot/leaf workshop/potato_dataset/Potato___Early_blight/cff1ed1b-51ec-4d44-ab1f-7a3dc1ec9ea9___RS_Early.B 7100.JPG,potato,Potato___Early_blight,Potato___Early_blight,cff1ed1b-51ec-4d44-ab1f-7a3dc1ec9ea9___RS_Early.B 7100.JPG,16996,0
/Applications/XAMPP/xamppfiles/htdocs/cmu_aiot/leaf workshop/potato_dataset/Potato___healthy/Potato_healthy-82-_0_434.jpg,potato,Potato___healthy,Potato___healthy,Potato_healthy-82-_0_434.jpg,18443,2
/Applications/XAMPP/xamppfiles/htdocs/cmu_aiot/leaf workshop/potato_dataset/Potato___healthy/Potato_healthy-119-_0_3500.jpg,potato,Potato___healthy,Potato___healthy,Potato_healthy-119-_0_3500.jpg,12835,2
/Applications/XAMPP/xamppfiles/htdocs/cmu_aiot/leaf workshop/potato_dataset/Potato___Late_blight/dfa65276-0450-4a57-ba94-25384d378f22___RS_LB 4065.JPG,potato,Potato___Late_blight,Potato___Late_blight,dfa65276-0450-4a57-ba94-25384d378f22___RS_LB 4065.JPG,12876,1
/Applications/XAMPP/xamppfiles/htdocs/cmu_aiot/leaf workshop/potato_dataset/Potato___healthy/Potato_healthy-106-_0_5740.jpg,potato,Potato___healthy,Potato___healthy,Potato_healthy-106-_0_5740.jpg,18404,2
/Applications/XAMPP/xamppfiles/htdocs/cmu_aiot/leaf workshop/potato_dataset/Potato___Early_blight/fc87399a-b45c-4b0f-a6c9-54f0e4f9d3c5___RS_Early.B 7277.JPG,potato,Potato___Early_blight,Potato___Early_blight,fc87399a-b45c-4b0f-a6c9-54f0e4f9d3c5___RS_Early.B 7277.JPG,19391,0
/Applications/XAMPP/xamppfiles/htdocs/cmu_aiot/leaf workshop/potato_dataset/Potato___healthy/Potato_healthy-107-_0_4065.jpg,potato,Potato___healthy,Potato___healthy,Potato_healthy-107-_0_4065.jpg,15886,2
/Applications/XAMPP/xamppfiles/htdocs/cmu_aiot/leaf workshop/potato_dataset/Potato___healthy/Potato_healthy-125-_0_9379.jpg,potato,Potato___healthy,Potato___healthy,Potato_healthy-125-_0_9379.jpg,16176,2
/Applications/XAMPP/xamppfiles/htdocs/cmu_aiot/leaf workshop/potato_dataset/Potato___Early_blight/dc34096f-8974-4a76-8d15-42ee86038015___RS_Early.B 6734.JPG,potato,Potato___Early_blight,Potato___Early_blight,dc34096f-8974-4a76-8d15-42ee86038015___RS_Early.B 6734.JPG,21696,0
/Applications/XAMPP/xamppfiles/htdocs/cmu_aiot/leaf workshop/potato_dataset/Potato___healthy/Potato_healthy-145-_0_2509.jpg,potato,Potato___healthy,Potato___healthy,Potato_healthy-145-_0_2509.jpg,14860,2
/Applications/XAMPP/xamppfiles/htdocs/cmu_aiot/leaf workshop/potato_dataset/Potato___Early_blight/df7e4d39-fb74-4e6d-9d32-04d7d2165135___RS_Early.B 6700.JPG,potato,Potato___Early_blight,Potato___Early_blight,df7e4d39-fb74-4e6d-9d32-04d7d2165135___RS_Early.B 6700.JPG,19345,0
/Applications/XAMPP/xamppfiles/htdocs/cmu_aiot/leaf workshop/potato_dataset/Potato___Late_blight/e08c2b56-3a54-4fcc-b814-85c55020278b___RS_LB 3991.JPG,potato,Potato___Late_blight,Potato___Late_blight,e08c2b56-3a54-4fcc-b814-85c55020278b___RS_LB 3991.JPG,16257,1
/Applications/XAMPP/xamppfiles/htdocs/cmu_aiot/leaf workshop/potato_dataset/Potato___healthy/Potato_healthy-107-_0_7290.jpg,potato,Potato___healthy,Potato___healthy,Potato_healthy-107-_0_7290.jpg,15743,2
/Applications/XAMPP/xamppfiles/htdocs/cmu_aiot/leaf workshop/potato_dataset/Potato___healthy/Potato_healthy-141-_0_1735.jpg,potato,Potato___healthy,Potato___healthy,Potato_healthy-141-_0_1735.jpg,18242,2
/Applications/XAMPP/xamppfiles/htdocs/cmu_aiot/leaf workshop/potato_dataset/Potato___healthy/Potato_healthy-90-_0_309.jpg,potato,Potato___healthy,Potato___healthy,Potato_healthy-90-_0_309.jpg,15308,2
/Applications/XAMPP/xamppfiles/htdocs/cmu_aiot/leaf workshop/potato_dataset/Potato___healthy/Potato_healthy-128-_0_9511.jpg,potato,Potato___healthy,Potato___healthy,Potato_healthy-128-_0_9511.jpg,14675,2
/Applications/XAMPP/xamppfiles/htdocs/cmu_aiot/leaf workshop/potato_dataset/Potato___Early_blight/c9296b35-7b8b-4ac2-99db-07c426ec774b___RS_Early.B 6832.JPG,potato,Potato___Early_blight,Potato___Early_blight,c9296b35-7b8b-4ac2-99db-07c426ec774b___RS_Early.B 6832.JPG,20409,0
/Applications/XAMPP/xamppfiles/htdocs/cmu_aiot/leaf workshop/potato_dataset/Potato___Early_blight/fa61b2e4-413c-4503-a2a2-cff2d8a11351___RS_Early.B 7370.JPG,potato,Potato___Early_blight,Potato___Early_blight,fa61b2e4-413c-4503-a2a2-cff2d8a11351___RS_Early.B 7370.JPG,17460,0
/Applications/XAMPP/xamppfiles/htdocs/cmu_aiot/leaf workshop/potato_dataset/Potato___Late_blight/d3aa996a-f1d8-41bb-99bc-8f33ca2ea9ce___RS_LB 4404.JPG,potato,Potato___Late_blight,Potato___Late_blight,d3aa996a-f1d8-41bb-99bc-8f33ca2ea9ce___RS_LB 4404.JPG,17962,1
/Applications/XAMPP/xamppfiles/htdocs/cmu_aiot/leaf workshop/potato_dataset/Potato___Late_blight/d6fd274a-f184-482f-8043-b2fff10644ee___RS_LB 3962.JPG,potato,Potato___Late_blight,Potato___Late_blight,d6fd274a-f184-482f-8043-b2fff10644ee___RS_LB 3962.JPG,15507,1
/Applications/XAMPP/xamppfiles/htdocs/cmu_aiot/leaf workshop/potato_dataset/Potato___Early_blight/faac446b-34ac-414a-9f0e-148d6ee87bfa___RS_Early.B 8934.JPG,potato,Potato___Early_blight,Potato___Early_blight,faac446b-34ac-414a-9f0e-148d6ee87bfa___RS_Early.B 8934.JPG,20217,0
/Applications/XAMPP/xamppfiles/htdocs/cmu_aiot/leaf workshop/potato_dataset/Potato___Early_blight/d9293730-8ba7-4f41-936a-eb129bde096b___RS_Early.B 8102.JPG,potato,Potato___Early_blight,Potato___Early_blight,d9293730-8ba7-4f41-936a-eb129bde096b___RS_Early.B 8102.JPG,21915,0
/Applications/XAMPP/xamppfiles/htdocs/cmu_aiot/leaf workshop/potato_dataset/Potato___Late_blight/d50d5ba8-c809-431c-8cc1-e297bc2706f7___RS_LB 4467.JPG,potato,Potato___Late_blight,Potato___Late_blight,d50d5ba8-c809-431c-8cc1-e297bc2706f7___RS_LB 4467.JPG,18227,1
/Applications/XAMPP/xamppfiles/htdocs/cmu_aiot/leaf workshop/potato_dataset/Potato___Late_blight/c7c82b7c-078f-4ba9-90e3-db36a73bda22___RS_LB 5430.JPG,potato,Potato___Late_blight,Potato___Late_blight,c7c82b7c-078f-4ba9-90e3-db36a73bda22___RS_LB 5430.JPG,13825,1
/Applications/XAMPP/xamppfiles/htdocs/cmu_aiot/leaf workshop/potato_dataset/Potato___healthy/Potato_healthy-137-_0_4027.jpg,potato,Potato___healthy,Potato___healthy,Potato_healthy-137-_0_4027.jpg,18086,2
/Applications/XAMPP/xamppfiles/htdocs/cmu_aiot/leaf workshop/potato_dataset/Potato___Late_blight/da16cb94-4f1d-4390-b446-19eac2110115___RS_LB 2912.JPG,potato,Potato___Late_blight,Potato___Late_blight,da16cb94-4f1d-4390-b446-19eac2110115___RS_LB 2912.JPG,16701,1
/Applications/XAMPP/xamppfiles/htdocs/cmu_aiot/leaf workshop/potato_dataset/Potato___Late_blight/dd730e05-5196-46f4-9e7b-0c01a9fdaa1b___RS_LB 3321.JPG,potato,Potato___Late_blight,Potato___Late_blight,dd730e05-5196-46f4-9e7b-0c01a9fdaa1b___RS_LB 3321.JPG,18224,1
/Applications/XAMPP/xamppfiles/htdocs/cmu_aiot/leaf workshop/potato_dataset/Potato___healthy/Potato_healthy-95-_0_8300.jpg,potato,Potato___healthy,Potato___healthy,Potato_healthy-95-_0_8300.jpg,15311,2
/Applications/XAMPP/xamppfiles/htdocs/cmu_aiot/leaf workshop/potato_dataset/Potato___Late_blight/fdb4e132-c71b-413f-93c0-c863dd4582a7___RS_LB 2582.JPG,potato,Potato___Late_blight,Potato___Late_blight,fdb4e132-c71b-413f-93c0-c863dd4582a7___RS_LB 2582.JPG,18512,1
/Applications/XAMPP/xamppfiles/htdocs/cmu_aiot/leaf workshop/potato_dataset/Potato___Late_blight/df40ffa7-8efd-4720-8786-a30b9011dcfc___RS_LB 4150.JPG,potato,Potato___Late_blight,Potato___Late_blight,df40ffa7-8efd-4720-8786-a30b9011dcfc___RS_LB 4150.JPG,13875,1
/Applications/XAMPP/xamppfiles/htdocs/cmu_aiot/leaf workshop/potato_dataset/Potato___Early_blight/f6d020f8-8578-4c96-afc2-a1e97adb1ea9___RS_Early.B 7521.JPG,potato,Potato___Early_blight,Potato___Early_blight,f6d020f8-8578-4c96-afc2-a1e97adb1ea9___RS_Early.B 7521.JPG,20635,0
/Applications/XAMPP/xamppfiles/htdocs/cmu_aiot/leaf workshop/potato_dataset/Potato___Early_blight/e24cb505-5756-4269-aa4f-57d27da31b20___RS_Early.B 8973.JPG,potato,Potato___Early_blight,Potato___Early_blight,e24cb505-5756-4269-aa4f-57d27da31b20___RS_Early.B 8973.JPG,20183,0
/Applications/XAMPP/xamppfiles/htdocs/cmu_aiot/leaf workshop/potato_dataset/Potato___healthy/Potato_healthy-131-_0_9663.jpg,potato,Potato___healthy,Potato___healthy,Potato_healthy-131-_0_9663.jpg,16994,2
/Applications/XAMPP/xamppfiles/htdocs/cmu_aiot/leaf workshop/potato_dataset/Potato___healthy/Potato_healthy-101-_0_8555.jpg,potato,Potato___healthy,Potato___healthy,Potato_healthy-101-_0_8555.jpg,13816,2
/Applications/XAMPP/xamppfiles/htdocs/cmu_aiot/leaf workshop/potato_dataset/Potato___Late_blight/dd36e5d1-434f-41ce-8f7b-6528e9adc77d___RS_LB 4060.JPG,potato,Potato___Late_blight,Potato___Late_blight,dd36e5d1-434f-41ce-8f7b-6528e9adc77d___RS_LB 4060.JPG,12739,1
/Applications/XAMPP/xamppfiles/htdocs/cmu_aiot/leaf workshop/potato_dataset/Potato___healthy/Potato_healthy-132-_0_3632.jpg,potato,Potato___healthy,Potato___healthy,Potato_healthy-132-_0_3632.jpg,17512,2
/Applications/XAMPP/xamppfiles/htdocs/cmu_aiot/leaf workshop/potato_dataset/Potato___Late_blight/c16b698a-77b9-48f7-943a-457d475242ef___RS_LB 2918.JPG,potato,Potato___Late_blight,Potato___Late_blight,c16b698a-77b9-48f7-943a-457d475242ef___RS_LB 2918.JPG,15665,1
/Applications/XAMPP/xamppfiles/htdocs/cmu_aiot/leaf workshop/potato_dataset/Potato___healthy/Potato_healthy-141-_0_8399.jpg,potato,Potato___healthy,Potato___healthy,Potato_healthy-141-_0_8399.jpg,18720,2
/Applications/XAMPP/xamppfiles/htdocs/cmu_aiot/leaf workshop/potato_dataset/Potato___Late_blight/d80e59e3-a88d-4c32-8dd1-a23a6fed45ae___RS_LB 2846.JPG,potato,Potato___Late_blight,Potato___Late_blight,d80e59e3-a88d-4c32-8dd1-a23a6fed45ae___RS_LB 2846.JPG,14843,1
/Applications/XAMPP/xamppfiles/htdocs/cmu_aiot/leaf workshop/potato_dataset/Potato___healthy/Potato_healthy-114-_0_7388.jpg,potato,Potato___healthy,Potato___healthy,Potato_healthy-114-_0_7388.jpg,14788,2
/Applications/XAMPP/xamppfiles/htdocs/cmu_aiot/leaf workshop/potato_dataset/Potato___Early_blight/f069744b-375b-4fee-b1f9-23963195e936___RS_Early.B 6837.JPG,potato,Potato___Early_blight,Potato___Early_blight,f069744b-375b-4fee-b1f9-23963195e936___RS_Early.B 6837.JPG,22844,0
/Applications/XAMPP/xamppfiles/htdocs/cmu_aiot/leaf workshop/potato_dataset/Potato___Late_blight/bc5b403e-ecc2-4fde-bafa-9b8698e4545c___RS_LB 4448.JPG,potato,Potato___Late_blight,Potato___Late_blight,bc5b403e-ecc2-4fde-bafa-9b8698e4545c___RS_LB 4448.JPG,18760,1
/Applications/XAMPP/xamppfiles/htdocs/cmu_aiot/leaf workshop/potato_dataset/Potato___Early_blight/c9bff7de-c589-4ed2-92fe-cd9ca2a1df16___RS_Early.B 7846.JPG,potato,Potato___Early_blight,Potato___Early_blight,c9bff7de-c589-4ed2-92fe-cd9ca2a1df16___RS_Early.B 7846.JPG,22330,0
/Applications/XAMPP/xamppfiles/htdocs/cmu_aiot/leaf workshop/potato_dataset/Potato___Late_blight/d01b2206-84b5-41f6-9a40-b238282940bd___RS_LB 2631.JPG,potato,Potato___Late_blight,Potato___Late_blight,d01b2206-84b5-41f6-9a40-b238282940bd___RS_LB 2631.JPG,15397,1
/Applications/XAMPP/xamppfiles/htdocs/cmu_aiot/leaf workshop/potato_dataset/Potato___healthy/Potato_healthy-107-_0_8773.jpg,potato,Potato___healthy,Potato___healthy,Potato_healthy-107-_0_8773.jpg,15696,2
/Applications/XAMPP/xamppfiles/htdocs/cmu_aiot/leaf workshop/potato_dataset/Potato___Late_blight/d1a28228-aae8-4348-b7a1-545dcf72d842___RS_LB 3875.JPG,potato,Potato___Late_blight,Potato___Late_blight,d1a28228-aae8-4348-b7a1-545dcf72d842___RS_LB 3875.JPG,15060,1
/Applications/XAMPP/xamppfiles/htdocs/cmu_aiot/leaf workshop/potato_dataset/Potato___healthy/Potato_healthy-86-_0_1918.jpg,potato,Potato___healthy,Potato___healthy,Potato_healthy-86-_0_1918.jpg,15140,2
/Applications/XAMPP/xamppfiles/htdocs/cmu_aiot/leaf workshop/potato_dataset/Potato___Late_blight/ef49abc4-4b8e-4438-88a9-b3acfdb52014___RS_LB 2623.JPG,potato,Potato___Late_blight,Potato___Late_blight,ef49abc4-4b8e-4438-88a9-b3acfdb52014___RS_LB 2623.JPG,17973,1
/Applications/XAMPP/xamppfiles/htdocs/cmu_aiot/leaf workshop/potato_dataset/Potato___healthy/Potato_healthy-92-_0_6872.jpg,potato,Potato___healthy,Potato___healthy,Potato_healthy-92-_0_6872.jpg,15914,2
/Applications/XAMPP/xamppfiles/htdocs/cmu_aiot/leaf workshop/potato_dataset/Potato___Late_blight/cdd030ec-609e-4f61-9335-6cf89a6f35d2___RS_LB 2776.JPG,potato,Potato___Late_blight,Potato___Late_blight,cdd030ec-609e-4f61-9335-6cf89a6f35d2___RS_LB 2776.JPG,16634,1
/Applications/XAMPP/xamppfiles/htdocs/cmu_aiot/leaf workshop/potato_dataset/Potato___Late_blight/de63bbba-d8d0-4e74-95d7-6d5adfcd0955___RS_LB 3222.JPG,potato,Potato___Late_blight,Potato___Late_blight,de63bbba-d8d0-4e74-95d7-6d5adfcd0955___RS_LB 3222.JPG,19898,1
/Applications/XAMPP/xamppfiles/htdocs/cmu_aiot/leaf workshop/potato_dataset/Potato___Early_blight/db79941d-3ca1-42f1-b06e-d150a49d476a___RS_Early.B 8742.JPG,potato,Potato___Early_blight,Potato___Early_blight,db79941d-3ca1-42f1-b06e-d150a49d476a___RS_Early.B 8742.JPG,19005,0
/Applications/XAMPP/xamppfiles/htdocs/cmu_aiot/leaf workshop/potato_dataset/Potato___Late_blight/c89d5a2a-2c1e-496e-84b8-b7a844a97ac9___RS_LB 4920.JPG,potato,Potato___Late_blight,Potato___Late_blight,c89d5a2a-2c1e-496e-84b8-b7a844a97ac9___RS_LB 4920.JPG,20261,1
/Applications/XAMPP/xamppfiles/htdocs/cmu_aiot/leaf workshop/potato_dataset/Potato___Early_blight/e5d559da-71d8-4999-9d5a-05da9e6bf12e___RS_Early.B 7491.JPG,potato,Potato___Early_blight,Potato___Early_blight,e5d559da-71d8-4999-9d5a-05da9e6bf12e___RS_Early.B 7491.JPG,17719,0
/Applications/XAMPP/xamppfiles/htdocs/cmu_aiot/leaf workshop/potato_dataset/Potato___Early_blight/bb07a1b7-b9ad-4016-a013-9ff0e4636d4a___RS_Early.B 7156.JPG,potato,Potato___Early_blight,Potato___Early_blight,bb07a1b7-b9ad-4016-a013-9ff0e4636d4a___RS_Early.B 7156.JPG,18068,0
/Applications/XAMPP/xamppfiles/htdocs/cmu_aiot/leaf workshop/potato_dataset/Potato___Late_blight/e231f522-dd72-4fbd-94b4-5b4d7b935269___RS_LB 4131.JPG,potato,Potato___Late_blight,Potato___Late_blight,e231f522-dd72-4fbd-94b4-5b4d7b935269___RS_LB 4131.JPG,12265,1
/Applications/XAMPP/xamppfiles/htdocs/cmu_aiot/leaf workshop/potato_dataset/Potato___healthy/Potato_healthy-124-_0_50.jpg,potato,Potato___healthy,Potato___healthy,Potato_healthy-124-_0_50.jpg,15518,2
/Applications/XAMPP/xamppfiles/htdocs/cmu_aiot/leaf workshop/potato_dataset/Potato___Early_blight/ef722b35-2ab8-409d-a971-b3a853a72cb3___RS_Early.B 7184.JPG,potato,Potato___Early_blight,Potato___Early_blight,ef722b35-2ab8-409d-a971-b3a853a72cb3___RS_Early.B 7184.JPG,20255,0
/Applications/XAMPP/xamppfiles/htdocs/cmu_aiot/leaf workshop/potato_dataset/Potato___Early_blight/ce9d9a96-23cc-4d24-ab68-3932cba59ae2___RS_Early.B 7080.JPG,potato,Potato___Early_blight,Potato___Early_blight,ce9d9a96-23cc-4d24-ab68-3932cba59ae2___RS_Early.B 7080.JPG,19426,0
/Applications/XAMPP/xamppfiles/htdocs/cmu_aiot/leaf workshop/potato_dataset/Potato___Early_blight/f686133a-e89a-4242-a52d-02f32ffd5275___RS_Early.B 8295.JPG,potato,Potato___Early_blight,Potato___Early_blight,f686133a-e89a-4242-a52d-02f32ffd5275___RS_Early.B 8295.JPG,15599,0
/Applications/XAMPP/xamppfiles/htdocs/cmu_aiot/leaf workshop/potato_dataset/Potato___Early_blight/d031102c-679d-4323-a5ee-4c52ed2d5740___RS_Early.B 6947.JPG,potato,Potato___Early_blight,Potato___Early_blight,d031102c-679d-4323-a5ee-4c52ed2d5740___RS_Early.B 6947.JPG,23172,0
/Applications/XAMPP/xamppfiles/htdocs/cmu_aiot/leaf workshop/potato_dataset/Potato___Late_blight/b11189c8-ab6f-4d69-9ffa-e52749d2a3a5___RS_LB 4537.JPG,potato,Potato___Late_blight,Potato___Late_blight,b11189c8-ab6f-4d69-9ffa-e52749d2a3a5___RS_LB 4537.JPG,15175,1
/Applications/XAMPP/xamppfiles/htdocs/cmu_aiot/leaf workshop/potato_dataset/Potato___Late_blight/d66ee513-26cc-4676-8aeb-9902e0969d2b___RS_LB 3999.JPG,potato,Potato___Late_blight,Potato___Late_blight,d66ee513-26cc-4676-8aeb-9902e0969d2b___RS_LB 3999.JPG,12164,1
/Applications/XAMPP/xamppfiles/htdocs/cmu_aiot/leaf workshop/potato_dataset/Potato___Late_blight/d42061d8-9da0-4190-8dd0-d3629f0cfa53___RS_LB 3954.JPG,potato,Potato___Late_blight,Potato___Late_blight,d42061d8-9da0-4190-8dd0-d3629f0cfa53___RS_LB 3954.JPG,15094,1
/Applications/XAMPP/xamppfiles/htdocs/cmu_aiot/leaf workshop/potato_dataset/Potato___healthy/Potato_healthy-100-_0_781.jpg,potato,Potato___healthy,Potato___healthy,Potato_healthy-100-_0_781.jpg,15448,2
/Applications/XAMPP/xamppfiles/htdocs/cmu_aiot/leaf workshop/potato_dataset/Potato___healthy/Potato_healthy-115-_0_1525.jpg,potato,Potato___healthy,Potato___healthy,Potato_healthy-115-_0_1525.jpg,16783,2
/Applications/XAMPP/xamppfiles/htdocs/cmu_aiot/leaf workshop/potato_dataset/Potato___Early_blight/eec2262a-d16b-42e1-99bd-6891ef392988___RS_Early.B 7085.JPG,potato,Potato___Early_blight,Potato___Early_blight,eec2262a-d16b-42e1-99bd-6891ef392988___RS_Early.B 7085.JPG,17669,0
/Applications/XAMPP/xamppfiles/htdocs/cmu_aiot/leaf workshop/potato_dataset/Potato___Early_blight/e09c5edb-1e38-44bb-bb55-260fa32d6a58___RS_Early.B 7340.JPG,potato,Potato___Early_blight,Potato___Early_blight,e09c5edb-1e38-44bb-bb55-260fa32d6a58___RS_Early.B 7340.JPG,19297,0
/Applications/XAMPP/xamppfiles/htdocs/cmu_aiot/leaf workshop/potato_dataset/Potato___healthy/Potato_healthy-147-_0_7690.jpg,potato,Potato___healthy,Potato___healthy,Potato_healthy-147-_0_7690.jpg,18647,2
/Applications/XAMPP/xamppfiles/htdocs/cmu_aiot/leaf workshop/potato_dataset/Potato___Late_blight/d36e9212-7594-4e4d-9062-0a98bc689729___RS_LB 5055.JPG,potato,Potato___Late_blight,Potato___Late_blight,d36e9212-7594-4e4d-9062-0a98bc689729___RS_LB 5055.JPG,19274,1
/Applications/XAMPP/xamppfiles/htdocs/cmu_aiot/leaf workshop/potato_dataset/Potato___Late_blight/cf83a586-2f2a-423b-8e1c-f7c284a20ec1___RS_LB 2785.JPG,potato,Potato___Late_blight,Potato___Late_blight,cf83a586-2f2a-423b-8e1c-f7c284a20ec1___RS_LB 2785.JPG,19039,1
/Applications/XAMPP/xamppfiles/htdocs/cmu_aiot/leaf workshop/potato_dataset/Potato___Early_blight/ecf9d01d-b97f-4cf8-99e5-7036bd91b5d1___RS_Early.B 8650.JPG,potato,Potato___Early_blight,Potato___Early_blight,ecf9d01d-b97f-4cf8-99e5-7036bd91b5d1___RS_Early.B 8650.JPG,18911,0
/Applications/XAMPP/xamppfiles/htdocs/cmu_aiot/leaf workshop/potato_dataset/Potato___Late_blight/b402845e-5414-423e-9f6d-29e3bdbb505b___RS_LB 2825.JPG,potato,Potato___Late_blight,Potato___Late_blight,b402845e-5414-423e-9f6d-29e3bdbb505b___RS_LB 2825.JPG,13770,1
/Applications/XAMPP/xamppfiles/htdocs/cmu_aiot/leaf workshop/potato_dataset/Potato___healthy/Potato_healthy-90-_0_1065.jpg,potato,Potato___healthy,Potato___healthy,Potato_healthy-90-_0_1065.jpg,14976,2
/Applications/XAMPP/xamppfiles/htdocs/cmu_aiot/leaf workshop/potato_dataset/Potato___Late_blight/c6d79fa2-e6fc-4c95-a805-c7ff53075b15___RS_LB 4328.JPG,potato,Potato___Late_blight,Potato___Late_blight,c6d79fa2-e6fc-4c95-a805-c7ff53075b15___RS_LB 4328.JPG,21264,1
/Applications/XAMPP/xamppfiles/htdocs/cmu_aiot/leaf workshop/potato_dataset/Potato___healthy/Potato_healthy-135-_0_6795.jpg,potato,Potato___healthy,Potato___healthy,Potato_healthy-135-_0_6795.jpg,15958,2
/Applications/XAMPP/xamppfiles/htdocs/cmu_aiot/leaf workshop/potato_dataset/Potato___Early_blight/dea6a6e4-cfb0-4c00-a0f7-bdd1e52f82e0___RS_Early.B 7246.JPG,potato,Potato___Early_blight,Potato___Early_blight,dea6a6e4-cfb0-4c00-a0f7-bdd1e52f82e0___RS_Early.B 7246.JPG,19420,0
/Applications/XAMPP/xamppfiles/htdocs/cmu_aiot/leaf workshop/potato_dataset/Potato___healthy/Potato_healthy-108-_0_4265.jpg,potato,Potato___healthy,Potato___healthy,Potato_healthy-108-_0_4265.jpg,15223,2
/Applications/XAMPP/xamppfiles/htdocs/cmu_aiot/leaf workshop/potato_dataset/Potato___Late_blight/db973ce3-7198-4ae8-910a-bb1a3046e353___RS_LB 5152.JPG,potato,Potato___Late_blight,Potato___Late_blight,db973ce3-7198-4ae8-910a-bb1a3046e353___RS_LB 5152.JPG,14747,1
/Applications/XAMPP/xamppfiles/htdocs/cmu_aiot/leaf workshop/potato_dataset/Potato___Early_blight/c5464947-d6f8-4d5e-9cad-009db19adf67___RS_Early.B 7181.JPG,potato,Potato___Early_blight,Potato___Early_blight,c5464947-d6f8-4d5e-9cad-009db19adf67___RS_Early.B 7181.JPG,19239,0
/Applications/XAMPP/xamppfiles/htdocs/cmu_aiot/leaf workshop/potato_dataset/Potato___Early_blight/dd1e0739-c899-4c1e-99c8-fd83a6d55694___RS_Early.B 7862.JPG,potato,Potato___Early_blight,Potato___Early_blight,dd1e0739-c899-4c1e-99c8-fd83a6d55694___RS_Early.B 7862.JPG,20762,0
/Applications/XAMPP/xamppfiles/htdocs/cmu_aiot/leaf workshop/potato_dataset/Potato___Late_blight/e439b96c-2ff6-4d53-b8f0-1ed720536b0c___RS_LB 4449.JPG,potato,Potato___Late_blight,Potato___Late_blight,e439b96c-2ff6-4d53-b8f0-1ed720536b0c___RS_LB 4449.JPG,16241,1
/Applications/XAMPP/xamppfiles/htdocs/cmu_aiot/leaf workshop/potato_dataset/Potato___Late_blight/feefc118-4434-4ffb-afbb-02fb292f72b6___RS_LB 2874.JPG,potato,Potato___Late_blight,Potato___Late_blight,feefc118-4434-4ffb-afbb-02fb292f72b6___RS_LB 2874.JPG,15864,1
/Applications/XAMPP/xamppfiles/htdocs/cmu_aiot/leaf workshop/potato_dataset/Potato___Early_blight/c3bf3f15-b1ae-4e36-97a4-f341879db6ae___RS_Early.B 8263.JPG,potato,Potato___Early_blight,Potato___Early_blight,c3bf3f15-b1ae-4e36-97a4-f341879db6ae___RS_Early.B 8263.JPG,22082,0
/Applications/XAMPP/xamppfiles/htdocs/cmu_aiot/leaf workshop/potato_dataset/Potato___Early_blight/dc6516c4-a74c-465f-85a1-55608ee518da___RS_Early.B 8843.JPG,potato,Potato___Early_blight,Potato___Early_blight,dc6516c4-a74c-465f-85a1-55608ee518da___RS_Early.B 8843.JPG,22065,0
/Applications/XAMPP/xamppfiles/htdocs/cmu_aiot/leaf workshop/potato_dataset/Potato___healthy/Potato_healthy-131-_0_4532.jpg,potato,Potato___healthy,Potato___healthy,Potato_healthy-131-_0_4532.jpg,17405,2
/Applications/XAMPP/xamppfiles/htdocs/cmu_aiot/leaf workshop/potato_dataset/Potato___healthy/Potato_healthy-108-_0_3679.jpg,potato,Potato___healthy,Potato___healthy,Potato_healthy-108-_0_3679.jpg,14171,2
/Applications/XAMPP/xamppfiles/htdocs/cmu_aiot/leaf workshop/potato_dataset/Potato___Early_blight/bc8a7fa5-1f77-4829-a1ee-0ccbeef289eb___RS_Early.B 7228.JPG,potato,Potato___Early_blight,Potato___Early_blight,bc8a7fa5-1f77-4829-a1ee-0ccbeef289eb___RS_Early.B 7228.JPG,18495,0
/Applications/XAMPP/xamppfiles/htdocs/cmu_aiot/leaf workshop/potato_dataset/Potato___healthy/Potato_healthy-117-_0_2278.jpg,potato,Potato___healthy,Potato___healthy,Potato_healthy-117-_0_2278.jpg,14598,2
/Applications/XAMPP/xamppfiles/htdocs/cmu_aiot/leaf workshop/potato_dataset/Potato___Late_blight/bbdf98a1-9e54-4afd-bdfc-870d91627a52___RS_LB 2853.JPG,potato,Potato___Late_blight,Potato___Late_blight,bbdf98a1-9e54-4afd-bdfc-870d91627a52___RS_LB 2853.JPG,15733,1
/Applications/XAMPP/xamppfiles/htdocs/cmu_aiot/leaf workshop/potato_dataset/Potato___Early_blight/ea403e5a-34b3-4b06-a94d-65ad2e78831f___RS_Early.B 8136.JPG,potato,Potato___Early_blight,Potato___Early_blight,ea403e5a-34b3-4b06-a94d-65ad2e78831f___RS_Early.B 8136.JPG,18171,0
/Applications/XAMPP/xamppfiles/htdocs/cmu_aiot/leaf workshop/potato_dataset/Potato___Early_blight/f400079a-ff67-45c2-8a50-5c5b1e08dc25___RS_Early.B 8491.JPG,potato,Potato___Early_blight,Potato___Early_blight,f400079a-ff67-45c2-8a50-5c5b1e08dc25___RS_Early.B 8491.JPG,17414,0
/Applications/XAMPP/xamppfiles/htdocs/cmu_aiot/leaf workshop/potato_dataset/Potato___healthy/Potato_healthy-109-_0_3833.jpg,potato,Potato___healthy,Potato___healthy,Potato_healthy-109-_0_3833.jpg,17570,2
/Applications/XAMPP/xamppfiles/htdocs/cmu_aiot/leaf workshop/potato_dataset/Potato___Late_blight/f926e3c1-74bb-4397-85ca-725a54dfaf49___RS_LB 3053.JPG,potato,Potato___Late_blight,Potato___Late_blight,f926e3c1-74bb-4397-85ca-725a54dfaf49___RS_LB 3053.JPG,16058,1
/Applications/XAMPP/xamppfiles/htdocs/cmu_aiot/leaf workshop/potato_dataset/Potato___healthy/Potato_healthy-98-_0_2414.jpg,potato,Potato___healthy,Potato___healthy,Potato_healthy-98-_0_2414.jpg,13964,2
/Applications/XAMPP/xamppfiles/htdocs/cmu_aiot/leaf workshop/potato_dataset/Potato___Late_blight/fe93615b-4160-4956-a65c-cdbc79af2052___RS_LB 5131.JPG,potato,Potato___Late_blight,Potato___Late_blight,fe93615b-4160-4956-a65c-cdbc79af2052___RS_LB 5131.JPG,15151,1
/Applications/XAMPP/xamppfiles/htdocs/cmu_aiot/leaf workshop/potato_dataset/Potato___Late_blight/e6d7f5aa-d176-4e43-9e0c-afc2901442f6___RS_LB 3066.JPG,potato,Potato___Late_blight,Potato___Late_blight,e6d7f5aa-d176-4e43-9e0c-afc2901442f6___RS_LB 3066.JPG,17305,1
/Applications/XAMPP/xamppfiles/htdocs/cmu_aiot/leaf workshop/potato_dataset/Potato___Late_blight/c3cd2ad3-174e-48b4-a7a5-ce63be745fd5___RS_LB 3243.JPG,potato,Potato___Late_blight,Potato___Late_blight,c3cd2ad3-174e-48b4-a7a5-ce63be745fd5___RS_LB 3243.JPG,19895,1
/Applications/XAMPP/xamppfiles/htdocs/cmu_aiot/leaf workshop/potato_dataset/Potato___Early_blight/e57ca76e-a4c3-40f2-a673-9f48b3b357ae___RS_Early.B 7539.JPG,potato,Potato___Early_blight,Potato___Early_blight,e57ca76e-a4c3-40f2-a673-9f48b3b357ae___RS_Early.B 7539.JPG,18876,0
/Applications/XAMPP/xamppfiles/htdocs/cmu_aiot/leaf workshop/potato_dataset/Potato___Late_blight/ea356b9c-9090-4f0d-9083-d1f63c77372d___RS_LB 2800.JPG,potato,Potato___Late_blight,Potato___Late_blight,ea356b9c-9090-4f0d-9083-d1f63c77372d___RS_LB 2800.JPG,19798,1
/Applications/XAMPP/xamppfiles/htdocs/cmu_aiot/leaf workshop/potato_dataset/Potato___healthy/Potato_healthy-106-_0_6848.jpg,potato,Potato___healthy,Potato___healthy,Potato_healthy-106-_0_6848.jpg,19894,2
/Applications/XAMPP/xamppfiles/htdocs/cmu_aiot/leaf workshop/potato_dataset/Potato___Early_blight/f12d7916-b4f0-46f7-91bd-8dc097743149___RS_Early.B 8963.JPG,potato,Potato___Early_blight,Potato___Early_blight,f12d7916-b4f0-46f7-91bd-8dc097743149___RS_Early.B 8963.JPG,19549,0
/Applications/XAMPP/xamppfiles/htdocs/cmu_aiot/leaf workshop/potato_dataset/Potato___Early_blight/d06681cc-3ed1-4af2-ae40-2597eaea3dd4___RS_Early.B 8691.JPG,potato,Potato___Early_blight,Potato___Early_blight,d06681cc-3ed1-4af2-ae40-2597eaea3dd4___RS_Early.B 8691.JPG,22037,0
/Applications/XAMPP/xamppfiles/htdocs/cmu_aiot/leaf workshop/potato_dataset/Potato___healthy/Potato_healthy-92-_0_3606.jpg,potato,Potato___healthy,Potato___healthy,Potato_healthy-92-_0_3606.jpg,16252,2
/Applications/XAMPP/xamppfiles/htdocs/cmu_aiot/leaf workshop/potato_dataset/Potato___healthy/Potato_healthy-109-_0_1222.jpg,potato,Potato___healthy,Potato___healthy,Potato_healthy-109-_0_1222.jpg,16967,2
/Applications/XAMPP/xamppfiles/htdocs/cmu_aiot/leaf workshop/potato_dataset/Potato___Early_blight/bf972aad-9f3f-40c8-9fc7-fdcf57a94c6f___RS_Early.B 7151.JPG,potato,Potato___Early_blight,Potato___Early_blight,bf972aad-9f3f-40c8-9fc7-fdcf57a94c6f___RS_Early.B 7151.JPG,21238,0
/Applications/XAMPP/xamppfiles/htdocs/cmu_aiot/leaf workshop/potato_dataset/Potato___Late_blight/fff55a7e-2f86-4747-8d31-f1fde3c307aa___RS_LB 3081.JPG,potato,Potato___Late_blight,Potato___Late_blight,fff55a7e-2f86-4747-8d31-f1fde3c307aa___RS_LB 3081.JPG,16590,1
/Applications/XAMPP/xamppfiles/htdocs/cmu_aiot/leaf workshop/potato_dataset/Potato___Late_blight/d385010f-53c1-4e7d-9fd3-50f0c98dc245___RS_LB 3865.JPG,potato,Potato___Late_blight,Potato___Late_blight,d385010f-53c1-4e7d-9fd3-50f0c98dc245___RS_LB 3865.JPG,15848,1
/Applications/XAMPP/xamppfiles/htdocs/cmu_aiot/leaf workshop/potato_dataset/Potato___healthy/Potato_healthy-140-_0_6528.jpg,potato,Potato___healthy,Potato___healthy,Potato_healthy-140-_0_6528.jpg,16576,2
/Applications/XAMPP/xamppfiles/htdocs/cmu_aiot/leaf workshop/potato_dataset/Potato___Early_blight/dc0536f7-e777-4751-8733-f643eb18329a___RS_Early.B 7492.JPG,potato,Potato___Early_blight,Potato___Early_blight,dc0536f7-e777-4751-8733-f643eb18329a___RS_Early.B 7492.JPG,16993,0
/Applications/XAMPP/xamppfiles/htdocs/cmu_aiot/leaf workshop/potato_dataset/Potato___Late_blight/c3134b97-50a1-4aa2-937d-1e15405b9803___RS_LB 4565.JPG,potato,Potato___Late_blight,Potato___Late_blight,c3134b97-50a1-4aa2-937d-1e15405b9803___RS_LB 4565.JPG,17920,1
/Applications/XAMPP/xamppfiles/htdocs/cmu_aiot/leaf workshop/potato_dataset/Potato___Late_blight/ee09546f-d7cd-4af9-9445-41745638c9c3___RS_LB 4471.JPG,potato,Potato___Late_blight,Potato___Late_blight,ee09546f-d7cd-4af9-9445-41745638c9c3___RS_LB 4471.JPG,20240,1
/Applications/XAMPP/xamppfiles/htdocs/cmu_aiot/leaf workshop/potato_dataset/Potato___healthy/Potato_healthy-129-_0_3498.jpg,potato,Potato___healthy,Potato___healthy,Potato_healthy-129-_0_3498.jpg,17171,2
/Applications/XAMPP/xamppfiles/htdocs/cmu_aiot/leaf workshop/potato_dataset/Potato___Early_blight/fe772b3d-351c-4d18-9dcb-26feb90afa0d___RS_Early.B 7456.JPG,potato,Potato___Early_blight,Potato___Early_blight,fe772b3d-351c-4d18-9dcb-26feb90afa0d___RS_Early.B 7456.JPG,18743,0
/Applications/XAMPP/xamppfiles/htdocs/cmu_aiot/leaf workshop/potato_dataset/Potato___Late_blight/eb5ff6de-b988-42d7-87bf-374a4b938af9___RS_LB 4234.JPG,potato,Potato___Late_blight,Potato___Late_blight,eb5ff6de-b988-42d7-87bf-374a4b938af9___RS_LB 4234.JPG,19492,1
/Applications/XAMPP/xamppfiles/htdocs/cmu_aiot/leaf workshop/potato_dataset/Potato___Early_blight/c7212fa9-df1e-485e-a471-1011dd797865___RS_Early.B 8680.JPG,potato,Potato___Early_blight,Potato___Early_blight,c7212fa9-df1e-485e-a471-1011dd797865___RS_Early.B 8680.JPG,19556,0
/Applications/XAMPP/xamppfiles/htdocs/cmu_aiot/leaf workshop/potato_dataset/Potato___Late_blight/eb2bd15b-a92b-4302-98a1-bbc13a0f95bb___RS_LB 2671.JPG,potato,Potato___Late_blight,Potato___Late_blight,eb2bd15b-a92b-4302-98a1-bbc13a0f95bb___RS_LB 2671.JPG,18041,1
/Applications/XAMPP/xamppfiles/htdocs/cmu_aiot/leaf workshop/potato_dataset/Potato___Late_blight/c1389cbc-d327-478b-92b3-550c3210ed5a___RS_LB 4025.JPG,potato,Potato___Late_blight,Potato___Late_blight,c1389cbc-d327-478b-92b3-550c3210ed5a___RS_LB 4025.JPG,14053,1
/Applications/XAMPP/xamppfiles/htdocs/cmu_aiot/leaf workshop/potato_dataset/Potato___Late_blight/cbb653f7-72fd-4499-9d90-efdcd8c30077___RS_LB 2764.JPG,potato,Potato___Late_blight,Potato___Late_blight,cbb653f7-72fd-4499-9d90-efdcd8c30077___RS_LB 2764.JPG,16956,1
/Applications/XAMPP/xamppfiles/htdocs/cmu_aiot/leaf workshop/potato_dataset/Potato___healthy/Potato_healthy-145-_0_3641.jpg,potato,Potato___healthy,Potato___healthy,Potato_healthy-145-_0_3641.jpg,15772,2
/Applications/XAMPP/xamppfiles/htdocs/cmu_aiot/leaf workshop/potato_dataset/Potato___healthy/Potato_healthy-145-_0_2752.jpg,potato,Potato___healthy,Potato___healthy,Potato_healthy-145-_0_2752.jpg,15848,2
/Applications/XAMPP/xamppfiles/htdocs/cmu_aiot/leaf workshop/potato_dataset/Potato___Early_blight/d4f3066f-adb8-401b-a27f-19a12c336ebe___RS_Early.B 8626.JPG,potato,Potato___Early_blight,Potato___Early_blight,d4f3066f-adb8-401b-a27f-19a12c336ebe___RS_Early.B 8626.JPG,16599,0
/Applications/XAMPP/xamppfiles/htdocs/cmu_aiot/leaf workshop/potato_dataset/Potato___Early_blight/c42b5e69-2673-42ef-8e14-a785fea3aad6___RS_Early.B 9107.JPG,potato,Potato___Early_blight,Potato___Early_blight,c42b5e69-2673-42ef-8e14-a785fea3aad6___RS_Early.B 9107.JPG,19641,0
/Applications/XAMPP/xamppfiles/htdocs/cmu_aiot/leaf workshop/potato_dataset/Potato___Early_blight/e6aec621-1699-433a-8cf5-7310ec895810___RS_Early.B 8764.JPG,potato,Potato___Early_blight,Potato___Early_blight,e6aec621-1699-433a-8cf5-7310ec895810___RS_Early.B 8764.JPG,17660,0
/Applications/XAMPP/xamppfiles/htdocs/cmu_aiot/leaf workshop/potato_dataset/Potato___Late_blight/ea2bb076-a483-4570-88ac-8ab236d4bb92___RS_LB 2503.JPG,potato,Potato___Late_blight,Potato___Late_blight,ea2bb076-a483-4570-88ac-8ab236d4bb92___RS_LB 2503.JPG,14129,1
/Applications/XAMPP/xamppfiles/htdocs/cmu_aiot/leaf workshop/potato_dataset/Potato___healthy/Potato_healthy-110-_0_2603.jpg,potato,Potato___healthy,Potato___healthy,Potato_healthy-110-_0_2603.jpg,18650,2
/Applications/XAMPP/xamppfiles/htdocs/cmu_aiot/leaf workshop/potato_dataset/Potato___Early_blight/f188a6c1-fbed-4941-a5a7-e11a6b4ddcfb___RS_Early.B 6910.JPG,potato,Potato___Early_blight,Potato___Early_blight,f188a6c1-fbed-4941-a5a7-e11a6b4ddcfb___RS_Early.B 6910.JPG,20407,0
/Applications/XAMPP/xamppfiles/htdocs/cmu_aiot/leaf workshop/potato_dataset/Potato___healthy/Potato_healthy-125-_0_5739.jpg,potato,Potato___healthy,Potato___healthy,Potato_healthy-125-_0_5739.jpg,16898,2
/Applications/XAMPP/xamppfiles/htdocs/cmu_aiot/leaf workshop/potato_dataset/Potato___Early_blight/fe24f700-d37f-4e51-b07c-931e8c3ded81___RS_Early.B 8792.JPG,potato,Potato___Early_blight,Potato___Early_blight,fe24f700-d37f-4e51-b07c-931e8c3ded81___RS_Early.B 8792.JPG,18648,0
/Applications/XAMPP/xamppfiles/htdocs/cmu_aiot/leaf workshop/potato_dataset/Potato___Early_blight/be89d35f-e382-4b1c-95e8-af88d969d306___RS_Early.B 6758.JPG,potato,Potato___Early_blight,Potato___Early_blight,be89d35f-e382-4b1c-95e8-af88d969d306___RS_Early.B 6758.JPG,21364,0
/Applications/XAMPP/xamppfiles/htdocs/cmu_aiot/leaf workshop/potato_dataset/Potato___Early_blight/b7883606-5157-4dc1-b965-fc10f8fe1796___RS_Early.B 7598.JPG,potato,Potato___Early_blight,Potato___Early_blight,b7883606-5157-4dc1-b965-fc10f8fe1796___RS_Early.B 7598.JPG,17348,0
/Applications/XAMPP/xamppfiles/htdocs/cmu_aiot/leaf workshop/potato_dataset/Potato___Late_blight/fabf3179-8fba-4551-93fe-28e7f6c0efc3___RS_LB 3269.JPG,potato,Potato___Late_blight,Potato___Late_blight,fabf3179-8fba-4551-93fe-28e7f6c0efc3___RS_LB 3269.JPG,20977,1
/Applications/XAMPP/xamppfiles/htdocs/cmu_aiot/leaf workshop/potato_dataset/Potato___Early_blight/c43a5fd7-c60c-4a04-9835-bd35b551ec44___RS_Early.B 6701.JPG,potato,Potato___Early_blight,Potato___Early_blight,c43a5fd7-c60c-4a04-9835-bd35b551ec44___RS_Early.B 6701.JPG,22443,0
/Applications/XAMPP/xamppfiles/htdocs/cmu_aiot/leaf workshop/potato_dataset/Potato___Early_blight/c0d9fcd4-79cb-43e4-82bc-1e48e9e2a572___RS_Early.B 7279.JPG,potato,Potato___Early_blight,Potato___Early_blight,c0d9fcd4-79cb-43e4-82bc-1e48e9e2a572___RS_Early.B 7279.JPG,19794,0
/Applications/XAMPP/xamppfiles/htdocs/cmu_aiot/leaf workshop/potato_dataset/Potato___Early_blight/d91d88d1-89d4-4017-b0f0-9e875bedfcab___RS_Early.B 7201.JPG,potato,Potato___Early_blight,Potato___Early_blight,d91d88d1-89d4-4017-b0f0-9e875bedfcab___RS_Early.B 7201.JPG,20062,0
/Applications/XAMPP/xamppfiles/htdocs/cmu_aiot/leaf workshop/potato_dataset/Potato___Early_blight/fe2a7818-f2ec-4255-93f0-586c88a41624___RS_Early.B 7043.JPG,potato,Potato___Early_blight,Potato___Early_blight,fe2a7818-f2ec-4255-93f0-586c88a41624___RS_Early.B 7043.JPG,19399,0
/Applications/XAMPP/xamppfiles/htdocs/cmu_aiot/leaf workshop/potato_dataset/Potato___Early_blight/c82e587c-a0f2-451e-9057-e3719a3d9562___RS_Early.B 6824.JPG,potato,Potato___Early_blight,Potato___Early_blight,c82e587c-a0f2-451e-9057-e3719a3d9562___RS_Early.B 6824.JPG,20876,0
/Applications/XAMPP/xamppfiles/htdocs/cmu_aiot/leaf workshop/potato_dataset/Potato___Late_blight/bf6ce80d-ca31-4d72-b56a-dbd6e6f2847a___RS_LB 4022.JPG,potato,Potato___Late_blight,Potato___Late_blight,bf6ce80d-ca31-4d72-b56a-dbd6e6f2847a___RS_LB 4022.JPG,16043,1
/Applications/XAMPP/xamppfiles/htdocs/cmu_aiot/leaf workshop/potato_dataset/Potato___Late_blight/fcc8393e-18f5-48c2-bd87-a0dabc151810___RS_LB 4029.JPG,potato,Potato___Late_blight,Potato___Late_blight,fcc8393e-18f5-48c2-bd87-a0dabc151810___RS_LB 4029.JPG,13159,1
/Applications/XAMPP/xamppfiles/htdocs/cmu_aiot/leaf workshop/potato_dataset/Potato___Early_blight/d825093a-2bd7-458d-a9a1-036db6c08dec___RS_Early.B 9018.JPG,potato,Potato___Early_blight,Potato___Early_blight,d825093a-2bd7-458d-a9a1-036db6c08dec___RS_Early.B 9018.JPG,20402,0
/Applications/XAMPP/xamppfiles/htdocs/cmu_aiot/leaf workshop/potato_dataset/Potato___Late_blight/d3e6cc68-6d84-406f-9e02-b81f8051ecb3___RS_LB 3992.JPG,potato,Potato___Late_blight,Potato___Late_blight,d3e6cc68-6d84-406f-9e02-b81f8051ecb3___RS_LB 3992.JPG,17184,1
/Applications/XAMPP/xamppfiles/htdocs/cmu_aiot/leaf workshop/potato_dataset/Potato___healthy/Potato_healthy-138-_0_8894.jpg,potato,Potato___healthy,Potato___healthy,Potato_healthy-138-_0_8894.jpg,11577,2
/Applications/XAMPP/xamppfiles/htdocs/cmu_aiot/leaf workshop/potato_dataset/Potato___Late_blight/d30d25f1-74ca-42d3-804d-c31b06720c46___RS_LB 2817.JPG,potato,Potato___Late_blight,Potato___Late_blight,d30d25f1-74ca-42d3-804d-c31b06720c46___RS_LB 2817.JPG,20631,1
/Applications/XAMPP/xamppfiles/htdocs/cmu_aiot/leaf workshop/potato_dataset/Potato___healthy/Potato_healthy-117-_0_3817.jpg,potato,Potato___healthy,Potato___healthy,Potato_healthy-117-_0_3817.jpg,15192,2
/Applications/XAMPP/xamppfiles/htdocs/cmu_aiot/leaf workshop/potato_dataset/Potato___healthy/Potato_healthy-143-_0_6977.jpg,potato,Potato___healthy,Potato___healthy,Potato_healthy-143-_0_6977.jpg,14917,2
/Applications/XAMPP/xamppfiles/htdocs/cmu_aiot/leaf workshop/potato_dataset/Potato___Early_blight/ec4e730c-02c1-4b4e-b9fc-9387e2f30a8a___RS_Early.B 7701.JPG,potato,Potato___Early_blight,Potato___Early_blight,ec4e730c-02c1-4b4e-b9fc-9387e2f30a8a___RS_Early.B 7701.JPG,18285,0
/Applications/XAMPP/xamppfiles/htdocs/cmu_aiot/leaf workshop/potato_dataset/Potato___healthy/Potato_healthy-98-_0_9109.jpg,potato,Potato___healthy,Potato___healthy,Potato_healthy-98-_0_9109.jpg,14812,2
/Applications/XAMPP/xamppfiles/htdocs/cmu_aiot/leaf workshop/potato_dataset/Potato___Late_blight/e0e15d89-8c3b-43f5-8617-136b720e39cd___RS_LB 2668.JPG,potato,Potato___Late_blight,Potato___Late_blight,e0e15d89-8c3b-43f5-8617-136b720e39cd___RS_LB 2668.JPG,18035,1
/Applications/XAMPP/xamppfiles/htdocs/cmu_aiot/leaf workshop/potato_dataset/Potato___Early_blight/ec9a34ed-90de-417e-bf87-31e748c8c770___RS_Early.B 7968.JPG,potato,Potato___Early_blight,Potato___Early_blight,ec9a34ed-90de-417e-bf87-31e748c8c770___RS_Early.B 7968.JPG,21532,0
/Applications/XAMPP/xamppfiles/htdocs/cmu_aiot/leaf workshop/potato_dataset/Potato___Early_blight/b475147c-92bc-419a-b2c3-7d5aabbb79ec___RS_Early.B 7379.JPG,potato,Potato___Early_blight,Potato___Early_blight,b475147c-92bc-419a-b2c3-7d5aabbb79ec___RS_Early.B 7379.JPG,19543,0
/Applications/XAMPP/xamppfiles/htdocs/cmu_aiot/leaf workshop/potato_dataset/Potato___healthy/Potato_healthy-109-_0_8248.jpg,potato,Potato___healthy,Potato___healthy,Potato_healthy-109-_0_8248.jpg,17254,2
/Applications/XAMPP/xamppfiles/htdocs/cmu_aiot/leaf workshop/potato_dataset/Potato___Late_blight/f68e448a-c2f5-4638-a7cb-45e73083ae4a___RS_LB 3892.JPG,potato,Potato___Late_blight,Potato___Late_blight,f68e448a-c2f5-4638-a7cb-45e73083ae4a___RS_LB 3892.JPG,14797,1
/Applications/XAMPP/xamppfiles/htdocs/cmu_aiot/leaf workshop/potato_dataset/Potato___healthy/Potato_healthy-120-_0_7741.jpg,potato,Potato___healthy,Potato___healthy,Potato_healthy-120-_0_7741.jpg,15649,2
/Applications/XAMPP/xamppfiles/htdocs/cmu_aiot/leaf workshop/potato_dataset/Potato___healthy/Potato_healthy-85-_0_6349.jpg,potato,Potato___healthy,Potato___healthy,Potato_healthy-85-_0_6349.jpg,15948,2
/Applications/XAMPP/xamppfiles/htdocs/cmu_aiot/leaf workshop/potato_dataset/Potato___healthy/Potato_healthy-116-_0_6203.jpg,potato,Potato___healthy,Potato___healthy,Potato_healthy-116-_0_6203.jpg,14942,2
/Applications/XAMPP/xamppfiles/htdocs/cmu_aiot/leaf workshop/potato_dataset/Potato___Early_blight/e50e7166-a67d-4207-a49c-0240b0218d48___RS_Early.B 8907.JPG,potato,Potato___Early_blight,Potato___Early_blight,e50e7166-a67d-4207-a49c-0240b0218d48___RS_Early.B 8907.JPG,21791,0
/Applications/XAMPP/xamppfiles/htdocs/cmu_aiot/leaf workshop/potato_dataset/Potato___healthy/Potato_healthy-122-_0_3011.jpg,potato,Potato___healthy,Potato___healthy,Potato_healthy-122-_0_3011.jpg,16475,2
/Applications/XAMPP/xamppfiles/htdocs/cmu_aiot/leaf workshop/potato_dataset/Potato___Late_blight/fdb7d904-91df-4f00-85bd-0fb038723329___RS_LB 2628.JPG,potato,Potato___Late_blight,Potato___Late_blight,fdb7d904-91df-4f00-85bd-0fb038723329___RS_LB 2628.JPG,15568,1
/Applications/XAMPP/xamppfiles/htdocs/cmu_aiot/leaf workshop/potato_dataset/Potato___Late_blight/ea350085-28c1-4fc0-9fb9-386536cb971e___RS_LB 4890.JPG,potato,Potato___Late_blight,Potato___Late_blight,ea350085-28c1-4fc0-9fb9-386536cb971e___RS_LB 4890.JPG,18025,1
/Applications/XAMPP/xamppfiles/htdocs/cmu_aiot/leaf workshop/potato_dataset/Potato___Early_blight/c8a008b3-a81d-410c-97aa-94e92118e572___RS_Early.B 7616.JPG,potato,Potato___Early_blight,Potato___Early_blight,c8a008b3-a81d-410c-97aa-94e92118e572___RS_Early.B 7616.JPG,21054,0
/Applications/XAMPP/xamppfiles/htdocs/cmu_aiot/leaf workshop/potato_dataset/Potato___healthy/Potato_healthy-132-_0_7931.jpg,potato,Potato___healthy,Potato___healthy,Potato_healthy-132-_0_7931.jpg,17294,2
/Applications/XAMPP/xamppfiles/htdocs/cmu_aiot/leaf workshop/potato_dataset/Potato___Late_blight/d94eae91-7d2e-4394-b892-8c8c7fa9cf11___RS_LB 4864.JPG,potato,Potato___Late_blight,Potato___Late_blight,d94eae91-7d2e-4394-b892-8c8c7fa9cf11___RS_LB 4864.JPG,16871,1
/Applications/XAMPP/xamppfiles/htdocs/cmu_aiot/leaf workshop/potato_dataset/Potato___Late_blight/de282779-9d54-4b8f-8292-e06c3e020e16___RS_LB 3971.JPG,potato,Potato___Late_blight,Potato___Late_blight,de282779-9d54-4b8f-8292-e06c3e020e16___RS_LB 3971.JPG,15551,1
/Applications/XAMPP/xamppfiles/htdocs/cmu_aiot/leaf workshop/potato_dataset/Potato___Late_blight/b9302a2f-a369-4b05-aed6-632287f42ed7___RS_LB 4452.JPG,potato,Potato___Late_blight,Potato___Late_blight,b9302a2f-a369-4b05-aed6-632287f42ed7___RS_LB 4452.JPG,16104,1
/Applications/XAMPP/xamppfiles/htdocs/cmu_aiot/leaf workshop/potato_dataset/Potato___healthy/Potato_healthy-97-_0_2674.jpg,potato,Potato___healthy,Potato___healthy,Potato_healthy-97-_0_2674.jpg,15514,2
/Applications/XAMPP/xamppfiles/htdocs/cmu_aiot/leaf workshop/potato_dataset/Potato___healthy/Potato_healthy-94-_0_2095.jpg,potato,Potato___healthy,Potato___healthy,Potato_healthy-94-_0_2095.jpg,17597,2
/Applications/XAMPP/xamppfiles/htdocs/cmu_aiot/leaf workshop/potato_dataset/Potato___Early_blight/c4b16bb7-f358-4010-a04c-10206bad02e9___RS_Early.B 8391.JPG,potato,Potato___Early_blight,Potato___Early_blight,c4b16bb7-f358-4010-a04c-10206bad02e9___RS_Early.B 8391.JPG,19865,0
/Applications/XAMPP/xamppfiles/htdocs/cmu_aiot/leaf workshop/potato_dataset/Potato___Early_blight/ca2c9c12-f2ba-4864-806c-b85f4fb36f92___RS_Early.B 7640.JPG,potato,Potato___Early_blight,Potato___Early_blight,ca2c9c12-f2ba-4864-806c-b85f4fb36f92___RS_Early.B 7640.JPG,20737,0
/Applications/XAMPP/xamppfiles/htdocs/cmu_aiot/leaf workshop/potato_dataset/Potato___Late_blight/de0ae213-3479-4f07-b7f8-d59607a2caa8___RS_LB 2528.JPG,potato,Potato___Late_blight,Potato___Late_blight,de0ae213-3479-4f07-b7f8-d59607a2caa8___RS_LB 2528.JPG,17205,1
/Applications/XAMPP/xamppfiles/htdocs/cmu_aiot/leaf workshop/potato_dataset/Potato___Late_blight/f2676f08-798e-4291-8aa2-0655ca54cb07___RS_LB 4292.JPG,potato,Potato___Late_blight,Potato___Late_blight,f2676f08-798e-4291-8aa2-0655ca54cb07___RS_LB 4292.JPG,21375,1
/Applications/XAMPP/xamppfiles/htdocs/cmu_aiot/leaf workshop/potato_dataset/Potato___Early_blight/bd4c7de8-0616-45d4-a060-54b8329a9462___RS_Early.B 6902.JPG,potato,Potato___Early_blight,Potato___Early_blight,bd4c7de8-0616-45d4-a060-54b8329a9462___RS_Early.B 6902.JPG,21084,0
/Applications/XAMPP/xamppfiles/htdocs/cmu_aiot/leaf workshop/potato_dataset/Potato___Early_blight/cfa37804-6d71-45fe-bd88-c899b9534992___RS_Early.B 6673.JPG,potato,Potato___Early_blight,Potato___Early_blight,cfa37804-6d71-45fe-bd88-c899b9534992___RS_Early.B 6673.JPG,23483,0
/Applications/XAMPP/xamppfiles/htdocs/cmu_aiot/leaf workshop/potato_dataset/Potato___Late_blight/e9cc84b7-fc38-4e65-a129-c7a63df76780___RS_LB 2705.JPG,potato,Potato___Late_blight,Potato___Late_blight,e9cc84b7-fc38-4e65-a129-c7a63df76780___RS_LB 2705.JPG,17714,1
/Applications/XAMPP/xamppfiles/htdocs/cmu_aiot/leaf workshop/potato_dataset/Potato___Late_blight/d5a52702-2160-4f20-a1d8-49db59f83f9a___RS_LB 3213.JPG,potato,Potato___Late_blight,Potato___Late_blight,d5a52702-2160-4f20-a1d8-49db59f83f9a___RS_LB 3213.JPG,16905,1
/Applications/XAMPP/xamppfiles/htdocs/cmu_aiot/leaf workshop/potato_dataset/Potato___Early_blight/edc5f476-dd30-4fab-a8a1-71faf6210420___RS_Early.B 7315.JPG,potato,Potato___Early_blight,Potato___Early_blight,edc5f476-dd30-4fab-a8a1-71faf6210420___RS_Early.B 7315.JPG,20255,0
/Applications/XAMPP/xamppfiles/htdocs/cmu_aiot/leaf workshop/potato_dataset/Potato___healthy/Potato_healthy-103-_0_391.jpg,potato,Potato___healthy,Potato___healthy,Potato_healthy-103-_0_391.jpg,17791,2
/Applications/XAMPP/xamppfiles/htdocs/cmu_aiot/leaf workshop/potato_dataset/Potato___Late_blight/c7853012-d4e6-4c0d-a14d-1220a0a6d3b1___RS_LB 3871.JPG,potato,Potato___Late_blight,Potato___Late_blight,c7853012-d4e6-4c0d-a14d-1220a0a6d3b1___RS_LB 3871.JPG,15618,1
/Applications/XAMPP/xamppfiles/htdocs/cmu_aiot/leaf workshop/potato_dataset/Potato___healthy/Potato_healthy-91-_0_6982.jpg,potato,Potato___healthy,Potato___healthy,Potato_healthy-91-_0_6982.jpg,15741,2
/Applications/XAMPP/xamppfiles/htdocs/cmu_aiot/leaf workshop/potato_dataset/Potato___healthy/Potato_healthy-102-_0_1031.jpg,potato,Potato___healthy,Potato___healthy,Potato_healthy-102-_0_1031.jpg,18735,2
/Applications/XAMPP/xamppfiles/htdocs/cmu_aiot/leaf workshop/potato_dataset/Potato___Early_blight/ee584747-fea1-4d16-9c03-40bfc9bcf1c7___RS_Early.B 8600.JPG,potato,Potato___Early_blight,Potato___Early_blight,ee584747-fea1-4d16-9c03-40bfc9bcf1c7___RS_Early.B 8600.JPG,19970,0
/Applications/XAMPP/xamppfiles/htdocs/cmu_aiot/leaf workshop/potato_dataset/Potato___Late_blight/e10ce839-9da1-4f23-9b5e-c5483f6eabbd___RS_LB 5328.JPG,potato,Potato___Late_blight,Potato___Late_blight,e10ce839-9da1-4f23-9b5e-c5483f6eabbd___RS_LB 5328.JPG,13582,1
/Applications/XAMPP/xamppfiles/htdocs/cmu_aiot/leaf workshop/potato_dataset/Potato___Early_blight/c653b79e-4f42-4a9e-8c5c-7a85483a3c29___RS_Early.B 9108.JPG,potato,Potato___Early_blight,Potato___Early_blight,c653b79e-4f42-4a9e-8c5c-7a85483a3c29___RS_Early.B 9108.JPG,19943,0
/Applications/XAMPP/xamppfiles/htdocs/cmu_aiot/leaf workshop/potato_dataset/Potato___healthy/Potato_healthy-82-_0_7714.jpg,potato,Potato___healthy,Potato___healthy,Potato_healthy-82-_0_7714.jpg,18452,2
/Applications/XAMPP/xamppfiles/htdocs/cmu_aiot/leaf workshop/potato_dataset/Potato___healthy/Potato_healthy-77-_0_1895.jpg,potato,Potato___healthy,Potato___healthy,Potato_healthy-77-_0_1895.jpg,18502,2
/Applications/XAMPP/xamppfiles/htdocs/cmu_aiot/leaf workshop/potato_dataset/Potato___Early_blight/d435f2db-74fc-4b82-9dd8-9ffdc51650c6___RS_Early.B 9181.JPG,potato,Potato___Early_blight,Potato___Early_blight,d435f2db-74fc-4b82-9dd8-9ffdc51650c6___RS_Early.B 9181.JPG,20849,0
/Applications/XAMPP/xamppfiles/htdocs/cmu_aiot/leaf workshop/potato_dataset/Potato___healthy/Potato_healthy-99-_0_4731.jpg,potato,Potato___healthy,Potato___healthy,Potato_healthy-99-_0_4731.jpg,15753,2
/Applications/XAMPP/xamppfiles/htdocs/cmu_aiot/leaf workshop/potato_dataset/Potato___Late_blight/cd413b65-05b0-4bbd-9896-4951d11e920d___RS_LB 4575.JPG,potato,Potato___Late_blight,Potato___Late_blight,cd413b65-05b0-4bbd-9896-4951d11e920d___RS_LB 4575.JPG,17433,1
/Applications/XAMPP/xamppfiles/htdocs/cmu_aiot/leaf workshop/potato_dataset/Potato___Early_blight/cf3169aa-b842-46ed-bb1a-3e02b6858c86___RS_Early.B 7566.JPG,potato,Potato___Early_blight,Potato___Early_blight,cf3169aa-b842-46ed-bb1a-3e02b6858c86___RS_Early.B 7566.JPG,19651,0
/Applications/XAMPP/xamppfiles/htdocs/cmu_aiot/leaf workshop/potato_dataset/Potato___Early_blight/ef5b06f0-4c81-4e47-9ec3-499af1571d9e___RS_Early.B 8455.JPG,potato,Potato___Early_blight,Potato___Early_blight,ef5b06f0-4c81-4e47-9ec3-499af1571d9e___RS_Early.B 8455.JPG,21100,0
/Applications/XAMPP/xamppfiles/htdocs/cmu_aiot/leaf workshop/potato_dataset/Potato___Early_blight/d84ba2ee-6ef5-45b7-a15a-b677b99cd3f6___RS_Early.B 6772.JPG,potato,Potato___Early_blight,Potato___Early_blight,d84ba2ee-6ef5-45b7-a15a-b677b99cd3f6___RS_Early.B 6772.JPG,20458,0
/Applications/XAMPP/xamppfiles/htdocs/cmu_aiot/leaf workshop/potato_dataset/Potato___Late_blight/bd94e2a1-d503-417b-8552-f252a5665476___RS_LB 4006.JPG,potato,Potato___Late_blight,Potato___Late_blight,bd94e2a1-d503-417b-8552-f252a5665476___RS_LB 4006.JPG,15792,1
/Applications/XAMPP/xamppfiles/htdocs/cmu_aiot/leaf workshop/potato_dataset/Potato___Late_blight/fe72d959-6788-4b19-9285-e0b2919dc718___RS_LB 2516.JPG,potato,Potato___Late_blight,Potato___Late_blight,fe72d959-6788-4b19-9285-e0b2919dc718___RS_LB 2516.JPG,16069,1
/Applications/XAMPP/xamppfiles/htdocs/cmu_aiot/leaf workshop/potato_dataset/Potato___Late_blight/c48719ce-1230-465b-b481-177b7e0f7074___RS_LB 3835.JPG,potato,Potato___Late_blight,Potato___Late_blight,c48719ce-1230-465b-b481-177b7e0f7074___RS_LB 3835.JPG,11537,1
/Applications/XAMPP/xamppfiles/htdocs/cmu_aiot/leaf workshop/potato_dataset/Potato___Early_blight/dcc46f93-d842-496d-980b-4b29a00551d5___RS_Early.B 8424.JPG,potato,Potato___Early_blight,Potato___Early_blight,dcc46f93-d842-496d-980b-4b29a00551d5___RS_Early.B 8424.JPG,21348,0
/Applications/XAMPP/xamppfiles/htdocs/cmu_aiot/leaf workshop/potato_dataset/Potato___Early_blight/e50bd734-03b9-479b-9ca0-48ef217a2c59___RS_Early.B 7976.JPG,potato,Potato___Early_blight,Potato___Early_blight,e50bd734-03b9-479b-9ca0-48ef217a2c59___RS_Early.B 7976.JPG,20497,0
/Applications/XAMPP/xamppfiles/htdocs/cmu_aiot/leaf workshop/potato_dataset/Potato___healthy/Potato_healthy-130-_0_3286.jpg,potato,Potato___healthy,Potato___healthy,Potato_healthy-130-_0_3286.jpg,15357,2
/Applications/XAMPP/xamppfiles/htdocs/cmu_aiot/leaf workshop/potato_dataset/Potato___Late_blight/f9d861a9-0217-4de2-844f-fd23ccaa9def___RS_LB 3067.JPG,potato,Potato___Late_blight,Potato___Late_blight,f9d861a9-0217-4de2-844f-fd23ccaa9def___RS_LB 3067.JPG,15928,1
/Applications/XAMPP/xamppfiles/htdocs/cmu_aiot/leaf workshop/potato_dataset/Potato___Late_blight/f8d2bf55-3044-4d09-9372-63aa960f1881___RS_LB 2538.JPG,potato,Potato___Late_blight,Potato___Late_blight,f8d2bf55-3044-4d09-9372-63aa960f1881___RS_LB 2538.JPG,19297,1
/Applications/XAMPP/xamppfiles/htdocs/cmu_aiot/leaf workshop/potato_dataset/Potato___healthy/Potato_healthy-98-_0_6820.jpg,potato,Potato___healthy,Potato___healthy,Potato_healthy-98-_0_6820.jpg,15102,2
/Applications/XAMPP/xamppfiles/htdocs/cmu_aiot/leaf workshop/potato_dataset/Potato___Late_blight/f87fce12-78df-4a8c-92ff-8c0b83cc82b9___RS_LB 3025.JPG,potato,Potato___Late_blight,Potato___Late_blight,f87fce12-78df-4a8c-92ff-8c0b83cc82b9___RS_LB 3025.JPG,14815,1
/Applications/XAMPP/xamppfiles/htdocs/cmu_aiot/leaf workshop/potato_dataset/Potato___healthy/Potato_healthy-113-_0_803.jpg,potato,Potato___healthy,Potato___healthy,Potato_healthy-113-_0_803.jpg,15697,2
/Applications/XAMPP/xamppfiles/htdocs/cmu_aiot/leaf workshop/potato_dataset/Potato___Late_blight/fd81a3e2-1d3e-4e52-a010-ad1b36a5220d___RS_LB 4067.JPG,potato,Potato___Late_blight,Potato___Late_blight,fd81a3e2-1d3e-4e52-a010-ad1b36a5220d___RS_LB 4067.JPG,13672,1
/Applications/XAMPP/xamppfiles/htdocs/cmu_aiot/leaf workshop/potato_dataset/Potato___Late_blight/ccdf64d2-81fe-429e-8041-05b5a9ce50c9___RS_LB 5052.JPG,potato,Potato___Late_blight,Potato___Late_blight,ccdf64d2-81fe-429e-8041-05b5a9ce50c9___RS_LB 5052.JPG,17306,1
/Applications/XAMPP/xamppfiles/htdocs/cmu_aiot/leaf workshop/potato_dataset/Potato___healthy/Potato_healthy-128-_0_1528.jpg,potato,Potato___healthy,Potato___healthy,Potato_healthy-128-_0_1528.jpg,14666,2
/Applications/XAMPP/xamppfiles/htdocs/cmu_aiot/leaf workshop/potato_dataset/Potato___Early_blight/caf7512b-4e4e-44fc-ae7d-8544168cf903___RS_Early.B 7120.JPG,potato,Potato___Early_blight,Potato___Early_blight,caf7512b-4e4e-44fc-ae7d-8544168cf903___RS_Early.B 7120.JPG,18424,0
/Applications/XAMPP/xamppfiles/htdocs/cmu_aiot/leaf workshop/potato_dataset/Potato___Late_blight/fbe08e9f-d4a0-4a6e-9741-c34fda88b3d2___RS_LB 4540.JPG,potato,Potato___Late_blight,Potato___Late_blight,fbe08e9f-d4a0-4a6e-9741-c34fda88b3d2___RS_LB 4540.JPG,16383,1
/Applications/XAMPP/xamppfiles/htdocs/cmu_aiot/leaf workshop/potato_dataset/Potato___Late_blight/e749122f-0dcc-4613-87a9-5347a51a7b58___RS_LB 4409.JPG,potato,Potato___Late_blight,Potato___Late_blight,e749122f-0dcc-4613-87a9-5347a51a7b58___RS_LB 4409.JPG,14594,1
/Applications/XAMPP/xamppfiles/htdocs/cmu_aiot/leaf workshop/potato_dataset/Potato___healthy/Potato_healthy-80-_0_8328.jpg,potato,Potato___healthy,Potato___healthy,Potato_healthy-80-_0_8328.jpg,18327,2
/Applications/XAMPP/xamppfiles/htdocs/cmu_aiot/leaf workshop/potato_dataset/Potato___healthy/Potato_healthy-88-_0_192.jpg,potato,Potato___healthy,Potato___healthy,Potato_healthy-88-_0_192.jpg,15164,2
/Applications/XAMPP/xamppfiles/htdocs/cmu_aiot/leaf workshop/potato_dataset/Potato___healthy/Potato_healthy-111-_0_5138.jpg,potato,Potato___healthy,Potato___healthy,Potato_healthy-111-_0_5138.jpg,19297,2
/Applications/XAMPP/xamppfiles/htdocs/cmu_aiot/leaf workshop/potato_dataset/Potato___Late_blight/c008d8a7-aa55-400b-ad6c-f4fd7654c516___RS_LB 5242.JPG,potato,Potato___Late_blight,Potato___Late_blight,c008d8a7-aa55-400b-ad6c-f4fd7654c516___RS_LB 5242.JPG,15174,1
/Applications/XAMPP/xamppfiles/htdocs/cmu_aiot/leaf workshop/potato_dataset/Potato___Early_blight/f0f41a0d-7679-4e56-85df-44934fe0cb3b___RS_Early.B 7054.JPG,potato,Potato___Early_blight,Potato___Early_blight,f0f41a0d-7679-4e56-85df-44934fe0cb3b___RS_Early.B 7054.JPG,18798,0
/Applications/XAMPP/xamppfiles/htdocs/cmu_aiot/leaf workshop/potato_dataset/Potato___Late_blight/b294595b-8950-4e5b-8dfc-2ad9ca2c5e0a___RS_LB 4475.JPG,potato,Potato___Late_blight,Potato___Late_blight,b294595b-8950-4e5b-8dfc-2ad9ca2c5e0a___RS_LB 4475.JPG,14277,1
/Applications/XAMPP/xamppfiles/htdocs/cmu_aiot/leaf workshop/potato_dataset/Potato___Early_blight/c2cc82b8-9f74-4e40-9792-c121a89a84c0___RS_Early.B 8524.JPG,potato,Potato___Early_blight,Potato___Early_blight,c2cc82b8-9f74-4e40-9792-c121a89a84c0___RS_Early.B 8524.JPG,17861,0
/Applications/XAMPP/xamppfiles/htdocs/cmu_aiot/leaf workshop/potato_dataset/Potato___Late_blight/fe3eb287-4bb0-4a6f-b50e-253370bd19dd___RS_LB 4073.JPG,potato,Potato___Late_blight,Potato___Late_blight,fe3eb287-4bb0-4a6f-b50e-253370bd19dd___RS_LB 4073.JPG,11764,1
/Applications/XAMPP/xamppfiles/htdocs/cmu_aiot/leaf workshop/potato_dataset/Potato___Early_blight/ba5dfd98-89d6-49d5-b398-beb05cb9d8ad___RS_Early.B 7824.JPG,potato,Potato___Early_blight,Potato___Early_blight,ba5dfd98-89d6-49d5-b398-beb05cb9d8ad___RS_Early.B 7824.JPG,21126,0
/Applications/XAMPP/xamppfiles/htdocs/cmu_aiot/leaf workshop/potato_dataset/Potato___healthy/Potato_healthy-147-_0_6777.jpg,potato,Potato___healthy,Potato___healthy,Potato_healthy-147-_0_6777.jpg,18341,2
/Applications/XAMPP/xamppfiles/htdocs/cmu_aiot/leaf workshop/potato_dataset/Potato___Early_blight/c28107c6-ea57-4044-bb6e-508d6d360cd7___RS_Early.B 7057.JPG,potato,Potato___Early_blight,Potato___Early_blight,c28107c6-ea57-4044-bb6e-508d6d360cd7___RS_Early.B 7057.JPG,17649,0
/Applications/XAMPP/xamppfiles/htdocs/cmu_aiot/leaf workshop/potato_dataset/Potato___healthy/Potato_healthy-96-_0_2636.jpg,potato,Potato___healthy,Potato___healthy,Potato_healthy-96-_0_2636.jpg,14842,2
/Applications/XAMPP/xamppfiles/htdocs/cmu_aiot/leaf workshop/potato_dataset/Potato___Late_blight/e9642678-b019-4ac2-a960-66fcccb2ccaa___RS_LB 2948.JPG,potato,Potato___Late_blight,Potato___Late_blight,e9642678-b019-4ac2-a960-66fcccb2ccaa___RS_LB 2948.JPG,15959,1
/Applications/XAMPP/xamppfiles/htdocs/cmu_aiot/leaf workshop/potato_dataset/Potato___Early_blight/d063f825-aa36-4cfd-a227-4c3f30760aa2___RS_Early.B 8307.JPG,potato,Potato___Early_blight,Potato___Early_blight,d063f825-aa36-4cfd-a227-4c3f30760aa2___RS_Early.B 8307.JPG,18416,0
/Applications/XAMPP/xamppfiles/htdocs/cmu_aiot/leaf workshop/potato_dataset/Potato___Early_blight/bc378ba0-533d-42db-a8b2-82decc73f4d5___RS_Early.B 9092.JPG,potato,Potato___Early_blight,Potato___Early_blight,bc378ba0-533d-42db-a8b2-82decc73f4d5___RS_Early.B 9092.JPG,21486,0
/Applications/XAMPP/xamppfiles/htdocs/cmu_aiot/leaf workshop/potato_dataset/Potato___Late_blight/ec5974a3-4c73-4129-a372-8ddec73eb246___RS_LB 3034.JPG,potato,Potato___Late_blight,Potato___Late_blight,ec5974a3-4c73-4129-a372-8ddec73eb246___RS_LB 3034.JPG,16601,1
/Applications/XAMPP/xamppfiles/htdocs/cmu_aiot/leaf workshop/potato_dataset/Potato___healthy/Potato_healthy-146-_0_3702.jpg,potato,Potato___healthy,Potato___healthy,Potato_healthy-146-_0_3702.jpg,13966,2
/Applications/XAMPP/xamppfiles/htdocs/cmu_aiot/leaf workshop/potato_dataset/Potato___Early_blight/bcedd1ec-17b4-495b-b47f-5877ef836f88___RS_Early.B 7248.JPG,potato,Potato___Early_blight,Potato___Early_blight,bcedd1ec-17b4-495b-b47f-5877ef836f88___RS_Early.B 7248.JPG,18243,0
/Applications/XAMPP/xamppfiles/htdocs/cmu_aiot/leaf workshop/potato_dataset/Potato___healthy/Potato_healthy-100-_0_6496.jpg,potato,Potato___healthy,Potato___healthy,Potato_healthy-100-_0_6496.jpg,14837,2
/Applications/XAMPP/xamppfiles/htdocs/cmu_aiot/leaf workshop/potato_dataset/Potato___Early_blight/f8b3542b-559a-4aa4-9f4a-ec4d22f4386f___RS_Early.B 7309.JPG,potato,Potato___Early_blight,Potato___Early_blight,f8b3542b-559a-4aa4-9f4a-ec4d22f4386f___RS_Early.B 7309.JPG,18502,0
/Applications/XAMPP/xamppfiles/htdocs/cmu_aiot/leaf workshop/potato_dataset/Potato___healthy/Potato_healthy-116-_0_7002.jpg,potato,Potato___healthy,Potato___healthy,Potato_healthy-116-_0_7002.jpg,15852,2
/Applications/XAMPP/xamppfiles/htdocs/cmu_aiot/leaf workshop/potato_dataset/Potato___healthy/Potato_healthy-119-_0_3520.jpg,potato,Potato___healthy,Potato___healthy,Potato_healthy-119-_0_3520.jpg,12399,2
/Applications/XAMPP/xamppfiles/htdocs/cmu_aiot/leaf workshop/potato_dataset/Potato___Late_blight/f95a6bbd-39a3-48e7-a612-8833c2b7b3ff___RS_LB 2784.JPG,potato,Potato___Late_blight,Potato___Late_blight,f95a6bbd-39a3-48e7-a612-8833c2b7b3ff___RS_LB 2784.JPG,17274,1
/Applications/XAMPP/xamppfiles/htdocs/cmu_aiot/leaf workshop/potato_dataset/Potato___Late_blight/e40a1e10-fca8-4831-b124-48bc07f92eb1___RS_LB 2897.JPG,potato,Potato___Late_blight,Potato___Late_blight,e40a1e10-fca8-4831-b124-48bc07f92eb1___RS_LB 2897.JPG,15472,1
/Applications/XAMPP/xamppfiles/htdocs/cmu_aiot/leaf workshop/potato_dataset/Potato___Early_blight/ea87f5c8-69f9-44e0-997b-bb896350765e___RS_Early.B 7798.JPG,potato,Potato___Early_blight,Potato___Early_blight,ea87f5c8-69f9-44e0-997b-bb896350765e___RS_Early.B 7798.JPG,19834,0
/Applications/XAMPP/xamppfiles/htdocs/cmu_aiot/leaf workshop/potato_dataset/Potato___Early_blight/cb5241ed-1a40-488a-9236-64ed07e6ebbf___RS_Early.B 6712(1).JPG,potato,Potato___Early_blight,Potato___Early_blight,cb5241ed-1a40-488a-9236-64ed07e6ebbf___RS_Early.B 6712(1).JPG,19927,0
/Applications/XAMPP/xamppfiles/htdocs/cmu_aiot/leaf workshop/potato_dataset/Potato___Late_blight/d43fa915-e947-4316-b0f5-0f925c5d9625___RS_LB 3969.JPG,potato,Potato___Late_blight,Potato___Late_blight,d43fa915-e947-4316-b0f5-0f925c5d9625___RS_LB 3969.JPG,15581,1
/Applications/XAMPP/xamppfiles/htdocs/cmu_aiot/leaf workshop/potato_dataset/Potato___healthy/Potato_healthy-97-_0_6462.jpg,potato,Potato___healthy,Potato___healthy,Potato_healthy-97-_0_6462.jpg,16222,2
/Applications/XAMPP/xamppfiles/htdocs/cmu_aiot/leaf workshop/potato_dataset/Potato___healthy/Potato_healthy-127-_0_1140.jpg,potato,Potato___healthy,Potato___healthy,Potato_healthy-127-_0_1140.jpg,14802,2
/Applications/XAMPP/xamppfiles/htdocs/cmu_aiot/leaf workshop/potato_dataset/Potato___Late_blight/f083d357-23f8-45e6-9fac-87e5d0ab9cac___RS_LB 3317.JPG,potato,Potato___Late_blight,Potato___Late_blight,f083d357-23f8-45e6-9fac-87e5d0ab9cac___RS_LB 3317.JPG,20189,1
/Applications/XAMPP/xamppfiles/htdocs/cmu_aiot/leaf workshop/potato_dataset/Potato___Late_blight/eb34280e-0cfb-4166-a9b8-a15892c9ff5c___RS_LB 4450.JPG,potato,Potato___Late_blight,Potato___Late_blight,eb34280e-0cfb-4166-a9b8-a15892c9ff5c___RS_LB 4450.JPG,14001,1
/Applications/XAMPP/xamppfiles/htdocs/cmu_aiot/leaf workshop/potato_dataset/Potato___healthy/Potato_healthy-91-_0_463.jpg,potato,Potato___healthy,Potato___healthy,Potato_healthy-91-_0_463.jpg,16428,2
/Applications/XAMPP/xamppfiles/htdocs/cmu_aiot/leaf workshop/potato_dataset/Potato___healthy/Potato_healthy-107-_0_9038.jpg,potato,Potato___healthy,Potato___healthy,Potato_healthy-107-_0_9038.jpg,16019,2
/Applications/XAMPP/xamppfiles/htdocs/cmu_aiot/leaf workshop/potato_dataset/Potato___Early_blight/dbe05365-9166-45f7-94cf-cefca787215a___RS_Early.B 9144.JPG,potato,Potato___Early_blight,Potato___Early_blight,dbe05365-9166-45f7-94cf-cefca787215a___RS_Early.B 9144.JPG,21980,0
/Applications/XAMPP/xamppfiles/htdocs/cmu_aiot/leaf workshop/potato_dataset/Potato___Late_blight/f18c34fd-e43a-4338-b3f3-6537f2f84f98___RS_LB 4111.JPG,potato,Potato___Late_blight,Potato___Late_blight,f18c34fd-e43a-4338-b3f3-6537f2f84f98___RS_LB 4111.JPG,12469,1
/Applications/XAMPP/xamppfiles/htdocs/cmu_aiot/leaf workshop/potato_dataset/Potato___Early_blight/e3779bc5-a8e2-4be6-8e15-4a4713ab9531___RS_Early.B 8431.JPG,potato,Potato___Early_blight,Potato___Early_blight,e3779bc5-a8e2-4be6-8e15-4a4713ab9531___RS_Early.B 8431.JPG,19897,0
/Applications/XAMPP/xamppfiles/htdocs/cmu_aiot/leaf workshop/potato_dataset/Potato___healthy/Potato_healthy-78-_0_3384.jpg,potato,Potato___healthy,Potato___healthy,Potato_healthy-78-_0_3384.jpg,16312,2
/Applications/XAMPP/xamppfiles/htdocs/cmu_aiot/leaf workshop/potato_dataset/Potato___healthy/Potato_healthy-84-_0_775.jpg,potato,Potato___healthy,Potato___healthy,Potato_healthy-84-_0_775.jpg,16793,2
/Applications/XAMPP/xamppfiles/htdocs/cmu_aiot/leaf workshop/potato_dataset/Potato___Early_blight/db5d0f5f-a722-4f12-96bf-c9608e5c7f2a___RS_Early.B 8945.JPG,potato,Potato___Early_blight,Potato___Early_blight,db5d0f5f-a722-4f12-96bf-c9608e5c7f2a___RS_Early.B 8945.JPG,21782,0
/Applications/XAMPP/xamppfiles/htdocs/cmu_aiot/leaf workshop/potato_dataset/Potato___Early_blight/bb4e9c01-6166-424d-a379-9ef405fdd555___RS_Early.B 6843.JPG,potato,Potato___Early_blight,Potato___Early_blight,bb4e9c01-6166-424d-a379-9ef405fdd555___RS_Early.B 6843.JPG,21614,0
/Applications/XAMPP/xamppfiles/htdocs/cmu_aiot/leaf workshop/potato_dataset/Potato___healthy/Potato_healthy-125-_0_9331.jpg,potato,Potato___healthy,Potato___healthy,Potato_healthy-125-_0_9331.jpg,16241,2
/Applications/XAMPP/xamppfiles/htdocs/cmu_aiot/leaf workshop/potato_dataset/Potato___Early_blight/cd025ad0-9486-4ee6-b545-c9040dc4e1c7___RS_Early.B 8821.JPG,potato,Potato___Early_blight,Potato___Early_blight,cd025ad0-9486-4ee6-b545-c9040dc4e1c7___RS_Early.B 8821.JPG,20885,0
/Applications/XAMPP/xamppfiles/htdocs/cmu_aiot/leaf workshop/potato_dataset/Potato___healthy/Potato_healthy-118-_0_343.jpg,potato,Potato___healthy,Potato___healthy,Potato_healthy-118-_0_343.jpg,14207,2
/Applications/XAMPP/xamppfiles/htdocs/cmu_aiot/leaf workshop/potato_dataset/Potato___Late_blight/e4735c8f-e6da-46a1-b0fe-b1d2355a1bd4___RS_LB 2796.JPG,potato,Potato___Late_blight,Potato___Late_blight,e4735c8f-e6da-46a1-b0fe-b1d2355a1bd4___RS_LB 2796.JPG,19429,1
/Applications/XAMPP/xamppfiles/htdocs/cmu_aiot/leaf workshop/potato_dataset/Potato___healthy/Potato_healthy-83-_0_361.jpg,potato,Potato___healthy,Potato___healthy,Potato_healthy-83-_0_361.jpg,15926,2
/Applications/XAMPP/xamppfiles/htdocs/cmu_aiot/leaf workshop/potato_dataset/Potato___Early_blight/f2540cea-220b-4ba2-bf16-7c1c7f32c38c___RS_Early.B 7997.JPG,potato,Potato___Early_blight,Potato___Early_blight,f2540cea-220b-4ba2-bf16-7c1c7f32c38c___RS_Early.B 7997.JPG,19468,0
/Applications/XAMPP/xamppfiles/htdocs/cmu_aiot/leaf workshop/potato_dataset/Potato___Late_blight/de54e40d-4c5f-48d9-9b6d-bc96bde09898___RS_LB 4086.JPG,potato,Potato___Late_blight,Potato___Late_blight,de54e40d-4c5f-48d9-9b6d-bc96bde09898___RS_LB 4086.JPG,14050,1
/Applications/XAMPP/xamppfiles/htdocs/cmu_aiot/leaf workshop/potato_dataset/Potato___healthy/Potato_healthy-103-_0_3577.jpg,potato,Potato___healthy,Potato___healthy,Potato_healthy-103-_0_3577.jpg,18716,2
/Applications/XAMPP/xamppfiles/htdocs/cmu_aiot/leaf workshop/potato_dataset/Potato___Late_blight/ea5fc080-37a7-4954-ba8c-a5d67b6a0962___RS_LB 2888.JPG,potato,Potato___Late_blight,Potato___Late_blight,ea5fc080-37a7-4954-ba8c-a5d67b6a0962___RS_LB 2888.JPG,15328,1
/Applications/XAMPP/xamppfiles/htdocs/cmu_aiot/leaf workshop/potato_dataset/Potato___Early_blight/dcb9073d-df5b-4a15-aecf-1c3af587cd74___RS_Early.B 8982.JPG,potato,Potato___Early_blight,Potato___Early_blight,dcb9073d-df5b-4a15-aecf-1c3af587cd74___RS_Early.B 8982.JPG,19556,0
/Applications/XAMPP/xamppfiles/htdocs/cmu_aiot/leaf workshop/potato_dataset/Potato___healthy/Potato_healthy-112-_0_2810.jpg,potato,Potato___healthy,Potato___healthy,Potato_healthy-112-_0_2810.jpg,15810,2
/Applications/XAMPP/xamppfiles/htdocs/cmu_aiot/leaf workshop/potato_dataset/Potato___healthy/Potato_healthy-94-_0_3878.jpg,potato,Potato___healthy,Potato___healthy,Potato_healthy-94-_0_3878.jpg,18042,2
/Applications/XAMPP/xamppfiles/htdocs/cmu_aiot/leaf workshop/potato_dataset/Potato___healthy/Potato_healthy-126-_0_1876.jpg,potato,Potato___healthy,Potato___healthy,Potato_healthy-126-_0_1876.jpg,19216,2
/Applications/XAMPP/xamppfiles/htdocs/cmu_aiot/leaf workshop/potato_dataset/Potato___Late_blight/f81452c0-aa6a-4d2e-a4ba-c761a2e7870f___RS_LB 4280.JPG,potato,Potato___Late_blight,Potato___Late_blight,f81452c0-aa6a-4d2e-a4ba-c761a2e7870f___RS_LB 4280.JPG,15764,1
/Applications/XAMPP/xamppfiles/htdocs/cmu_aiot/leaf workshop/potato_dataset/Potato___Early_blight/c48693cf-14bb-48ec-96fe-240bd2269866___RS_Early.B 7609.JPG,potato,Potato___Early_blight,Potato___Early_blight,c48693cf-14bb-48ec-96fe-240bd2269866___RS_Early.B 7609.JPG,14884,0
/Applications/XAMPP/xamppfiles/htdocs/cmu_aiot/leaf workshop/potato_dataset/Potato___healthy/Potato_healthy-146-_0_665.jpg,potato,Potato___healthy,Potato___healthy,Potato_healthy-146-_0_665.jpg,13915,2
/Applications/XAMPP/xamppfiles/htdocs/cmu_aiot/leaf workshop/potato_dataset/Potato___Early_blight/dd9c3ad3-aa94-4d00-88c8-8e4618e8832e___RS_Early.B 7633.JPG,potato,Potato___Early_blight,Potato___Early_blight,dd9c3ad3-aa94-4d00-88c8-8e4618e8832e___RS_Early.B 7633.JPG,19253,0
/Applications/XAMPP/xamppfiles/htdocs/cmu_aiot/leaf workshop/potato_dataset/Potato___healthy/Potato_healthy-149-_0_3442.jpg,potato,Potato___healthy,Potato___healthy,Potato_healthy-149-_0_3442.jpg,16670,2
/Applications/XAMPP/xamppfiles/htdocs/cmu_aiot/leaf workshop/potato_dataset/Potato___Late_blight/ced49a2c-c7b3-4c10-9475-2b004afebff1___RS_LB 4436.JPG,potato,Potato___Late_blight,Potato___Late_blight,ced49a2c-c7b3-4c10-9475-2b004afebff1___RS_LB 4436.JPG,18228,1
/Applications/XAMPP/xamppfiles/htdocs/cmu_aiot/leaf workshop/potato_dataset/Potato___Early_blight/cc48c415-4a2d-4d8d-94db-c736e7b7c882___RS_Early.B 7705.JPG,potato,Potato___Early_blight,Potato___Early_blight,cc48c415-4a2d-4d8d-94db-c736e7b7c882___RS_Early.B 7705.JPG,20989,0
/Applications/XAMPP/xamppfiles/htdocs/cmu_aiot/leaf workshop/potato_dataset/Potato___healthy/Potato_healthy-130-_0_1600.jpg,potato,Potato___healthy,Potato___healthy,Potato_healthy-130-_0_1600.jpg,14818,2
/Applications/XAMPP/xamppfiles/htdocs/cmu_aiot/leaf workshop/potato_dataset/Potato___Late_blight/fc748621-bd56-4012-a617-9e30df58ecfc___RS_LB 4402.JPG,potato,Potato___Late_blight,Potato___Late_blight,fc748621-bd56-4012-a617-9e30df58ecfc___RS_LB 4402.JPG,17329,1
/Applications/XAMPP/xamppfiles/htdocs/cmu_aiot/leaf workshop/potato_dataset/Potato___Late_blight/bd586e94-fa36-4aed-be05-7a0028d40118___RS_LB 2650.JPG,potato,Potato___Late_blight,Potato___Late_blight,bd586e94-fa36-4aed-be05-7a0028d40118___RS_LB 2650.JPG,14849,1
/Applications/XAMPP/xamppfiles/htdocs/cmu_aiot/leaf workshop/potato_dataset/Potato___Late_blight/f7936082-7315-477d-9710-529a7024b32d___RS_LB 2546.JPG,potato,Potato___Late_blight,Potato___Late_blight,f7936082-7315-477d-9710-529a7024b32d___RS_LB 2546.JPG,17074,1
/Applications/XAMPP/xamppfiles/htdocs/cmu_aiot/leaf workshop/potato_dataset/Potato___Late_blight/e47b3a9a-24ea-460a-8a8f-4fc9814a072e___RS_LB 3314.JPG,potato,Potato___Late_blight,Potato___Late_blight,e47b3a9a-24ea-460a-8a8f-4fc9814a072e___RS_LB 3314.JPG,18787,1
/Applications/XAMPP/xamppfiles/htdocs/cmu_aiot/leaf workshop/potato_dataset/Potato___Late_blight/d38d9e28-89a0-4650-8a2d-dc5e6744b3b9___RS_LB 5204.JPG,potato,Potato___Late_blight,Potato___Late_blight,d38d9e28-89a0-4650-8a2d-dc5e6744b3b9___RS_LB 5204.JPG,15895,1
/Applications/XAMPP/xamppfiles/htdocs/cmu_aiot/leaf workshop/potato_dataset/Potato___healthy/Potato_healthy-109-_0_1825.jpg,potato,Potato___healthy,Potato___healthy,Potato_healthy-109-_0_1825.jpg,17304,2
/Applications/XAMPP/xamppfiles/htdocs/cmu_aiot/leaf workshop/potato_dataset/Potato___Early_blight/f32a2d3d-9ac5-426c-81d1-bc279def9ba4___RS_Early.B 7636.JPG,potato,Potato___Early_blight,Potato___Early_blight,f32a2d3d-9ac5-426c-81d1-bc279def9ba4___RS_Early.B 7636.JPG,21375,0
/Applications/XAMPP/xamppfiles/htdocs/cmu_aiot/leaf workshop/potato_dataset/Potato___Early_blight/f838c192-a78c-460c-ab90-313dd5014a47___RS_Early.B 7718.JPG,potato,Potato___Early_blight,Potato___Early_blight,f838c192-a78c-460c-ab90-313dd5014a47___RS_Early.B 7718.JPG,21322,0
/Applications/XAMPP/xamppfiles/htdocs/cmu_aiot/leaf workshop/potato_dataset/Potato___Late_blight/d879aaf6-d557-4607-b7a0-ecbb3761f152___RS_LB 4723.JPG,potato,Potato___Late_blight,Potato___Late_blight,d879aaf6-d557-4607-b7a0-ecbb3761f152___RS_LB 4723.JPG,14459,1
/Applications/XAMPP/xamppfiles/htdocs/cmu_aiot/leaf workshop/potato_dataset/Potato___Late_blight/e3d4df7f-f184-453e-8a99-3cb0de5a2488___RS_LB 3959.JPG,potato,Potato___Late_blight,Potato___Late_blight,e3d4df7f-f184-453e-8a99-3cb0de5a2488___RS_LB 3959.JPG,15474,1
/Applications/XAMPP/xamppfiles/htdocs/cmu_aiot/leaf workshop/potato_dataset/Potato___Late_blight/dd08ad51-110b-4de0-bfbb-862e53a6165c___RS_LB 4542.JPG,potato,Potato___Late_blight,Potato___Late_blight,dd08ad51-110b-4de0-bfbb-862e53a6165c___RS_LB 4542.JPG,19289,1
/Applications/XAMPP/xamppfiles/htdocs/cmu_aiot/leaf workshop/potato_dataset/Potato___Early_blight/efd49e70-b8d6-493f-9099-b3d9d534f365___RS_Early.B 7854.JPG,potato,Potato___Early_blight,Potato___Early_blight,efd49e70-b8d6-493f-9099-b3d9d534f365___RS_Early.B 7854.JPG,21116,0
/Applications/XAMPP/xamppfiles/htdocs/cmu_aiot/leaf workshop/potato_dataset/Potato___Early_blight/ccec0636-2984-4164-aad7-34b1b84ec42b___RS_Early.B 7766.JPG,potato,Potato___Early_blight,Potato___Early_blight,ccec0636-2984-4164-aad7-34b1b84ec42b___RS_Early.B 7766.JPG,19249,0
/Applications/XAMPP/xamppfiles/htdocs/cmu_aiot/leaf workshop/potato_dataset/Potato___Early_blight/c53d85d7-bddb-422b-955c-6842cce9a927___RS_Early.B 7253.JPG,potato,Potato___Early_blight,Potato___Early_blight,c53d85d7-bddb-422b-955c-6842cce9a927___RS_Early.B 7253.JPG,20497,0
/Applications/XAMPP/xamppfiles/htdocs/cmu_aiot/leaf workshop/potato_dataset/Potato___Late_blight/bf07f2b7-6ab3-4192-a418-ecabc32a11fe___RS_LB 2576.JPG,potato,Potato___Late_blight,Potato___Late_blight,bf07f2b7-6ab3-4192-a418-ecabc32a11fe___RS_LB 2576.JPG,15474,1
/Applications/XAMPP/xamppfiles/htdocs/cmu_aiot/leaf workshop/potato_dataset/Potato___Late_blight/e26ad557-11c8-44fd-aad1-dea51c613742___RS_LB 5115.JPG,potato,Potato___Late_blight,Potato___Late_blight,e26ad557-11c8-44fd-aad1-dea51c613742___RS_LB 5115.JPG,15174,1
/Applications/XAMPP/xamppfiles/htdocs/cmu_aiot/leaf workshop/potato_dataset/Potato___healthy/Potato_healthy-125-_0_50.jpg,potato,Potato___healthy,Potato___healthy,Potato_healthy-125-_0_50.jpg,16654,2
/Applications/XAMPP/xamppfiles/htdocs/cmu_aiot/leaf workshop/potato_dataset/Potato___Early_blight/f15637d3-829d-46f9-b45e-1e1768d6b8c9___RS_Early.B 7635.JPG,potato,Potato___Early_blight,Potato___Early_blight,f15637d3-829d-46f9-b45e-1e1768d6b8c9___RS_Early.B 7635.JPG,19114,0
/Applications/XAMPP/xamppfiles/htdocs/cmu_aiot/leaf workshop/potato_dataset/Potato___healthy/Potato_healthy-78-_0_547.jpg,potato,Potato___healthy,Potato___healthy,Potato_healthy-78-_0_547.jpg,15512,2
/Applications/XAMPP/xamppfiles/htdocs/cmu_aiot/leaf workshop/potato_dataset/Potato___Late_blight/c101232e-6487-495c-ad3a-27cd1e5fb2b9___RS_LB 2573.JPG,potato,Potato___Late_blight,Potato___Late_blight,c101232e-6487-495c-ad3a-27cd1e5fb2b9___RS_LB 2573.JPG,18653,1
/Applications/XAMPP/xamppfiles/htdocs/cmu_aiot/leaf workshop/potato_dataset/Potato___healthy/Potato_healthy-126-_0_2490.jpg,potato,Potato___healthy,Potato___healthy,Potato_healthy-126-_0_2490.jpg,19445,2
/Applications/XAMPP/xamppfiles/htdocs/cmu_aiot/leaf workshop/potato_dataset/Potato___Early_blight/fbc7567e-ce08-4ad0-b8fe-ffd98296ce02___RS_Early.B 8607.JPG,potato,Potato___Early_blight,Potato___Early_blight,fbc7567e-ce08-4ad0-b8fe-ffd98296ce02___RS_Early.B 8607.JPG,19588,0
/Applications/XAMPP/xamppfiles/htdocs/cmu_aiot/leaf workshop/potato_dataset/Potato___Late_blight/e0a559bf-6345-4c5a-8b42-5545b52a2f1b___RS_LB 5456.JPG,potato,Potato___Late_blight,Potato___Late_blight,e0a559bf-6345-4c5a-8b42-5545b52a2f1b___RS_LB 5456.JPG,17070,1
/Applications/XAMPP/xamppfiles/htdocs/cmu_aiot/leaf workshop/potato_dataset/Potato___healthy/Potato_healthy-136-_0_8591.jpg,potato,Potato___healthy,Potato___healthy,Potato_healthy-136-_0_8591.jpg,15323,2
/Applications/XAMPP/xamppfiles/htdocs/cmu_aiot/leaf workshop/potato_dataset/Potato___Early_blight/fa8656fd-03b1-467c-a877-99ce5632d580___RS_Early.B 7630.JPG,potato,Potato___Early_blight,Potato___Early_blight,fa8656fd-03b1-467c-a877-99ce5632d580___RS_Early.B 7630.JPG,21009,0
/Applications/XAMPP/xamppfiles/htdocs/cmu_aiot/leaf workshop/potato_dataset/Potato___healthy/Potato_healthy-150-_0_988.jpg,potato,Potato___healthy,Potato___healthy,Potato_healthy-150-_0_988.jpg,17880,2
/Applications/XAMPP/xamppfiles/htdocs/cmu_aiot/leaf workshop/potato_dataset/Potato___Early_blight/ca1bc7af-3220-4b45-b76d-8f950128c489___RS_Early.B 7266.JPG,potato,Potato___Early_blight,Potato___Early_blight,ca1bc7af-3220-4b45-b76d-8f950128c489___RS_Early.B 7266.JPG,19719,0
/Applications/XAMPP/xamppfiles/htdocs/cmu_aiot/leaf workshop/potato_dataset/Potato___healthy/Potato_healthy-110-_0_7682.jpg,potato,Potato___healthy,Potato___healthy,Potato_healthy-110-_0_7682.jpg,18792,2
/Applications/XAMPP/xamppfiles/htdocs/cmu_aiot/leaf workshop/potato_dataset/Potato___healthy/Potato_healthy-89-_0_8074.jpg,potato,Potato___healthy,Potato___healthy,Potato_healthy-89-_0_8074.jpg,17282,2
/Applications/XAMPP/xamppfiles/htdocs/cmu_aiot/leaf workshop/potato_dataset/Potato___Early_blight/bac19c19-ab8b-466a-a317-56c1f35fb082___RS_Early.B 7141.JPG,potato,Potato___Early_blight,Potato___Early_blight,bac19c19-ab8b-466a-a317-56c1f35fb082___RS_Early.B 7141.JPG,17673,0
/Applications/XAMPP/xamppfiles/htdocs/cmu_aiot/leaf workshop/potato_dataset/Potato___Late_blight/bb19c5f3-2937-4c87-b964-d922088f4b19___RS_LB 4950.JPG,potato,Potato___Late_blight,Potato___Late_blight,bb19c5f3-2937-4c87-b964-d922088f4b19___RS_LB 4950.JPG,17195,1
/Applications/XAMPP/xamppfiles/htdocs/cmu_aiot/leaf workshop/potato_dataset/Potato___Late_blight/c84a1cfc-5e19-46df-a315-c7fb6a61e60f___RS_LB 4103.JPG,potato,Potato___Late_blight,Potato___Late_blight,c84a1cfc-5e19-46df-a315-c7fb6a61e60f___RS_LB 4103.JPG,17219,1
/Applications/XAMPP/xamppfiles/htdocs/cmu_aiot/leaf workshop/potato_dataset/Potato___Late_blight/c58de13c-b59d-4497-ae5a-08b425919b64___RS_LB 3116.JPG,potato,Potato___Late_blight,Potato___Late_blight,c58de13c-b59d-4497-ae5a-08b425919b64___RS_LB 3116.JPG,18563,1
/Applications/XAMPP/xamppfiles/htdocs/cmu_aiot/leaf workshop/potato_dataset/Potato___Late_blight/ce38cb15-70c8-4203-adbb-db648eb87554___RS_LB 4107.JPG,potato,Potato___Late_blight,Potato___Late_blight,ce38cb15-70c8-4203-adbb-db648eb87554___RS_LB 4107.JPG,14701,1
/Applications/XAMPP/xamppfiles/htdocs/cmu_aiot/leaf workshop/potato_dataset/Potato___Late_blight/f9bd5093-1f62-4d00-bb66-7f65ce5c412b___RS_LB 2854.JPG,potato,Potato___Late_blight,Potato___Late_blight,f9bd5093-1f62-4d00-bb66-7f65ce5c412b___RS_LB 2854.JPG,14732,1
/Applications/XAMPP/xamppfiles/htdocs/cmu_aiot/leaf workshop/potato_dataset/Potato___Late_blight/e0a085c0-20e4-4e36-87db-49f0b58fa349___RS_LB 4324.JPG,potato,Potato___Late_blight,Potato___Late_blight,e0a085c0-20e4-4e36-87db-49f0b58fa349___RS_LB 4324.JPG,22999,1
/Applications/XAMPP/xamppfiles/htdocs/cmu_aiot/leaf workshop/potato_dataset/Potato___healthy/Potato_healthy-122-_0_4305.jpg,potato,Potato___healthy,Potato___healthy,Potato_healthy-122-_0_4305.jpg,17393,2
/Applications/XAMPP/xamppfiles/htdocs/cmu_aiot/leaf workshop/potato_dataset/Potato___Early_blight/d5c51ec6-506e-4b85-b774-66f6a5493c90___RS_Early.B 7071.JPG,potato,Potato___Early_blight,Potato___Early_blight,d5c51ec6-506e-4b85-b774-66f6a5493c90___RS_Early.B 7071.JPG,20938,0
/Applications/XAMPP/xamppfiles/htdocs/cmu_aiot/leaf workshop/potato_dataset/Potato___Early_blight/cac99520-3403-4602-961d-3a668bb980fb___RS_Early.B 7388.JPG,potato,Potato___Early_blight,Potato___Early_blight,cac99520-3403-4602-961d-3a668bb980fb___RS_Early.B 7388.JPG,19753,0
/Applications/XAMPP/xamppfiles/htdocs/cmu_aiot/leaf workshop/potato_dataset/Potato___Early_blight/f8b57e69-5902-4253-8404-11811ecf13e8___RS_Early.B 6995.JPG,potato,Potato___Early_blight,Potato___Early_blight,f8b57e69-5902-4253-8404-11811ecf13e8___RS_Early.B 6995.JPG,20120,0
/Applications/XAMPP/xamppfiles/htdocs/cmu_aiot/leaf workshop/potato_dataset/Potato___Late_blight/cf2e3e15-2284-474a-a36a-b102aa7d50cc___RS_LB 4760.JPG,potato,Potato___Late_blight,Potato___Late_blight,cf2e3e15-2284-474a-a36a-b102aa7d50cc___RS_LB 4760.JPG,14216,1
/Applications/XAMPP/xamppfiles/htdocs/cmu_aiot/leaf workshop/potato_dataset/Potato___Late_blight/ebd47dca-590b-43c4-812d-32f95b776690___RS_LB 3834.JPG,potato,Potato___Late_blight,Potato___Late_blight,ebd47dca-590b-43c4-812d-32f95b776690___RS_LB 3834.JPG,9451,1
/Applications/XAMPP/xamppfiles/htdocs/cmu_aiot/leaf workshop/potato_dataset/Potato___healthy/Potato_healthy-135-_0_5298.jpg,potato,Potato___healthy,Potato___healthy,Potato_healthy-135-_0_5298.jpg,15747,2
/Applications/XAMPP/xamppfiles/htdocs/cmu_aiot/leaf workshop/potato_dataset/Potato___Early_blight/c4ec31de-5466-49c0-b034-84a825327e0b___RS_Early.B 8062.JPG,potato,Potato___Early_blight,Potato___Early_blight,c4ec31de-5466-49c0-b034-84a825327e0b___RS_Early.B 8062.JPG,20914,0
/Applications/XAMPP/xamppfiles/htdocs/cmu_aiot/leaf workshop/potato_dataset/Potato___Early_blight/e11d63b8-93fa-41ba-b826-99811ee4c232___RS_Early.B 7387.JPG,potato,Potato___Early_blight,Potato___Early_blight,e11d63b8-93fa-41ba-b826-99811ee4c232___RS_Early.B 7387.JPG,18113,0
/Applications/XAMPP/xamppfiles/htdocs/cmu_aiot/leaf workshop/potato_dataset/Potato___Early_blight/c4dd703b-1d4c-4e4c-8064-0e1d743c47ae___RS_Early.B 7050.JPG,potato,Potato___Early_blight,Potato___Early_blight,c4dd703b-1d4c-4e4c-8064-0e1d743c47ae___RS_Early.B 7050.JPG,18642,0
/Applications/XAMPP/xamppfiles/htdocs/cmu_aiot/leaf workshop/potato_dataset/Potato___Late_blight/d7fdf2fa-8a55-4ff5-86a2-ca73c5883e93___RS_LB 4665.JPG,potato,Potato___Late_blight,Potato___Late_blight,d7fdf2fa-8a55-4ff5-86a2-ca73c5883e93___RS_LB 4665.JPG,16378,1
/Applications/XAMPP/xamppfiles/htdocs/cmu_aiot/leaf workshop/potato_dataset/Potato___Late_blight/d99f0d05-6ee3-440c-9dc6-48f7ba2bfc24___RS_LB 2654.JPG,potato,Potato___Late_blight,Potato___Late_blight,d99f0d05-6ee3-440c-9dc6-48f7ba2bfc24___RS_LB 2654.JPG,20182,1
/Applications/XAMPP/xamppfiles/htdocs/cmu_aiot/leaf workshop/potato_dataset/Potato___Late_blight/c6c8843f-6b36-472a-9a87-bf1a235e08b6___RS_LB 5136.JPG,potato,Potato___Late_blight,Potato___Late_blight,c6c8843f-6b36-472a-9a87-bf1a235e08b6___RS_LB 5136.JPG,16063,1
/Applications/XAMPP/xamppfiles/htdocs/cmu_aiot/leaf workshop/potato_dataset/Potato___Late_blight/c5ff46d5-8f49-409f-b3c1-9a1a25418f47___RS_LB 2596.JPG,potato,Potato___Late_blight,Potato___Late_blight,c5ff46d5-8f49-409f-b3c1-9a1a25418f47___RS_LB 2596.JPG,14813,1
/Applications/XAMPP/xamppfiles/htdocs/cmu_aiot/leaf workshop/potato_dataset/Potato___healthy/Potato_healthy-104-_0_1763.jpg,potato,Potato___healthy,Potato___healthy,Potato_healthy-104-_0_1763.jpg,14770,2
/Applications/XAMPP/xamppfiles/htdocs/cmu_aiot/leaf workshop/potato_dataset/Potato___healthy/Potato_healthy-121-_0_2679.jpg,potato,Potato___healthy,Potato___healthy,Potato_healthy-121-_0_2679.jpg,17422,2
/Applications/XAMPP/xamppfiles/htdocs/cmu_aiot/leaf workshop/potato_dataset/Potato___Early_blight/de1ff62e-87aa-420a-9eeb-cb0e3475e84d___RS_Early.B 6918.JPG,potato,Potato___Early_blight,Potato___Early_blight,de1ff62e-87aa-420a-9eeb-cb0e3475e84d___RS_Early.B 6918.JPG,20108,0
/Applications/XAMPP/xamppfiles/htdocs/cmu_aiot/leaf workshop/potato_dataset/Potato___healthy/Potato_healthy-96-_0_4579.jpg,potato,Potato___healthy,Potato___healthy,Potato_healthy-96-_0_4579.jpg,14814,2
/Applications/XAMPP/xamppfiles/htdocs/cmu_aiot/leaf workshop/potato_dataset/Potato___healthy/Potato_healthy-108-_0_3557.jpg,potato,Potato___healthy,Potato___healthy,Potato_healthy-108-_0_3557.jpg,14675,2
/Applications/XAMPP/xamppfiles/htdocs/cmu_aiot/leaf workshop/potato_dataset/Potato___Early_blight/fdf3c33c-dad6-4f13-bd58-a31d327d9cb9___RS_Early.B 8947.JPG,potato,Potato___Early_blight,Potato___Early_blight,fdf3c33c-dad6-4f13-bd58-a31d327d9cb9___RS_Early.B 8947.JPG,21288,0
/Applications/XAMPP/xamppfiles/htdocs/cmu_aiot/leaf workshop/potato_dataset/Potato___healthy/Potato_healthy-105-_0_1247.jpg,potato,Potato___healthy,Potato___healthy,Potato_healthy-105-_0_1247.jpg,14444,2
/Applications/XAMPP/xamppfiles/htdocs/cmu_aiot/leaf workshop/potato_dataset/Potato___Late_blight/cd04dd6c-fe7b-4587-ae2e-69228969d9d6___RS_LB 4824.JPG,potato,Potato___Late_blight,Potato___Late_blight,cd04dd6c-fe7b-4587-ae2e-69228969d9d6___RS_LB 4824.JPG,21384,1
/Applications/XAMPP/xamppfiles/htdocs/cmu_aiot/leaf workshop/potato_dataset/Potato___Late_blight/d105e6d5-4268-4b21-8709-24b894196454___RS_LB 3282.JPG,potato,Potato___Late_blight,Potato___Late_blight,d105e6d5-4268-4b21-8709-24b894196454___RS_LB 3282.JPG,18563,1
/Applications/XAMPP/xamppfiles/htdocs/cmu_aiot/leaf workshop/potato_dataset/Potato___Early_blight/d5673be4-4d62-4287-b9a4-3653b88d1604___RS_Early.B 8304.JPG,potato,Potato___Early_blight,Potato___Early_blight,d5673be4-4d62-4287-b9a4-3653b88d1604___RS_Early.B 8304.JPG,19497,0
/Applications/XAMPP/xamppfiles/htdocs/cmu_aiot/leaf workshop/potato_dataset/Potato___healthy/Potato_healthy-90-_0_463.jpg,potato,Potato___healthy,Potato___healthy,Potato_healthy-90-_0_463.jpg,14790,2
/Applications/XAMPP/xamppfiles/htdocs/cmu_aiot/leaf workshop/potato_dataset/Potato___healthy/Potato_healthy-96-_0_9666.jpg,potato,Potato___healthy,Potato___healthy,Potato_healthy-96-_0_9666.jpg,14537,2
/Applications/XAMPP/xamppfiles/htdocs/cmu_aiot/leaf workshop/potato_dataset/Potato___Early_blight/d44a363d-c186-416e-8fad-1a456699bba2___RS_Early.B 7229.JPG,potato,Potato___Early_blight,Potato___Early_blight,d44a363d-c186-416e-8fad-1a456699bba2___RS_Early.B 7229.JPG,20169,0
/Applications/XAMPP/xamppfiles/htdocs/cmu_aiot/leaf workshop/potato_dataset/Potato___healthy/Potato_healthy-115-_0_5870.jpg,potato,Potato___healthy,Potato___healthy,Potato_healthy-115-_0_5870.jpg,17171,2
/Applications/XAMPP/xamppfiles/htdocs/cmu_aiot/leaf workshop/potato_dataset/Potato___healthy/Potato_healthy-81-_0_90.jpg,potato,Potato___healthy,Potato___healthy,Potato_healthy-81-_0_90.jpg,17086,2
/Applications/XAMPP/xamppfiles/htdocs/cmu_aiot/leaf workshop/potato_dataset/Potato___Late_blight/f5ad9b49-ea3a-46c0-8a54-d4e0aa76eda4___RS_LB 4379.JPG,potato,Potato___Late_blight,Potato___Late_blight,f5ad9b49-ea3a-46c0-8a54-d4e0aa76eda4___RS_LB 4379.JPG,13679,1
/Applications/XAMPP/xamppfiles/htdocs/cmu_aiot/leaf workshop/potato_dataset/Potato___Late_blight/cf336796-9b96-4156-adc4-6fbeaebf2a6a___RS_LB 3207.JPG,potato,Potato___Late_blight,Potato___Late_blight,cf336796-9b96-4156-adc4-6fbeaebf2a6a___RS_LB 3207.JPG,19290,1
/Applications/XAMPP/xamppfiles/htdocs/cmu_aiot/leaf workshop/potato_dataset/Potato___Early_blight/f89d5362-f38f-4acf-8fca-2ea154c07cce___RS_Early.B 7018.JPG,potato,Potato___Early_blight,Potato___Early_blight,f89d5362-f38f-4acf-8fca-2ea154c07cce___RS_Early.B 7018.JPG,18717,0
/Applications/XAMPP/xamppfiles/htdocs/cmu_aiot/leaf workshop/potato_dataset/Potato___healthy/Potato_healthy-88-_0_4742.jpg,potato,Potato___healthy,Potato___healthy,Potato_healthy-88-_0_4742.jpg,15380,2
/Applications/XAMPP/xamppfiles/htdocs/cmu_aiot/leaf workshop/potato_dataset/Potato___healthy/Potato_healthy-114-_0_1555.jpg,potato,Potato___healthy,Potato___healthy,Potato_healthy-114-_0_1555.jpg,14015,2
/Applications/XAMPP/xamppfiles/htdocs/cmu_aiot/leaf workshop/potato_dataset/Potato___Early_blight/f0cdbf74-8401-48d1-b1cc-94862e1a4452___RS_Early.B 7447.JPG,potato,Potato___Early_blight,Potato___Early_blight,f0cdbf74-8401-48d1-b1cc-94862e1a4452___RS_Early.B 7447.JPG,18263,0
/Applications/XAMPP/xamppfiles/htdocs/cmu_aiot/leaf workshop/potato_dataset/Potato___Late_blight/dac53cd2-477e-4f7b-a59d-bb9018eec686___RS_LB 2879.JPG,potato,Potato___Late_blight,Potato___Late_blight,dac53cd2-477e-4f7b-a59d-bb9018eec686___RS_LB 2879.JPG,16370,1
/Applications/XAMPP/xamppfiles/htdocs/cmu_aiot/leaf workshop/potato_dataset/Potato___healthy/Potato_healthy-84-_0_2807.jpg,potato,Potato___healthy,Potato___healthy,Potato_healthy-84-_0_2807.jpg,16438,2
/Applications/XAMPP/xamppfiles/htdocs/cmu_aiot/leaf workshop/potato_dataset/Potato___Late_blight/ba15e1af-3f3a-4eef-8be1-4f0a221444fd___RS_LB 2866.JPG,potato,Potato___Late_blight,Potato___Late_blight,ba15e1af-3f3a-4eef-8be1-4f0a221444fd___RS_LB 2866.JPG,15120,1
/Applications/XAMPP/xamppfiles/htdocs/cmu_aiot/leaf workshop/potato_dataset/Potato___Early_blight/b8803558-9e0f-404e-80b3-c78d0bc7f6d0___RS_Early.B 7548.JPG,potato,Potato___Early_blight,Potato___Early_blight,b8803558-9e0f-404e-80b3-c78d0bc7f6d0___RS_Early.B 7548.JPG,19308,0
/Applications/XAMPP/xamppfiles/htdocs/cmu_aiot/leaf workshop/potato_dataset/Potato___healthy/Potato_healthy-105-_0_2465.jpg,potato,Potato___healthy,Potato___healthy,Potato_healthy-105-_0_2465.jpg,13923,2
/Applications/XAMPP/xamppfiles/htdocs/cmu_aiot/leaf workshop/potato_dataset/Potato___Early_blight/bea108c2-bdf1-484d-807c-fa9431f4dc95___RS_Early.B 7265.JPG,potato,Potato___Early_blight,Potato___Early_blight,bea108c2-bdf1-484d-807c-fa9431f4dc95___RS_Early.B 7265.JPG,18193,0
/Applications/XAMPP/xamppfiles/htdocs/cmu_aiot/leaf workshop/potato_dataset/Potato___Late_blight/e4a264b9-fbae-4f38-86ce-d0a7d70e92e1___RS_LB 5211.JPG,potato,Potato___Late_blight,Potato___Late_blight,e4a264b9-fbae-4f38-86ce-d0a7d70e92e1___RS_LB 5211.JPG,14387,1
/Applications/XAMPP/xamppfiles/htdocs/cmu_aiot/leaf workshop/potato_dataset/Potato___Late_blight/ca14c4bc-c9a5-4294-835e-6c3b81e61496___RS_LB 3080.JPG,potato,Potato___Late_blight,Potato___Late_blight,ca14c4bc-c9a5-4294-835e-6c3b81e61496___RS_LB 3080.JPG,15618,1
/Applications/XAMPP/xamppfiles/htdocs/cmu_aiot/leaf workshop/potato_dataset/Potato___healthy/Potato_healthy-96-_0_8573.jpg,potato,Potato___healthy,Potato___healthy,Potato_healthy-96-_0_8573.jpg,14774,2
/Applications/XAMPP/xamppfiles/htdocs/cmu_aiot/leaf workshop/potato_dataset/Potato___healthy/Potato_healthy-80-_0_623.jpg,potato,Potato___healthy,Potato___healthy,Potato_healthy-80-_0_623.jpg,18322,2
/Applications/XAMPP/xamppfiles/htdocs/cmu_aiot/leaf workshop/potato_dataset/Potato___Early_blight/c8dedd98-c5d7-4ef4-b4f4-70d0bae0e178___RS_Early.B 7128.JPG,potato,Potato___Early_blight,Potato___Early_blight,c8dedd98-c5d7-4ef4-b4f4-70d0bae0e178___RS_Early.B 7128.JPG,20671,0
/Applications/XAMPP/xamppfiles/htdocs/cmu_aiot/leaf workshop/potato_dataset/Potato___healthy/Potato_healthy-114-_0_8110.jpg,potato,Potato___healthy,Potato___healthy,Potato_healthy-114-_0_8110.jpg,14437,2
/Applications/XAMPP/xamppfiles/htdocs/cmu_aiot/leaf workshop/potato_dataset/Potato___healthy/Potato_healthy-108-_0_9925.jpg,potato,Potato___healthy,Potato___healthy,Potato_healthy-108-_0_9925.jpg,15135,2
/Applications/XAMPP/xamppfiles/htdocs/cmu_aiot/leaf workshop/potato_dataset/Potato___Early_blight/c5b121ff-fc3c-406a-8127-2a7e413a0903___RS_Early.B 9006.JPG,potato,Potato___Early_blight,Potato___Early_blight,c5b121ff-fc3c-406a-8127-2a7e413a0903___RS_Early.B 9006.JPG,23274,0
/Applications/XAMPP/xamppfiles/htdocs/cmu_aiot/leaf workshop/potato_dataset/Potato___Late_blight/c4aec622-2e7b-49f6-bab3-6c4dce29f155___RS_LB 3118.JPG,potato,Potato___Late_blight,Potato___Late_blight,c4aec622-2e7b-49f6-bab3-6c4dce29f155___RS_LB 3118.JPG,17499,1
/Applications/XAMPP/xamppfiles/htdocs/cmu_aiot/leaf workshop/potato_dataset/Potato___Early_blight/e786a4fe-5aa1-4da2-a16f-4ee82c56e317___RS_Early.B 7245.JPG,potato,Potato___Early_blight,Potato___Early_blight,e786a4fe-5aa1-4da2-a16f-4ee82c56e317___RS_Early.B 7245.JPG,18664,0
/Applications/XAMPP/xamppfiles/htdocs/cmu_aiot/leaf workshop/potato_dataset/Potato___Early_blight/f56f07b9-9f3a-4c80-a4f8-daf49f479db2___RS_Early.B 8741.JPG,potato,Potato___Early_blight,Potato___Early_blight,f56f07b9-9f3a-4c80-a4f8-daf49f479db2___RS_Early.B 8741.JPG,17202,0
/Applications/XAMPP/xamppfiles/htdocs/cmu_aiot/leaf workshop/potato_dataset/Potato___Early_blight/f48fc3b4-b7e7-4ad5-a651-0bf61a5173ff___RS_Early.B 8597.JPG,potato,Potato___Early_blight,Potato___Early_blight,f48fc3b4-b7e7-4ad5-a651-0bf61a5173ff___RS_Early.B 8597.JPG,18660,0
/Applications/XAMPP/xamppfiles/htdocs/cmu_aiot/leaf workshop/potato_dataset/Potato___healthy/Potato_healthy-130-_0_4327.jpg,potato,Potato___healthy,Potato___healthy,Potato_healthy-130-_0_4327.jpg,16002,2
/Applications/XAMPP/xamppfiles/htdocs/cmu_aiot/leaf workshop/potato_dataset/Potato___healthy/Potato_healthy-142-_0_8891.jpg,potato,Potato___healthy,Potato___healthy,Potato_healthy-142-_0_8891.jpg,14968,2
/Applications/XAMPP/xamppfiles/htdocs/cmu_aiot/leaf workshop/potato_dataset/Potato___Early_blight/f9580dc3-d5d9-4990-a64d-3974a9d1c687___RS_Early.B 8755.JPG,potato,Potato___Early_blight,Potato___Early_blight,f9580dc3-d5d9-4990-a64d-3974a9d1c687___RS_Early.B 8755.JPG,16600,0
/Applications/XAMPP/xamppfiles/htdocs/cmu_aiot/leaf workshop/potato_dataset/Potato___Early_blight/d829c0d8-016e-4337-b80f-bb1f329b1d4d___RS_Early.B 8797.JPG,potato,Potato___Early_blight,Potato___Early_blight,d829c0d8-016e-4337-b80f-bb1f329b1d4d___RS_Early.B 8797.JPG,19419,0
/Applications/XAMPP/xamppfiles/htdocs/cmu_aiot/leaf workshop/potato_dataset/Potato___Early_blight/c630212c-205f-469d-bb8d-9a143f65ab03___RS_Early.B 9000.JPG,potato,Potato___Early_blight,Potato___Early_blight,c630212c-205f-469d-bb8d-9a143f65ab03___RS_Early.B 9000.JPG,19222,0
/Applications/XAMPP/xamppfiles/htdocs/cmu_aiot/leaf workshop/potato_dataset/Potato___healthy/Potato_healthy-88-_0_5017.jpg,potato,Potato___healthy,Potato___healthy,Potato_healthy-88-_0_5017.jpg,14515,2
/Applications/XAMPP/xamppfiles/htdocs/cmu_aiot/leaf workshop/potato_dataset/Potato___healthy/Potato_healthy-87-_0_9861.jpg,potato,Potato___healthy,Potato___healthy,Potato_healthy-87-_0_9861.jpg,13003,2
/Applications/XAMPP/xamppfiles/htdocs/cmu_aiot/leaf workshop/potato_dataset/Potato___Late_blight/c073bdde-9753-4035-8758-31fdc7cae993___RS_LB 2916.JPG,potato,Potato___Late_blight,Potato___Late_blight,c073bdde-9753-4035-8758-31fdc7cae993___RS_LB 2916.JPG,14904,1
/Applications/XAMPP/xamppfiles/htdocs/cmu_aiot/leaf workshop/potato_dataset/Potato___healthy/Potato_healthy-86-_0_8881.jpg,potato,Potato___healthy,Potato___healthy,Potato_healthy-86-_0_8881.jpg,15051,2
/Applications/XAMPP/xamppfiles/htdocs/cmu_aiot/leaf workshop/potato_dataset/Potato___Late_blight/bc53f0fd-df00-42c6-ad50-aef25d2c6f7a___RS_LB 2954.JPG,potato,Potato___Late_blight,Potato___Late_blight,bc53f0fd-df00-42c6-ad50-aef25d2c6f7a___RS_LB 2954.JPG,15184,1
/Applications/XAMPP/xamppfiles/htdocs/cmu_aiot/leaf workshop/potato_dataset/Potato___Early_blight/fbc1b154-7b53-4ac5-ad3a-5e9e5078a289___RS_Early.B 7551.JPG,potato,Potato___Early_blight,Potato___Early_blight,fbc1b154-7b53-4ac5-ad3a-5e9e5078a289___RS_Early.B 7551.JPG,20383,0
/Applications/XAMPP/xamppfiles/htdocs/cmu_aiot/leaf workshop/potato_dataset/Potato___Early_blight/e8db5472-3858-478a-b1ae-9198329a49a5___RS_Early.B 7528.JPG,potato,Potato___Early_blight,Potato___Early_blight,e8db5472-3858-478a-b1ae-9198329a49a5___RS_Early.B 7528.JPG,20461,0
/Applications/XAMPP/xamppfiles/htdocs/cmu_aiot/leaf workshop/potato_dataset/Potato___Early_blight/c03a3f69-00b7-4aa5-a49f-794416af0598___RS_Early.B 8112.JPG,potato,Potato___Early_blight,Potato___Early_blight,c03a3f69-00b7-4aa5-a49f-794416af0598___RS_Early.B 8112.JPG,20418,0
/Applications/XAMPP/xamppfiles/htdocs/cmu_aiot/leaf workshop/potato_dataset/Potato___healthy/Potato_healthy-128-_0_4595.jpg,potato,Potato___healthy,Potato___healthy,Potato_healthy-128-_0_4595.jpg,14177,2
/Applications/XAMPP/xamppfiles/htdocs/cmu_aiot/leaf workshop/potato_dataset/Potato___Early_blight/f536e055-666e-41cc-8ee2-c1af2fbf754a___RS_Early.B 8104.JPG,potato,Potato___Early_blight,Potato___Early_blight,f536e055-666e-41cc-8ee2-c1af2fbf754a___RS_Early.B 8104.JPG,22822,0
/Applications/XAMPP/xamppfiles/htdocs/cmu_aiot/leaf workshop/potato_dataset/Potato___Late_blight/b41284a3-27e9-4f0c-8946-4deb0b8fc238___RS_LB 2839.JPG,potato,Potato___Late_blight,Potato___Late_blight,b41284a3-27e9-4f0c-8946-4deb0b8fc238___RS_LB 2839.JPG,15800,1
/Applications/XAMPP/xamppfiles/htdocs/cmu_aiot/leaf workshop/potato_dataset/Potato___Early_blight/fdc691b0-2b15-4cb6-8f5d-c4e5654389e0___RS_Early.B 7935.JPG,potato,Potato___Early_blight,Potato___Early_blight,fdc691b0-2b15-4cb6-8f5d-c4e5654389e0___RS_Early.B 7935.JPG,18506,0
/Applications/XAMPP/xamppfiles/htdocs/cmu_aiot/leaf workshop/potato_dataset/Potato___Early_blight/d0fc4557-34a0-4324-8b2c-865853e0face___RS_Early.B 6912.JPG,potato,Potato___Early_blight,Potato___Early_blight,d0fc4557-34a0-4324-8b2c-865853e0face___RS_Early.B 6912.JPG,21534,0
/Applications/XAMPP/xamppfiles/htdocs/cmu_aiot/leaf workshop/potato_dataset/Potato___Late_blight/f07f6548-70d6-4f8c-81e6-d8193c19061b___RS_LB 4984.JPG,potato,Potato___Late_blight,Potato___Late_blight,f07f6548-70d6-4f8c-81e6-d8193c19061b___RS_LB 4984.JPG,19153,1
/Applications/XAMPP/xamppfiles/htdocs/cmu_aiot/leaf workshop/potato_dataset/Potato___Late_blight/d994fd7e-a338-42c5-ac37-ede01c18999e___RS_LB 5134.JPG,potato,Potato___Late_blight,Potato___Late_blight,d994fd7e-a338-42c5-ac37-ede01c18999e___RS_LB 5134.JPG,16688,1
/Applications/XAMPP/xamppfiles/htdocs/cmu_aiot/leaf workshop/potato_dataset/Potato___healthy/Potato_healthy-105-_0_135.jpg,potato,Potato___healthy,Potato___healthy,Potato_healthy-105-_0_135.jpg,14395,2
/Applications/XAMPP/xamppfiles/htdocs/cmu_aiot/leaf workshop/potato_dataset/Potato___Late_blight/d78c58b2-c9d1-43f2-8b18-4455855c0f1f___RS_LB 3288.JPG,potato,Potato___Late_blight,Potato___Late_blight,d78c58b2-c9d1-43f2-8b18-4455855c0f1f___RS_LB 3288.JPG,18376,1
/Applications/XAMPP/xamppfiles/htdocs/cmu_aiot/leaf workshop/potato_dataset/Potato___healthy/Potato_healthy-95-_0_8785.jpg,potato,Potato___healthy,Potato___healthy,Potato_healthy-95-_0_8785.jpg,16134,2
/Applications/XAMPP/xamppfiles/htdocs/cmu_aiot/leaf workshop/potato_dataset/Potato___Late_blight/fc9b06c8-7c63-445d-9858-a5a0c7be719b___RS_LB 3273.JPG,potato,Potato___Late_blight,Potato___Late_blight,fc9b06c8-7c63-445d-9858-a5a0c7be719b___RS_LB 3273.JPG,15438,1
/Applications/XAMPP/xamppfiles/htdocs/cmu_aiot/leaf workshop/potato_dataset/Potato___healthy/Potato_healthy-76-_0_6833.jpg,potato,Potato___healthy,Potato___healthy,Potato_healthy-76-_0_6833.jpg,15249,2
/Applications/XAMPP/xamppfiles/htdocs/cmu_aiot/leaf workshop/potato_dataset/Potato___healthy/Potato_healthy-79-_0_9790.jpg,potato,Potato___healthy,Potato___healthy,Potato_healthy-79-_0_9790.jpg,15647,2
/Applications/XAMPP/xamppfiles/htdocs/cmu_aiot/leaf workshop/potato_dataset/Potato___healthy/Potato_healthy-139-_0_5401.jpg,potato,Potato___healthy,Potato___healthy,Potato_healthy-139-_0_5401.jpg,12613,2
/Applications/XAMPP/xamppfiles/htdocs/cmu_aiot/leaf workshop/potato_dataset/Potato___healthy/Potato_healthy-131-_0_685.jpg,potato,Potato___healthy,Potato___healthy,Potato_healthy-131-_0_685.jpg,15796,2
/Applications/XAMPP/xamppfiles/htdocs/cmu_aiot/leaf workshop/potato_dataset/Potato___Late_blight/dbad8fb5-90a0-4bcc-902e-7b7b632d0233___RS_LB 4036.JPG,potato,Potato___Late_blight,Potato___Late_blight,dbad8fb5-90a0-4bcc-902e-7b7b632d0233___RS_LB 4036.JPG,12358,1
/Applications/XAMPP/xamppfiles/htdocs/cmu_aiot/leaf workshop/potato_dataset/Potato___Late_blight/f5cf6151-96d1-49bb-af1b-fa6026d749e8___RS_LB 4048.JPG,potato,Potato___Late_blight,Potato___Late_blight,f5cf6151-96d1-49bb-af1b-fa6026d749e8___RS_LB 4048.JPG,12637,1
/Applications/XAMPP/xamppfiles/htdocs/cmu_aiot/leaf workshop/potato_dataset/Potato___Late_blight/d3cbf715-a2a3-4024-ac5d-c6ae21a77720___RS_LB 2735.JPG,potato,Potato___Late_blight,Potato___Late_blight,d3cbf715-a2a3-4024-ac5d-c6ae21a77720___RS_LB 2735.JPG,20498,1
/Applications/XAMPP/xamppfiles/htdocs/cmu_aiot/leaf workshop/potato_dataset/Potato___Late_blight/d8580222-d6c2-4519-94f2-f59c2d613d8b___RS_LB 4158.JPG,potato,Potato___Late_blight,Potato___Late_blight,d8580222-d6c2-4519-94f2-f59c2d613d8b___RS_LB 4158.JPG,14429,1
/Applications/XAMPP/xamppfiles/htdocs/cmu_aiot/leaf workshop/potato_dataset/Potato___Early_blight/d0719ccc-a4c3-406e-bf73-94115fefde12___RS_Early.B 8569.JPG,potato,Potato___Early_blight,Potato___Early_blight,d0719ccc-a4c3-406e-bf73-94115fefde12___RS_Early.B 8569.JPG,19051,0
/Applications/XAMPP/xamppfiles/htdocs/cmu_aiot/leaf workshop/potato_dataset/Potato___Late_blight/e986907b-6948-4c72-93d3-29cb795cc9a1___RS_LB 3837.JPG,potato,Potato___Late_blight,Potato___Late_blight,e986907b-6948-4c72-93d3-29cb795cc9a1___RS_LB 3837.JPG,10682,1
/Applications/XAMPP/xamppfiles/htdocs/cmu_aiot/leaf workshop/potato_dataset/Potato___healthy/Potato_healthy-133-_0_1971.jpg,potato,Potato___healthy,Potato___healthy,Potato_healthy-133-_0_1971.jpg,14248,2
/Applications/XAMPP/xamppfiles/htdocs/cmu_aiot/leaf workshop/potato_dataset/Potato___Late_blight/dbbd22b5-a565-470a-9e72-2c7d7c26dbe5___RS_LB 4932.JPG,potato,Potato___Late_blight,Potato___Late_blight,dbbd22b5-a565-470a-9e72-2c7d7c26dbe5___RS_LB 4932.JPG,18663,1
/Applications/XAMPP/xamppfiles/htdocs/cmu_aiot/leaf workshop/potato_dataset/Potato___Late_blight/bc91cb1b-aece-4108-92db-839a106351a5___RS_LB 3087.JPG,potato,Potato___Late_blight,Potato___Late_blight,bc91cb1b-aece-4108-92db-839a106351a5___RS_LB 3087.JPG,16197,1
/Applications/XAMPP/xamppfiles/htdocs/cmu_aiot/leaf workshop/potato_dataset/Potato___Late_blight/f14f54ba-3706-4f6e-8152-01226e55c86e___RS_LB 4237.JPG,potato,Potato___Late_blight,Potato___Late_blight,f14f54ba-3706-4f6e-8152-01226e55c86e___RS_LB 4237.JPG,19264,1
/Applications/XAMPP/xamppfiles/htdocs/cmu_aiot/leaf workshop/potato_dataset/Potato___Early_blight/fc73fc01-6a63-4b3b-bfed-74625c5b4b05___RS_Early.B 6945.JPG,potato,Potato___Early_blight,Potato___Early_blight,fc73fc01-6a63-4b3b-bfed-74625c5b4b05___RS_Early.B 6945.JPG,20042,0
/Applications/XAMPP/xamppfiles/htdocs/cmu_aiot/leaf workshop/potato_dataset/Potato___Early_blight/c18f83e1-2144-440f-9603-74fe58c66073___RS_Early.B 7844.JPG,potato,Potato___Early_blight,Potato___Early_blight,c18f83e1-2144-440f-9603-74fe58c66073___RS_Early.B 7844.JPG,19435,0
/Applications/XAMPP/xamppfiles/htdocs/cmu_aiot/leaf workshop/potato_dataset/Potato___Early_blight/c419a9f0-5fb9-4db6-a229-5c08c36896fe___RS_Early.B 8585.JPG,potato,Potato___Early_blight,Potato___Early_blight,c419a9f0-5fb9-4db6-a229-5c08c36896fe___RS_Early.B 8585.JPG,17356,0
/Applications/XAMPP/xamppfiles/htdocs/cmu_aiot/leaf workshop/potato_dataset/Potato___Late_blight/dac19eb9-e4e3-4ca1-8183-268b839901c4___RS_LB 5208.JPG,potato,Potato___Late_blight,Potato___Late_blight,dac19eb9-e4e3-4ca1-8183-268b839901c4___RS_LB 5208.JPG,14870,1
/Applications/XAMPP/xamppfiles/htdocs/cmu_aiot/leaf workshop/potato_dataset/Potato___Early_blight/bb569e8c-4f57-481f-86d9-291ebd67336e___RS_Early.B 7543.JPG,potato,Potato___Early_blight,Potato___Early_blight,bb569e8c-4f57-481f-86d9-291ebd67336e___RS_Early.B 7543.JPG,17828,0
/Applications/XAMPP/xamppfiles/htdocs/cmu_aiot/leaf workshop/potato_dataset/Potato___Late_blight/f27d1c83-25e9-4ab8-8970-3ddfd2a4c6fc___RS_LB 3230.JPG,potato,Potato___Late_blight,Potato___Late_blight,f27d1c83-25e9-4ab8-8970-3ddfd2a4c6fc___RS_LB 3230.JPG,17478,1
/Applications/XAMPP/xamppfiles/htdocs/cmu_aiot/leaf workshop/potato_dataset/Potato___healthy/Potato_healthy-112-_0_3525.jpg,potato,Potato___healthy,Potato___healthy,Potato_healthy-112-_0_3525.jpg,16259,2
/Applications/XAMPP/xamppfiles/htdocs/cmu_aiot/leaf workshop/potato_dataset/Potato___Early_blight/d97f6469-bef9-4276-b918-efb1a1859fb7___RS_Early.B 6958.JPG,potato,Potato___Early_blight,Potato___Early_blight,d97f6469-bef9-4276-b918-efb1a1859fb7___RS_Early.B 6958.JPG,22395,0
/Applications/XAMPP/xamppfiles/htdocs/cmu_aiot/leaf workshop/potato_dataset/Potato___healthy/Potato_healthy-76-_0_2420.jpg,potato,Potato___healthy,Potato___healthy,Potato_healthy-76-_0_2420.jpg,16232,2
/Applications/XAMPP/xamppfiles/htdocs/cmu_aiot/leaf workshop/potato_dataset/Potato___Late_blight/cb4fe901-5ca8-43e9-9a4f-3b9bf34ea364___RS_LB 3943.JPG,potato,Potato___Late_blight,Potato___Late_blight,cb4fe901-5ca8-43e9-9a4f-3b9bf34ea364___RS_LB 3943.JPG,15378,1
/Applications/XAMPP/xamppfiles/htdocs/cmu_aiot/leaf workshop/potato_dataset/Potato___Early_blight/dd875158-7897-4f5d-ada1-46e7e382ea96___RS_Early.B 7912.JPG,potato,Potato___Early_blight,Potato___Early_blight,dd875158-7897-4f5d-ada1-46e7e382ea96___RS_Early.B 7912.JPG,21414,0
/Applications/XAMPP/xamppfiles/htdocs/cmu_aiot/leaf workshop/potato_dataset/Potato___Early_blight/d0be9a48-d0f6-4d34-9c80-3eb7631e2d8d___RS_Early.B 8143.JPG,potato,Potato___Early_blight,Potato___Early_blight,d0be9a48-d0f6-4d34-9c80-3eb7631e2d8d___RS_Early.B 8143.JPG,21669,0
/Applications/XAMPP/xamppfiles/htdocs/cmu_aiot/leaf workshop/potato_dataset/Potato___healthy/Potato_healthy-146-_0_2806.jpg,potato,Potato___healthy,Potato___healthy,Potato_healthy-146-_0_2806.jpg,14170,2
/Applications/XAMPP/xamppfiles/htdocs/cmu_aiot/leaf workshop/potato_dataset/Potato___Early_blight/d87f93fa-f6f8-49f1-b9e1-8f196f377df8___RS_Early.B 7244.JPG,potato,Potato___Early_blight,Potato___Early_blight,d87f93fa-f6f8-49f1-b9e1-8f196f377df8___RS_Early.B 7244.JPG,18384,0
/Applications/XAMPP/xamppfiles/htdocs/cmu_aiot/leaf workshop/potato_dataset/Potato___Early_blight/c9d5a9b6-4e5c-42df-8f9b-5f57e13000df___RS_Early.B 6933.JPG,potato,Potato___Early_blight,Potato___Early_blight,c9d5a9b6-4e5c-42df-8f9b-5f57e13000df___RS_Early.B 6933.JPG,22876,0
/Applications/XAMPP/xamppfiles/htdocs/cmu_aiot/leaf workshop/potato_dataset/Potato___healthy/Potato_healthy-102-_0_1242.jpg,potato,Potato___healthy,Potato___healthy,Potato_healthy-102-_0_1242.jpg,18392,2
/Applications/XAMPP/xamppfiles/htdocs/cmu_aiot/leaf workshop/potato_dataset/Potato___Late_blight/f528b00d-99a6-41db-8d96-9eed58b519c1___RS_LB 4544.JPG,potato,Potato___Late_blight,Potato___Late_blight,f528b00d-99a6-41db-8d96-9eed58b519c1___RS_LB 4544.JPG,13234,1
/Applications/XAMPP/xamppfiles/htdocs/cmu_aiot/leaf workshop/potato_dataset/Potato___healthy/Potato_healthy-126-_0_7156.jpg,potato,Potato___healthy,Potato___healthy,Potato_healthy-126-_0_7156.jpg,18772,2
/Applications/XAMPP/xamppfiles/htdocs/cmu_aiot/leaf workshop/potato_dataset/Potato___Late_blight/e0c879c8-ebf3-43d0-9693-7a747fb5ba75___RS_LB 3956.JPG,potato,Potato___Late_blight,Potato___Late_blight,e0c879c8-ebf3-43d0-9693-7a747fb5ba75___RS_LB 3956.JPG,17500,1
/Applications/XAMPP/xamppfiles/htdocs/cmu_aiot/leaf workshop/potato_dataset/Potato___Late_blight/b9939f3e-c71c-4653-acff-109a8266dddf___RS_LB 2787.JPG,potato,Potato___Late_blight,Potato___Late_blight,b9939f3e-c71c-4653-acff-109a8266dddf___RS_LB 2787.JPG,16610,1
/Applications/XAMPP/xamppfiles/htdocs/cmu_aiot/leaf workshop/potato_dataset/Potato___Late_blight/e9429874-1098-43af-bc38-0acc0b93f4f9___RS_LB 2682.JPG,potato,Potato___Late_blight,Potato___Late_blight,e9429874-1098-43af-bc38-0acc0b93f4f9___RS_LB 2682.JPG,18512,1
/Applications/XAMPP/xamppfiles/htdocs/cmu_aiot/leaf workshop/potato_dataset/Potato___Early_blight/d7c9765e-4a73-4eeb-9f9e-9ed98b7e93fe___RS_Early.B 7601.JPG,potato,Potato___Early_blight,Potato___Early_blight,d7c9765e-4a73-4eeb-9f9e-9ed98b7e93fe___RS_Early.B 7601.JPG,16477,0
/Applications/XAMPP/xamppfiles/htdocs/cmu_aiot/leaf workshop/potato_dataset/Potato___healthy/Potato_healthy-149-_0_7325.jpg,potato,Potato___healthy,Potato___healthy,Potato_healthy-149-_0_7325.jpg,16745,2
/Applications/XAMPP/xamppfiles/htdocs/cmu_aiot/leaf workshop/potato_dataset/Potato___Early_blight/e016d105-f5cd-4082-a8c9-1913ea3fcfbb___RS_Early.B 7800.JPG,potato,Potato___Early_blight,Potato___Early_blight,e016d105-f5cd-4082-a8c9-1913ea3fcfbb___RS_Early.B 7800.JPG,22392,0
/Applications/XAMPP/xamppfiles/htdocs/cmu_aiot/leaf workshop/potato_dataset/Potato___Late_blight/d8ef0e69-3dfc-4d13-8d49-a44fa9cfa62e___RS_LB 4140.JPG,potato,Potato___Late_blight,Potato___Late_blight,d8ef0e69-3dfc-4d13-8d49-a44fa9cfa62e___RS_LB 4140.JPG,13230,1
/Applications/XAMPP/xamppfiles/htdocs/cmu_aiot/leaf workshop/potato_dataset/Potato___Early_blight/d8efc91f-6e85-4508-8d49-9c4a11c4c71a___RS_Early.B 7484.JPG,potato,Potato___Early_blight,Potato___Early_blight,d8efc91f-6e85-4508-8d49-9c4a11c4c71a___RS_Early.B 7484.JPG,19165,0
/Applications/XAMPP/xamppfiles/htdocs/cmu_aiot/leaf workshop/potato_dataset/Potato___healthy/Potato_healthy-93-_0_1588.jpg,potato,Potato___healthy,Potato___healthy,Potato_healthy-93-_0_1588.jpg,14772,2
/Applications/XAMPP/xamppfiles/htdocs/cmu_aiot/leaf workshop/potato_dataset/Potato___healthy/Potato_healthy-136-_0_8505.jpg,potato,Potato___healthy,Potato___healthy,Potato_healthy-136-_0_8505.jpg,15607,2
/Applications/XAMPP/xamppfiles/htdocs/cmu_aiot/leaf workshop/potato_dataset/Potato___healthy/Potato_healthy-132-_0_5862.jpg,potato,Potato___healthy,Potato___healthy,Potato_healthy-132-_0_5862.jpg,16688,2
/Applications/XAMPP/xamppfiles/htdocs/cmu_aiot/leaf workshop/potato_dataset/Potato___Early_blight/c53efbea-fddd-481d-aec5-14fd3c3e1723___RS_Early.B 7796.JPG,potato,Potato___Early_blight,Potato___Early_blight,c53efbea-fddd-481d-aec5-14fd3c3e1723___RS_Early.B 7796.JPG,22083,0
/Applications/XAMPP/xamppfiles/htdocs/cmu_aiot/leaf workshop/potato_dataset/Potato___Early_blight/cea35641-b4f8-49cb-bbeb-c98cfc79870e___RS_Early.B 7189.JPG,potato,Potato___Early_blight,Potato___Early_blight,cea35641-b4f8-49cb-bbeb-c98cfc79870e___RS_Early.B 7189.JPG,18200,0
/Applications/XAMPP/xamppfiles/htdocs/cmu_aiot/leaf workshop/potato_dataset/Potato___Early_blight/f2e7be26-b7d3-4e99-8630-8b1650192b02___RS_Early.B 7275.JPG,potato,Potato___Early_blight,Potato___Early_blight,f2e7be26-b7d3-4e99-8630-8b1650192b02___RS_Early.B 7275.JPG,19386,0
/Applications/XAMPP/xamppfiles/htdocs/cmu_aiot/leaf workshop/potato_dataset/Potato___healthy/Potato_healthy-100-_0_9807.jpg,potato,Potato___healthy,Potato___healthy,Potato_healthy-100-_0_9807.jpg,15252,2
/Applications/XAMPP/xamppfiles/htdocs/cmu_aiot/leaf workshop/potato_dataset/Potato___Late_blight/d6a4ae30-77a6-458c-99e4-c817e7234aa3___RS_LB 4706.JPG,potato,Potato___Late_blight,Potato___Late_blight,d6a4ae30-77a6-458c-99e4-c817e7234aa3___RS_LB 4706.JPG,12735,1
/Applications/XAMPP/xamppfiles/htdocs/cmu_aiot/leaf workshop/potato_dataset/Potato___Early_blight/e1710bad-79c1-4b36-bbd2-b257c50697a5___RS_Early.B 7426.JPG,potato,Potato___Early_blight,Potato___Early_blight,e1710bad-79c1-4b36-bbd2-b257c50697a5___RS_Early.B 7426.JPG,20267,0
/Applications/XAMPP/xamppfiles/htdocs/cmu_aiot/leaf workshop/potato_dataset/Potato___Late_blight/fdf53f6c-db92-48b9-9e06-0358e4114be6___RS_LB 2656.JPG,potato,Potato___Late_blight,Potato___Late_blight,fdf53f6c-db92-48b9-9e06-0358e4114be6___RS_LB 2656.JPG,16747,1
/Applications/XAMPP/xamppfiles/htdocs/cmu_aiot/leaf workshop/potato_dataset/Potato___healthy/Potato_healthy-76-_0_7539.jpg,potato,Potato___healthy,Potato___healthy,Potato_healthy-76-_0_7539.jpg,15701,2
/Applications/XAMPP/xamppfiles/htdocs/cmu_aiot/leaf workshop/potato_dataset/Potato___Late_blight/c98f32e2-c52c-4a35-bc34-c32af5a18b07___RS_LB 2807.JPG,potato,Potato___Late_blight,Potato___Late_blight,c98f32e2-c52c-4a35-bc34-c32af5a18b07___RS_LB 2807.JPG,16978,1
/Applications/XAMPP/xamppfiles/htdocs/cmu_aiot/leaf workshop/potato_dataset/Potato___Early_blight/c47fa8ac-b2a5-4470-bda6-26dec4000409___RS_Early.B 7395.JPG,potato,Potato___Early_blight,Potato___Early_blight,c47fa8ac-b2a5-4470-bda6-26dec4000409___RS_Early.B 7395.JPG,20166,0
/Applications/XAMPP/xamppfiles/htdocs/cmu_aiot/leaf workshop/potato_dataset/Potato___healthy/Potato_healthy-84-_0_23.jpg,potato,Potato___healthy,Potato___healthy,Potato_healthy-84-_0_23.jpg,16802,2
/Applications/XAMPP/xamppfiles/htdocs/cmu_aiot/leaf workshop/potato_dataset/Potato___Late_blight/c746bac3-3c7a-445c-b78e-19294bd9a9cb___RS_LB 5233.JPG,potato,Potato___Late_blight,Potato___Late_blight,c746bac3-3c7a-445c-b78e-19294bd9a9cb___RS_LB 5233.JPG,14112,1
/Applications/XAMPP/xamppfiles/htdocs/cmu_aiot/leaf workshop/potato_dataset/Potato___Early_blight/fba7a41d-25df-4a1c-93d1-98d62e3376e0___RS_Early.B 8207.JPG,potato,Potato___Early_blight,Potato___Early_blight,fba7a41d-25df-4a1c-93d1-98d62e3376e0___RS_Early.B 8207.JPG,19983,0
/Applications/XAMPP/xamppfiles/htdocs/cmu_aiot/leaf workshop/potato_dataset/Potato___healthy/Potato_healthy-89-_0_4320.jpg,potato,Potato___healthy,Potato___healthy,Potato_healthy-89-_0_4320.jpg,17690,2
/Applications/XAMPP/xamppfiles/htdocs/cmu_aiot/leaf workshop/potato_dataset/Potato___healthy/Potato_healthy-123-_0_7881.jpg,potato,Potato___healthy,Potato___healthy,Potato_healthy-123-_0_7881.jpg,16582,2
/Applications/XAMPP/xamppfiles/htdocs/cmu_aiot/leaf workshop/potato_dataset/Potato___healthy/Potato_healthy-147-_0_547.jpg,potato,Potato___healthy,Potato___healthy,Potato_healthy-147-_0_547.jpg,18445,2
/Applications/XAMPP/xamppfiles/htdocs/cmu_aiot/leaf workshop/potato_dataset/Potato___Late_blight/d378a0c5-d275-44a4-9f00-f7f180270f4d___RS_LB 2781.JPG,potato,Potato___Late_blight,Potato___Late_blight,d378a0c5-d275-44a4-9f00-f7f180270f4d___RS_LB 2781.JPG,16085,1
/Applications/XAMPP/xamppfiles/htdocs/cmu_aiot/leaf workshop/potato_dataset/Potato___healthy/Potato_healthy-120-_0_3562.jpg,potato,Potato___healthy,Potato___healthy,Potato_healthy-120-_0_3562.jpg,15397,2
/Applications/XAMPP/xamppfiles/htdocs/cmu_aiot/leaf workshop/potato_dataset/Potato___healthy/Potato_healthy-133-_0_645.jpg,potato,Potato___healthy,Potato___healthy,Potato_healthy-133-_0_645.jpg,14282,2
/Applications/XAMPP/xamppfiles/htdocs/cmu_aiot/leaf workshop/potato_dataset/Potato___healthy/Potato_healthy-113-_0_1284.jpg,potato,Potato___healthy,Potato___healthy,Potato_healthy-113-_0_1284.jpg,15742,2
/Applications/XAMPP/xamppfiles/htdocs/cmu_aiot/leaf workshop/potato_dataset/Potato___Late_blight/df6898c4-f3a1-4ff2-8f44-3bc45a8d4ec5___RS_LB 3316.JPG,potato,Potato___Late_blight,Potato___Late_blight,df6898c4-f3a1-4ff2-8f44-3bc45a8d4ec5___RS_LB 3316.JPG,17511,1
/Applications/XAMPP/xamppfiles/htdocs/cmu_aiot/leaf workshop/potato_dataset/Potato___healthy/Potato_healthy-111-_0_8306.jpg,potato,Potato___healthy,Potato___healthy,Potato_healthy-111-_0_8306.jpg,18997,2
/Applications/XAMPP/xamppfiles/htdocs/cmu_aiot/leaf workshop/potato_dataset/Potato___Late_blight/e95f2954-1b68-490d-9684-90b3080676b1___RS_LB 3997.JPG,potato,Potato___Late_blight,Potato___Late_blight,e95f2954-1b68-490d-9684-90b3080676b1___RS_LB 3997.JPG,11049,1
/Applications/XAMPP/xamppfiles/htdocs/cmu_aiot/leaf workshop/potato_dataset/Potato___Late_blight/ec53a246-df50-44c1-a87c-c8296f25f20c___RS_LB 4717.JPG,potato,Potato___Late_blight,Potato___Late_blight,ec53a246-df50-44c1-a87c-c8296f25f20c___RS_LB 4717.JPG,14093,1
/Applications/XAMPP/xamppfiles/htdocs/cmu_aiot/leaf workshop/potato_dataset/Potato___Late_blight/df60df5b-a619-4b38-926d-6372c0f6329a___RS_LB 5308.JPG,potato,Potato___Late_blight,Potato___Late_blight,df60df5b-a619-4b38-926d-6372c0f6329a___RS_LB 5308.JPG,18179,1
